hours_studied,attendance,parental_involvement,access_to_resources,extracurricular_activities,sleep_hours,previous_scores,motivation_level,internet_access,tutoring_sessions,family_income,teacher_quality,school_type,peer_influence,physical_activity,learning_disabilities,parental_education_level,distance_from_home,gender,exam_score,risk_status,sleep_variance,study_efficiency_index,attendance_tutoring_synergy,academic_engagement_ratio
16,85,Low,Medium,No,7,93,High,Yes,1,Medium,High,Public,Positive,3,No,High School,Near,Male,68,Normal,0.8,1859.77,170,2.25
17,99,Medium,Medium,No,10,86,Low,Yes,1,Medium,Medium,Private,Positive,2,No,College,Near,Male,70,Normal,3.8,384.73,198,1.73
24,92,Medium,High,No,9,76,Medium,Yes,2,High,Medium,Public,Positive,2,No,High School,Near,Female,72,Normal,2.8,651.41,276,2.8
23,69,Medium,Medium,Yes,6,58,High,Yes,0,Medium,Medium,Public,Neutral,1,No,Postgraduate,Near,Female,65,High_Risk,1.8,741.07,69,3.29
24,90,Medium,Medium,No,8,65,Medium,Yes,4,Low,Medium,Public,Neutral,4,No,High School,Moderate,Male,70,Normal,1.8,866.62,450,3.56
24,91,Low,High,Yes,6,56,Medium,Yes,1,Low,High,Public,Positive,2,No,College,Moderate,Male,70,Normal,1.8,746.63,182,3.71
20,93,Medium,Low,No,8,63,Medium,Yes,0,Low,High,Public,Negative,3,No,High School,Moderate,Male,66,Normal,1.8,699.96,93,2.22
19,94,Medium,Low,No,4,76,Medium,Yes,4,Low,High,Private,Negative,3,No,High School,Moderate,Female,68,Normal,3.8,379.99,470,5.4
21,86,High,Medium,No,8,72,Medium,Yes,0,High,High,Public,Positive,3,No,High School,Moderate,Male,69,Normal,1.8,839.95,86,2.33
15,75,Medium,High,Yes,4,65,High,Yes,1,Low,Low,Private,Positive,4,No,Postgraduate,Moderate,Female,66,Normal,3.8,256.57,150,3.4
16,84,Medium,High,Yes,6,93,Medium,Yes,0,High,Medium,Public,Positive,3,No,High School,Moderate,Male,69,Normal,1.8,826.62,84,2.29
26,71,Medium,Low,No,6,94,Low,Yes,3,Low,Medium,Public,Positive,4,No,Postgraduate,Near,Male,68,Normal,1.8,1357.7,284,4.57
19,84,Medium,Medium,No,8,97,High,Yes,2,Medium,Medium,Public,Neutral,1,Yes,College,Near,Male,68,Normal,1.8,1023.83,252,2.56
17,98,Medium,High,Yes,7,68,Medium,Yes,1,Low,Medium,Public,Positive,4,No,College,Moderate,Male,70,Normal,0.8,1444.82,196,2.38
22,98,Medium,Low,Yes,8,69,Medium,Yes,4,High,Medium,Private,Positive,2,No,High School,Near,Female,72,Normal,1.8,843.29,490,3.33
21,72,Medium,Medium,Yes,5,57,Medium,Yes,1,High,Medium,Public,Neutral,5,Yes,College,Moderate,Male,64,High_Risk,2.8,427.48,144,3.83
31,70,High,Low,Yes,4,63,High,Yes,1,Medium,Medium,Public,Neutral,2,Yes,High School,Near,Female,67,Normal,3.8,513.93,140,6.6
28,72,Low,High,No,8,63,Low,Yes,1,Low,High,Public,Neutral,2,No,Unknown,Near,Male,66,Normal,1.8,979.95,144,3.33
20,93,Medium,Medium,Yes,8,68,Medium,Yes,1,Low,Low,Public,Neutral,3,No,High School,Moderate,Male,68,Normal,1.8,755.51,186,2.44
22,83,Medium,Medium,Yes,8,60,Low,No,4,Medium,Medium,Public,Neutral,2,No,Postgraduate,Moderate,Female,68,Normal,1.8,733.29,415,3.33
23,86,Medium,Medium,No,8,91,Medium,Yes,0,Low,Medium,Public,Negative,0,No,High School,Near,Male,67,Normal,1.8,1162.71,86,2.56
24,81,Medium,Medium,Yes,7,71,High,Yes,1,Medium,High,Public,Neutral,3,No,College,Near,Male,70,Normal,0.8,2129.73,162,3.25
24,80,Medium,High,Yes,7,97,Medium,Yes,0,Low,High,Private,Neutral,4,No,High School,Moderate,Female,69,Normal,0.8,2909.64,80,3.0
23,75,Low,High,Yes,6,73,Low,Yes,1,Low,Medium,Public,Positive,2,No,High School,Moderate,Female,65,High_Risk,1.8,932.73,150,3.57
14,100,Medium,Low,No,7,76,Low,Yes,1,Medium,Medium,Private,Neutral,3,No,Postgraduate,Near,Female,68,Normal,0.8,1329.83,200,2.0
24,69,Medium,High,Yes,7,55,Low,Yes,3,Medium,High,Public,Neutral,4,No,High School,Near,Male,67,Normal,0.8,1649.79,276,3.75
17,67,Medium,Medium,No,9,97,Medium,Yes,1,Medium,Low,Public,Neutral,3,No,Postgraduate,Moderate,Female,64,High_Risk,2.8,588.91,134,1.9
19,85,Medium,High,Yes,9,74,Medium,Yes,1,High,Medium,Public,Neutral,3,No,College,Moderate,Female,69,Normal,2.8,502.12,170,2.1
16,86,High,Medium,Yes,7,94,Medium,Yes,2,Low,High,Public,Neutral,3,No,High School,Moderate,Female,69,Normal,0.8,1879.77,258,2.5
23,76,Low,Medium,No,7,86,Low,No,1,Low,Medium,Private,Positive,4,No,College,Far,Male,64,High_Risk,0.8,2472.19,152,3.12
20,95,High,Low,Yes,7,62,Low,Yes,1,Low,Low,Private,Positive,3,No,College,Near,Male,69,Normal,0.8,1549.81,190,2.75
4,73,Low,Medium,Yes,5,97,High,Yes,1,Low,High,Public,Negative,1,No,High School,Near,Male,60,High_Risk,2.8,138.57,146,1.0
27,75,Medium,Medium,No,8,60,Medium,Yes,4,Medium,Medium,Public,Positive,2,No,Postgraduate,Moderate,Female,69,Normal,1.8,899.95,375,3.89
25,60,Medium,Low,Yes,5,73,Low,Yes,1,Medium,Medium,Public,Negative,2,No,High School,Near,Male,62,High_Risk,2.8,651.76,120,4.5
20,92,Low,High,No,6,82,Medium,Yes,0,Medium,Medium,Public,Neutral,5,No,High School,Near,Female,69,Normal,1.8,911.06,92,2.86
13,79,Medium,High,Yes,7,63,Low,No,3,High,Medium,Private,Neutral,2,No,High School,Near,Female,65,High_Risk,0.8,1023.62,316,2.38
25,99,Medium,Medium,No,5,67,Medium,Yes,1,Low,High,Public,Neutral,3,No,Unknown,Near,Male,71,Normal,2.8,598.19,198,4.5
21,97,Low,Low,No,7,78,Medium,Yes,0,High,Medium,Public,Neutral,3,No,Postgraduate,Near,Female,69,Normal,0.8,2047.24,97,2.62
16,63,Medium,Medium,No,6,95,High,Yes,1,Medium,Unknown,Public,Negative,4,No,College,Far,Female,63,High_Risk,1.8,844.4,126,2.57
18,64,Low,Medium,Yes,7,57,Medium,Yes,1,High,Medium,Public,Neutral,3,No,High School,Moderate,Male,61,High_Risk,0.8,1282.34,128,2.5
15,75,Medium,High,Yes,7,91,High,Yes,0,Medium,High,Public,Neutral,3,No,College,Moderate,Male,67,Normal,0.8,1706.04,75,1.88
20,77,Low,High,Yes,7,58,High,Yes,0,High,Medium,Public,Neutral,3,No,High School,Near,Male,66,Normal,0.8,1449.82,77,2.5
14,81,Medium,Medium,Yes,7,73,Low,No,1,High,Medium,Private,Positive,3,Yes,High School,Moderate,Male,63,High_Risk,0.8,1277.34,162,2.0
18,80,Medium,Medium,No,8,55,Low,Yes,2,Low,Low,Public,Neutral,3,No,High School,Moderate,Male,63,High_Risk,1.8,549.97,240,2.44
22,75,High,High,Yes,9,66,Low,Yes,0,Low,Medium,Private,Neutral,2,No,Postgraduate,Near,Male,67,Normal,2.8,518.55,75,2.2
19,60,Medium,Medium,No,8,73,High,Yes,3,Medium,Low,Private,Neutral,3,No,High School,Near,Male,63,High_Risk,1.8,770.51,240,2.78
27,81,Low,High,No,7,94,Low,Yes,0,Low,Medium,Public,Neutral,4,No,College,Moderate,Male,68,Normal,0.8,3172.1,81,3.38
16,60,Low,Medium,Yes,8,66,Low,Yes,1,High,High,Private,Neutral,2,Yes,High School,Moderate,Female,59,High_Risk,1.8,586.63,120,2.0
16,79,High,High,Yes,6,71,Medium,Yes,2,Low,High,Public,Neutral,4,No,High School,Near,Female,68,Normal,1.8,631.08,237,2.86
13,82,Medium,High,No,6,60,Medium,Yes,1,Low,Low,Public,Positive,4,No,College,Far,Female,64,High_Risk,1.8,433.31,164,2.14
14,68,High,High,Yes,9,79,Low,Yes,2,Low,Medium,Private,Positive,4,No,College,Near,Female,66,Normal,2.8,394.99,204,1.8
26,67,Low,High,Yes,6,81,High,Yes,4,Low,High,Public,Neutral,3,Yes,College,Near,Male,68,Normal,1.8,1169.94,335,4.86
26,81,High,Medium,Yes,8,98,Low,Yes,1,Medium,Low,Private,Neutral,2,Yes,High School,Near,Female,69,Normal,1.8,1415.48,162,3.11
18,77,Medium,High,Yes,6,61,Medium,Yes,1,Low,Medium,Private,Neutral,3,No,High School,Near,Female,65,High_Risk,1.8,609.97,154,2.86
27,81,Medium,Low,Yes,9,77,Low,Yes,1,Medium,High,Public,Neutral,4,No,College,Moderate,Female,68,Normal,2.8,742.47,162,2.9
12,75,Medium,High,Yes,6,98,Medium,Yes,2,Low,Medium,Public,Neutral,2,No,College,Far,Male,65,High_Risk,1.8,653.3,225,2.29
11,94,Low,Low,Yes,8,94,Medium,Yes,2,Low,Medium,Public,Positive,2,No,College,Near,Male,67,Normal,1.8,574.41,282,1.67
18,72,Low,Low,Yes,5,61,Low,Yes,1,Medium,Medium,Private,Negative,4,No,College,Moderate,Male,61,High_Risk,2.8,392.13,144,3.33
28,89,High,High,No,8,82,Medium,Yes,0,Medium,Medium,Public,Negative,3,No,Postgraduate,Far,Male,72,Normal,1.8,1275.48,89,3.11
32,93,High,Medium,No,6,98,Medium,Yes,0,Medium,Medium,Public,Neutral,4,Yes,High School,Near,Male,73,Normal,1.8,1742.13,93,4.57
17,86,High,High,Yes,8,74,Medium,Yes,1,Low,High,Private,Neutral,4,No,College,Near,Male,70,Normal,1.8,698.85,172,2.11
13,62,Low,High,No,7,99,Medium,Yes,4,Medium,Low,Public,Positive,1,No,Postgraduate,Moderate,Female,63,High_Risk,0.8,1608.55,310,2.62
29,90,Medium,High,No,7,76,Medium,Yes,0,Low,Medium,Public,Neutral,1,No,Postgraduate,Moderate,Female,71,Normal,0.8,2754.66,90,3.62
17,75,Low,High,Yes,8,53,Medium,Yes,1,Low,High,Public,Positive,3,No,College,Near,Female,65,High_Risk,1.8,500.53,150,2.11
18,71,Low,Low,Yes,7,61,Low,Yes,2,Low,Medium,Public,Negative,4,No,College,Near,Male,61,High_Risk,0.8,1372.33,213,2.75
20,78,Low,Medium,Yes,5,92,Low,Yes,1,Medium,Medium,Public,Positive,3,No,High School,Far,Male,65,High_Risk,2.8,657.12,156,3.67
17,76,Medium,High,Yes,6,70,Low,Yes,2,High,Medium,Public,Neutral,4,No,Postgraduate,Moderate,Male,67,Normal,1.8,661.07,228,3.0
21,82,High,High,Yes,7,53,Low,Yes,0,High,Medium,Public,Positive,2,No,Postgraduate,Near,Male,69,Normal,0.8,1391.08,82,2.62
19,66,Medium,High,No,7,59,Medium,Yes,1,High,Medium,Public,Negative,3,No,High School,Far,Male,62,High_Risk,0.8,1401.07,132,2.62
17,72,Low,Medium,No,7,94,Low,Yes,4,Medium,Medium,Public,Positive,2,No,High School,Far,Female,64,High_Risk,0.8,1997.25,360,3.12
21,79,Medium,Low,Yes,7,81,Low,Yes,2,Medium,Medium,Public,Neutral,4,No,High School,Near,Male,67,Normal,0.8,2125.98,237,3.12
20,66,Medium,High,Yes,8,73,Medium,Yes,0,High,Low,Public,Positive,3,No,High School,Moderate,Male,65,High_Risk,1.8,811.07,66,2.22
22,82,Low,Medium,Yes,9,94,High,Yes,0,Medium,Medium,Public,Positive,4,No,High School,Moderate,Female,68,Normal,2.8,738.55,82,2.2
20,62,Medium,Medium,Yes,6,59,Low,Yes,3,Medium,Medium,Public,Positive,4,No,High School,Near,Male,64,High_Risk,1.8,655.52,248,3.71
19,92,Low,Medium,No,7,55,Medium,Yes,1,Medium,Medium,Public,Neutral,5,No,High School,Far,Male,66,Normal,0.8,1306.09,184,2.62
17,84,Medium,High,Yes,8,60,Medium,Yes,0,Low,Low,Private,Positive,5,No,College,Near,Female,67,Normal,1.8,566.64,84,1.89
18,91,High,High,Yes,7,62,Medium,Yes,3,Low,Medium,Private,Positive,3,No,High School,Near,Male,71,Normal,0.8,1394.83,364,3.0
25,99,Medium,Low,No,5,79,Low,Yes,2,Low,Medium,Public,Positive,4,No,College,Near,Female,71,Normal,2.8,705.33,297,4.83
17,71,Medium,Low,Yes,6,99,Low,Yes,4,Medium,Medium,Public,Positive,3,Yes,Postgraduate,Near,Male,66,Normal,1.8,934.95,355,3.57
19,61,Medium,Medium,No,6,67,Low,Yes,1,Medium,Medium,Public,Positive,1,No,College,Near,Male,62,High_Risk,1.8,707.18,122,3.0
19,95,Medium,Medium,Yes,9,85,Medium,No,2,Low,Medium,Public,Negative,3,No,College,Near,Male,69,Normal,2.8,576.77,285,2.3
14,64,Medium,Medium,Yes,6,85,Medium,Yes,0,Medium,Medium,Public,Neutral,3,No,High School,Near,Male,62,High_Risk,1.8,661.07,64,2.0
19,64,Medium,Medium,Yes,7,56,Medium,Yes,0,Low,Medium,Private,Neutral,4,No,High School,Near,Female,62,High_Risk,0.8,1329.83,64,2.38
26,80,Medium,Medium,Yes,7,94,Medium,Yes,1,Low,Medium,Private,Positive,2,No,Postgraduate,Moderate,Male,70,Normal,0.8,3054.62,160,3.5
31,92,High,Medium,Yes,7,55,Medium,Yes,3,Low,High,Public,Positive,3,No,High School,Near,Male,74,Normal,0.8,2130.98,368,4.62
7,75,Medium,High,Yes,7,76,Medium,Yes,0,Medium,Low,Private,Positive,4,No,College,Moderate,Female,63,High_Risk,0.8,664.92,75,0.88
14,77,High,Medium,Yes,8,96,Medium,Yes,3,Medium,Medium,Public,Neutral,2,No,Postgraduate,Near,Male,68,Normal,1.8,746.63,308,2.22
25,80,Medium,Medium,Yes,9,57,Low,Yes,2,Low,High,Public,Positive,3,No,High School,Moderate,Female,68,Normal,2.8,508.91,240,2.9
24,72,High,Medium,Yes,7,95,Medium,Yes,3,Low,Medium,Public,Negative,2,No,Postgraduate,Near,Male,69,Normal,0.8,2849.64,288,3.75
20,89,High,High,Yes,8,52,Low,Yes,2,Medium,Medium,Public,Negative,3,No,College,Moderate,Female,69,Normal,1.8,577.75,267,2.67
24,62,Medium,Medium,No,6,72,High,Yes,2,Low,Low,Public,Neutral,4,No,High School,Near,Male,64,High_Risk,1.8,959.95,186,4.0
15,83,Medium,High,No,4,98,Low,Yes,3,Low,High,Public,Positive,3,No,High School,Moderate,Female,68,Normal,3.8,386.83,332,4.2
18,82,High,Low,Yes,6,89,High,Yes,0,Medium,Medium,Private,Positive,1,Yes,College,Moderate,Male,66,Normal,1.8,889.95,82,2.57
15,91,High,Medium,No,6,80,Medium,Yes,0,Low,Medium,Private,Positive,3,No,Postgraduate,Near,Male,69,Normal,1.8,666.63,91,2.14
22,73,High,Medium,Yes,7,70,Low,No,2,Low,Medium,Public,Positive,3,No,College,Near,Male,66,Normal,0.8,1924.76,219,3.25
26,62,High,Medium,Yes,8,52,Medium,Yes,4,Low,Medium,Public,Neutral,5,No,College,Near,Male,67,Normal,1.8,751.07,310,3.78
15,96,High,High,No,9,82,Medium,Yes,2,Low,Low,Private,Neutral,3,No,High School,Near,Female,70,Normal,2.8,439.27,288,1.9
12,96,High,Medium,No,4,95,Medium,Yes,3,Medium,Medium,Private,Neutral,0,Yes,High School,Near,Male,69,Normal,3.8,299.99,384,3.6
13,97,High,High,No,7,70,Medium,Yes,1,Low,High,Public,Neutral,4,No,Postgraduate,Near,Female,71,Normal,0.8,1137.36,194,1.88
14,64,Medium,High,No,8,62,Low,Yes,1,Medium,High,Public,Positive,4,Yes,High School,Moderate,Male,61,High_Risk,1.8,482.2,128,1.78
25,81,Medium,Low,Yes,8,86,Medium,Yes,1,Low,Medium,Public,Negative,3,No,Postgraduate,Near,Male,68,Normal,1.8,1194.38,162,3.0
25,65,Low,Medium,Yes,9,89,Medium,Yes,2,Medium,High,Public,Neutral,3,No,High School,Near,Female,66,Normal,2.8,794.61,195,2.9
16,93,Low,Medium,Yes,7,60,Medium,Yes,1,Medium,Medium,Public,Positive,1,No,High School,Moderate,Female,66,Normal,0.8,1199.85,186,2.25
14,82,Low,Medium,Yes,8,95,Medium,Yes,1,Low,Medium,Private,Neutral,3,No,Postgraduate,Moderate,Male,66,Normal,1.8,738.85,164,1.78
15,76,High,High,Yes,5,79,Medium,Yes,4,Medium,Medium,Public,Neutral,4,No,Postgraduate,Moderate,Female,69,Normal,2.8,423.2,380,3.83
16,72,Medium,Low,No,6,87,Medium,No,2,Medium,Low,Private,Positive,4,No,High School,Near,Female,63,High_Risk,1.8,773.29,216,2.86
17,76,Medium,High,No,9,71,Medium,Yes,0,Medium,High,Public,Neutral,3,No,Postgraduate,Near,Male,67,Normal,2.8,431.06,76,1.7
22,93,High,Medium,No,7,74,Low,Yes,2,Medium,High,Public,Negative,3,No,College,Far,Male,70,Normal,0.8,2034.75,279,3.25
26,89,Medium,Low,Yes,10,61,Low,Yes,0,Medium,High,Public,Neutral,3,No,High School,Moderate,Female,68,Normal,3.8,417.36,89,2.36
17,73,High,High,Yes,7,92,Medium,Yes,2,High,Medium,Private,Negative,2,No,High School,Moderate,Male,67,Normal,0.8,1954.76,219,2.62
18,62,Medium,High,Yes,6,89,Medium,Yes,0,High,High,Private,Positive,3,No,Postgraduate,Near,Female,66,Normal,1.8,889.95,62,2.57
19,65,Medium,Medium,Yes,10,66,Low,Yes,0,Low,Medium,Public,Positive,3,No,High School,Moderate,Male,62,High_Risk,3.8,329.99,65,1.73
33,69,Medium,High,Yes,7,83,Medium,Yes,2,Medium,Low,Public,Neutral,2,No,Postgraduate,Near,Male,71,Normal,0.8,3423.32,207,4.62
8,80,High,Medium,No,6,86,Medium,Yes,2,Low,Medium,Public,Neutral,3,No,High School,Near,Male,64,High_Risk,1.8,382.2,240,1.71
21,72,Medium,Medium,No,9,80,High,Yes,3,Low,Medium,Public,Neutral,4,No,High School,Near,Male,67,Normal,2.8,599.98,288,2.7
16,76,Medium,Medium,No,7,59,Low,Yes,0,Low,Medium,Public,Neutral,2,No,College,Near,Female,62,High_Risk,0.8,1179.85,76,2.0
10,69,Low,Medium,No,8,97,Medium,Yes,1,Medium,Medium,Private,Negative,3,No,High School,Near,Female,61,High_Risk,1.8,538.86,138,1.33
16,83,Medium,Medium,Yes,9,86,Medium,Yes,5,Low,High,Private,Negative,4,No,High School,Moderate,Female,68,Normal,2.8,491.41,498,2.6
24,95,Medium,Low,No,4,63,Low,Yes,3,Low,Medium,Public,Positive,3,No,High School,Near,Female,70,Normal,3.8,397.88,380,6.0
20,98,Medium,Medium,No,9,71,Medium,Yes,0,Low,Medium,Public,Negative,4,No,College,Moderate,Male,69,Normal,2.8,507.12,98,2.0
18,65,Medium,High,Yes,6,60,Low,Yes,0,Medium,High,Private,Neutral,3,No,High School,Moderate,Female,62,High_Risk,1.8,599.97,65,2.57
25,93,Low,Medium,No,8,93,Medium,Yes,2,Medium,Medium,Public,Positive,3,No,College,Near,Male,72,Normal,1.8,1291.59,279,3.22
14,99,Medium,Medium,Yes,8,80,High,Yes,3,Medium,Low,Private,Neutral,4,No,College,Near,Female,71,Normal,1.8,622.19,396,2.22
16,78,Medium,High,No,10,99,Low,Yes,0,Low,Medium,Public,Positive,4,No,High School,Far,Female,65,High_Risk,3.8,416.83,78,1.45
15,67,Low,Medium,Yes,5,59,Low,Yes,0,Low,Medium,Private,Neutral,3,No,High School,Near,Male,59,High_Risk,2.8,316.06,67,2.5
21,77,Medium,Low,Yes,5,96,High,Yes,2,Low,High,Private,Neutral,5,No,High School,Near,Female,68,Normal,2.8,719.97,231,4.17
21,94,Medium,Medium,No,8,88,Medium,Yes,1,Medium,Medium,Public,Positive,3,No,College,Near,Male,71,Normal,1.8,1026.61,188,2.56
13,67,Medium,Low,Yes,5,70,Medium,Yes,0,Low,High,Private,Negative,2,No,High School,Near,Male,60,High_Risk,2.8,324.99,67,2.17
26,97,Medium,Medium,Yes,7,83,Low,Yes,2,Low,Medium,Public,Positive,3,No,Postgraduate,Near,Male,74,Normal,0.8,2697.16,291,3.75
24,67,High,Low,No,6,86,Medium,Yes,6,Low,Medium,Private,Positive,3,Yes,Postgraduate,Moderate,Female,67,Normal,1.8,1146.6,469,5.14
5,69,Medium,Medium,Yes,8,77,Medium,No,2,Low,High,Public,Negative,2,No,College,Near,Female,60,High_Risk,1.8,213.88,207,1.0
23,84,Medium,High,Yes,7,73,Medium,Yes,1,High,Medium,Public,Positive,4,No,High School,Near,Male,71,Normal,0.8,2098.49,168,3.12
23,62,Medium,Medium,No,6,51,Medium,Yes,5,High,Medium,Public,Negative,2,No,College,Near,Male,65,High_Risk,1.8,651.63,372,4.71
20,62,High,Medium,Yes,4,78,Medium,No,1,High,Medium,Private,Positive,4,No,High School,Moderate,Female,64,High_Risk,3.8,410.52,124,4.4
22,78,Medium,Medium,Yes,5,91,Low,Yes,0,Medium,High,Private,Negative,3,No,Postgraduate,Near,Male,68,Normal,2.8,714.97,78,3.67
22,66,Medium,High,No,4,95,Medium,Yes,1,Low,Low,Public,Neutral,5,No,College,Moderate,Male,65,High_Risk,3.8,549.99,132,4.8
5,62,High,High,No,7,71,Low,Yes,1,Low,Medium,Private,Positive,4,No,College,Far,Male,59,High_Risk,0.8,443.69,124,0.88
17,87,High,High,Yes,7,68,High,Yes,1,Medium,High,Public,Positive,2,No,High School,Near,Male,70,Normal,0.8,1444.82,174,2.38
17,81,High,Low,No,7,61,Medium,Yes,2,High,Medium,Public,Positive,2,No,College,Near,Female,67,Normal,0.8,1296.09,243,2.62
17,68,Medium,High,Yes,5,66,Medium,Yes,1,High,Medium,Public,Negative,4,No,High School,Near,Male,64,High_Risk,2.8,400.7,136,3.17
19,83,Medium,High,Yes,7,56,Medium,Yes,1,Medium,Low,Private,Positive,3,No,College,Far,Female,67,Normal,0.8,1329.83,166,2.62
10,85,Medium,Medium,Yes,6,81,Medium,Yes,3,Low,Medium,Public,Neutral,3,No,High School,Near,Female,66,Normal,1.8,449.98,340,2.29
16,67,High,Medium,Yes,9,74,Medium,Yes,1,High,High,Public,Positive,3,No,Postgraduate,Moderate,Male,66,Normal,2.8,422.84,134,1.8
17,72,Low,Medium,Yes,5,66,Medium,Yes,2,High,High,Public,Negative,3,No,College,Near,Male,65,High_Risk,2.8,400.7,216,3.5
16,79,Low,Medium,Yes,9,87,Medium,Yes,1,Low,Medium,Public,Neutral,2,No,College,Moderate,Female,64,High_Risk,2.8,497.13,158,1.8
25,76,Medium,Medium,Yes,7,79,Medium,Yes,2,Medium,Medium,Public,Positive,2,No,College,Near,Male,69,Normal,0.8,2468.44,228,3.62
14,68,High,Medium,Yes,8,99,High,Yes,0,High,Medium,Public,Positive,3,No,High School,Near,Female,66,Normal,1.8,769.96,68,1.56
24,94,High,Low,Yes,8,80,High,No,1,Low,Medium,Public,Neutral,4,No,High School,Near,Female,70,Normal,1.8,1066.61,188,2.89
15,65,Low,High,Yes,8,52,Medium,Yes,4,Low,Medium,Private,Neutral,3,Yes,High School,Moderate,Female,61,High_Risk,1.8,433.31,325,2.56
19,77,Low,Medium,Yes,4,55,Medium,Yes,0,Medium,Low,Public,Positive,4,No,College,Moderate,Male,64,High_Risk,3.8,274.99,77,3.8
23,82,Medium,Medium,No,9,69,Medium,Yes,0,High,Medium,Public,Positive,3,No,High School,Near,Female,68,Normal,2.8,566.77,82,2.3
35,65,High,Medium,Yes,7,84,High,Yes,0,Medium,Medium,Public,Positive,2,No,High School,Moderate,Male,70,Normal,0.8,3674.54,65,4.38
25,93,Medium,Medium,No,5,62,Medium,Yes,0,Low,Medium,Public,Neutral,3,No,High School,Far,Male,68,Normal,2.8,553.55,93,4.17
21,97,Medium,Medium,Yes,6,80,Low,Yes,2,Medium,Medium,Private,Positive,4,No,College,Near,Male,72,Normal,1.8,933.28,291,3.57
18,79,Medium,Medium,Yes,7,55,Medium,Yes,1,Low,High,Public,Positive,3,No,High School,Moderate,Female,65,High_Risk,0.8,1237.35,158,2.5
21,79,Medium,Medium,Yes,7,99,Medium,Yes,2,Low,Medium,Public,Positive,2,No,Postgraduate,Near,Male,69,Normal,0.8,2598.43,237,3.12
14,82,Medium,Medium,Yes,8,83,Medium,Yes,0,Medium,Medium,Public,Negative,2,No,High School,Moderate,Male,64,High_Risk,1.8,645.52,82,1.56
23,96,Medium,Medium,No,7,81,Medium,Yes,1,Low,Medium,Private,Positive,2,No,Postgraduate,Moderate,Male,71,Normal,0.8,2328.46,192,3.12
25,70,Medium,Medium,Yes,4,72,Medium,Yes,0,Low,Low,Public,Neutral,4,No,College,Moderate,Male,65,High_Risk,3.8,473.67,70,5.0
23,64,Low,Medium,Yes,7,69,High,Yes,4,High,Medium,Public,Positive,3,No,High School,Moderate,Male,66,Normal,0.8,1983.5,320,3.88
11,78,High,Medium,Yes,8,100,High,Yes,1,Low,Medium,Public,Neutral,3,No,High School,Moderate,Male,66,Normal,1.8,611.08,156,1.44
33,76,Medium,Medium,Yes,10,92,Low,Yes,1,High,Medium,Private,Positive,3,No,Postgraduate,Near,Female,72,Normal,3.8,798.93,152,3.18
34,93,Low,Medium,No,6,91,Low,Yes,2,High,Medium,Public,Neutral,3,No,Unknown,Moderate,Female,73,Normal,1.8,1718.79,279,5.43
19,80,Medium,Medium,No,7,94,Medium,Yes,0,Medium,Low,Public,Neutral,3,No,College,Moderate,Female,66,Normal,0.8,2232.22,80,2.38
21,90,Medium,Medium,No,8,61,Medium,Yes,1,High,Medium,Public,Positive,4,No,Postgraduate,Moderate,Female,69,Normal,1.8,711.63,180,2.56
21,87,Low,Low,Yes,6,82,Medium,Yes,0,Medium,High,Public,Neutral,5,No,Postgraduate,Near,Female,68,Normal,1.8,956.61,87,3.0
34,84,Medium,High,Yes,6,95,Medium,Yes,1,Low,Medium,Private,Neutral,3,No,Postgraduate,Far,Male,73,Normal,1.8,1794.34,168,5.14
25,91,Medium,Low,No,7,86,Medium,Yes,0,Medium,Medium,Public,Neutral,5,No,High School,Near,Female,70,Normal,0.8,2687.16,91,3.12
9,91,Medium,Low,No,4,88,Low,Yes,2,Medium,Medium,Public,Neutral,4,Yes,Postgraduate,Near,Female,65,High_Risk,3.8,208.42,273,2.6
19,79,Medium,Medium,Yes,8,57,Low,Yes,2,Low,Low,Public,Positive,3,No,High School,Moderate,Male,65,High_Risk,1.8,601.63,237,2.56
17,94,Low,Medium,No,8,85,Medium,Yes,1,Medium,Low,Public,Positive,4,No,High School,Near,Male,68,Normal,1.8,802.73,188,2.11
16,73,High,Low,Yes,8,58,Medium,Yes,1,Medium,Medium,Public,Neutral,4,No,High School,Near,Female,64,High_Risk,1.8,515.53,146,2.0
17,85,High,High,Yes,7,69,Medium,Yes,4,Low,High,Private,Neutral,2,No,High School,Near,Female,70,Normal,0.8,1466.07,425,3.12
29,92,Medium,Medium,Yes,10,63,High,Yes,1,Low,High,Private,Negative,4,No,High School,Moderate,Male,71,Normal,3.8,480.78,184,2.82
30,87,High,High,Yes,6,66,Low,Yes,1,Medium,Medium,Public,Neutral,4,No,High School,Near,Male,73,Normal,1.8,1099.94,174,4.57
10,85,Low,Low,Yes,6,53,High,Yes,1,Low,Medium,Private,Neutral,3,Yes,High School,Moderate,Male,60,High_Risk,1.8,294.43,170,1.71
21,82,Medium,Medium,No,5,95,Medium,Yes,3,Low,Low,Public,Positive,4,No,High School,Near,Female,68,Normal,2.8,712.47,328,4.5
26,93,High,Medium,No,5,85,Low,Yes,1,High,High,Public,Positive,3,No,College,Moderate,Female,73,Normal,2.8,789.26,186,4.67
22,61,High,Medium,No,5,63,Low,Yes,1,Low,Medium,Public,Positive,3,No,Postgraduate,Near,Male,64,High_Risk,2.8,494.98,122,4.0
22,69,High,High,No,7,86,Low,Yes,1,High,Medium,Public,Positive,4,Yes,High School,Moderate,Female,67,Normal,0.8,2364.7,138,3.0
28,80,High,High,No,5,64,Medium,Yes,1,Low,Medium,Private,Neutral,2,No,Postgraduate,Moderate,Female,70,Normal,2.8,639.98,160,5.0
15,86,High,Medium,Yes,9,68,High,Yes,0,Medium,Low,Public,Neutral,3,No,High School,Near,Male,67,Normal,2.8,364.27,86,1.5
25,87,Low,High,Yes,7,89,Medium,Yes,1,Low,Medium,Public,Neutral,4,Yes,High School,Near,Female,69,Normal,0.8,2780.9,174,3.38
23,91,Low,High,Yes,9,67,Low,Yes,2,Low,Medium,Public,Neutral,4,No,Unknown,Near,Female,70,Normal,2.8,550.34,273,2.7
14,84,High,Medium,No,6,51,Low,Yes,4,High,Medium,Public,Neutral,3,No,High School,Near,Male,67,Normal,1.8,396.64,420,3.14
17,64,High,Low,Yes,7,74,Low,Yes,2,Medium,Low,Public,Positive,2,No,Postgraduate,Near,Female,64,High_Risk,0.8,1572.3,192,2.62
18,61,Medium,Medium,No,6,66,Medium,Yes,1,Medium,High,Public,Positive,2,No,High School,Moderate,Female,62,High_Risk,1.8,659.96,122,2.86
28,94,Medium,High,Yes,7,80,Medium,Yes,3,Low,High,Public,Positive,4,No,Postgraduate,Far,Male,75,Normal,0.8,2799.65,376,4.25
22,82,Medium,Medium,No,9,61,Medium,Yes,2,Low,Medium,Public,Negative,2,Yes,High School,Near,Female,65,High_Risk,2.8,479.27,246,2.6
25,70,Low,High,No,8,73,High,Yes,1,Low,Low,Public,Negative,2,No,Postgraduate,Near,Male,65,High_Risk,1.8,1013.83,140,3.0
10,76,Medium,Medium,Yes,7,80,Medium,Yes,1,Low,High,Public,Positive,4,No,Postgraduate,Near,Female,65,High_Risk,0.8,999.88,152,1.5
21,98,Medium,Medium,Yes,8,72,Medium,Yes,3,Low,Low,Public,Positive,3,No,High School,Moderate,Female,71,Normal,1.8,839.95,392,3.0
11,63,High,High,Yes,5,85,High,No,0,Low,High,Public,Positive,4,Yes,High School,Moderate,Female,62,High_Risk,2.8,333.92,63,1.83
23,67,Medium,Medium,No,7,98,Low,Yes,4,Low,Medium,Private,Neutral,3,No,High School,Moderate,Male,66,Normal,0.8,2817.15,335,3.88
25,71,Medium,Low,Yes,8,74,Low,Yes,4,Medium,Medium,Public,Positive,4,Yes,Postgraduate,Near,Male,67,Normal,1.8,1027.72,355,3.67
13,77,Medium,High,No,4,83,Medium,Yes,1,Medium,High,Public,Negative,2,No,Postgraduate,Moderate,Male,65,High_Risk,3.8,283.94,154,3.0
24,78,Low,High,Yes,10,61,High,Yes,2,Medium,Medium,Public,Positive,4,No,College,Moderate,Female,69,Normal,3.8,385.25,234,2.55
13,70,Medium,Medium,No,7,87,Medium,Yes,1,Low,Low,Public,Neutral,5,No,High School,Near,Male,62,High_Risk,0.8,1413.57,140,1.88
27,88,Medium,High,No,7,72,Medium,Yes,1,Low,High,Public,Positive,1,No,High School,Near,Female,71,Normal,0.8,2429.7,176,3.62
11,100,Medium,Medium,Yes,9,54,Low,Yes,1,Low,Medium,Public,Negative,3,No,Postgraduate,Near,Male,66,Normal,2.8,212.14,200,1.3
11,74,High,Medium,No,8,68,Low,Yes,0,Medium,Medium,Public,Positive,3,No,High School,Moderate,Male,62,High_Risk,1.8,415.53,74,1.22
18,77,High,Medium,Yes,9,57,Low,Yes,1,Low,High,Public,Negative,2,No,Postgraduate,Near,Male,66,Normal,2.8,366.42,154,2.0
22,76,High,Medium,Yes,6,84,High,Yes,2,Medium,High,Public,Neutral,3,No,High School,Near,Male,70,Normal,1.8,1026.61,228,3.71
15,65,Medium,High,Yes,9,93,Low,Yes,2,Low,Low,Private,Neutral,3,No,College,Near,Male,64,High_Risk,2.8,498.2,195,1.9
17,80,Low,Medium,Yes,9,64,Medium,Yes,1,Low,Medium,Private,Positive,4,No,Postgraduate,Far,Female,65,High_Risk,2.8,388.56,160,1.9
9,70,High,Medium,No,5,81,Medium,Yes,1,High,High,Private,Neutral,4,No,Postgraduate,Near,Female,65,High_Risk,2.8,260.35,140,1.83
14,73,Medium,High,No,8,58,Medium,Yes,2,Low,High,Public,Negative,2,No,College,Moderate,Male,63,High_Risk,1.8,451.09,219,2.0
13,99,Low,Medium,No,7,54,High,Yes,3,High,Medium,Public,Negative,3,No,High School,Far,Male,67,Normal,0.8,877.39,396,2.38
44,68,High,Low,No,9,75,Low,Yes,3,Medium,High,Private,Negative,2,No,High School,Moderate,Female,71,Normal,2.8,1178.53,272,5.0
24,75,Low,High,Yes,9,70,High,Yes,5,High,High,Public,Negative,5,No,College,Near,Female,71,Normal,2.8,599.98,450,3.4
28,62,High,Medium,Yes,10,88,Medium,Yes,0,Low,High,Public,Positive,2,Yes,Postgraduate,Moderate,Male,67,Normal,3.8,648.4,62,2.55
10,95,High,Medium,No,7,64,High,Yes,4,Low,Medium,Private,Positive,3,No,Postgraduate,Near,Male,70,Normal,0.8,799.9,475,2.25
20,83,High,Medium,No,7,89,Medium,Yes,3,Low,High,Private,Negative,4,No,High School,Near,Female,69,Normal,0.8,2224.72,332,3.25
12,79,Low,Medium,Yes,9,69,Medium,Yes,2,Low,High,Public,Neutral,3,No,Postgraduate,Near,Male,65,High_Risk,2.8,295.7,237,1.6
16,74,High,High,Yes,8,56,Low,Yes,1,Low,Medium,Private,Positive,2,No,High School,Near,Female,65,High_Risk,1.8,497.75,148,2.0
15,77,Medium,Medium,Yes,5,58,Medium,Yes,1,Low,Medium,Public,Positive,3,No,College,Moderate,Female,64,High_Risk,2.8,310.7,154,2.83
24,96,Medium,Medium,No,8,96,Medium,Yes,2,Low,Low,Public,Positive,3,No,College,Near,Female,72,Normal,1.8,1279.93,288,3.11
18,88,Medium,Medium,No,7,64,Low,Yes,0,Medium,Low,Public,Positive,4,No,College,Moderate,Male,66,Normal,0.8,1439.82,88,2.25
17,86,Medium,Medium,Yes,5,51,Medium,Yes,2,Low,Medium,Private,Neutral,2,No,Postgraduate,Moderate,Male,66,Normal,2.8,309.63,258,3.5
26,63,Medium,High,No,8,63,Low,Yes,1,High,High,Public,Neutral,3,No,Postgraduate,Near,Male,67,Normal,1.8,909.95,126,3.11
23,81,High,High,No,5,91,Low,Yes,0,High,High,Public,Positive,3,Yes,High School,Near,Female,70,Normal,2.8,747.47,81,3.83
22,84,Low,High,Yes,5,95,Medium,Yes,2,Low,High,Public,Neutral,3,No,High School,Moderate,Male,69,Normal,2.8,746.4,252,4.33
18,95,Medium,Medium,Yes,9,96,Low,Yes,4,Medium,Medium,Public,Negative,4,No,College,Near,Female,72,Normal,2.8,617.12,475,2.6
27,98,Low,Medium,Yes,6,93,Low,No,5,High,High,Public,Positive,3,No,High School,Moderate,Female,101,Normal,1.8,1394.92,588,5.29
21,85,Medium,Medium,No,4,51,Low,Yes,2,Low,Medium,Public,Neutral,3,No,College,Near,Female,66,Normal,3.8,281.83,255,5.0
14,91,High,Medium,Yes,7,60,Medium,Yes,0,High,Medium,Public,Neutral,2,No,High School,Near,Male,67,Normal,0.8,1049.87,91,1.75
21,93,Low,Low,Yes,6,91,Low,Yes,1,High,Medium,Public,Negative,3,No,Postgraduate,Near,Male,69,Normal,1.8,1061.61,186,3.29
27,89,Medium,Medium,No,7,65,Medium,Yes,1,Medium,Medium,Public,Neutral,3,No,High School,Near,Female,70,Normal,0.8,2193.48,178,3.62
23,82,Medium,High,No,6,83,Medium,Yes,2,Medium,Medium,Private,Positive,3,No,Postgraduate,Moderate,Male,71,Normal,1.8,1060.5,246,3.86
26,69,Medium,Medium,Yes,7,61,Medium,Yes,1,High,High,Public,Positive,2,No,College,Near,Male,67,Normal,0.8,1982.25,138,3.5
10,62,Medium,Medium,No,6,87,High,Yes,2,Low,High,Public,Neutral,3,No,High School,Near,Male,61,High_Risk,1.8,483.31,186,2.0
18,72,High,Medium,Yes,6,64,Medium,Yes,4,Low,Medium,Public,Positive,3,No,Postgraduate,Near,Female,68,Normal,1.8,639.96,360,3.71
19,94,High,High,No,7,99,Medium,Yes,0,Low,Medium,Public,Neutral,1,Yes,High School,Near,Male,70,Normal,0.8,2350.96,94,2.38
13,69,High,Low,No,4,94,Medium,Yes,3,Low,Low,Public,Positive,3,Yes,High School,Near,Male,62,High_Risk,3.8,321.57,276,3.8
14,86,Low,Medium,Yes,10,78,Medium,Yes,3,Medium,High,Private,Negative,4,Yes,High School,Near,Female,66,Normal,3.8,287.36,344,1.82
23,75,Low,Low,Yes,7,68,Medium,Yes,1,High,Low,Private,Neutral,4,Yes,High School,Near,Male,64,High_Risk,0.8,1954.76,150,3.12
23,93,High,Low,Yes,9,69,Low,Yes,0,Medium,Medium,Private,Positive,3,Yes,Postgraduate,Moderate,Male,69,Normal,2.8,566.77,93,2.3
20,89,High,High,Yes,10,91,Low,Yes,3,Medium,Medium,Private,Neutral,3,No,College,Moderate,Male,72,Normal,3.8,478.93,356,2.36
22,85,Low,Medium,Yes,4,79,Medium,Yes,1,High,Low,Public,Positive,2,No,College,Near,Male,68,Normal,3.8,457.36,170,4.8
29,71,High,Medium,No,7,92,Low,Yes,1,Low,Medium,Public,Positive,3,No,High School,Near,Female,69,Normal,0.8,3334.58,142,3.88
17,82,High,Medium,No,7,88,Medium,Yes,1,Medium,Medium,Public,Negative,1,Yes,High School,Near,Male,66,Normal,0.8,1869.77,164,2.38
14,74,High,Medium,No,8,100,Medium,Yes,1,Low,Medium,Public,Neutral,3,No,College,Near,Male,66,Normal,1.8,777.73,148,1.78
30,100,High,High,No,6,75,Medium,Yes,0,Low,Medium,Public,Neutral,4,No,College,Moderate,Female,75,Normal,1.8,1249.93,100,4.29
18,67,Low,High,Yes,7,87,Medium,Yes,5,Low,Low,Public,Positive,2,No,College,Near,Male,66,Normal,0.8,1957.26,402,3.5
15,77,Medium,High,Yes,7,78,Medium,Yes,0,Low,High,Public,Neutral,3,No,High School,Moderate,Male,65,High_Risk,0.8,1462.32,77,1.88
24,86,Medium,High,Yes,9,69,High,Yes,1,Medium,High,Public,Neutral,3,No,Postgraduate,Near,Male,72,Normal,2.8,591.41,172,2.6
23,85,Medium,Medium,Yes,7,99,High,Yes,1,Low,High,Public,Neutral,5,No,College,Near,Female,71,Normal,0.8,2845.89,170,3.12
26,65,High,Low,No,7,74,Medium,Yes,2,Low,Medium,Public,Negative,4,No,High School,Near,Female,65,High_Risk,0.8,2404.7,195,3.75
27,99,High,Medium,No,9,96,Low,Yes,0,High,Medium,Private,Positive,2,No,College,Moderate,Male,74,Normal,2.8,925.68,99,2.7
26,75,Low,Medium,No,6,72,Medium,Yes,0,Low,High,Public,Neutral,3,No,High School,Near,Male,66,Normal,1.8,1039.94,75,3.71
27,66,Low,High,No,6,67,Low,Yes,1,High,High,Public,Negative,4,No,College,Far,Female,65,High_Risk,1.8,1004.94,132,4.14
13,85,High,Low,Yes,6,72,Medium,Yes,2,Low,Medium,Public,Positive,1,No,College,Moderate,Female,66,Normal,1.8,519.97,255,2.43
35,85,Medium,High,Yes,6,73,High,Yes,1,High,Medium,Public,Negative,5,No,High School,Moderate,Female,74,Normal,1.8,1419.37,170,5.29
19,61,High,Medium,Yes,6,52,Low,No,1,Low,Medium,Public,Neutral,3,No,High School,Far,Female,59,High_Risk,1.8,548.86,122,3.0
14,63,Low,Low,Yes,9,72,Medium,Yes,3,Low,Low,Public,Positive,4,Yes,High School,Near,Female,59,High_Risk,2.8,359.99,252,2.0
14,81,Medium,Medium,Yes,7,64,Medium,Yes,2,Medium,Medium,Public,Positive,4,Yes,College,Near,Male,66,Normal,0.8,1119.86,243,2.25
13,82,Medium,High,No,5,73,Low,Yes,4,Low,Medium,Public,Negative,4,No,High School,Near,Male,66,Normal,2.8,338.92,410,3.5
24,70,Low,Low,Yes,10,69,High,Yes,1,High,Medium,Public,Negative,2,No,High School,Moderate,Female,64,High_Risk,3.8,435.78,140,2.36
36,71,Medium,Medium,Yes,6,56,Medium,Yes,2,High,Medium,Public,Positive,2,No,High School,Far,Male,69,Normal,1.8,1119.94,213,5.71
19,94,Low,Medium,No,7,62,Medium,Yes,0,Medium,Medium,Public,Negative,3,Yes,High School,Moderate,Male,65,High_Risk,0.8,1472.32,94,2.38
26,96,High,Medium,No,5,83,Medium,Yes,0,Medium,High,Public,Positive,2,No,High School,Far,Male,72,Normal,2.8,770.69,96,4.33
20,71,Medium,Medium,Yes,9,66,Medium,Yes,1,Medium,Low,Private,Negative,5,Yes,College,Near,Female,63,High_Risk,2.8,471.41,142,2.2
19,69,Low,Low,No,7,90,Medium,Yes,0,Low,Medium,Public,Neutral,1,No,College,Near,Male,62,High_Risk,0.8,2137.23,69,2.38
18,70,High,Low,Yes,7,60,Medium,Yes,1,Medium,High,Public,Positive,3,No,College,Near,Male,65,High_Risk,0.8,1349.83,140,2.5
19,83,Low,Low,No,8,76,Low,Yes,3,Low,Low,Public,Neutral,3,No,Postgraduate,Near,Female,65,High_Risk,1.8,802.18,332,2.78
12,90,High,High,No,8,67,Low,Yes,2,Low,Low,Public,Neutral,3,No,High School,Near,Female,67,Normal,1.8,446.64,270,1.78
9,72,Medium,High,Yes,10,91,Medium,No,1,High,Medium,Public,Neutral,2,No,High School,Far,Female,62,High_Risk,3.8,215.52,144,1.0
24,60,Medium,Medium,Yes,5,68,Medium,Yes,0,Medium,Low,Public,Neutral,3,No,Postgraduate,Near,Female,64,High_Risk,2.8,582.84,60,4.0
18,72,Medium,Low,No,9,84,Medium,Yes,2,Medium,Medium,Public,Neutral,4,No,High School,Near,Male,64,High_Risk,2.8,539.98,216,2.2
11,92,High,High,Yes,6,84,Medium,Yes,2,Low,Low,Public,Negative,1,No,High School,Near,Female,68,Normal,1.8,513.3,276,2.14
33,61,Medium,Medium,No,7,99,High,Yes,2,Medium,High,Public,Neutral,3,No,College,Near,Female,70,Normal,0.8,4083.24,183,4.62
20,73,Medium,Medium,No,6,82,Low,Yes,1,Medium,High,Private,Negative,3,No,College,Near,Male,65,High_Risk,1.8,911.06,146,3.14
26,69,High,High,No,7,95,Low,No,0,Medium,Medium,Public,Negative,3,No,Postgraduate,Near,Female,93,Normal,0.8,3087.11,69,3.25
10,71,Medium,Low,No,10,53,Low,Yes,4,High,Medium,Private,Positive,3,No,High School,Near,Female,62,High_Risk,3.8,139.47,355,1.64
17,79,High,High,No,5,69,Medium,Yes,4,Low,Medium,Public,Negative,3,No,Postgraduate,Near,Female,68,Normal,2.8,418.91,395,4.17
17,76,High,Medium,No,8,100,Low,No,0,High,Medium,Private,Neutral,4,No,High School,Moderate,Male,65,High_Risk,1.8,944.39,76,1.89
21,73,Medium,Medium,No,6,85,Medium,Yes,6,Medium,High,Public,Neutral,5,No,College,Near,Male,70,Normal,1.8,991.61,511,4.71
12,99,High,High,No,8,71,Medium,Yes,2,Medium,Low,Public,Neutral,2,No,College,Near,Female,70,Normal,1.8,473.31,297,1.78
19,91,Medium,High,No,7,57,Low,Yes,3,High,High,Public,Negative,3,No,High School,Moderate,Female,69,Normal,0.8,1353.58,364,3.12
5,89,Medium,Medium,Yes,4,76,High,Yes,2,Medium,Medium,Public,Neutral,3,No,College,Near,Male,65,High_Risk,3.8,100.0,267,1.8
25,60,Medium,High,Yes,8,67,Medium,Yes,1,Medium,High,Public,Neutral,2,No,College,Near,Female,66,Normal,1.8,930.5,120,3.0
17,68,High,Medium,Yes,4,65,High,Yes,0,Medium,Medium,Private,Positive,2,No,High School,Moderate,Male,64,High_Risk,3.8,290.78,68,3.4
20,98,Low,High,Yes,7,83,Medium,No,0,Low,Medium,Public,Neutral,3,No,High School,Far,Female,68,Normal,0.8,2074.74,98,2.5
20,84,Medium,Medium,Yes,10,62,High,Yes,1,Medium,Medium,Public,Neutral,2,No,College,Moderate,Male,67,Normal,3.8,326.31,168,2.0
19,67,High,Medium,No,9,84,Low,Yes,0,Medium,Medium,Public,Positive,3,No,Unknown,Moderate,Female,64,High_Risk,2.8,569.98,67,1.9
28,69,Medium,Medium,Yes,8,66,Medium,Yes,0,Low,Medium,Public,Positive,6,No,College,Far,Male,66,Normal,1.8,1026.61,69,3.11
24,91,Medium,Medium,Yes,8,55,Low,Yes,0,Medium,Low,Private,Neutral,2,No,College,Moderate,Female,67,Normal,1.8,733.29,91,2.67
22,80,Low,Low,No,4,57,Low,Yes,1,Low,Medium,Public,Neutral,3,No,Postgraduate,Moderate,Male,64,High_Risk,3.8,329.99,160,4.8
25,74,High,High,No,5,67,High,Yes,1,Medium,Medium,Public,Positive,5,No,Postgraduate,Near,Male,71,Normal,2.8,598.19,148,4.5
23,81,High,Medium,No,8,78,High,Yes,4,Low,Low,Public,Positive,3,No,High School,Moderate,Male,70,Normal,1.8,996.61,405,3.44
26,98,Low,High,Yes,9,98,Low,Yes,4,Low,Low,Public,Positive,2,No,College,Moderate,Male,74,Normal,2.8,909.97,490,3.4
16,93,High,Low,No,6,56,Medium,Yes,2,Low,Medium,Public,Positive,4,No,High School,Near,Male,67,Normal,1.8,497.75,279,2.86
18,82,High,Medium,Yes,5,85,High,Yes,3,Medium,High,Private,Neutral,4,No,Postgraduate,Near,Male,71,Normal,2.8,546.41,328,4.0
14,81,Medium,Medium,No,9,81,Medium,Yes,1,Low,High,Private,Negative,3,No,Postgraduate,Near,Female,66,Normal,2.8,404.99,162,1.6
15,81,Low,Low,Yes,7,75,Low,Yes,1,Medium,High,Public,Negative,1,No,Postgraduate,Moderate,Male,63,High_Risk,0.8,1406.07,162,2.12
19,74,Medium,High,No,8,54,High,Yes,0,Medium,Medium,Public,Positive,3,No,College,Near,Male,66,Normal,1.8,569.97,74,2.11
21,78,High,Medium,Yes,4,78,Medium,Yes,2,High,Medium,Private,Negative,3,No,Unknown,Far,Male,68,Normal,3.8,431.04,234,5.0
20,64,Low,Medium,Yes,9,86,Medium,Yes,0,Low,High,Private,Negative,4,No,High School,Near,Female,63,High_Risk,2.8,614.26,64,2.0
21,72,Medium,High,Yes,9,80,Low,Yes,1,Medium,Medium,Public,Neutral,3,No,High School,Near,Female,66,Normal,2.8,599.98,144,2.3
11,72,Low,Medium,No,8,94,High,Yes,1,Low,Low,Public,Positive,2,No,High School,Near,Male,62,High_Risk,1.8,574.41,144,1.44
20,72,Medium,Medium,No,9,66,Medium,Yes,3,Low,High,Private,Positive,3,No,Postgraduate,Near,Male,67,Normal,2.8,471.41,288,2.6
25,72,Medium,Medium,Yes,8,87,Low,Yes,3,Medium,Low,Public,Positive,3,No,Postgraduate,Moderate,Male,68,Normal,1.8,1208.27,288,3.44
24,64,Medium,Medium,Yes,8,65,Medium,Yes,0,Medium,Medium,Public,Positive,3,No,College,Near,Female,65,High_Risk,1.8,866.62,64,2.67
18,66,High,Medium,Yes,6,68,Low,No,1,Medium,High,Public,Positive,3,Yes,High School,Far,Male,61,High_Risk,1.8,679.96,132,2.86
15,84,Low,Low,Yes,7,89,High,Yes,1,Low,High,Public,Neutral,3,No,High School,Near,Female,65,High_Risk,0.8,1668.54,168,2.12
22,99,Medium,Medium,Yes,5,71,High,Yes,0,Medium,High,Public,Neutral,4,No,College,Near,Female,72,Normal,2.8,557.84,99,3.67
15,97,Low,Medium,Yes,9,67,Medium,Yes,1,Low,High,Public,Neutral,2,No,College,Near,Male,68,Normal,2.8,358.92,194,1.7
18,76,Medium,High,Yes,7,82,High,Yes,2,Medium,High,Public,Neutral,4,No,Postgraduate,Near,Female,70,Normal,0.8,1844.77,228,2.75
16,79,Medium,Medium,No,8,82,Low,Yes,2,Low,Medium,Private,Neutral,3,Yes,Postgraduate,Moderate,Female,64,High_Risk,1.8,728.85,237,2.22
7,99,High,Medium,Yes,9,94,Medium,Yes,3,High,High,Public,Positive,2,No,Postgraduate,Moderate,Male,72,Normal,2.8,234.99,396,1.3
12,95,Medium,High,Yes,5,85,Medium,Yes,2,High,Medium,Public,Negative,2,No,College,Near,Male,70,Normal,2.8,364.27,285,2.67
22,72,Low,Low,Yes,5,80,Medium,Yes,2,Low,High,Public,Neutral,3,No,College,Near,Female,65,High_Risk,2.8,628.55,216,4.33
8,78,High,Medium,Yes,7,84,Medium,Yes,0,Medium,Medium,Public,Positive,2,No,College,Near,Male,65,High_Risk,0.8,839.9,78,1.0
14,70,Medium,High,Yes,7,53,Low,Yes,0,Medium,Medium,Public,Negative,3,No,High School,Moderate,Male,61,High_Risk,0.8,927.38,70,1.75
24,86,Medium,Medium,Yes,7,88,Medium,Yes,1,Low,Medium,Public,Neutral,3,No,High School,Far,Male,69,Normal,0.8,2639.67,172,3.25
22,65,Low,Medium,No,8,98,High,Yes,4,Medium,Medium,Private,Neutral,3,No,High School,Near,Female,66,Normal,1.8,1197.71,325,3.33
35,72,High,High,Yes,5,75,Medium,Yes,1,Low,Medium,Public,Positive,5,No,College,Moderate,Male,72,Normal,2.8,937.47,144,6.17
20,87,Low,High,Yes,6,75,Medium,Yes,0,Low,Medium,Public,Positive,3,Yes,Postgraduate,Near,Male,68,Normal,1.8,833.29,87,2.86
24,95,Medium,Low,Yes,9,90,Medium,Yes,3,Low,Low,Public,Positive,4,No,High School,Moderate,Male,71,Normal,2.8,771.4,380,3.0
28,71,Medium,High,No,8,66,Medium,Yes,2,Low,Medium,Private,Positive,3,No,College,Near,Male,69,Normal,1.8,1026.61,213,3.56
16,75,Medium,High,Yes,7,91,Low,Yes,2,Low,Low,Public,Positive,5,No,High School,Far,Male,65,High_Risk,0.8,1819.77,225,2.5
20,90,Medium,Low,Yes,7,97,Medium,Yes,2,High,High,Public,Positive,3,No,College,Moderate,Male,71,Normal,0.8,2424.7,270,3.0
23,84,High,Medium,Yes,6,78,Low,Yes,2,Low,Low,Public,Negative,2,No,High School,Moderate,Female,68,Normal,1.8,996.61,252,3.86
25,92,Low,High,No,5,72,Medium,Yes,1,Medium,Medium,Public,Positive,4,No,High School,Near,Female,71,Normal,2.8,642.83,184,4.5
14,60,Medium,Low,Yes,10,65,Low,Yes,0,High,Medium,Private,Positive,3,No,College,Near,Male,60,High_Risk,3.8,239.47,60,1.27
28,73,Medium,High,Yes,6,96,Medium,Yes,1,Medium,Medium,Public,Negative,0,No,Postgraduate,Near,Female,70,Normal,1.8,1493.25,146,4.29
27,63,High,Medium,Yes,6,98,Medium,Yes,1,Low,High,Public,Positive,2,No,High School,Moderate,Female,67,Normal,1.8,1469.92,126,4.14
20,77,Medium,Medium,No,6,87,Low,Yes,0,Low,High,Public,Positive,4,No,High School,Near,Female,66,Normal,1.8,966.61,77,2.86
32,83,Medium,Medium,Yes,9,74,Medium,Yes,3,Low,Medium,Public,Neutral,3,No,College,Moderate,Male,71,Normal,2.8,845.68,332,3.8
24,71,Medium,High,Yes,7,55,Low,Yes,2,High,Medium,Public,Positive,3,No,College,Far,Male,67,Normal,0.8,1649.79,213,3.5
13,67,Medium,High,Yes,6,88,Medium,Yes,0,Low,Medium,Public,Neutral,3,No,College,Moderate,Female,63,High_Risk,1.8,635.52,67,1.86
17,78,Medium,Medium,Yes,6,88,Medium,Yes,1,Medium,High,Private,Positive,3,No,College,Near,Female,68,Normal,1.8,831.06,156,2.71
12,91,Medium,Low,Yes,8,81,Low,Yes,0,Low,Low,Public,Positive,4,No,High School,Moderate,Male,64,High_Risk,1.8,539.97,91,1.33
28,64,High,Low,Yes,7,78,Medium,Yes,3,Medium,High,Private,Positive,4,No,Postgraduate,Moderate,Male,69,Normal,0.8,2729.66,256,4.25
13,77,Medium,Medium,No,6,70,Medium,Yes,3,Medium,High,Public,Neutral,4,Yes,High School,Near,Male,64,High_Risk,1.8,505.53,308,2.71
16,95,High,Low,Yes,6,86,Medium,Yes,0,Low,High,Private,Neutral,3,No,High School,Near,Male,69,Normal,1.8,764.4,95,2.29
32,66,High,High,Yes,10,77,High,Yes,3,Medium,Medium,Public,Neutral,1,No,College,Near,Male,71,Normal,3.8,648.4,264,3.45
25,76,Medium,Low,Yes,6,88,Low,Yes,1,Medium,Medium,Private,Negative,3,No,College,Far,Male,66,Normal,1.8,1222.15,152,3.86
13,97,Low,Medium,Yes,8,70,Medium,Yes,0,High,Medium,Private,Neutral,2,No,Postgraduate,Moderate,Female,67,Normal,1.8,505.53,97,1.44
28,82,Medium,High,No,7,71,Low,Yes,1,Medium,High,Public,Neutral,3,No,High School,Near,Male,70,Normal,0.8,2484.69,164,3.75
23,91,High,Low,Yes,7,97,Low,Yes,2,Low,Medium,Public,Neutral,3,No,College,Moderate,Male,71,Normal,0.8,2788.4,273,3.38
16,68,High,Medium,No,10,77,Medium,Yes,1,High,Medium,Public,Positive,3,No,Postgraduate,Near,Male,66,Normal,3.8,324.2,136,1.64
23,95,Medium,Medium,Yes,7,75,Medium,Yes,2,High,Medium,Public,Positive,2,No,College,Near,Male,73,Normal,0.8,2155.98,285,3.38
18,89,Medium,Low,No,8,76,High,Yes,0,Low,Medium,Public,Positive,2,No,High School,Near,Male,67,Normal,1.8,759.96,89,2.0
15,76,Medium,High,Yes,8,81,Medium,Yes,2,Low,Medium,Private,Neutral,4,No,Postgraduate,Moderate,Female,67,Normal,1.8,674.96,228,2.11
20,62,Medium,Low,Yes,6,80,High,No,1,Medium,High,Public,Neutral,3,No,College,Moderate,Female,62,High_Risk,1.8,888.84,124,3.14
11,71,Low,Medium,Yes,8,55,Medium,Yes,1,Low,Medium,Public,Negative,3,No,College,Near,Female,87,Normal,1.8,336.09,142,1.44
23,75,Low,Low,Yes,8,61,High,Yes,2,Low,Medium,Public,Positive,2,No,High School,Far,Female,64,High_Risk,1.8,779.4,225,3.0
18,70,Medium,Medium,No,7,86,Medium,Yes,1,High,Medium,Public,Positive,2,No,High School,Near,Female,65,High_Risk,0.8,1934.76,140,2.5
19,91,High,Low,No,6,59,Medium,Yes,5,Medium,High,Public,Neutral,4,No,College,Moderate,Male,70,Normal,1.8,622.74,546,4.14
16,99,High,Medium,Yes,5,73,High,Yes,1,Medium,Medium,Private,Positive,5,Yes,College,Far,Male,71,Normal,2.8,417.13,198,3.0
16,70,Medium,High,Yes,8,50,High,Yes,3,High,Medium,Private,Neutral,3,No,Postgraduate,Far,Male,65,High_Risk,1.8,444.42,280,2.44
17,62,Medium,Medium,Yes,7,78,Medium,Yes,0,Medium,High,Public,Negative,3,No,High School,Near,Male,62,High_Risk,0.8,1657.29,62,2.12
23,80,Medium,Low,Yes,6,56,Medium,Yes,3,Medium,Medium,Public,Positive,2,Yes,Unknown,Near,Male,66,Normal,1.8,715.52,320,4.14
22,67,High,Medium,No,6,71,Low,Yes,2,Medium,Unknown,Public,Positive,2,No,College,Moderate,Male,65,High_Risk,1.8,867.73,201,3.71
3,62,Medium,Low,No,6,67,Medium,Yes,1,Low,Medium,Public,Negative,3,No,High School,Near,Male,55,High_Risk,1.8,111.66,124,0.71
23,98,High,High,Yes,6,77,Medium,Yes,1,Low,High,Public,Neutral,1,No,Postgraduate,Near,Female,74,Normal,1.8,983.83,196,3.57
27,78,High,Low,Yes,5,77,Medium,Yes,0,Medium,Low,Private,Neutral,3,No,Postgraduate,Near,Male,69,Normal,2.8,742.47,78,4.5
20,75,Low,Medium,Yes,7,97,High,Yes,0,Medium,Medium,Public,Neutral,2,No,College,Unknown,Female,66,Normal,0.8,2424.7,75,2.5
7,69,Medium,High,Yes,8,54,High,Yes,1,Medium,High,Public,Positive,2,No,High School,Far,Male,87,Normal,1.8,209.99,138,1.0
14,97,Low,Medium,Yes,7,73,Medium,Yes,2,Medium,Low,Public,Positive,3,No,College,Moderate,Male,68,Normal,0.8,1277.34,291,2.25
15,96,Medium,Medium,Yes,7,58,Medium,Yes,3,Medium,Medium,Public,Neutral,4,No,Postgraduate,Moderate,Male,70,Normal,0.8,1087.36,384,2.62
21,80,Medium,Low,Yes,6,78,Medium,Yes,0,Medium,Medium,Private,Negative,2,No,Postgraduate,Near,Female,66,Normal,1.8,909.95,80,3.0
17,77,Medium,Medium,No,7,54,Low,Yes,1,Low,High,Public,Positive,2,No,College,Near,Male,64,High_Risk,0.8,1147.36,154,2.38
17,92,Low,Low,Yes,8,75,Medium,Yes,2,Medium,High,Public,Neutral,3,No,Postgraduate,Near,Female,68,Normal,1.8,708.29,276,2.33
24,91,High,Low,Yes,6,59,Medium,Yes,0,Low,Medium,Private,Neutral,4,No,High School,Near,Male,69,Normal,1.8,786.62,91,3.43
30,100,Low,High,No,7,53,Medium,Yes,2,Low,High,Private,Neutral,3,No,High School,Moderate,Male,72,Normal,0.8,1987.25,300,4.25
22,73,High,Medium,Yes,6,59,Low,Yes,0,Low,Medium,Public,Positive,1,No,High School,Near,Male,65,High_Risk,1.8,721.07,73,3.14
23,88,High,High,No,7,94,Low,No,3,Low,Medium,Private,Positive,1,No,High School,Near,Male,71,Normal,0.8,2702.16,352,3.62
10,75,Medium,Medium,No,8,87,Low,Yes,2,Medium,Medium,Public,Positive,4,Yes,High School,Near,Female,63,High_Risk,1.8,483.31,225,1.56
14,69,Medium,Medium,Yes,5,92,High,Yes,3,Low,Low,Public,Negative,2,No,Postgraduate,Moderate,Female,64,High_Risk,2.8,459.98,276,3.33
17,86,Low,Medium,No,6,62,Low,Yes,2,Medium,High,Public,Positive,4,No,High School,Near,Female,66,Normal,1.8,585.52,258,3.0
13,84,Medium,Medium,Yes,9,51,High,Yes,0,Low,Medium,Public,Negative,4,No,High School,Near,Female,64,High_Risk,2.8,236.78,84,1.3
9,61,High,Medium,Yes,6,77,Low,No,1,High,Medium,Private,Neutral,2,No,High School,Near,Male,82,Normal,1.8,384.98,122,1.57
24,73,Low,Low,Yes,6,82,Medium,Yes,0,Medium,Medium,Public,Negative,2,Yes,High School,Near,Male,63,High_Risk,1.8,1093.27,73,3.43
25,95,Low,High,No,6,76,Medium,Yes,1,Low,Medium,Public,Positive,5,No,High School,Near,Male,71,Normal,1.8,1055.5,190,3.86
26,90,High,High,No,9,71,Low,Yes,0,High,Low,Private,Negative,2,No,College,Near,Female,71,Normal,2.8,659.26,90,2.6
24,89,Medium,High,Yes,8,61,Medium,Yes,1,Low,High,Public,Positive,3,No,Postgraduate,Near,Female,72,Normal,1.8,813.29,178,2.89
29,77,Medium,Low,Yes,7,68,High,Yes,1,Medium,Medium,Public,Positive,3,No,High School,Far,Female,67,Normal,0.8,2464.69,154,3.88
8,84,Medium,Low,Yes,9,56,Low,Yes,1,Low,Medium,Public,Positive,2,No,High School,Moderate,Male,61,High_Risk,2.8,159.99,168,1.0
20,98,Medium,High,Yes,7,90,Medium,Yes,2,Medium,Medium,Public,Positive,4,No,Unknown,Near,Male,73,Normal,0.8,2249.72,294,3.0
19,78,Low,High,Yes,8,59,Medium,Yes,2,High,Medium,Public,Positive,1,No,High School,Near,Male,66,Normal,1.8,622.74,234,2.56
23,97,Medium,High,No,9,84,Low,Yes,1,High,Medium,Public,Positive,3,Yes,High School,Far,Female,71,Normal,2.8,689.98,194,2.5
12,95,Medium,Medium,No,4,87,Medium,Yes,0,Low,Medium,Public,Positive,3,No,High School,Moderate,Male,67,Normal,3.8,274.73,95,2.4
11,84,High,Medium,Yes,6,76,High,Yes,3,Low,High,Public,Negative,3,No,High School,Moderate,Female,67,Normal,1.8,464.42,336,2.43
17,86,Low,Medium,No,6,84,High,Yes,0,Medium,Medium,Private,Neutral,3,No,High School,Near,Female,66,Normal,1.8,793.29,86,2.43
21,76,Medium,Medium,No,7,81,Medium,Yes,0,Medium,High,Private,Positive,2,No,College,Moderate,Female,67,Normal,0.8,2125.98,76,2.62
21,62,Medium,Medium,No,9,92,Medium,Yes,1,Medium,Medium,Private,Positive,4,Yes,High School,Near,Male,63,High_Risk,2.8,689.98,124,2.3
21,85,Medium,Low,No,6,77,Medium,Yes,2,Low,Medium,Public,Neutral,3,No,College,Far,Male,66,Normal,1.8,898.28,255,3.57
26,82,Low,High,No,7,60,Medium,No,3,Low,Medium,Public,Neutral,3,No,Postgraduate,Near,Female,68,Normal,0.8,1949.76,328,4.0
29,77,Medium,Medium,Yes,8,65,Medium,Yes,1,Medium,Medium,Public,Neutral,3,No,High School,Near,Male,68,Normal,1.8,1047.16,154,3.44
15,80,High,Medium,No,7,80,Medium,Yes,0,Low,Low,Public,Neutral,5,No,High School,Near,Female,65,High_Risk,0.8,1499.81,80,1.88
29,100,High,High,Yes,8,89,Medium,Yes,2,Medium,Medium,Private,Neutral,3,No,High School,Moderate,Female,76,Normal,1.8,1433.81,300,3.67
14,63,High,Low,No,7,79,Medium,Yes,1,Low,Medium,Public,Neutral,3,No,High School,Near,Male,61,High_Risk,0.8,1382.33,126,2.0
19,93,Medium,High,Yes,6,56,Medium,Yes,0,Low,High,Private,Negative,3,No,College,Near,Male,69,Normal,1.8,591.08,93,2.71
18,93,Low,Medium,Yes,6,55,Medium,Yes,3,Low,Medium,Public,Negative,5,No,High School,Moderate,Male,67,Normal,1.8,549.97,372,3.43
34,81,Medium,Medium,Yes,9,82,Low,Yes,1,Medium,High,Public,Negative,2,No,High School,Near,Male,71,Normal,2.8,995.68,162,3.6
23,90,Medium,High,Yes,8,76,High,Yes,2,Medium,Low,Public,Positive,3,No,High School,Near,Female,72,Normal,1.8,971.06,270,3.0
23,90,High,Medium,Yes,7,62,Medium,Yes,3,Medium,Low,Private,Positive,2,No,Postgraduate,Moderate,Male,71,Normal,0.8,1782.28,360,3.62
4,69,Medium,High,Yes,6,99,Medium,Yes,0,Medium,High,Public,Neutral,2,No,High School,Moderate,Male,61,High_Risk,1.8,219.99,69,0.57
12,68,High,Medium,Yes,6,68,Low,Yes,2,Medium,Medium,Public,Positive,4,No,College,Near,Male,64,High_Risk,1.8,453.31,204,2.29
26,95,Medium,High,No,9,74,Low,Yes,3,Low,Medium,Private,Neutral,3,Yes,High School,Near,Female,71,Normal,2.8,687.12,380,3.2
27,64,Medium,Medium,No,5,51,High,Yes,1,Low,High,Public,Negative,3,No,High School,Near,Female,64,High_Risk,2.8,491.77,128,4.83
21,100,Medium,Medium,No,5,58,Medium,Yes,2,Medium,Medium,Private,Neutral,2,No,High School,Moderate,Male,69,Normal,2.8,434.98,300,4.17
15,95,Low,Low,No,5,67,High,Yes,3,Medium,Medium,Public,Positive,3,No,High School,Moderate,Female,67,Normal,2.8,358.92,380,3.5
20,61,High,Medium,No,8,99,Medium,Yes,0,Medium,High,Public,Neutral,4,No,College,Near,Male,65,High_Risk,1.8,1099.94,61,2.22
20,72,High,Low,Yes,8,93,Medium,Yes,4,Low,High,Public,Positive,2,No,High School,Near,Male,68,Normal,1.8,1033.28,360,3.11
20,98,Medium,Medium,No,6,80,Medium,Yes,0,Medium,Medium,Public,Positive,2,No,College,Moderate,Male,70,Normal,1.8,888.84,98,2.86
25,66,Low,Medium,Yes,8,65,Medium,Yes,0,Medium,Medium,Public,Positive,3,Yes,High School,Near,Male,63,High_Risk,1.8,902.73,66,2.78
9,76,Medium,Medium,Yes,9,71,Medium,Yes,1,Medium,High,Public,Neutral,3,No,College,Near,Male,63,High_Risk,2.8,228.21,152,1.1
21,63,Medium,Low,No,8,74,Medium,Yes,0,Low,Medium,Public,Negative,3,No,High School,Near,Female,61,High_Risk,1.8,863.29,63,2.33
30,62,Low,Low,Yes,7,97,Medium,Yes,0,High,Medium,Private,Neutral,5,No,College,Near,Female,66,Normal,0.8,3637.05,62,3.75
14,85,Medium,High,No,9,87,High,Yes,0,Medium,Medium,Public,Negative,3,No,College,Near,Female,67,Normal,2.8,434.98,85,1.4
17,60,Low,Low,Yes,7,61,Medium,Yes,1,Low,Medium,Public,Positive,4,No,Postgraduate,Near,Female,61,High_Risk,0.8,1296.09,120,2.38
19,97,Low,Medium,Yes,8,98,Low,Yes,1,Medium,Medium,Public,Positive,3,No,College,Near,Female,71,Normal,1.8,1034.39,194,2.33
21,74,Low,Medium,No,6,55,High,Yes,3,Low,Medium,Public,Positive,2,No,College,Near,Male,65,High_Risk,1.8,641.63,296,3.86
18,96,Medium,Medium,Yes,4,93,Medium,Yes,0,Medium,High,Public,Positive,4,No,College,Near,Female,72,Normal,3.8,440.51,96,3.6
16,90,Medium,Medium,No,7,54,High,No,2,Medium,Medium,Public,Positive,3,No,High School,Near,Female,67,Normal,0.8,1079.87,270,2.5
18,64,High,Medium,Yes,6,67,High,Yes,0,Low,Medium,Private,Negative,4,No,College,Near,Male,63,High_Risk,1.8,669.96,64,2.57
20,66,High,High,No,7,73,Medium,Yes,1,Medium,Medium,Public,Negative,4,No,College,Unknown,Female,65,High_Risk,0.8,1824.77,132,2.75
21,61,High,Medium,Yes,8,83,High,No,1,Low,Unknown,Private,Neutral,3,No,College,Near,Female,65,High_Risk,1.8,968.28,122,2.56
14,98,Medium,Medium,Yes,7,84,Low,Yes,3,High,Medium,Public,Neutral,3,No,High School,Near,Female,70,Normal,0.8,1469.82,392,2.5
26,86,Medium,Low,No,7,95,Medium,Yes,0,Low,High,Public,Negative,5,No,High School,Moderate,Male,68,Normal,0.8,3087.11,86,3.25
21,92,High,Low,No,6,76,Low,Yes,2,Low,Medium,Public,Positive,5,No,College,Near,Male,70,Normal,1.8,886.62,276,3.57
8,88,Medium,Medium,Yes,8,92,High,Yes,1,Low,Medium,Public,Negative,4,No,College,Near,Male,66,Normal,1.8,408.87,176,1.11
8,71,High,Medium,No,8,55,High,Yes,1,Low,High,Public,Positive,2,No,College,Moderate,Male,62,High_Risk,1.8,244.43,142,1.11
17,61,Low,Medium,Yes,6,82,High,Yes,0,Medium,High,Public,Neutral,4,No,Postgraduate,Near,Male,63,High_Risk,1.8,774.4,61,2.43
19,92,Medium,High,No,8,67,Medium,Yes,2,Medium,Medium,Private,Negative,2,No,High School,Unknown,Female,69,Normal,1.8,707.18,276,2.56
28,89,Medium,Medium,No,6,75,Medium,Yes,1,Low,Low,Private,Negative,3,No,High School,Moderate,Male,68,Normal,1.8,1166.6,178,4.29
38,82,Medium,Low,No,6,97,Low,Yes,2,Low,Medium,Private,Negative,3,No,College,Near,Male,72,Normal,1.8,2047.66,246,6.0
5,73,High,Low,Yes,6,89,High,Yes,1,Medium,Medium,Public,Neutral,2,No,High School,Near,Male,62,High_Risk,1.8,247.21,146,1.0
20,90,Low,Medium,No,6,85,High,No,3,Low,High,Private,Neutral,2,No,College,Near,Male,69,Normal,1.8,944.39,360,3.71
17,87,High,Low,Yes,6,84,Medium,Yes,0,Medium,Medium,Public,Positive,3,No,College,Far,Male,67,Normal,1.8,793.29,87,2.43
24,89,Medium,Low,Yes,6,94,Low,Yes,2,Medium,Medium,Public,Neutral,2,No,High School,Far,Male,68,Normal,1.8,1253.26,267,4.0
21,93,Medium,Medium,Yes,8,78,Medium,No,0,Low,Medium,Private,Neutral,3,No,High School,Near,Male,68,Normal,1.8,909.95,93,2.33
3,60,Medium,Low,Yes,6,78,Low,Yes,1,Low,Medium,Public,Positive,1,No,Postgraduate,Near,Female,57,High_Risk,1.8,129.99,120,0.71
23,62,High,Low,No,4,94,Medium,Yes,0,Medium,Low,Private,Positive,3,No,Postgraduate,Far,Female,64,High_Risk,3.8,568.93,62,4.6
13,98,High,Low,Yes,7,81,Medium,Yes,1,Medium,Low,Private,Negative,3,No,Postgraduate,Near,Male,69,Normal,0.8,1316.09,196,1.88
12,87,Medium,Medium,Yes,7,53,Low,Yes,2,Medium,Medium,Private,Neutral,1,No,College,Near,Male,65,High_Risk,0.8,794.9,261,2.0
14,82,Medium,Medium,Yes,6,77,Medium,Yes,3,Medium,Medium,Public,Positive,3,No,College,Near,Female,68,Normal,1.8,598.86,328,2.86
22,78,Medium,Medium,Yes,5,96,Medium,Yes,0,Low,Medium,Public,Neutral,3,No,High School,Moderate,Male,67,Normal,2.8,754.26,78,3.67
22,74,Medium,High,Yes,10,51,Medium,No,1,Medium,Medium,Private,Negative,4,No,High School,Near,Male,65,High_Risk,3.8,295.26,148,2.18
15,68,Low,Medium,No,6,72,Low,Yes,3,High,Low,Public,Neutral,3,No,High School,Near,Female,62,High_Risk,1.8,599.97,272,3.0
20,63,Medium,Medium,Yes,6,94,Medium,No,2,Medium,Medium,Public,Neutral,3,No,High School,Far,Female,63,High_Risk,1.8,1044.39,189,3.43
19,64,Low,Medium,No,6,99,Medium,Yes,1,Medium,Medium,Public,Positive,3,No,College,Near,Male,64,High_Risk,1.8,1044.94,128,3.0
18,76,High,High,No,6,79,Medium,Yes,1,Medium,Medium,Private,Positive,2,No,Postgraduate,Far,Female,67,Normal,1.8,789.96,152,2.86
21,75,Low,Medium,Yes,5,91,Medium,Yes,2,Low,Low,Public,Neutral,3,No,High School,Near,Male,66,Normal,2.8,682.48,225,4.17
3,78,Medium,Medium,No,8,54,High,Yes,2,High,Medium,Public,Positive,4,No,High School,Moderate,Male,61,High_Risk,1.8,90.0,234,0.78
30,89,Medium,Medium,No,6,89,Medium,Yes,3,High,Medium,Public,Neutral,3,No,Postgraduate,Moderate,Male,74,Normal,1.8,1483.25,356,5.14
14,61,Low,Medium,No,7,85,High,Yes,1,Low,Medium,Public,Neutral,1,No,High School,Near,Female,60,High_Risk,0.8,1487.31,122,2.0
12,70,Low,High,Yes,9,53,Medium,Yes,2,Low,Medium,Public,Neutral,2,Yes,High School,Near,Male,60,High_Risk,2.8,227.13,210,1.6
25,70,Low,Medium,Yes,8,61,Low,No,3,Low,Medium,Public,Positive,4,No,College,Moderate,Female,64,High_Risk,1.8,847.18,280,3.44
19,93,Low,Medium,Yes,7,83,Medium,Yes,1,Medium,Medium,Public,Positive,3,No,High School,Near,Female,69,Normal,0.8,1971.0,186,2.62
25,76,Medium,Medium,Yes,5,89,High,Yes,3,Medium,High,Public,Neutral,3,No,High School,Far,Female,69,Normal,2.8,794.61,304,5.17
28,66,Medium,High,Yes,8,97,Medium,Yes,0,Medium,Medium,Public,Neutral,2,No,High School,Near,Male,68,Normal,1.8,1508.81,66,3.11
21,84,Low,High,No,9,98,Medium,Yes,1,Low,Medium,Public,Negative,3,No,High School,Moderate,Male,67,Normal,2.8,734.97,168,2.3
12,94,Medium,Medium,Yes,10,78,Medium,Yes,1,Medium,High,Public,Neutral,2,No,High School,Near,Female,68,Normal,3.8,246.31,188,1.27
24,84,Medium,Medium,No,6,82,Medium,Yes,1,Medium,Medium,Public,Negative,2,No,High School,Near,Male,68,Normal,1.8,1093.27,168,3.71
22,98,Medium,High,No,5,69,Low,No,1,Low,High,Public,Negative,4,No,High School,Moderate,Female,69,Normal,2.8,542.12,196,4.0
18,66,Low,Medium,Yes,6,93,Medium,Yes,1,Low,Medium,Public,Neutral,3,Yes,College,Near,Female,63,High_Risk,1.8,929.95,132,2.86
6,67,Medium,Low,Yes,6,99,Low,Yes,0,Medium,Medium,Private,Neutral,2,No,College,Near,Male,60,High_Risk,1.8,329.98,67,0.86
11,87,Medium,Medium,Yes,7,92,Medium,Yes,1,Medium,Medium,Public,Positive,5,No,High School,Moderate,Female,67,Normal,0.8,1264.84,174,1.62
20,76,High,High,Yes,6,87,Low,Yes,1,Low,Medium,Public,Negative,4,No,Postgraduate,Moderate,Male,68,Normal,1.8,966.61,152,3.14
22,76,Medium,Medium,No,9,82,High,Yes,0,Medium,High,Private,Neutral,4,No,High School,Near,Male,67,Normal,2.8,644.26,76,2.2
16,66,Medium,Medium,Yes,7,97,Medium,Yes,5,Low,High,Public,Positive,3,No,Postgraduate,Near,Male,68,Normal,0.8,1939.76,396,3.25
24,69,Low,High,No,5,83,Low,Yes,3,Low,Medium,Private,Neutral,3,No,High School,Near,Male,66,Normal,2.8,711.4,276,5.0
19,86,Medium,Medium,No,6,81,Medium,Yes,3,Medium,High,Public,Neutral,3,No,College,Near,Male,70,Normal,1.8,854.95,344,3.57
8,80,Low,Medium,Yes,6,85,Medium,Yes,1,Low,High,Public,Negative,3,No,Postgraduate,Near,Male,63,High_Risk,1.8,377.76,160,1.43
30,76,Medium,Medium,Yes,7,86,Medium,Yes,1,Medium,High,Public,Neutral,2,Yes,Postgraduate,Far,Male,69,Normal,0.8,3224.6,152,4.0
23,96,Low,Medium,Yes,7,89,Medium,Yes,1,Low,Medium,Private,Positive,3,No,College,Far,Female,70,Normal,0.8,2558.43,192,3.12
15,77,Medium,Medium,Yes,8,57,Low,Yes,1,Low,Medium,Public,Neutral,2,No,College,Near,Male,63,High_Risk,1.8,474.97,154,1.89
12,90,Medium,Low,Yes,6,54,Medium,No,1,High,Medium,Public,Neutral,3,No,High School,Near,Male,64,High_Risk,1.8,359.98,180,2.0
21,98,High,Medium,Yes,7,68,High,Yes,0,Medium,Medium,Public,Positive,3,Yes,College,Near,Female,71,Normal,0.8,1784.78,98,2.62
17,80,Medium,Medium,Yes,7,52,High,Yes,2,Medium,Medium,Private,Neutral,3,No,Postgraduate,Near,Female,67,Normal,0.8,1104.86,240,2.62
11,65,Medium,Low,Yes,5,62,Medium,Yes,2,Medium,High,Public,Neutral,2,No,College,Far,Female,60,High_Risk,2.8,243.56,195,2.5
23,68,Low,Low,Yes,7,92,Medium,No,3,Low,High,Private,Neutral,4,No,High School,Near,Male,65,High_Risk,0.8,2644.67,272,3.62
26,77,Medium,Medium,Yes,7,98,Low,Yes,0,High,Medium,Public,Neutral,1,No,Postgraduate,Unknown,Male,69,Normal,0.8,3184.6,77,3.25
23,70,Low,High,Yes,7,75,High,Yes,0,Low,Medium,Public,Positive,4,No,Unknown,Near,Female,66,Normal,0.8,2155.98,70,2.88
36,64,Medium,Medium,Yes,5,82,Medium,Yes,2,Medium,High,Private,Positive,2,No,High School,Near,Female,70,Normal,2.8,1054.25,192,6.67
26,84,Low,High,No,4,62,Medium,No,3,High,High,Public,Positive,2,No,High School,Near,Male,70,Normal,3.8,424.2,336,6.4
19,70,Medium,Low,No,7,54,High,Yes,0,Medium,Medium,Public,Positive,2,Yes,High School,Moderate,Male,89,Normal,0.8,1282.34,70,2.38
18,97,High,Low,Yes,8,95,High,Yes,1,Medium,Medium,Public,Positive,2,No,Postgraduate,Moderate,Male,72,Normal,1.8,949.95,194,2.22
15,80,High,Medium,No,8,80,Medium,Yes,1,Low,Medium,Public,Neutral,4,No,High School,Moderate,Female,65,High_Risk,1.8,666.63,160,1.89
22,74,Low,High,Yes,6,68,Medium,Yes,0,Medium,Low,Public,Positive,4,No,High School,Far,Male,65,High_Risk,1.8,831.06,74,3.14
24,68,Medium,Medium,Yes,5,91,High,Yes,1,High,Medium,Public,Negative,4,No,College,Near,Female,68,Normal,2.8,779.97,136,4.33
3,60,Medium,Medium,Yes,5,76,Medium,Yes,0,Medium,High,Private,Neutral,4,No,High School,Moderate,Female,58,High_Risk,2.8,81.43,60,0.5
24,93,Medium,High,Yes,8,70,Low,Yes,1,Medium,High,Private,Neutral,3,No,High School,Moderate,Female,71,Normal,1.8,933.28,186,2.89
12,98,Low,High,Yes,6,87,Medium,Yes,2,Low,Medium,Private,Neutral,3,No,Postgraduate,Near,Female,70,Normal,1.8,579.97,294,2.29
24,97,High,Low,No,7,75,Low,Yes,1,Medium,Medium,Public,Negative,2,No,High School,Moderate,Female,69,Normal,0.8,2249.72,194,3.25
19,97,Medium,Low,No,8,98,Medium,Yes,1,Low,Medium,Private,Neutral,4,Yes,High School,Near,Male,68,Normal,1.8,1034.39,194,2.33
34,74,High,Low,Yes,7,76,Medium,Yes,2,Low,High,Public,Positive,2,No,College,Near,Female,71,Normal,0.8,3229.6,222,4.75
16,86,High,High,No,8,99,Medium,Yes,4,Low,High,Private,Neutral,4,No,College,Near,Male,72,Normal,1.8,879.95,430,2.67
21,76,Medium,Medium,Yes,5,67,Medium,Yes,1,High,Low,Private,Positive,3,No,High School,Moderate,Male,66,Normal,2.8,502.48,152,3.83
19,77,High,Medium,Yes,5,86,High,Yes,0,Medium,Low,Public,Negative,4,Yes,High School,Near,Male,66,Normal,2.8,583.55,77,3.17
21,81,Low,Medium,Yes,8,61,High,Yes,3,Medium,Low,Public,Negative,5,No,High School,Moderate,Female,66,Normal,1.8,711.63,324,3.0
12,88,High,Medium,No,6,52,Low,No,1,Medium,High,Public,Negative,1,No,High School,Near,Male,63,High_Risk,1.8,346.65,176,2.0
24,94,Low,Medium,Yes,6,75,Low,Yes,1,Low,High,Public,Negative,4,No,High School,Near,Female,69,Normal,1.8,999.94,188,3.71
29,68,Low,High,Yes,5,74,Low,Yes,3,High,High,Public,Neutral,2,Yes,Postgraduate,Near,Male,69,Normal,2.8,766.4,272,5.83
23,90,Low,Low,No,9,50,Low,Yes,4,Medium,Medium,Private,Neutral,3,No,High School,Moderate,Male,67,Normal,2.8,410.7,450,3.1
18,94,Medium,Medium,Yes,7,70,Medium,No,2,Medium,High,Public,Negative,3,No,College,Near,Female,69,Normal,0.8,1574.8,282,2.75
17,71,Medium,Medium,Yes,10,53,Low,Yes,0,Low,Low,Public,Positive,3,No,High School,Moderate,Male,61,High_Risk,3.8,237.1,71,1.55
14,89,Medium,Low,Yes,5,67,Low,No,3,Low,Low,Private,Neutral,3,No,High School,Far,Female,63,High_Risk,2.8,334.99,356,3.33
26,76,Low,Low,Yes,8,88,Low,Yes,2,Low,Low,Public,Positive,4,No,High School,Near,Male,66,Normal,1.8,1271.04,228,3.33
19,94,Low,Medium,Yes,8,75,Medium,Yes,1,Medium,Medium,Public,Negative,3,No,College,Moderate,Female,68,Normal,1.8,791.62,188,2.33
30,81,Medium,Low,Yes,5,67,Medium,Yes,1,High,High,Public,Negative,1,No,High School,Near,Male,69,Normal,2.8,717.83,162,5.33
14,98,Medium,Medium,Yes,8,99,Low,Yes,0,High,Medium,Public,Neutral,3,No,High School,Near,Male,69,Normal,1.8,769.96,98,1.56
13,65,Low,High,Yes,6,73,Medium,Yes,0,Low,Medium,Private,Positive,3,No,Postgraduate,Near,Female,62,High_Risk,1.8,527.19,65,1.86
23,62,Medium,Medium,No,8,91,High,No,3,High,Low,Public,Neutral,3,No,High School,Moderate,Male,64,High_Risk,1.8,1162.71,248,3.22
23,63,Medium,Medium,Yes,8,94,High,Yes,2,Medium,Medium,Public,Neutral,5,No,Postgraduate,Near,Male,68,Normal,1.8,1201.04,189,3.0
25,92,Medium,Medium,Yes,9,79,Medium,Yes,3,Medium,High,Public,Negative,4,No,College,Moderate,Male,72,Normal,2.8,705.33,368,3.1
9,75,Medium,Medium,No,7,54,Low,Yes,2,Low,Medium,Public,Positive,4,No,High School,Near,Female,61,High_Risk,0.8,607.42,225,1.62
25,79,Medium,Low,Yes,9,54,Medium,Yes,1,Low,Medium,Private,Positive,2,No,Postgraduate,Far,Male,66,Normal,2.8,482.13,158,2.7
18,79,Medium,High,No,9,92,Low,Yes,1,Low,Medium,Private,Neutral,3,No,College,Near,Male,67,Normal,2.8,591.41,158,2.0
30,98,Medium,High,Yes,7,96,Medium,Yes,1,Medium,Medium,Private,Neutral,3,No,Postgraduate,Near,Female,77,Normal,0.8,3599.55,196,4.0
15,69,Medium,Medium,Yes,7,74,High,Yes,2,Low,Medium,Private,Neutral,5,No,Postgraduate,Near,Female,65,High_Risk,0.8,1387.33,207,2.38
14,82,Medium,High,No,6,94,Low,Yes,7,Medium,High,Private,Negative,4,No,Postgraduate,Near,Male,71,Normal,1.8,731.07,656,4.0
30,69,Medium,Medium,Yes,7,66,Medium,Yes,0,Medium,Low,Public,Positive,4,No,Postgraduate,Near,Female,68,Normal,0.8,2474.69,69,3.75
7,64,High,High,No,6,81,Medium,Yes,2,Low,Low,Private,Positive,3,No,Postgraduate,Moderate,Female,62,High_Risk,1.8,314.98,192,1.57
21,70,High,High,No,9,66,Medium,Yes,1,Medium,Low,Public,Neutral,4,No,College,Moderate,Male,91,Normal,2.8,494.98,140,2.3
19,61,High,Medium,No,9,67,Medium,Yes,0,Low,Medium,Public,Negative,2,No,College,Far,Female,61,High_Risk,2.8,454.63,61,1.9
22,88,High,High,Yes,10,78,Medium,Yes,0,Medium,High,Private,Positive,2,No,High School,Moderate,Male,71,Normal,3.8,451.57,88,2.0
18,94,Low,Low,Yes,7,53,Low,Yes,3,Medium,High,Private,Neutral,2,No,High School,Near,Female,67,Normal,0.8,1192.35,376,3.0
19,69,Medium,High,Yes,7,82,High,Yes,1,Low,Medium,Public,Negative,2,No,High School,Near,Male,65,High_Risk,0.8,1947.26,138,2.62
7,60,Medium,High,Yes,10,69,Low,Yes,0,Low,Medium,Private,Positive,3,No,College,Moderate,Female,59,High_Risk,3.8,127.1,60,0.64
19,64,Medium,Medium,Yes,8,81,High,Yes,1,Medium,Medium,Public,Negative,3,Yes,High School,Moderate,Male,62,High_Risk,1.8,854.95,128,2.33
19,72,Medium,Low,Yes,8,58,Medium,Yes,0,Medium,Low,Public,Neutral,3,No,High School,Near,Female,62,High_Risk,1.8,612.19,72,2.11
29,83,High,High,No,5,99,Medium,Yes,0,Medium,High,Public,Neutral,4,No,College,Near,Female,73,Normal,2.8,1025.32,83,4.83
19,79,High,Medium,Yes,7,68,Medium,Yes,2,High,High,Public,Negative,1,No,College,Near,Female,68,Normal,0.8,1614.8,237,2.88
34,93,High,Medium,Yes,6,93,High,Yes,2,Low,High,Public,Neutral,4,No,High School,Near,Male,77,Normal,1.8,1756.57,279,5.43
19,67,Medium,Medium,Yes,6,75,High,Yes,1,Low,Medium,Public,Neutral,3,No,College,Near,Female,65,High_Risk,1.8,791.62,134,3.0
19,78,High,High,No,7,89,Medium,Yes,2,Medium,Medium,Public,Neutral,4,No,Unknown,Moderate,Female,69,Normal,0.8,2113.49,234,2.88
15,63,Medium,Low,No,8,55,Low,Yes,0,Medium,Low,Public,Neutral,3,No,College,Near,Female,59,High_Risk,1.8,458.31,63,1.67
16,83,Medium,Medium,Yes,7,62,Medium,Yes,0,Low,Medium,Private,Neutral,1,Yes,Postgraduate,Moderate,Male,64,High_Risk,0.8,1239.85,83,2.0
24,95,Medium,Low,No,5,87,Medium,Yes,0,Low,Medium,Public,Neutral,2,No,High School,Far,Male,68,Normal,2.8,745.69,95,4.0
28,74,Medium,High,No,8,90,High,Yes,2,Medium,Medium,Public,Positive,3,No,Postgraduate,Near,Male,72,Normal,1.8,1399.92,222,3.56
9,80,High,Low,No,5,60,Medium,Yes,2,Low,Medium,Private,Neutral,3,No,High School,Near,Male,62,High_Risk,2.8,192.85,240,2.17
26,100,Medium,High,Yes,7,74,High,Yes,1,Medium,Medium,Public,Neutral,2,No,High School,Near,Female,74,Normal,0.8,2404.7,200,3.5
19,79,High,Medium,Yes,10,59,Low,Yes,1,Medium,Medium,Public,Neutral,3,Yes,College,Moderate,Male,65,High_Risk,3.8,294.99,158,1.91
16,67,Medium,High,No,7,89,High,Yes,3,Low,Medium,Public,Positive,3,No,College,Near,Male,66,Normal,0.8,1779.78,268,2.75
25,80,High,Low,No,7,53,Medium,Yes,1,Medium,Medium,Private,Neutral,3,No,College,Moderate,Male,67,Normal,0.8,1656.04,160,3.38
12,97,Medium,Low,Yes,7,83,Medium,Yes,0,Low,Medium,Public,Neutral,2,No,College,Moderate,Male,66,Normal,0.8,1244.84,97,1.5
10,62,Medium,Low,No,7,68,High,Yes,3,Medium,Medium,Public,Neutral,3,No,Postgraduate,Near,Male,61,High_Risk,0.8,849.89,248,2.0
19,86,High,High,Yes,7,93,High,Yes,1,Medium,High,Public,Neutral,2,No,High School,Near,Male,72,Normal,0.8,2208.47,172,2.62
23,88,Medium,Medium,Yes,8,66,Low,Yes,2,Medium,High,Private,Positive,2,No,College,Moderate,Male,69,Normal,1.8,843.29,264,3.0
32,62,High,Medium,No,7,86,Low,Yes,0,Low,Medium,Public,Positive,2,No,High School,Near,Female,67,Normal,0.8,3439.57,62,4.0
31,81,Medium,Medium,No,9,70,Low,Yes,1,Low,Medium,Public,Neutral,4,No,Postgraduate,Near,Female,70,Normal,2.8,774.97,162,3.3
17,60,Medium,High,Yes,8,50,High,Yes,0,Low,High,Public,Positive,4,No,High School,Near,Female,63,High_Risk,1.8,472.2,60,1.89
34,92,High,Medium,No,7,68,Low,Yes,0,Medium,High,Public,Positive,5,No,College,Near,Female,75,Normal,0.8,2889.64,92,4.25
19,77,Medium,Low,No,9,57,Low,Yes,4,Medium,Medium,Public,Neutral,3,Yes,High School,Near,Female,64,High_Risk,2.8,386.77,385,2.7
18,63,Medium,Medium,Yes,7,66,Low,Yes,2,Medium,Medium,Private,Negative,2,No,College,Near,Female,62,High_Risk,0.8,1484.81,189,2.75
24,99,Medium,Low,Yes,8,52,Low,Yes,1,Low,High,Public,Negative,2,No,High School,Near,Male,69,Normal,1.8,693.29,198,2.89
20,99,Medium,Medium,No,8,75,Medium,Yes,2,Low,High,Private,Negative,2,No,Postgraduate,Far,Female,70,Normal,1.8,833.29,297,2.67
16,92,Medium,High,Yes,8,68,Medium,Yes,1,Medium,High,Public,Positive,2,No,High School,Near,Male,70,Normal,1.8,604.41,184,2.0
19,77,High,Low,Yes,9,92,Medium,Yes,2,Low,Medium,Public,Positive,4,No,High School,Near,Female,67,Normal,2.8,624.26,231,2.3
22,76,Medium,Medium,Yes,8,92,Medium,Yes,1,Low,High,Public,Neutral,4,No,High School,Near,Female,68,Normal,1.8,1124.38,152,2.67
13,81,Low,Medium,Yes,6,85,Low,Yes,1,Low,Medium,Private,Neutral,3,No,High School,Moderate,Male,63,High_Risk,1.8,613.85,162,2.14
26,86,Medium,High,Yes,6,83,Medium,Yes,2,Low,Medium,Public,Positive,4,No,High School,Near,Male,72,Normal,1.8,1198.82,258,4.29
29,86,Low,Low,Yes,7,52,Medium,Yes,1,Low,Medium,Public,Positive,3,No,College,Near,Female,68,Normal,0.8,1884.76,172,3.88
25,78,Medium,Medium,No,7,86,Medium,Yes,1,Medium,Medium,Public,Negative,3,No,Postgraduate,Moderate,Female,68,Normal,0.8,2687.16,156,3.38
14,90,High,Medium,Yes,5,84,Medium,Yes,0,Low,Medium,Public,Negative,3,No,Postgraduate,Near,Female,68,Normal,2.8,419.99,90,2.33
13,66,High,High,No,6,98,Low,Yes,1,High,High,Public,Positive,2,No,High School,Near,Male,65,High_Risk,1.8,707.74,132,2.14
27,64,High,High,Yes,9,68,High,Yes,1,Low,High,Private,Neutral,4,No,High School,Near,Male,68,Normal,2.8,655.69,128,2.9
12,67,Medium,High,Yes,8,77,Medium,Yes,2,Low,High,Private,Positive,3,No,College,Near,Male,64,High_Risk,1.8,513.3,201,1.78
19,93,High,High,No,8,80,Medium,Yes,1,Medium,Medium,Private,Neutral,3,No,College,Moderate,Male,71,Normal,1.8,844.4,186,2.33
23,73,Medium,High,No,10,85,Medium,Yes,1,Low,Medium,Public,Neutral,3,No,College,Near,Male,67,Normal,3.8,514.46,146,2.27
18,86,High,Medium,No,8,53,Low,Yes,5,Low,High,Private,Negative,3,No,High School,Near,Male,68,Normal,1.8,529.97,516,3.11
15,81,Medium,High,Yes,7,90,High,Yes,1,Low,Medium,Private,Positive,2,No,Postgraduate,Far,Female,68,Normal,0.8,1687.29,162,2.12
16,98,High,Low,Yes,8,52,Medium,Yes,3,Low,High,Public,Neutral,3,No,College,Moderate,Female,69,Normal,1.8,462.2,392,2.44
22,98,High,Medium,Yes,7,60,Medium,Yes,1,High,Medium,Public,Positive,1,No,High School,Near,Male,72,Normal,0.8,1649.79,196,3.0
24,80,High,Low,Yes,6,82,Medium,Yes,1,Low,High,Public,Neutral,3,No,College,Moderate,Female,68,Normal,1.8,1093.27,160,3.71
20,64,Medium,Medium,Yes,8,80,High,Yes,1,Medium,Medium,Private,Positive,3,No,High School,Near,Male,65,High_Risk,1.8,888.84,128,2.44
16,78,Low,High,No,7,62,Medium,Yes,0,High,High,Public,Negative,1,No,High School,Far,Female,63,High_Risk,0.8,1239.85,78,2.0
12,70,Medium,High,No,7,81,High,Yes,0,Low,Medium,Public,Positive,3,No,High School,Near,Male,63,High_Risk,0.8,1214.85,70,1.5
23,92,High,Medium,Yes,4,93,High,Yes,0,High,Medium,Public,Negative,4,No,High School,Near,Female,72,Normal,3.8,562.88,92,4.6
28,91,High,Medium,No,7,98,Low,Yes,2,Low,Medium,Private,Positive,5,No,Postgraduate,Near,Male,75,Normal,0.8,3429.57,273,4.0
22,62,High,Medium,Yes,7,70,Low,Yes,4,Low,Medium,Public,Negative,2,No,College,Near,Female,65,High_Risk,0.8,1924.76,310,3.75
14,94,High,Medium,Yes,5,89,Medium,Yes,0,Medium,Medium,Public,Positive,1,No,Postgraduate,Near,Female,70,Normal,2.8,444.98,94,2.33
33,71,Low,Medium,No,5,84,Medium,Yes,1,Medium,Medium,Public,Positive,2,No,High School,Near,Male,68,Normal,2.8,989.96,142,5.83
15,76,Medium,Medium,Yes,6,84,Low,Yes,0,Medium,High,Public,Neutral,3,No,College,Near,Female,65,High_Risk,1.8,699.96,76,2.14
17,83,High,Medium,No,6,75,Medium,Yes,2,Medium,Medium,Public,Positive,3,Yes,High School,Near,Male,67,Normal,1.8,708.29,249,3.0
15,70,High,High,No,6,85,High,Yes,0,Low,Medium,Private,Positive,2,No,College,Moderate,Male,65,High_Risk,1.8,708.29,70,2.14
15,77,Low,Medium,Yes,8,63,Medium,Yes,0,Medium,Medium,Public,Neutral,1,No,High School,Near,Female,62,High_Risk,1.8,524.97,77,1.67
20,83,High,Low,No,9,77,High,Yes,0,Low,Medium,Public,Positive,3,Yes,Unknown,Near,Male,67,Normal,2.8,549.98,83,2.0
20,78,High,Medium,No,7,80,High,Yes,2,High,Medium,Public,Positive,3,No,College,Near,Male,70,Normal,0.8,1999.75,234,3.0
17,67,Low,Medium,Yes,6,62,Medium,Yes,0,Medium,Medium,Public,Neutral,3,No,College,Moderate,Female,61,High_Risk,1.8,585.52,67,2.43
16,75,High,Medium,Yes,9,62,Medium,Yes,3,Low,Medium,Public,Positive,4,No,High School,Moderate,Female,66,Normal,2.8,354.27,300,2.2
24,61,Medium,Medium,No,7,80,High,Yes,0,Low,Medium,Public,Positive,3,No,Postgraduate,Moderate,Male,64,High_Risk,0.8,2399.7,61,3.0
15,70,High,Medium,No,9,57,Medium,Yes,1,Medium,Medium,Private,Negative,3,No,High School,Unknown,Female,63,High_Risk,2.8,305.35,140,1.7
29,92,High,Medium,Yes,4,91,Low,Yes,1,High,High,Public,Neutral,4,No,High School,Near,Female,75,Normal,3.8,694.46,184,6.2
12,85,High,High,Yes,7,88,High,Yes,1,Low,Medium,Public,Neutral,0,No,College,Far,Female,67,Normal,0.8,1319.84,170,1.75
22,83,Medium,Low,Yes,8,86,Medium,Yes,3,Medium,Low,Public,Negative,4,No,High School,Near,Male,68,Normal,1.8,1051.05,332,3.11
22,69,High,Medium,No,6,74,High,Yes,1,Medium,Low,Public,Negative,3,Yes,College,Near,Female,65,High_Risk,1.8,904.39,138,3.43
34,63,Medium,High,Yes,10,60,Low,Yes,1,Medium,Medium,Public,Negative,4,No,High School,Near,Female,67,Normal,3.8,536.83,126,3.27
20,72,Medium,Medium,Yes,9,56,Medium,Yes,4,High,Medium,Public,Negative,2,No,High School,Near,Male,65,High_Risk,2.8,399.99,360,2.8
24,76,Medium,Medium,Yes,7,82,Medium,Yes,2,Medium,Medium,Public,Positive,4,No,College,Far,Male,68,Normal,0.8,2459.69,228,3.5
20,80,High,Low,Yes,5,74,Medium,Yes,2,Low,Low,Public,Negative,4,No,College,Moderate,Female,66,Normal,2.8,528.55,240,4.0
11,83,High,Low,Yes,5,67,Medium,Yes,1,Medium,Medium,Public,Positive,2,No,Postgraduate,Near,Male,66,Normal,2.8,263.2,166,2.17
19,69,Medium,Medium,Yes,7,84,Medium,Yes,2,Medium,Medium,Public,Neutral,4,No,High School,Near,Male,66,Normal,0.8,1994.75,207,2.88
14,63,Medium,Medium,Yes,8,64,High,Yes,1,Low,Medium,Public,Neutral,3,No,High School,Moderate,Male,61,High_Risk,1.8,497.75,126,1.78
25,95,Medium,Low,No,8,57,Low,Yes,4,Low,Medium,Public,Neutral,3,No,High School,Moderate,Female,69,Normal,1.8,791.62,475,3.67
17,68,Medium,Medium,No,7,99,Medium,Yes,1,Medium,Low,Private,Neutral,1,No,Postgraduate,Near,Male,65,High_Risk,0.8,2103.49,136,2.38
19,78,High,High,No,5,55,Medium,Yes,0,Medium,Medium,Public,Neutral,4,No,High School,Moderate,Male,66,Normal,2.8,373.2,78,3.17
16,70,Medium,Medium,Yes,8,98,Medium,Yes,2,Medium,Medium,Public,Positive,3,No,High School,Moderate,Male,65,High_Risk,1.8,871.06,210,2.22
27,99,Low,Low,Yes,7,58,Low,Yes,2,Medium,Medium,Private,Positive,2,No,Postgraduate,Moderate,Male,71,Normal,0.8,1957.26,297,3.88
25,87,High,Medium,No,7,86,Medium,Yes,4,Medium,Low,Private,Negative,2,No,College,Near,Male,72,Normal,0.8,2687.16,435,4.12
22,88,Medium,Low,Yes,6,63,Low,Yes,3,Low,Medium,Public,Positive,3,No,Postgraduate,Near,Male,69,Normal,1.8,769.96,352,4.0
15,66,Low,Medium,No,7,53,Medium,Yes,2,Medium,High,Public,Negative,3,No,College,Near,Female,61,High_Risk,0.8,993.63,198,2.38
11,61,Medium,Medium,Yes,5,61,Medium,Yes,3,Medium,High,Public,Neutral,0,Yes,Postgraduate,Near,Male,60,High_Risk,2.8,239.63,244,2.83
23,61,Low,Medium,No,9,58,Medium,Yes,4,Medium,Medium,Public,Neutral,2,No,High School,Near,Male,63,High_Risk,2.8,476.41,305,3.1
20,89,High,Medium,Yes,9,82,Medium,Yes,2,High,High,Public,Neutral,3,No,College,Near,Female,72,Normal,2.8,585.69,267,2.4
13,70,High,High,No,6,81,Medium,Yes,2,Medium,Low,Public,Positive,2,No,Postgraduate,Near,Male,66,Normal,1.8,584.97,210,2.43
24,92,Medium,Medium,No,5,69,Medium,Yes,2,Medium,Medium,Private,Negative,4,No,High School,Near,Female,70,Normal,2.8,591.41,276,4.67
11,89,Low,High,No,9,69,Low,Yes,1,Low,Low,Public,Neutral,3,No,High School,Near,Male,64,High_Risk,2.8,271.06,178,1.3
25,63,High,Medium,No,7,69,Medium,Yes,0,Low,High,Private,Negative,5,No,High School,Moderate,Female,64,High_Risk,0.8,2155.98,63,3.12
26,82,Low,Low,Yes,9,74,High,Yes,2,Medium,Medium,Public,Negative,5,No,High School,Moderate,Female,68,Normal,2.8,687.12,246,3.0
17,73,Medium,Medium,Yes,6,97,High,Yes,1,Medium,High,Public,Positive,3,No,High School,Near,Male,67,Normal,1.8,916.06,146,2.71
21,83,High,Low,Yes,7,89,Low,No,0,Low,Low,Public,Neutral,2,No,College,Moderate,Female,65,High_Risk,0.8,2335.96,83,2.62
22,74,Medium,Low,Yes,6,56,Low,Yes,4,Medium,High,Public,Negative,3,No,Postgraduate,Moderate,Male,66,Normal,1.8,684.41,370,4.29
19,66,Medium,Medium,No,8,74,Medium,Yes,1,High,Medium,Public,Neutral,3,No,High School,Near,Female,64,High_Risk,1.8,781.07,132,2.33
26,64,Low,High,Yes,9,53,Medium,No,2,Low,High,Public,Negative,4,No,College,Near,Male,64,High_Risk,2.8,492.13,192,3.0
22,69,Medium,Medium,Yes,6,91,Low,Yes,0,High,High,Private,Neutral,1,Yes,High School,Moderate,Male,64,High_Risk,1.8,1112.16,69,3.14
23,87,Medium,Low,No,7,79,Medium,Yes,2,Medium,Medium,Public,Neutral,2,No,High School,Far,Male,67,Normal,0.8,2270.97,261,3.38
16,80,High,Medium,No,8,55,High,No,0,Low,Medium,Public,Positive,6,No,College,Moderate,Male,65,High_Risk,1.8,488.86,80,1.78
21,79,Medium,Low,Yes,6,88,Low,Yes,2,High,Medium,Public,Neutral,1,No,High School,Near,Male,67,Normal,1.8,1026.61,237,3.57
14,97,Low,Medium,Yes,5,88,Medium,Yes,2,High,Medium,Public,Positive,3,No,Postgraduate,Near,Male,71,Normal,2.8,439.98,291,3.0
30,84,High,Low,Yes,5,66,Low,Yes,0,Medium,Low,Public,Positive,2,No,Postgraduate,Near,Female,70,Normal,2.8,707.12,84,5.0
26,62,Low,High,No,6,86,Medium,Yes,2,Medium,Medium,Public,Positive,3,No,High School,Near,Male,66,Normal,1.8,1242.15,186,4.29
17,79,Medium,Medium,No,8,79,Medium,Yes,3,Medium,High,Private,Neutral,5,Yes,Postgraduate,Near,Male,67,Normal,1.8,746.07,316,2.56
19,69,Medium,Low,No,7,72,Medium,Yes,1,Low,Low,Public,Positive,2,No,High School,Far,Female,61,High_Risk,0.8,1709.79,138,2.62
20,64,Medium,Medium,No,6,81,Medium,Yes,0,High,High,Public,Positive,1,No,Unknown,Moderate,Female,64,High_Risk,1.8,899.95,64,2.86
15,60,Medium,Medium,No,7,66,High,Yes,2,High,Medium,Public,Neutral,4,No,High School,Near,Male,62,High_Risk,0.8,1237.35,180,2.38
20,71,High,Medium,Yes,8,60,Low,Yes,0,Medium,Medium,Public,Neutral,2,No,High School,Near,Male,64,High_Risk,1.8,666.63,71,2.22
22,87,Medium,High,Yes,7,75,Medium,Yes,0,Medium,High,Public,Positive,2,Yes,College,Near,Female,70,Normal,0.8,2062.24,87,2.75
20,79,High,Low,Yes,7,87,Low,No,2,Medium,High,Private,Neutral,4,Yes,High School,Near,Female,66,Normal,0.8,2174.73,237,3.0
25,83,Medium,Medium,Yes,8,83,Medium,Yes,2,Low,Medium,Public,Neutral,1,Yes,High School,Moderate,Female,67,Normal,1.8,1152.71,249,3.22
17,94,Low,Low,No,7,76,High,Yes,3,Low,High,Public,Neutral,3,Yes,College,Far,Male,67,Normal,0.8,1614.8,376,2.88
27,87,Medium,Medium,No,8,77,Medium,Yes,1,Low,High,Public,Neutral,4,No,High School,Moderate,Male,70,Normal,1.8,1154.94,174,3.22
29,93,High,High,No,7,74,Medium,Yes,3,Medium,High,Private,Positive,3,No,High School,Near,Male,76,Normal,0.8,2682.16,372,4.38
22,85,High,Medium,No,8,79,High,Yes,5,Medium,High,Public,Neutral,2,No,High School,Near,Female,72,Normal,1.8,965.5,510,3.56
15,87,Medium,Medium,No,10,83,Medium,Yes,1,High,High,Private,Positive,3,No,High School,Near,Male,68,Normal,3.8,327.62,174,1.55
25,77,Low,Medium,Yes,7,71,Medium,Yes,0,Medium,Medium,Public,Negative,3,No,High School,Near,Female,66,Normal,0.8,2218.47,77,3.12
19,66,Medium,Medium,No,8,83,Medium,Yes,2,Medium,High,Public,Neutral,3,No,High School,Near,Female,65,High_Risk,1.8,876.06,198,2.56
13,86,Medium,High,Yes,8,53,Medium,Yes,2,Low,High,Public,Positive,4,No,High School,Far,Male,66,Normal,1.8,382.76,258,1.89
14,78,Medium,High,Yes,8,85,Medium,Yes,2,Low,Medium,Private,Negative,4,No,High School,Near,Male,66,Normal,1.8,661.07,234,2.0
24,75,High,High,Yes,6,51,High,No,1,Medium,High,Public,Negative,3,No,High School,Near,Male,67,Normal,1.8,679.96,150,3.71
19,84,Medium,High,Yes,7,75,Low,Yes,1,Low,Medium,Public,Negative,2,No,College,Far,Male,66,Normal,0.8,1781.03,168,2.62
16,68,Low,Medium,Yes,4,92,Medium,No,1,Medium,Medium,Public,Negative,4,No,College,Near,Male,62,High_Risk,3.8,387.36,136,3.6
22,73,High,High,Yes,4,76,High,Yes,3,Medium,Medium,Public,Negative,4,No,College,Far,Male,69,Normal,3.8,439.99,292,5.6
27,83,High,Low,No,5,60,Medium,Yes,0,High,Low,Public,Neutral,2,No,College,Moderate,Female,68,Normal,2.8,578.55,83,4.5
16,69,Medium,Medium,No,8,56,Low,Yes,2,Medium,Medium,Private,Neutral,3,No,Postgraduate,Near,Male,63,High_Risk,1.8,497.75,207,2.22
25,86,Medium,Low,Yes,6,59,Medium,Yes,3,Low,Medium,Public,Positive,3,No,High School,Near,Female,69,Normal,1.8,819.4,344,4.43
20,81,Low,Medium,Yes,6,61,Low,No,0,Low,Medium,Public,Positive,4,Yes,High School,Near,Female,63,High_Risk,1.8,677.74,81,2.86
17,64,Medium,Medium,No,9,50,Medium,Yes,2,Low,High,Public,Positive,4,No,High School,Moderate,Female,62,High_Risk,2.8,303.56,192,2.1
25,89,Medium,Low,Yes,6,59,Medium,Yes,2,Low,Medium,Public,Neutral,2,No,College,Near,Female,69,Normal,1.8,819.4,267,4.14
18,69,Low,Medium,No,8,59,Low,No,1,Low,Medium,Public,Positive,4,No,High School,Near,Female,60,High_Risk,1.8,589.97,138,2.22
15,95,Medium,Medium,No,9,56,Medium,No,3,Low,High,Public,Positive,1,No,High School,Near,Male,67,Normal,2.8,299.99,380,2.1
15,78,High,Low,Yes,7,77,Low,Yes,0,High,Medium,Public,Neutral,3,No,College,Near,Male,65,High_Risk,0.8,1443.57,78,1.88
19,92,Medium,Medium,Yes,7,89,Medium,No,0,Low,High,Private,Neutral,2,No,Postgraduate,Near,Male,69,Normal,0.8,2113.49,92,2.38
29,90,Low,Medium,Yes,7,95,Medium,Yes,0,High,High,Public,Neutral,2,Yes,High School,Near,Male,71,Normal,0.8,3443.32,90,3.62
18,78,Medium,High,No,7,55,High,Yes,0,High,Medium,Public,Negative,3,No,High School,Near,Male,65,High_Risk,0.8,1237.35,78,2.25
23,71,Medium,Medium,No,7,56,Low,Yes,1,Medium,Unknown,Private,Positive,4,No,Unknown,Near,Female,65,High_Risk,0.8,1609.8,142,3.12
20,89,Low,Medium,Yes,8,85,Medium,Yes,2,Medium,High,Public,Positive,1,No,Postgraduate,Near,Female,70,Normal,1.8,944.39,267,2.67
16,85,Low,Medium,No,7,85,High,Yes,1,Medium,High,Public,Neutral,2,No,High School,Near,Male,66,Normal,0.8,1699.79,170,2.25
27,95,Medium,High,No,8,88,High,Yes,3,Medium,Medium,Private,Positive,2,No,High School,Far,Female,74,Normal,1.8,1319.93,380,3.67
26,99,Medium,Medium,Yes,8,67,Medium,Yes,4,Medium,Medium,Private,Positive,4,Yes,High School,Near,Male,73,Normal,1.8,967.72,495,3.78
14,97,Low,High,No,5,62,Medium,No,1,Medium,Medium,Public,Neutral,4,Yes,Postgraduate,Far,Female,66,Normal,2.8,309.99,194,2.67
22,86,Low,Medium,Yes,5,67,Medium,Yes,0,High,Medium,Public,Positive,2,No,College,Near,Male,68,Normal,2.8,526.41,86,3.67
13,95,Medium,Medium,Yes,7,69,Medium,Yes,1,Low,Low,Public,Positive,2,Yes,Postgraduate,Moderate,Female,66,Normal,0.8,1121.11,190,1.88
15,92,Medium,Medium,Yes,7,51,Medium,Yes,1,High,High,Public,Positive,3,No,College,Near,Female,69,Normal,0.8,956.13,184,2.12
21,88,High,Medium,Yes,6,90,High,Yes,2,High,Medium,Private,Neutral,4,No,High School,Moderate,Male,72,Normal,1.8,1049.94,264,3.57
26,90,Medium,Medium,Yes,8,98,Medium,Yes,0,Low,Low,Private,Negative,3,Yes,Postgraduate,Moderate,Female,69,Normal,1.8,1415.48,90,2.89
22,92,Medium,Medium,No,6,53,Medium,Yes,4,High,Medium,Public,Neutral,4,Yes,High School,Near,Male,69,Normal,1.8,647.74,460,4.29
21,66,High,Medium,Yes,6,76,Low,Yes,3,Low,Medium,Private,Neutral,1,No,High School,Moderate,Female,65,High_Risk,1.8,886.62,264,3.86
17,66,Medium,Medium,Yes,9,89,Medium,No,1,Medium,High,Public,Positive,4,No,High School,Moderate,Female,64,High_Risk,2.8,540.34,132,1.9
25,89,Low,Low,Yes,6,82,High,Yes,2,Low,Medium,Public,Neutral,6,No,Postgraduate,Near,Male,71,Normal,1.8,1138.83,267,4.14
27,80,Low,Low,No,6,65,Low,Yes,1,Low,Medium,Public,Positive,4,No,Postgraduate,Near,Male,67,Normal,1.8,974.95,160,4.14
11,88,High,Medium,Yes,7,56,Low,Yes,2,Medium,Medium,Public,Neutral,2,No,College,Near,Male,66,Normal,0.8,769.9,264,1.88
23,66,Medium,Medium,No,7,76,Low,Yes,1,High,Medium,Public,Neutral,2,No,College,Moderate,Male,64,High_Risk,0.8,2184.73,132,3.12
27,65,Medium,Medium,Yes,9,51,Medium,Yes,2,High,Medium,Private,Positive,2,No,Postgraduate,Moderate,Female,66,Normal,2.8,491.77,195,3.1
19,82,Medium,High,Yes,7,57,Medium,Yes,1,Medium,Medium,Public,Neutral,3,No,High School,Near,Male,67,Normal,0.8,1353.58,164,2.62
22,78,Medium,Medium,Yes,8,61,Medium,Yes,2,High,Medium,Public,Positive,5,No,High School,Moderate,Male,68,Normal,1.8,745.51,234,2.89
17,87,Medium,Medium,No,8,52,Low,Yes,1,Medium,Medium,Public,Positive,5,No,College,Near,Male,67,Normal,1.8,491.08,174,2.11
17,79,Low,Low,Yes,10,88,Low,Yes,3,Medium,High,Private,Neutral,3,No,High School,Moderate,Female,65,High_Risk,3.8,393.67,316,2.09
20,71,Low,High,Yes,6,56,High,Yes,5,Medium,Medium,Private,Positive,5,No,College,Near,Male,68,Normal,1.8,622.19,426,4.29
20,98,Medium,High,No,7,89,Medium,Yes,1,High,Medium,Public,Positive,3,No,College,Far,Female,72,Normal,0.8,2224.72,196,2.75
16,78,Low,Medium,Yes,5,50,Medium,Yes,2,Low,Medium,Private,Positive,2,No,College,Moderate,Male,63,High_Risk,2.8,285.7,234,3.33
19,96,Medium,Medium,No,7,57,High,Yes,0,Low,Medium,Public,Positive,3,No,High School,Near,Female,69,Normal,0.8,1353.58,96,2.38
27,98,Medium,High,No,4,82,Medium,Yes,0,High,Medium,Public,Positive,3,No,High School,Near,Female,74,Normal,3.8,582.62,98,5.4
15,60,Medium,Medium,Yes,7,81,Low,Yes,4,Low,High,Public,Positive,2,No,High School,Near,Male,63,High_Risk,0.8,1518.56,300,2.88
12,81,High,Medium,Yes,9,86,Medium,Yes,2,Medium,High,Public,Negative,2,No,Postgraduate,Near,Male,68,Normal,2.8,368.56,243,1.6
21,99,High,Medium,Yes,6,65,Low,Yes,1,Medium,Medium,Private,Positive,2,No,College,Far,Female,71,Normal,1.8,758.29,198,3.29
20,80,Low,High,No,8,81,Medium,Yes,3,Medium,Medium,Private,Negative,4,No,Postgraduate,Near,Male,69,Normal,1.8,899.95,320,2.89
13,63,Low,Medium,No,8,88,Medium,Yes,0,Low,Medium,Private,Negative,2,No,High School,Near,Male,59,High_Risk,1.8,635.52,63,1.44
16,64,High,Medium,Yes,7,51,High,Yes,4,High,High,Public,Neutral,3,No,College,Near,Male,66,Normal,0.8,1019.87,320,3.0
29,98,Medium,Medium,Yes,9,60,Low,Yes,0,Low,Medium,Private,Negative,4,No,High School,Near,Female,70,Normal,2.8,621.41,98,2.9
21,65,Medium,High,Yes,8,67,Low,No,1,Low,Unknown,Public,Positive,4,No,High School,Near,Female,64,High_Risk,1.8,781.62,130,2.56
21,60,Medium,High,Yes,8,93,Low,Yes,0,Low,Medium,Public,Positive,2,No,High School,Far,Female,63,High_Risk,1.8,1084.94,60,2.33
17,82,High,Low,No,9,56,Low,Yes,3,High,Medium,Public,Positive,2,No,High School,Near,Female,66,Normal,2.8,339.99,328,2.3
11,62,Medium,High,Yes,5,82,Medium,Yes,3,High,Medium,Private,Neutral,4,No,College,Moderate,Male,64,High_Risk,2.8,322.13,248,2.83
19,71,Medium,Medium,No,8,57,Medium,Yes,2,Medium,High,Public,Positive,4,No,High School,Moderate,Male,65,High_Risk,1.8,601.63,213,2.56
17,67,High,High,Yes,9,94,Medium,Yes,2,Low,Low,Private,Positive,3,No,High School,Near,Female,66,Normal,2.8,570.69,201,2.1
16,75,Low,Low,Yes,5,86,Medium,Yes,0,Low,Medium,Public,Positive,1,No,College,Moderate,Female,62,High_Risk,2.8,491.41,75,2.67
21,94,High,High,No,5,94,Medium,Yes,2,Low,High,Private,Neutral,2,No,College,Near,Male,73,Normal,2.8,704.97,282,4.17
21,80,Medium,High,Yes,4,78,Medium,Yes,1,Medium,High,Private,Neutral,4,No,High School,Near,Female,69,Normal,3.8,431.04,160,4.6
14,74,High,High,Yes,6,73,High,Yes,2,Medium,Medium,Private,Neutral,3,No,High School,Near,Female,67,Normal,1.8,567.75,222,2.57
1,69,High,Medium,Yes,6,97,Medium,Yes,1,Low,Medium,Public,Positive,3,No,High School,Near,Female,61,High_Risk,1.8,53.89,138,0.43
12,88,Medium,Medium,No,8,65,Medium,Yes,0,Low,Medium,Public,Positive,4,No,High School,Near,Male,65,High_Risk,1.8,433.31,88,1.33
20,85,Medium,High,No,8,59,Medium,Yes,1,Medium,Medium,Public,Positive,3,No,Postgraduate,Far,Female,68,Normal,1.8,655.52,170,2.44
34,82,Medium,High,Yes,9,87,High,Yes,3,Low,Medium,Public,Positive,4,No,High School,Near,Female,75,Normal,2.8,1056.39,328,4.0
33,86,Medium,Medium,No,7,61,Medium,Yes,1,High,Unknown,Public,Positive,3,No,High School,Near,Male,72,Normal,0.8,2515.94,172,4.38
27,99,High,Medium,No,7,53,Low,Yes,2,Low,High,Public,Neutral,3,No,College,Near,Male,73,Normal,0.8,1788.53,297,3.88
22,84,Medium,Medium,Yes,5,59,Medium,Yes,0,High,High,Private,Positive,3,No,College,Near,Female,69,Normal,2.8,463.55,84,3.67
19,99,High,Medium,No,7,52,Medium,Yes,1,Medium,Medium,Public,Neutral,4,No,High School,Near,Male,70,Normal,0.8,1234.85,198,2.62
24,77,Medium,Medium,No,8,87,High,Yes,2,Low,Medium,Public,Positive,1,Yes,Postgraduate,Moderate,Female,68,Normal,1.8,1159.94,231,3.11
23,63,Low,Medium,Yes,9,84,High,Yes,0,High,Medium,Public,Neutral,3,No,High School,Near,Female,64,High_Risk,2.8,689.98,63,2.3
18,79,High,Low,No,9,51,High,Yes,2,Medium,Medium,Private,Positive,3,No,High School,Near,Male,66,Normal,2.8,327.85,237,2.2
30,74,Medium,Low,No,10,99,Medium,Yes,1,High,Medium,Private,Positive,2,No,High School,Moderate,Male,69,Normal,3.8,781.56,148,2.91
15,91,Medium,Low,Yes,10,61,Medium,Yes,0,Low,High,Public,Neutral,4,No,High School,Moderate,Male,65,High_Risk,3.8,240.78,91,1.36
25,77,Medium,Low,No,4,64,Low,Yes,3,Low,Medium,Public,Neutral,4,Yes,College,Near,Female,65,High_Risk,3.8,421.04,308,6.2
25,71,Medium,High,Yes,7,52,High,Yes,3,Low,Medium,Private,Neutral,3,No,High School,Near,Male,67,Normal,0.8,1624.8,284,3.88
25,72,High,Medium,Yes,8,58,Medium,Yes,0,Low,Medium,Public,Negative,4,No,College,Moderate,Female,66,Normal,1.8,805.51,72,2.78
18,90,Low,Medium,Yes,5,62,High,Yes,3,Medium,Medium,Private,Neutral,2,No,High School,Moderate,Female,67,Normal,2.8,398.56,360,4.0
13,83,Low,Low,No,5,59,High,Yes,4,Low,Medium,Private,Neutral,2,No,High School,Near,Female,63,High_Risk,2.8,273.92,415,3.5
23,99,Medium,Medium,No,8,95,High,Yes,5,Medium,Medium,Public,Neutral,4,No,High School,Moderate,Female,74,Normal,1.8,1213.82,594,3.67
19,62,Medium,Low,No,6,89,High,Yes,3,Medium,Medium,Public,Positive,1,No,High School,Moderate,Male,63,High_Risk,1.8,939.39,248,3.57
21,71,High,Low,No,7,58,High,Yes,1,Medium,High,Public,Positive,3,Yes,College,Far,Female,64,High_Risk,0.8,1522.31,142,2.88
18,61,Low,Medium,Yes,7,67,Medium,Yes,5,High,High,Public,Positive,2,No,Postgraduate,Near,Male,66,Normal,0.8,1507.31,366,3.5
21,100,Medium,Medium,No,5,92,Low,Yes,3,Low,Low,Public,Positive,3,Yes,Postgraduate,Near,Male,71,Normal,2.8,689.98,400,4.5
19,82,High,Medium,Yes,6,58,Low,Yes,2,Medium,High,Private,Positive,3,No,College,Near,Female,68,Normal,1.8,612.19,246,3.29
23,65,High,High,No,7,57,Low,No,1,High,Medium,Public,Neutral,4,No,High School,Near,Male,65,High_Risk,0.8,1638.55,130,3.12
31,64,High,Low,Yes,7,81,Low,Yes,1,Medium,Medium,Public,Positive,4,No,High School,Near,Female,67,Normal,0.8,3138.36,128,4.12
24,80,Medium,High,Yes,7,96,High,Yes,0,Low,High,Public,Positive,0,No,College,Moderate,Female,70,Normal,0.8,2879.64,80,3.0
21,70,Medium,Medium,Yes,7,83,Medium,Yes,1,Medium,Medium,Public,Neutral,3,No,High School,Far,Male,65,High_Risk,0.8,2178.48,140,2.88
19,74,Medium,Low,Yes,6,89,Medium,No,0,High,Medium,Public,Neutral,2,No,High School,Moderate,Male,63,High_Risk,1.8,939.39,74,2.71
22,97,High,Medium,Yes,5,68,Low,Yes,7,Medium,High,Private,Negative,5,No,College,Near,Female,75,Normal,2.8,534.27,776,6.0
25,67,Low,Medium,No,8,95,Medium,Yes,0,Medium,Medium,Public,Neutral,4,No,Postgraduate,Moderate,Female,65,High_Risk,1.8,1319.37,67,2.78
30,88,Medium,Medium,Yes,7,68,Low,Yes,1,Medium,High,Public,Positive,3,No,College,Near,Female,72,Normal,0.8,2549.68,176,4.0
22,75,Medium,Medium,No,6,56,Low,Yes,3,Medium,Medium,Private,Positive,3,No,High School,Far,Male,65,High_Risk,1.8,684.41,300,4.0
18,64,Medium,Medium,Yes,6,76,Medium,Yes,2,Medium,High,Public,Positive,4,No,High School,Near,Male,65,High_Risk,1.8,759.96,192,3.14
15,85,High,Medium,No,4,72,Medium,Yes,4,Low,High,Private,Neutral,4,No,College,Near,Male,69,Normal,3.8,284.2,425,4.6
23,79,Low,Medium,Yes,6,70,Medium,Yes,3,Medium,High,Public,Negative,4,No,Postgraduate,Moderate,Female,68,Normal,1.8,894.39,316,4.14
21,79,Medium,Low,Yes,8,54,High,Yes,3,Low,Medium,Public,Positive,3,No,Postgraduate,Moderate,Female,67,Normal,1.8,629.97,316,3.0
30,80,Low,High,No,6,67,Medium,Yes,3,Medium,Medium,Public,Negative,4,No,College,Moderate,Female,69,Normal,1.8,1116.6,320,5.14
29,92,Medium,High,No,8,58,Low,Yes,2,Medium,Low,Private,Neutral,3,No,College,Near,Male,72,Normal,1.8,934.39,276,3.67
10,85,Medium,High,Yes,5,92,Medium,Yes,0,Low,High,Private,Positive,4,Yes,High School,Far,Female,65,High_Risk,2.8,328.56,85,1.67
22,83,Medium,High,Yes,5,82,Medium,Yes,2,Low,High,Public,Positive,3,No,Postgraduate,Near,Female,71,Normal,2.8,644.26,249,4.33
20,65,Medium,High,Yes,8,50,Medium,Yes,0,Low,Medium,Public,Positive,5,No,High School,Near,Male,64,High_Risk,1.8,555.52,65,2.22
24,88,High,Medium,No,10,88,Low,Yes,2,High,High,Public,Positive,1,No,Postgraduate,Far,Female,72,Normal,3.8,555.77,264,2.55
13,93,Medium,Medium,Yes,5,52,Low,Yes,2,Medium,Medium,Public,Positive,3,No,College,Near,Female,67,Normal,2.8,241.42,279,2.83
30,81,Medium,High,No,8,72,Low,Yes,0,Low,Medium,Public,Neutral,2,No,High School,Moderate,Male,68,Normal,1.8,1199.93,81,3.33
22,79,High,Low,No,7,59,Medium,Yes,0,Medium,Medium,Public,Positive,3,No,College,Near,Male,66,Normal,0.8,1622.3,79,2.75
28,77,High,Medium,Yes,9,54,Low,Yes,1,High,Medium,Public,Positive,3,No,Postgraduate,Near,Female,70,Normal,2.8,539.98,154,3.0
9,86,High,Medium,No,8,86,Medium,Yes,1,Low,High,Public,Neutral,1,No,High School,Near,Male,65,High_Risk,1.8,429.98,172,1.22
26,98,Medium,Low,Yes,7,97,Medium,Yes,2,Low,Medium,Public,Neutral,2,Yes,Postgraduate,Moderate,Male,72,Normal,0.8,3152.11,294,3.75
18,75,Low,High,Yes,8,95,Medium,Yes,1,Low,Low,Public,Neutral,2,No,College,Near,Female,66,Normal,1.8,949.95,150,2.22
5,87,High,Low,No,6,86,Medium,Yes,2,Medium,High,Public,Positive,3,No,Postgraduate,Near,Female,66,Normal,1.8,238.88,261,1.29
24,60,High,Low,Yes,5,69,Medium,Yes,1,Medium,High,Public,Neutral,5,No,High School,Moderate,Male,64,High_Risk,2.8,591.41,120,4.33
14,93,Medium,Low,Yes,5,75,Low,Yes,0,Medium,High,Public,Negative,3,No,High School,Moderate,Male,65,High_Risk,2.8,374.99,93,2.33
16,81,Medium,Medium,Yes,8,74,Medium,Yes,3,Medium,Medium,Public,Positive,2,No,Postgraduate,Near,Female,68,Normal,1.8,657.74,324,2.44
2,99,Medium,Low,Yes,9,52,Low,Yes,0,Medium,Medium,Public,Neutral,4,No,High School,Near,Male,62,High_Risk,2.8,37.14,99,0.2
21,90,High,Medium,Yes,8,75,Medium,Yes,4,Low,High,Public,Neutral,2,No,High School,Moderate,Male,71,Normal,1.8,874.95,450,3.22
19,92,Low,Medium,Yes,7,70,Low,Yes,2,High,Medium,Private,Positive,2,No,College,Near,Male,69,Normal,0.8,1662.29,276,2.88
16,62,Medium,Medium,No,7,88,Medium,Yes,1,Low,High,Public,Neutral,1,No,High School,Near,Female,62,High_Risk,0.8,1759.78,124,2.25
13,79,High,High,No,5,92,Medium,Yes,3,Medium,Medium,Public,Neutral,3,No,High School,Near,Male,68,Normal,2.8,427.13,316,3.17
20,65,Medium,Low,No,6,74,Low,Yes,0,Medium,Medium,Private,Positive,3,No,College,Moderate,Male,62,High_Risk,1.8,822.18,65,2.86
20,74,Medium,Medium,Yes,8,51,High,Yes,2,Medium,Medium,Public,Negative,3,No,College,Near,Male,65,High_Risk,1.8,566.64,222,2.67
22,84,Medium,Medium,Yes,9,88,Medium,Yes,2,Low,High,Private,Neutral,4,No,Postgraduate,Near,Male,71,Normal,2.8,691.4,252,2.6
15,78,High,High,No,9,75,Low,Yes,1,Low,Medium,Public,Negative,1,No,High School,Near,Male,65,High_Risk,2.8,401.77,156,1.7
25,69,Medium,Medium,Yes,7,70,Low,No,1,High,High,Public,Positive,4,No,High School,Far,Female,65,High_Risk,0.8,2187.23,138,3.38
17,78,Medium,Medium,No,7,86,Medium,No,0,Low,Low,Public,Neutral,3,No,College,Near,Female,63,High_Risk,0.8,1827.27,78,2.12
14,74,Medium,Medium,No,7,76,High,Yes,1,Low,High,Public,Neutral,2,No,High School,Far,Female,63,High_Risk,0.8,1329.83,148,2.0
27,88,Medium,Medium,No,7,67,Medium,Yes,3,High,Medium,Public,Neutral,4,No,College,Far,Male,71,Normal,0.8,2260.97,352,4.12
24,69,Medium,High,Yes,7,81,Low,Yes,3,Medium,Medium,Private,Neutral,4,No,High School,Near,Female,68,Normal,0.8,2429.7,276,3.75
29,91,Medium,High,No,5,54,Low,Yes,2,Low,Unknown,Public,Neutral,3,No,Postgraduate,Moderate,Male,71,Normal,2.8,559.27,273,5.5
22,98,Low,Medium,No,7,56,High,Yes,1,High,Medium,Private,Neutral,1,No,College,Near,Female,70,Normal,0.8,1539.81,196,3.0
9,91,Medium,Medium,No,8,65,High,Yes,0,Medium,Medium,Public,Positive,4,No,High School,Moderate,Male,65,High_Risk,1.8,324.98,91,1.0
30,61,Low,High,Yes,8,90,Medium,Yes,2,Low,High,Public,Negative,2,No,High School,Moderate,Female,66,Normal,1.8,1499.92,183,3.78
15,95,Medium,High,Yes,9,62,Medium,Yes,2,Medium,Medium,Public,Positive,3,No,High School,Far,Male,69,Normal,2.8,332.13,285,1.9
21,83,Medium,Medium,Yes,8,97,Low,Yes,2,Medium,Medium,Public,Positive,4,No,High School,Near,Male,70,Normal,1.8,1131.6,249,2.78
19,64,High,Medium,No,9,57,Low,Yes,0,Medium,High,Private,Neutral,3,No,High School,Near,Female,62,High_Risk,2.8,386.77,64,1.9
23,80,Medium,Low,Yes,7,66,High,Yes,1,High,High,Private,Positive,4,No,College,Near,Female,69,Normal,0.8,1897.26,160,3.12
2,96,Low,High,Yes,9,77,Medium,Yes,3,Medium,Unknown,Public,Neutral,2,No,High School,Far,Female,65,High_Risk,2.8,55.0,384,0.8
17,62,High,Low,No,6,99,Medium,Yes,2,Medium,Medium,Private,Negative,3,No,High School,Far,Female,62,High_Risk,1.8,934.95,186,3.0
16,72,Low,Medium,No,9,52,Medium,Yes,1,Medium,High,Public,Negative,1,Yes,College,Moderate,Female,60,High_Risk,2.8,297.13,144,1.8
24,68,High,Low,No,6,84,Medium,Yes,1,Low,High,Public,Positive,4,No,High School,Near,Female,66,Normal,1.8,1119.94,136,3.71
23,92,Low,High,Yes,6,71,High,Yes,2,Low,Medium,Public,Positive,2,No,High School,Moderate,Male,70,Normal,1.8,907.17,276,3.86
13,64,Medium,High,No,6,57,Low,Yes,1,Low,Low,Public,Neutral,3,Yes,High School,Moderate,Female,58,High_Risk,1.8,411.64,128,2.14
21,67,Medium,High,No,7,52,Medium,Yes,3,Low,Medium,Public,Negative,3,Yes,High School,Moderate,Female,62,High_Risk,0.8,1364.83,268,3.38
20,86,Medium,Medium,Yes,8,80,High,Yes,2,Medium,Medium,Public,Neutral,2,No,College,Near,Male,70,Normal,1.8,888.84,258,2.67
20,61,Low,Medium,No,6,52,Medium,Yes,2,Low,Low,Private,Negative,2,No,Postgraduate,Near,Male,60,High_Risk,1.8,577.75,183,3.43
19,99,Low,High,No,9,67,Low,Yes,3,High,Medium,Public,Neutral,1,No,College,Moderate,Male,70,Normal,2.8,454.63,396,2.5
12,79,High,Medium,No,5,56,High,Yes,1,Low,Low,Public,Positive,5,No,High School,Near,Female,64,High_Risk,2.8,239.99,158,2.33
28,78,Medium,High,Yes,4,84,Medium,Yes,2,Low,Low,Public,Negative,3,No,College,Far,Female,69,Normal,3.8,618.93,234,6.4
17,72,Medium,High,Yes,7,74,Low,Yes,2,High,Medium,Public,Positive,4,No,Postgraduate,Far,Male,67,Normal,0.8,1572.3,216,2.62
28,96,Medium,Medium,No,4,98,High,Yes,5,Low,Medium,Public,Neutral,5,Yes,High School,Far,Male,73,Normal,3.8,722.09,576,7.6
21,74,Medium,Low,Yes,8,70,Medium,Yes,1,Medium,Medium,Public,Neutral,3,No,Postgraduate,Far,Male,65,High_Risk,1.8,816.62,148,2.56
22,65,Low,Medium,No,7,82,Medium,Yes,2,Medium,High,Public,Positive,4,Yes,College,Near,Male,65,High_Risk,0.8,2254.72,195,3.25
23,81,Medium,High,No,9,59,Low,Yes,2,Medium,High,Public,Neutral,2,No,College,Near,Male,68,Normal,2.8,484.63,243,2.7
20,68,Medium,High,Yes,6,96,Medium,Yes,0,Low,High,Public,Neutral,3,No,High School,Near,Female,66,Normal,1.8,1066.61,68,2.86
25,87,Medium,Medium,Yes,6,75,Medium,No,0,Low,Medium,Private,Neutral,2,Yes,High School,Near,Male,67,Normal,1.8,1041.61,87,3.57
16,93,Low,High,Yes,5,65,Low,Yes,0,Medium,Medium,Public,Negative,3,No,High School,Near,Female,66,Normal,2.8,371.42,93,2.67
29,97,Medium,High,Yes,9,92,Medium,Yes,2,Low,Medium,Public,Positive,4,No,High School,Moderate,Female,75,Normal,2.8,952.82,291,3.3
17,81,High,Low,Yes,8,53,High,Yes,0,Medium,Medium,Public,Neutral,2,No,High School,Far,Male,64,High_Risk,1.8,500.53,81,1.89
28,76,Medium,Medium,Yes,10,99,High,Yes,1,Medium,Medium,Public,Neutral,3,No,High School,Near,Male,70,Normal,3.8,729.45,152,2.73
25,99,Low,Medium,No,10,70,Medium,Yes,1,Medium,Medium,Public,Positive,5,No,College,Far,Female,71,Normal,3.8,460.51,198,2.45
23,67,High,High,Yes,6,90,Medium,Yes,2,High,Medium,Private,Positive,3,No,High School,Near,Female,69,Normal,1.8,1149.94,201,3.86
25,72,Medium,Medium,No,6,89,Low,Yes,3,Low,High,Public,Neutral,5,No,High School,Near,Male,68,Normal,1.8,1236.04,288,4.43
15,88,Low,Medium,Yes,6,61,Medium,Yes,0,High,Medium,Public,Neutral,4,Yes,Postgraduate,Far,Male,65,High_Risk,1.8,508.31,88,2.14
12,65,Medium,Low,Yes,6,86,Medium,Yes,1,Medium,Medium,Public,Positive,3,No,Postgraduate,Near,Female,62,High_Risk,1.8,573.3,130,2.0
25,68,Low,Medium,Yes,8,53,Low,Yes,2,Medium,Unknown,Public,Neutral,3,No,College,Moderate,Female,64,High_Risk,1.8,736.07,204,3.22
22,84,High,Medium,No,8,69,Medium,No,3,Medium,High,Private,Neutral,4,No,College,Near,Male,70,Normal,1.8,843.29,336,3.11
25,82,High,Medium,No,9,72,High,Yes,0,High,Medium,Public,Positive,0,No,College,Near,Female,70,Normal,2.8,642.83,82,2.5
32,88,Low,Medium,No,8,58,Low,Yes,3,Low,High,Private,Negative,3,No,High School,Moderate,Male,69,Normal,1.8,1031.05,352,4.22
15,61,Medium,Medium,No,7,98,Medium,Yes,1,Medium,Medium,Public,Neutral,3,No,High School,Near,Male,62,High_Risk,0.8,1837.27,122,2.12
26,93,Medium,Medium,Yes,6,78,Medium,Yes,2,Medium,Medium,Public,Neutral,3,No,Postgraduate,Far,Female,72,Normal,1.8,1126.6,279,4.29
28,69,Medium,Low,No,8,98,Medium,Yes,0,Medium,Medium,Public,Positive,5,No,High School,Near,Male,67,Normal,1.8,1524.36,69,3.11
8,61,Medium,Low,Yes,7,78,Medium,Yes,0,Medium,Medium,Private,Positive,3,No,High School,Near,Female,59,High_Risk,0.8,779.9,61,1.0
16,62,Low,Low,No,7,89,High,Yes,0,Medium,Medium,Public,Neutral,3,No,High School,Far,Female,59,High_Risk,0.8,1779.78,62,2.0
27,67,High,Medium,Yes,10,71,Medium,Yes,1,Low,High,Public,Neutral,3,No,High School,Near,Female,67,Normal,3.8,504.46,134,2.64
22,92,Medium,Low,Yes,7,74,High,Yes,2,Medium,Low,Public,Positive,4,No,College,Moderate,Male,70,Normal,0.8,2034.75,276,3.25
21,91,Medium,Medium,Yes,6,66,High,Yes,0,Medium,Medium,Public,Positive,2,Yes,College,Far,Female,68,Normal,1.8,769.96,91,3.0
15,82,Medium,High,Yes,6,75,Medium,Yes,1,Medium,Low,Public,Positive,3,No,High School,Near,Male,67,Normal,1.8,624.97,164,2.43
21,97,Medium,Medium,Yes,7,53,Medium,Yes,0,High,Medium,Public,Neutral,2,No,High School,Moderate,Male,69,Normal,0.8,1391.08,97,2.62
22,88,Low,Medium,Yes,9,62,Medium,Yes,1,High,Medium,Private,Negative,3,No,College,Near,Male,68,Normal,2.8,487.13,176,2.4
28,66,Medium,Low,Yes,4,98,Medium,Yes,0,Medium,High,Public,Positive,3,No,High School,Near,Female,67,Normal,3.8,722.09,66,5.6
12,72,Medium,Medium,No,6,88,High,Yes,2,High,Medium,Public,Positive,3,No,High School,Near,Female,65,High_Risk,1.8,586.63,216,2.29
32,83,High,Medium,Yes,10,68,Medium,No,3,Low,Medium,Private,Positive,4,No,High School,Moderate,Female,71,Normal,3.8,572.62,332,3.45
22,99,Medium,Medium,Yes,5,67,High,Yes,1,Medium,High,Private,Negative,3,No,College,Near,Male,72,Normal,2.8,526.41,198,4.0
19,84,High,Medium,No,9,97,Low,Yes,1,High,Medium,Public,Negative,3,Yes,High School,Near,Male,68,Normal,2.8,658.19,168,2.1
25,97,Low,Medium,Yes,8,78,Medium,Yes,0,Medium,Medium,Public,Neutral,3,No,High School,Near,Male,70,Normal,1.8,1083.27,97,2.78
20,82,Medium,Low,Yes,4,68,Medium,Yes,2,Low,High,Public,Neutral,3,No,High School,Near,Male,67,Normal,3.8,357.89,246,4.8
19,70,High,Medium,Yes,8,68,High,No,1,Low,Medium,Public,Positive,3,No,College,Near,Female,65,High_Risk,1.8,717.74,140,2.33
23,64,High,Medium,Yes,6,60,Low,Yes,2,Medium,Medium,Public,Negative,3,No,College,Near,Female,65,High_Risk,1.8,766.62,192,3.86
27,98,Low,High,Yes,7,56,Low,Yes,1,High,Medium,Private,Positive,3,No,College,Near,Female,73,Normal,0.8,1889.76,196,3.62
10,86,High,High,Yes,6,91,High,Yes,2,Low,Medium,Private,Positive,3,No,High School,Far,Female,68,Normal,1.8,505.53,258,2.0
28,76,Medium,Medium,No,9,91,Medium,Yes,0,Low,High,Private,Neutral,3,No,High School,Moderate,Male,68,Normal,2.8,909.97,76,2.8
19,61,Medium,Medium,No,6,66,Medium,Yes,0,High,Medium,Public,Neutral,1,No,High School,Near,Male,61,High_Risk,1.8,696.63,61,2.71
24,88,Low,Medium,Yes,5,70,Medium,No,1,Low,Medium,Private,Positive,2,No,Postgraduate,Near,Male,68,Normal,2.8,599.98,176,4.33
5,96,Medium,Low,Yes,8,72,Low,Yes,3,Medium,Medium,Public,Negative,5,No,High School,Near,Male,65,High_Risk,1.8,199.99,384,1.22
28,84,Medium,Medium,Yes,7,81,Medium,Yes,1,Medium,High,Public,Negative,3,No,College,Near,Male,71,Normal,0.8,2834.65,168,3.75
18,82,Low,Medium,Yes,6,67,Low,Yes,1,High,Low,Private,Positive,3,No,Postgraduate,Moderate,Male,66,Normal,1.8,669.96,164,2.86
28,94,Low,Medium,Yes,9,64,Medium,Yes,0,Medium,Medium,Public,Neutral,3,No,High School,Moderate,Female,70,Normal,2.8,639.98,94,2.8
20,62,Medium,Medium,Yes,9,95,Low,Yes,0,Medium,Medium,Private,Neutral,3,Yes,High School,Near,Male,62,High_Risk,2.8,678.55,62,2.0
21,62,Medium,Medium,No,7,94,Low,Yes,1,Low,High,Private,Positive,3,No,College,Moderate,Female,64,High_Risk,0.8,2467.19,124,2.88
24,61,Low,Medium,No,5,94,Medium,Yes,3,Medium,High,Private,Neutral,2,Yes,College,Moderate,Female,64,High_Risk,2.8,805.69,244,5.0
19,96,Medium,High,Yes,5,67,Medium,Yes,4,High,Medium,Private,Neutral,1,No,High School,Moderate,Male,72,Normal,2.8,454.63,480,4.5
10,73,Medium,Medium,Yes,8,93,High,Yes,3,Low,Medium,Public,Positive,2,Yes,Unknown,Moderate,Male,64,High_Risk,1.8,516.64,292,1.78
7,90,Low,Medium,Yes,7,93,Low,Yes,4,Medium,Medium,Public,Neutral,3,No,College,Near,Male,66,Normal,0.8,813.65,450,1.88
15,85,Low,Medium,Yes,7,89,High,Yes,0,Medium,Medium,Public,Negative,4,No,College,Moderate,Female,66,Normal,0.8,1668.54,85,1.88
13,73,Medium,High,No,8,93,Medium,Yes,0,High,High,Public,Neutral,3,No,Postgraduate,Unknown,Female,65,High_Risk,1.8,671.63,73,1.44
26,79,Medium,Low,Yes,5,63,Medium,Yes,0,Low,Medium,Public,Positive,2,No,High School,Near,Male,66,Normal,2.8,584.98,79,4.33
17,67,High,Medium,No,8,82,Medium,Yes,0,Medium,Medium,Public,Positive,4,No,High School,Near,Female,65,High_Risk,1.8,774.4,67,1.89
22,64,Low,Medium,No,7,98,Low,No,1,Medium,Medium,Public,Negative,3,No,High School,Near,Male,62,High_Risk,0.8,2694.66,128,3.0
15,73,Low,High,Yes,8,93,Medium,Yes,1,Low,High,Public,Positive,4,No,College,Far,Male,65,High_Risk,1.8,774.96,146,1.89
15,65,High,Low,Yes,7,56,Medium,No,3,High,Medium,Private,Positive,3,Yes,High School,Near,Female,61,High_Risk,0.8,1049.87,260,2.62
16,76,Low,Medium,No,6,66,Low,Yes,1,Medium,Medium,Private,Neutral,3,No,Postgraduate,Near,Female,64,High_Risk,1.8,586.63,152,2.57
14,73,High,Medium,Yes,6,57,High,Yes,2,Medium,Medium,Public,Neutral,4,No,High School,Moderate,Female,64,High_Risk,1.8,443.31,219,2.57
30,88,Medium,Medium,No,9,91,Medium,Yes,3,Medium,Low,Public,Positive,3,No,High School,Near,Female,73,Normal,2.8,974.97,352,3.6
21,91,Low,High,Yes,9,79,Medium,Yes,2,Low,Medium,Private,Neutral,3,No,College,Far,Female,69,Normal,2.8,592.48,273,2.5
32,61,High,Medium,Yes,7,69,High,Yes,0,High,Medium,Public,Positive,3,No,High School,Moderate,Female,68,Normal,0.8,2759.66,61,4.0
23,64,Medium,Medium,Yes,8,94,Low,Yes,2,Medium,Medium,Private,Positive,5,No,High School,Moderate,Female,66,Normal,1.8,1201.04,192,3.0
25,91,High,Low,Yes,7,76,Low,Yes,1,Low,High,Private,Positive,3,No,College,Near,Female,71,Normal,0.8,2374.7,182,3.38
21,80,Medium,High,No,7,78,Medium,Yes,1,Low,High,Private,Negative,4,No,High School,Moderate,Female,67,Normal,0.8,2047.24,160,2.88
28,64,Medium,Medium,Yes,9,56,Medium,Yes,1,Low,Low,Public,Negative,2,No,College,Near,Male,64,High_Risk,2.8,559.98,128,3.0
23,71,Medium,Medium,Yes,7,69,High,Yes,3,Low,Medium,Public,Positive,5,Yes,Unknown,Far,Female,66,Normal,0.8,1983.5,284,3.62
24,81,Medium,Medium,No,7,77,Medium,Yes,0,High,Medium,Private,Positive,3,No,High School,Near,Male,68,Normal,0.8,2309.71,81,3.0
29,63,Low,Low,Yes,9,97,High,No,3,Medium,High,Public,Negative,3,No,High School,Near,Male,66,Normal,2.8,1004.61,252,3.5
24,91,Medium,High,Yes,9,62,Low,Yes,3,Low,Medium,Public,Negative,4,No,College,Moderate,Male,70,Normal,2.8,531.41,364,3.0
18,98,Medium,Low,No,9,51,Medium,Yes,1,High,Medium,Public,Neutral,4,No,College,Near,Male,68,Normal,2.8,327.85,196,2.0
27,62,Low,Low,Yes,6,79,Medium,Yes,0,Low,Medium,Private,Negative,3,No,College,Moderate,Male,62,High_Risk,1.8,1184.93,62,3.86
20,88,Medium,Medium,Yes,7,68,Medium,Yes,0,Low,High,Public,Positive,4,No,College,Near,Female,69,Normal,0.8,1699.79,88,2.5
23,90,High,Medium,No,5,95,Low,Yes,2,Low,Medium,Public,Negative,2,No,High School,Moderate,Male,69,Normal,2.8,780.33,270,4.5
19,76,Medium,Medium,Yes,6,65,Medium,Yes,0,Low,Medium,Public,Neutral,4,Yes,High School,Near,Female,63,High_Risk,1.8,686.07,76,2.71
17,100,Medium,High,Yes,5,71,Low,Yes,2,Low,Medium,Public,Neutral,4,No,High School,Near,Male,70,Normal,2.8,431.06,300,3.5
24,90,High,High,No,8,99,High,Yes,0,Low,Medium,Public,Neutral,3,No,College,Moderate,Female,72,Normal,1.8,1319.93,90,2.67
21,78,Low,High,No,8,91,Medium,No,1,Medium,Low,Private,Negative,5,No,Postgraduate,Near,Female,67,Normal,1.8,1061.61,156,2.56
18,94,Medium,Medium,Yes,7,69,Medium,Yes,1,Medium,High,Public,Positive,2,No,High School,Far,Female,69,Normal,0.8,1552.31,188,2.5
13,88,High,Medium,No,4,66,Low,Yes,1,Low,High,Public,Positive,4,No,High School,Near,Female,67,Normal,3.8,225.78,176,3.0
13,100,Medium,Low,Yes,8,54,Medium,Yes,0,Medium,High,Public,Positive,3,No,College,Near,Female,68,Normal,1.8,389.98,100,1.44
19,75,Medium,High,Yes,8,83,High,Yes,2,High,Medium,Public,Neutral,2,No,High School,Near,Male,68,Normal,1.8,876.06,225,2.56
27,97,High,High,Yes,9,66,Low,Yes,1,Low,Unknown,Public,Positive,3,No,High School,Far,Male,73,Normal,2.8,636.41,194,2.9
14,76,High,Medium,Yes,8,59,Low,Yes,3,Medium,Medium,Private,Neutral,5,No,High School,Moderate,Male,65,High_Risk,1.8,458.86,304,2.22
20,61,Medium,Medium,No,7,81,Medium,Yes,1,Medium,Low,Public,Neutral,3,No,High School,Moderate,Male,62,High_Risk,0.8,2024.75,122,2.75
19,86,High,Medium,No,8,78,Medium,Yes,2,Medium,Medium,Public,Negative,4,No,College,Near,Female,69,Normal,1.8,823.29,258,2.56
19,92,Low,High,Yes,6,68,Medium,Yes,2,Medium,Medium,Public,Neutral,2,No,High School,Near,Female,69,Normal,1.8,717.74,276,3.29
26,87,Medium,High,No,6,70,Low,Yes,3,Medium,Medium,Public,Neutral,3,No,College,Moderate,Male,71,Normal,1.8,1011.05,348,4.57
10,75,Medium,Medium,Yes,4,90,Medium,Yes,3,Medium,High,Public,Positive,3,Yes,Postgraduate,Moderate,Male,65,High_Risk,3.8,236.84,300,3.2
17,87,Medium,High,No,4,68,Medium,Yes,2,Low,Low,Public,Positive,4,No,Postgraduate,Moderate,Male,68,Normal,3.8,304.2,261,4.2
25,86,Medium,Medium,Yes,9,97,Low,Yes,1,High,Medium,Private,Neutral,3,No,High School,Moderate,Male,70,Normal,2.8,866.04,172,2.7
21,61,High,High,No,9,81,Medium,Yes,1,Medium,Medium,Private,Neutral,3,No,Postgraduate,Near,Male,66,Normal,2.8,607.48,122,2.3
18,96,High,Medium,No,7,56,Low,Yes,2,Medium,Medium,Private,Neutral,1,No,College,Near,Female,69,Normal,0.8,1259.84,288,2.75
31,96,Medium,Medium,Yes,8,93,Low,Yes,3,Low,Medium,Public,Positive,3,No,High School,Near,Male,75,Normal,1.8,1601.58,384,4.11
23,80,High,Medium,No,7,57,Low,Yes,2,Medium,High,Public,Negative,2,No,Postgraduate,Moderate,Female,68,Normal,0.8,1638.55,240,3.38
17,62,High,Low,Yes,6,54,Low,Yes,2,Medium,High,Public,Neutral,3,No,College,Near,Male,62,High_Risk,1.8,509.97,186,3.0
25,77,High,Medium,Yes,7,98,Low,Yes,0,High,Medium,Public,Positive,2,No,High School,Near,Male,70,Normal,0.8,3062.12,77,3.12
15,90,Medium,Medium,No,5,70,Medium,Yes,0,Medium,Medium,Private,Neutral,2,No,High School,Moderate,Male,65,High_Risk,2.8,374.99,90,2.5
13,69,Medium,Medium,Yes,7,72,Low,Yes,2,High,Medium,Public,Positive,2,No,High School,Moderate,Female,63,High_Risk,0.8,1169.85,207,2.12
22,93,Medium,High,No,9,59,Low,Yes,3,Low,High,Public,Positive,4,No,Postgraduate,Near,Female,72,Normal,2.8,463.55,372,2.8
26,77,Medium,Medium,Yes,5,100,Low,Yes,1,Low,High,Private,Positive,5,No,High School,Near,Female,70,Normal,2.8,928.54,154,4.67
15,85,Medium,Medium,Yes,4,61,Medium,Yes,0,Medium,Low,Public,Neutral,1,No,College,Near,Male,65,High_Risk,3.8,240.78,85,3.0
16,62,Low,Medium,No,8,74,Medium,Yes,2,High,High,Private,Neutral,3,No,High School,Moderate,Male,62,High_Risk,1.8,657.74,186,2.22
22,73,Medium,Low,No,8,77,Medium,Yes,1,High,Medium,Public,Neutral,3,No,High School,Far,Male,64,High_Risk,1.8,941.06,146,2.67
17,96,High,High,No,7,61,Low,Yes,1,Low,High,Public,Positive,1,No,College,Moderate,Female,69,Normal,0.8,1296.09,192,2.38
33,71,Medium,Low,Yes,9,60,Medium,Yes,0,Medium,Medium,Public,Positive,4,Yes,High School,Near,Male,67,Normal,2.8,707.12,71,3.3
21,64,Medium,Low,No,7,73,High,Yes,2,Low,Medium,Public,Negative,2,Yes,College,Far,Female,61,High_Risk,0.8,1916.01,192,3.12
17,69,High,Medium,Yes,7,87,Low,Yes,2,Low,Medium,Public,Neutral,3,No,College,Near,Male,65,High_Risk,0.8,1848.52,207,2.62
12,71,Medium,Medium,No,8,54,Medium,Yes,0,Low,Low,Public,Positive,5,No,College,Near,Male,61,High_Risk,1.8,359.98,71,1.33
21,63,High,Low,Yes,9,60,Medium,Yes,2,Medium,Medium,Public,Negative,2,No,Postgraduate,Near,Male,64,High_Risk,2.8,449.98,189,2.5
22,68,High,Medium,No,8,96,Medium,Yes,1,Medium,Medium,Public,Positive,3,No,Postgraduate,Moderate,Female,68,Normal,1.8,1173.27,136,2.67
17,75,Medium,High,Yes,6,80,Medium,No,1,Low,Medium,Private,Positive,5,No,High School,Moderate,Male,65,High_Risk,1.8,755.51,150,2.71
23,68,Medium,High,Yes,7,71,High,Yes,3,Medium,Unknown,Public,Positive,3,No,High School,Moderate,Female,68,Normal,0.8,2040.99,272,3.62
11,85,High,Medium,Yes,7,96,Medium,No,1,Low,Medium,Public,Neutral,3,No,High School,Near,Male,66,Normal,0.8,1319.84,170,1.62
25,77,Medium,Low,Yes,8,65,High,No,0,Medium,Medium,Public,Positive,5,No,College,Far,Female,66,Normal,1.8,902.73,77,2.78
18,70,High,Medium,Yes,5,81,Low,Yes,2,Low,Medium,Private,Negative,2,No,High School,Far,Female,63,High_Risk,2.8,520.7,210,3.67
17,98,Medium,Low,Yes,6,62,Low,Yes,1,Medium,Medium,Private,Neutral,2,No,College,Near,Female,68,Normal,1.8,585.52,196,2.71
23,75,Medium,High,Yes,5,98,Medium,Yes,3,Medium,High,Public,Positive,1,No,College,Near,Female,71,Normal,2.8,804.97,300,4.83
14,66,Low,Medium,Yes,6,96,Low,Yes,0,High,Medium,Public,Negative,3,No,College,Moderate,Male,61,High_Risk,1.8,746.63,66,2.0
21,73,High,Medium,Yes,8,99,Medium,Yes,1,Medium,High,Public,Positive,4,No,College,Moderate,Male,69,Normal,1.8,1154.94,146,2.56
18,84,Medium,Low,Yes,9,68,Low,Yes,0,Medium,High,Private,Negative,2,No,Postgraduate,Near,Female,66,Normal,2.8,437.13,84,1.8
28,73,Medium,High,Yes,7,65,High,Yes,3,High,High,Public,Positive,3,No,Postgraduate,Near,Male,72,Normal,0.8,2274.72,292,4.25
26,67,Medium,High,Yes,5,94,Medium,Yes,0,Medium,Medium,Public,Positive,2,No,College,Near,Male,68,Normal,2.8,872.83,67,4.33
23,79,High,High,Yes,8,82,Low,Yes,3,Medium,Medium,Public,Negative,3,Yes,Postgraduate,Moderate,Female,69,Normal,1.8,1047.72,316,3.22
18,60,Medium,Medium,Yes,5,69,Medium,Yes,0,Medium,Medium,Public,Neutral,2,No,Postgraduate,Near,Female,62,High_Risk,2.8,443.56,60,3.0
25,99,Low,Medium,No,8,57,Medium,Yes,1,Medium,Low,Private,Positive,3,No,Postgraduate,Moderate,Male,70,Normal,1.8,791.62,198,3.0
25,88,High,Medium,Yes,8,52,Low,Yes,1,Medium,Medium,Public,Positive,2,No,High School,Near,Male,70,Normal,1.8,722.18,176,3.0
14,89,High,High,Yes,4,73,Medium,Yes,2,Medium,High,Public,Negative,3,No,College,Near,Male,70,Normal,3.8,268.94,267,3.6
19,78,Medium,Medium,Yes,6,58,Medium,Yes,1,Low,Medium,Public,Neutral,3,No,Postgraduate,Near,Male,66,Normal,1.8,612.19,156,3.0
23,98,Medium,Medium,Yes,8,71,Medium,Yes,0,High,High,Public,Positive,5,No,High School,Moderate,Male,72,Normal,1.8,907.17,98,2.56
31,96,High,Medium,Yes,4,59,Medium,Yes,3,Low,Medium,Private,Neutral,5,No,High School,Near,Female,75,Normal,3.8,481.3,384,7.4
18,86,Low,Low,Yes,9,64,Low,Yes,3,Low,High,Public,Positive,3,No,High School,Near,Female,66,Normal,2.8,411.41,344,2.4
19,75,Medium,Medium,No,8,52,High,Yes,0,Low,Medium,Public,Negative,4,No,Postgraduate,Moderate,Male,64,High_Risk,1.8,548.86,75,2.11
23,78,High,Low,No,9,65,High,Yes,1,Low,High,Public,Neutral,2,Yes,College,Far,Female,65,High_Risk,2.8,533.91,156,2.5
30,98,Low,Medium,No,7,51,High,Yes,0,Low,Medium,Public,Positive,2,No,High School,Near,Male,71,Normal,0.8,1912.26,98,3.75
21,89,Medium,Medium,Yes,9,74,High,Yes,3,Low,Medium,Private,Positive,4,No,High School,Moderate,Female,70,Normal,2.8,554.98,356,2.7
23,73,Medium,Medium,No,6,63,Medium,Yes,1,High,Medium,Public,Positive,3,No,High School,Near,Male,67,Normal,1.8,804.96,146,3.57
21,71,High,Medium,No,9,78,Low,Yes,2,Medium,Medium,Public,Neutral,4,No,High School,Near,Male,66,Normal,2.8,584.98,213,2.5
10,81,Medium,Low,Yes,7,85,Low,Yes,1,Low,Medium,Public,Neutral,2,No,College,Near,Male,63,High_Risk,0.8,1062.37,162,1.5
34,99,Medium,Medium,Yes,8,53,Medium,Yes,0,Medium,High,Public,Neutral,5,No,College,Near,Male,75,Normal,1.8,1001.06,99,3.78
14,95,High,Medium,Yes,6,88,Medium,Yes,2,Low,Low,Public,Neutral,2,No,High School,Far,Male,68,Normal,1.8,684.41,285,2.57
21,73,Medium,Medium,No,6,99,Medium,No,1,Low,Medium,Public,Neutral,5,No,High School,Near,Male,65,High_Risk,1.8,1154.94,146,3.29
14,80,High,Medium,Yes,5,81,Medium,Yes,1,Low,Medium,Public,Positive,4,No,Postgraduate,Far,Female,67,Normal,2.8,404.99,160,2.67
20,93,Medium,Medium,Yes,7,50,Medium,Yes,1,High,High,Public,Positive,4,No,College,Near,Male,71,Normal,0.8,1249.84,186,2.75
15,67,Low,Medium,Yes,5,74,Medium,Yes,1,High,High,Public,Positive,2,No,Postgraduate,Near,Male,64,High_Risk,2.8,396.41,134,2.83
15,91,Low,High,Yes,4,50,High,Yes,1,Medium,Medium,Public,Neutral,3,No,High School,Moderate,Female,66,Normal,3.8,197.36,182,3.4
18,66,Medium,Medium,Yes,7,89,High,Yes,4,Low,Medium,Public,Positive,3,Yes,High School,Near,Male,65,High_Risk,0.8,2002.25,330,3.25
20,94,Medium,Medium,No,8,91,Medium,Yes,1,Low,Medium,Public,Positive,2,No,Postgraduate,Near,Female,71,Normal,1.8,1011.05,188,2.44
23,77,Medium,Medium,Yes,7,79,Medium,Yes,0,Low,High,Public,Neutral,2,No,High School,Moderate,Male,66,Normal,0.8,2270.97,77,2.88
21,70,Medium,Low,No,7,82,High,Yes,0,High,High,Public,Positive,3,No,High School,Near,Female,65,High_Risk,0.8,2152.23,70,2.62
16,69,Medium,High,Yes,4,54,Medium,Yes,4,Low,Low,Public,Positive,4,No,College,Near,Female,65,High_Risk,3.8,227.36,345,4.8
26,93,Medium,High,Yes,9,89,Medium,Yes,0,Low,Medium,Public,Neutral,3,No,College,Moderate,Male,72,Normal,2.8,826.4,93,2.6
32,68,Medium,Low,No,8,97,High,Yes,1,Low,Medium,Public,Positive,2,No,High School,Near,Male,68,Normal,1.8,1724.35,136,3.78
24,68,Medium,Medium,No,9,71,Medium,Yes,2,Medium,Medium,Public,Neutral,4,No,College,Near,Male,66,Normal,2.8,608.55,204,2.8
31,61,Medium,Medium,No,4,79,Medium,Yes,0,Low,Low,Public,Positive,3,No,High School,Moderate,Female,65,High_Risk,3.8,644.46,61,6.2
17,74,Medium,Medium,Yes,8,58,Low,Yes,1,High,Medium,Public,Neutral,2,No,College,Far,Male,63,High_Risk,1.8,547.75,148,2.11
18,99,Medium,Medium,Yes,7,86,Medium,No,1,High,Medium,Public,Neutral,4,No,High School,Moderate,Female,70,Normal,0.8,1934.76,198,2.5
30,67,Medium,High,No,6,52,Medium,Yes,1,Low,Medium,Public,Neutral,1,No,High School,Near,Female,66,Normal,1.8,866.62,134,4.57
35,90,High,Medium,Yes,7,92,Low,No,0,Low,Medium,Private,Neutral,4,No,High School,Near,Male,73,Normal,0.8,4024.5,90,4.38
20,94,Medium,Medium,Yes,10,50,Low,Yes,1,Low,High,Private,Negative,4,Yes,Postgraduate,Near,Female,68,Normal,3.8,263.15,188,2.0
20,68,High,Medium,Yes,7,85,Medium,Yes,1,Medium,Medium,Public,Neutral,3,No,College,Far,Male,65,High_Risk,0.8,2124.73,136,2.75
14,80,High,Low,Yes,7,90,High,Yes,2,Low,High,Public,Negative,2,No,College,Far,Female,66,Normal,0.8,1574.8,240,2.25
32,84,Medium,High,Yes,10,68,Medium,Yes,1,Low,Medium,Public,Positive,5,No,High School,Near,Male,73,Normal,3.8,572.62,168,3.09
9,84,Medium,Medium,No,6,74,Medium,Yes,5,High,Unknown,Public,Neutral,2,No,High School,Near,Male,67,Normal,1.8,369.98,504,2.71
22,92,High,High,No,8,65,Medium,Yes,0,Medium,High,Private,Positive,2,No,High School,Moderate,Male,71,Normal,1.8,794.4,92,2.44
14,65,Medium,High,Yes,9,97,Low,Yes,3,Low,High,Public,Positive,4,No,High School,Near,Female,65,High_Risk,2.8,484.98,260,2.0
5,83,Medium,Medium,Yes,7,61,Medium,Yes,2,Low,Medium,Public,Negative,4,No,High School,Moderate,Male,61,High_Risk,0.8,381.2,249,1.12
16,62,Medium,High,No,6,92,Medium,No,0,Medium,Medium,Private,Positive,4,No,High School,Near,Female,63,High_Risk,1.8,817.73,62,2.29
18,74,Low,Medium,Yes,7,67,Low,Yes,0,Low,Medium,Public,Positive,3,No,High School,Near,Male,63,High_Risk,0.8,1507.31,74,2.25
22,62,High,Medium,No,6,54,Medium,Yes,3,Low,Medium,Private,Neutral,3,No,Postgraduate,Near,Male,65,High_Risk,1.8,659.96,248,4.0
22,81,High,Medium,No,7,87,Low,Yes,0,Low,Medium,Public,Neutral,2,No,High School,Near,Female,67,Normal,0.8,2392.2,81,2.75
14,68,High,Low,Yes,5,87,High,Yes,2,Medium,Medium,Public,Positive,3,No,High School,Far,Male,64,High_Risk,2.8,434.98,204,3.0
25,86,High,Medium,No,6,65,Medium,Yes,2,Medium,High,Public,Positive,5,No,High School,Moderate,Male,71,Normal,1.8,902.73,258,4.14
21,74,Medium,High,Yes,8,79,Medium,Yes,0,Low,High,Private,Positive,4,No,High School,Near,Male,67,Normal,1.8,921.62,74,2.33
31,91,Medium,High,Yes,7,94,High,Yes,2,High,High,Public,Negative,3,No,High School,Far,Male,75,Normal,0.8,3642.04,273,4.38
21,78,High,Medium,No,8,84,Low,Yes,1,High,Low,Public,Positive,4,No,High School,Near,Male,68,Normal,1.8,979.95,156,2.56
20,65,Medium,Medium,Yes,8,97,High,Yes,0,Low,Medium,Public,Negative,3,No,College,Near,Female,65,High_Risk,1.8,1077.72,65,2.22
21,67,Medium,Medium,Yes,5,83,Medium,Yes,1,Low,High,Private,Neutral,5,No,High School,Near,Male,65,High_Risk,2.8,622.48,134,3.83
23,78,Low,High,No,7,81,Medium,Yes,0,Low,Medium,Private,Neutral,1,No,High School,Near,Male,66,Normal,0.8,2328.46,78,2.88
22,87,High,Low,Yes,7,68,Medium,No,0,Low,Medium,Public,Neutral,2,No,High School,Near,Male,67,Normal,0.8,1869.77,87,2.75
24,75,Low,Medium,No,6,65,Medium,No,0,Medium,Medium,Public,Positive,5,No,College,Moderate,Male,65,High_Risk,1.8,866.62,75,3.43
16,83,Medium,Medium,Yes,4,73,High,Yes,3,Low,Low,Public,Negative,3,No,College,Near,Female,67,Normal,3.8,307.36,332,4.4
13,64,Medium,High,Yes,9,83,Low,Yes,1,High,Medium,Public,Positive,4,No,High School,Near,Male,64,High_Risk,2.8,385.34,128,1.5
20,83,Medium,Low,Yes,6,97,High,Yes,2,Low,High,Public,Neutral,4,No,High School,Moderate,Female,68,Normal,1.8,1077.72,249,3.43
16,73,Low,High,Yes,7,96,Medium,Yes,1,Medium,Medium,Private,Positive,3,No,High School,Moderate,Female,66,Normal,0.8,1919.76,146,2.25
19,76,Medium,Medium,Yes,6,53,Medium,Yes,2,Medium,Medium,Public,Positive,5,No,High School,Near,Male,66,Normal,1.8,559.41,228,3.29
15,91,Medium,Medium,No,6,61,Medium,No,1,Medium,High,Public,Positive,2,No,High School,Moderate,Male,66,Normal,1.8,508.31,182,2.43
23,78,High,Low,Yes,6,93,Medium,Yes,0,Medium,High,Private,Positive,5,No,Postgraduate,Near,Male,70,Normal,1.8,1188.27,78,3.29
18,89,Medium,Medium,No,7,66,Medium,Yes,2,Medium,Medium,Public,Positive,3,No,College,Moderate,Male,68,Normal,0.8,1484.81,267,2.75
26,82,Low,Medium,No,4,94,Low,Yes,0,Low,Low,Private,Positive,3,No,High School,Near,Male,67,Normal,3.8,643.14,82,5.2
22,85,High,Medium,Yes,6,96,Medium,Yes,0,Low,Medium,Public,Neutral,3,No,Unknown,Moderate,Female,69,Normal,1.8,1173.27,85,3.14
20,93,Medium,High,No,10,97,Medium,Yes,1,Low,Medium,Public,Neutral,2,No,Postgraduate,Moderate,Male,71,Normal,3.8,510.51,186,2.0
33,67,Medium,Medium,Yes,6,93,High,Yes,0,Low,High,Public,Neutral,3,No,High School,Far,Female,68,Normal,1.8,1704.91,67,4.71
23,92,Low,Medium,No,8,54,Medium,Yes,0,High,Low,Public,Positive,1,No,Postgraduate,Near,Female,68,Normal,1.8,689.96,92,2.56
22,65,Low,Medium,Yes,6,74,High,Yes,2,Medium,Medium,Public,Positive,1,No,College,Near,Male,65,High_Risk,1.8,904.39,195,3.71
12,96,Medium,Medium,No,9,65,Medium,Yes,2,High,High,Private,Neutral,4,Yes,Postgraduate,Near,Female,69,Normal,2.8,278.56,288,1.6
14,86,Low,Low,Yes,6,77,Medium,Yes,3,High,Medium,Private,Neutral,3,No,High School,Far,Male,65,High_Risk,1.8,598.86,344,2.86
14,85,Medium,Medium,No,4,75,High,Yes,2,High,Medium,Public,Negative,1,Yes,High School,Far,Female,64,High_Risk,3.8,276.31,255,3.6
26,87,Medium,Medium,No,6,98,High,Yes,0,Medium,High,Public,Negative,4,No,College,Moderate,Male,71,Normal,1.8,1415.48,87,3.71
22,91,Medium,Low,Yes,7,76,Medium,Yes,1,Low,High,Public,Neutral,3,No,College,Moderate,Female,69,Normal,0.8,2089.74,182,3.0
22,85,High,Medium,No,6,66,Low,Yes,0,Low,Medium,Private,Positive,4,No,College,Near,Male,68,Normal,1.8,806.62,85,3.14
19,67,Medium,Low,No,10,50,Medium,Yes,0,High,Medium,Public,Positive,3,No,High School,Near,Male,62,High_Risk,3.8,249.99,67,1.73
19,92,Medium,Medium,Yes,6,88,Low,Yes,1,High,Medium,Public,Positive,2,No,Postgraduate,Near,Male,71,Normal,1.8,928.84,184,3.0
18,70,Medium,High,No,7,93,Medium,Yes,0,Medium,High,Public,Positive,3,No,College,Near,Male,67,Normal,0.8,2092.24,70,2.25
22,67,Medium,Medium,Yes,7,72,High,Yes,3,Low,High,Public,Positive,2,No,Postgraduate,Moderate,Female,67,Normal,0.8,1979.75,268,3.5
15,60,Medium,Low,Yes,5,72,High,Yes,2,High,High,Public,Positive,2,No,High School,Near,Male,62,High_Risk,2.8,385.7,180,3.17
24,90,Medium,Medium,No,7,58,Medium,Yes,2,Low,Medium,Private,Neutral,2,No,Postgraduate,Near,Male,70,Normal,0.8,1739.78,270,3.5
18,87,Medium,High,Yes,5,84,Medium,Yes,2,Medium,Low,Private,Positive,4,No,Postgraduate,Near,Male,71,Normal,2.8,539.98,261,3.67
28,73,Low,Medium,Yes,4,73,Medium,Yes,2,High,High,Public,Positive,2,No,Postgraduate,Near,Female,70,Normal,3.8,537.88,219,6.4
21,74,High,Low,Yes,8,64,Medium,Yes,3,Low,Low,Public,Neutral,1,No,College,Far,Male,80,Normal,1.8,746.63,296,3.0
19,81,Low,Medium,Yes,8,96,High,Yes,0,Medium,High,Public,Neutral,4,No,Postgraduate,Near,Male,69,Normal,1.8,1013.28,81,2.11
14,90,Low,Medium,Yes,6,50,Medium,Yes,0,Medium,High,Private,Positive,3,No,College,Moderate,Male,65,High_Risk,1.8,388.87,90,2.0
18,81,Medium,Low,Yes,7,70,High,Yes,0,Low,Medium,Private,Neutral,2,No,College,Near,Male,65,High_Risk,0.8,1574.8,81,2.25
14,62,Medium,Medium,Yes,6,78,Medium,Yes,0,High,Unknown,Public,Positive,2,No,College,Near,Female,63,High_Risk,1.8,606.63,62,2.0
21,93,High,Low,No,6,87,Medium,Yes,1,Low,High,Public,Positive,2,No,High School,Near,Female,70,Normal,1.8,1014.94,186,3.29
21,82,High,Medium,No,7,52,Medium,Yes,4,Low,Medium,Public,Neutral,3,No,High School,Far,Male,67,Normal,0.8,1364.83,410,3.62
19,93,Low,Low,Yes,6,81,Medium,Yes,2,High,Medium,Private,Positive,3,Yes,College,Moderate,Female,68,Normal,1.8,854.95,279,3.29
20,90,Medium,Low,Yes,8,97,Low,Yes,1,Medium,Low,Private,Neutral,2,No,High School,Near,Female,68,Normal,1.8,1077.72,180,2.44
28,92,Low,High,No,5,96,High,Yes,1,Medium,Low,Public,Neutral,3,No,College,Moderate,Male,72,Normal,2.8,959.97,184,5.0
15,74,Medium,Low,No,7,60,Low,Yes,2,Medium,Medium,Public,Positive,3,No,High School,Far,Female,62,High_Risk,0.8,1124.86,222,2.38
23,69,Medium,High,Yes,6,60,Medium,Yes,2,Low,High,Private,Negative,4,No,High School,Near,Male,66,Normal,1.8,766.62,207,3.86
12,92,Low,Medium,No,6,71,Low,Yes,0,Medium,High,Private,Negative,4,No,High School,Near,Male,64,High_Risk,1.8,473.31,92,1.71
13,85,Low,High,Yes,9,73,High,Yes,3,Medium,High,Public,Positive,2,No,Postgraduate,Moderate,Male,68,Normal,2.8,338.92,340,1.9
32,81,High,Medium,No,6,59,High,Yes,2,High,Medium,Public,Neutral,2,No,High School,Moderate,Female,71,Normal,1.8,1048.83,243,5.14
12,82,High,Low,No,6,65,Low,Yes,3,Medium,Medium,Private,Negative,3,No,High School,Near,Female,64,High_Risk,1.8,433.31,328,2.57
19,67,High,Medium,Yes,8,92,Low,Yes,2,High,Medium,Public,Neutral,5,No,Postgraduate,Moderate,Female,68,Normal,1.8,971.06,201,2.56
24,83,High,Low,No,8,59,Medium,Yes,1,Low,Medium,Public,Positive,3,No,High School,Near,Male,68,Normal,1.8,786.62,166,2.89
14,81,Low,Medium,Yes,5,78,Medium,Yes,2,High,High,Public,Positive,4,No,Postgraduate,Near,Male,68,Normal,2.8,389.99,243,3.0
18,86,Medium,Medium,Yes,6,88,Medium,Yes,2,Medium,High,Public,Neutral,2,No,College,Far,Male,68,Normal,1.8,879.95,258,3.14
18,64,Medium,Low,Yes,10,68,Low,Yes,1,Low,Medium,Public,Positive,5,No,High School,Near,Male,62,High_Risk,3.8,322.1,128,1.82
17,83,Low,Medium,Yes,7,92,Low,Yes,3,Low,Medium,Public,Neutral,2,Yes,Unknown,Moderate,Male,65,High_Risk,0.8,1954.76,332,2.88
17,100,High,Medium,No,8,98,Low,Yes,0,Medium,High,Public,Positive,4,No,College,Near,Male,72,Normal,1.8,925.5,100,1.89
12,77,Medium,Low,Yes,6,90,Medium,Yes,2,Medium,Low,Public,Neutral,2,No,High School,Near,Female,63,High_Risk,1.8,599.97,231,2.29
15,88,Medium,High,Yes,8,61,Low,Yes,2,Medium,High,Public,Positive,4,Yes,High School,Near,Male,68,Normal,1.8,508.31,264,2.11
10,67,Medium,Medium,Yes,6,65,Medium,Yes,1,Medium,High,Public,Negative,4,No,High School,Near,Female,61,High_Risk,1.8,361.09,134,1.71
18,66,High,High,No,4,51,Low,Yes,2,Low,Medium,Private,Neutral,2,No,College,Near,Male,64,High_Risk,3.8,241.57,198,4.4
16,90,High,Low,No,6,90,Medium,Yes,2,High,Medium,Public,Neutral,3,No,High School,Near,Male,69,Normal,1.8,799.96,270,2.86
25,88,High,High,Yes,9,58,Low,Yes,0,Low,Medium,Public,Negative,4,No,Postgraduate,Near,Male,70,Normal,2.8,517.84,88,2.5
16,82,Low,High,No,7,75,Medium,Yes,0,Low,Medium,Public,Negative,2,No,Postgraduate,Moderate,Female,64,High_Risk,0.8,1499.81,82,2.0
20,81,High,Medium,Yes,6,51,High,No,3,Medium,Medium,Public,Neutral,4,Yes,High School,Near,Male,67,Normal,1.8,566.64,324,3.71
25,83,Low,Medium,Yes,8,88,Low,Yes,1,Medium,High,Public,Neutral,3,Yes,College,Near,Male,68,Normal,1.8,1222.15,166,3.0
27,92,High,Medium,Yes,6,99,Low,Yes,4,Low,Low,Private,Positive,3,No,High School,Near,Female,74,Normal,1.8,1484.92,460,5.0
19,88,High,Medium,No,5,95,Medium,Yes,2,Low,Medium,Private,Negative,4,No,College,Moderate,Male,69,Normal,2.8,644.62,264,3.83
16,78,Medium,High,No,6,83,Medium,Yes,0,Low,Low,Public,Neutral,3,Yes,College,Near,Male,64,High_Risk,1.8,737.74,78,2.29
27,97,Medium,Medium,No,9,69,Medium,Yes,1,Low,Medium,Private,Neutral,2,No,High School,Moderate,Female,70,Normal,2.8,665.33,194,2.9
18,69,High,High,Yes,7,97,Medium,Yes,2,Medium,Medium,Public,Positive,2,No,College,Near,Female,69,Normal,0.8,2182.23,207,2.75
13,86,Medium,High,No,8,59,Medium,Yes,3,Medium,Medium,Public,Neutral,3,No,High School,Near,Male,67,Normal,1.8,426.09,344,2.11
21,94,Medium,Medium,Yes,9,65,Low,Yes,5,High,High,Private,Neutral,3,Yes,High School,Near,Male,71,Normal,2.8,487.48,564,3.1
8,61,Medium,Medium,Yes,7,54,Medium,Yes,1,High,Medium,Public,Positive,3,No,College,Near,Male,60,High_Risk,0.8,539.93,122,1.25
21,69,High,High,Yes,7,86,Medium,Yes,2,Low,Medium,Private,Neutral,3,No,High School,Near,Male,68,Normal,0.8,2257.22,207,3.12
8,73,Medium,High,No,8,78,High,Yes,0,Medium,High,Private,Negative,3,No,High School,Near,Male,63,High_Risk,1.8,346.65,73,0.89
14,91,Medium,Medium,Yes,7,62,Medium,Yes,2,Low,High,Public,Neutral,2,No,College,Near,Male,68,Normal,0.8,1084.86,273,2.25
12,87,High,High,Yes,9,75,Medium,No,1,Low,Medium,Private,Neutral,3,Yes,College,Moderate,Female,65,High_Risk,2.8,321.42,174,1.4
24,78,Medium,Medium,Yes,9,91,Low,Yes,0,High,High,Public,Negative,3,No,Postgraduate,Far,Female,68,Normal,2.8,779.97,78,2.4
18,68,Low,Medium,No,8,91,High,Yes,1,Low,High,Private,Neutral,3,No,Postgraduate,Near,Female,65,High_Risk,1.8,909.95,136,2.22
20,70,Medium,Medium,Yes,6,78,High,Yes,0,Medium,Medium,Private,Positive,2,No,College,Near,Female,66,Normal,1.8,866.62,70,2.86
24,71,High,High,Yes,10,93,Low,Yes,2,Medium,Medium,Private,Positive,2,Yes,College,Near,Female,69,Normal,3.8,587.35,213,2.55
20,73,Medium,High,No,6,70,Low,Yes,3,High,High,Public,Neutral,4,No,High School,Near,Female,68,Normal,1.8,777.73,292,3.71
30,67,Medium,High,Yes,6,80,High,Yes,0,Low,Medium,Public,Neutral,4,No,Unknown,Moderate,Male,68,Normal,1.8,1333.26,67,4.29
20,63,Medium,Medium,No,7,72,Low,Yes,3,Low,High,Public,Negative,5,Yes,Postgraduate,Near,Male,63,High_Risk,0.8,1799.78,252,3.25
18,79,Medium,Medium,Yes,5,77,Low,Yes,1,Low,High,Public,Neutral,3,No,High School,Near,Male,65,High_Risk,2.8,494.98,158,3.33
27,92,High,Medium,No,6,62,High,Yes,0,Medium,High,Public,Positive,4,No,College,Near,Male,73,Normal,1.8,929.95,92,3.86
12,66,Medium,High,Yes,7,99,Low,Yes,2,Medium,Low,Public,Neutral,3,No,High School,Moderate,Male,63,High_Risk,0.8,1484.81,198,2.0
15,60,Low,High,No,7,91,Low,Yes,0,Low,Medium,Private,Negative,2,No,College,Far,Male,59,High_Risk,0.8,1706.04,60,1.88
8,90,High,High,No,7,79,High,Yes,2,Low,Medium,Public,Negative,4,No,College,Near,Male,68,Normal,0.8,789.9,270,1.5
16,99,Low,High,Yes,7,77,High,Yes,0,Low,Medium,Public,Neutral,3,Yes,High School,Moderate,Female,68,Normal,0.8,1539.81,99,2.0
20,89,Medium,Medium,Yes,4,58,Medium,Yes,1,Medium,Medium,Public,Positive,3,No,High School,Far,Female,67,Normal,3.8,305.26,178,4.4
14,94,Medium,Medium,Yes,7,62,High,Yes,2,Medium,High,Private,Negative,1,No,Postgraduate,Near,Male,69,Normal,0.8,1084.86,282,2.25
13,65,Medium,High,No,5,87,Low,Yes,1,Medium,Medium,Public,Positive,2,Yes,High School,Moderate,Female,61,High_Risk,2.8,403.91,130,2.5
23,96,Low,High,Yes,6,93,Low,Yes,5,Low,Medium,Public,Negative,4,No,High School,Near,Female,72,Normal,1.8,1188.27,576,4.71
15,66,Medium,Medium,No,6,90,Low,Yes,2,Medium,Medium,Public,Negative,3,No,College,Far,Female,62,High_Risk,1.8,749.96,198,2.71
7,68,High,Medium,No,9,74,Medium,Yes,1,Low,High,Public,Positive,3,No,High School,Near,Female,62,High_Risk,2.8,184.99,136,0.9
11,64,Medium,Medium,No,8,75,Low,Yes,1,High,Medium,Private,Positive,3,No,High School,Moderate,Male,60,High_Risk,1.8,458.31,128,1.44
18,69,High,Medium,Yes,8,65,Medium,Yes,4,Medium,Medium,Public,Neutral,4,No,High School,Far,Male,65,High_Risk,1.8,649.96,345,2.89
15,83,High,Medium,Yes,10,84,Medium,Yes,1,High,High,Public,Negative,2,No,College,Near,Male,68,Normal,3.8,331.57,166,1.55
32,64,Low,Low,Yes,6,97,Medium,Yes,1,Medium,Low,Public,Neutral,5,No,College,Moderate,Male,66,Normal,1.8,1724.35,128,4.86
16,86,High,Medium,Yes,7,78,Low,Yes,1,Low,Medium,Private,Positive,4,No,Postgraduate,Moderate,Male,68,Normal,0.8,1559.81,172,2.25
16,94,Medium,High,Yes,8,94,High,Yes,2,Low,High,Private,Negative,3,No,High School,Near,Male,71,Normal,1.8,835.51,282,2.22
20,84,High,High,Yes,10,63,Medium,Yes,0,Low,Medium,Private,Positive,4,No,High School,Near,Female,69,Normal,3.8,331.57,84,1.82
24,71,Low,High,Yes,5,64,Medium,Yes,1,Medium,Medium,Public,Neutral,3,No,College,Near,Male,66,Normal,2.8,548.55,142,4.33
27,66,Medium,Medium,Yes,6,95,Medium,Yes,1,Medium,Unknown,Public,Positive,3,No,College,Moderate,Male,68,Normal,1.8,1424.92,132,4.14
16,83,High,Medium,Yes,7,63,Medium,Yes,0,Medium,Medium,Public,Neutral,3,No,Postgraduate,Near,Female,67,Normal,0.8,1259.84,83,2.0
28,83,Medium,Low,No,8,61,Medium,Yes,1,Low,Medium,Private,Negative,5,Yes,Postgraduate,Near,Male,67,Normal,1.8,948.84,166,3.33
29,64,Medium,High,Yes,7,74,Medium,Yes,0,High,Medium,Public,Positive,2,No,Postgraduate,Near,Female,69,Normal,0.8,2682.16,64,3.62
32,65,Medium,Low,Yes,8,57,Low,Yes,2,Low,Medium,Public,Positive,3,No,High School,Moderate,Female,65,High_Risk,1.8,1013.28,195,4.0
24,81,Medium,High,Yes,9,64,High,Yes,2,High,Low,Public,Positive,3,No,High School,Near,Male,70,Normal,2.8,548.55,243,2.8
27,99,Medium,Medium,Yes,5,69,Medium,Yes,2,Medium,Low,Public,Positive,2,No,Postgraduate,Moderate,Male,73,Normal,2.8,665.33,297,5.17
17,90,High,Medium,No,8,82,Medium,Yes,0,Medium,High,Public,Neutral,4,No,College,Near,Male,70,Normal,1.8,774.4,90,1.89
14,82,High,Low,Yes,8,91,High,Yes,1,Low,Medium,Public,Negative,2,No,High School,Near,Male,66,Normal,1.8,707.74,164,1.78
31,78,High,High,Yes,6,97,Low,Yes,0,Medium,High,Public,Neutral,3,No,High School,Near,Male,72,Normal,1.8,1670.46,78,4.43
16,82,Medium,Low,Yes,8,75,Medium,Yes,2,Medium,Medium,Public,Positive,2,No,College,Near,Female,66,Normal,1.8,666.63,246,2.22
30,88,High,Medium,Yes,6,64,Medium,Yes,1,High,Medium,Public,Neutral,2,No,College,Near,Female,73,Normal,1.8,1066.61,176,4.57
8,84,High,High,No,7,80,Medium,Yes,1,High,High,Public,Positive,4,No,High School,Moderate,Male,67,Normal,0.8,799.9,168,1.25
18,100,Medium,Low,Yes,8,66,High,No,3,Low,Medium,Public,Negative,3,No,College,Near,Male,69,Normal,1.8,659.96,400,2.67
24,80,Medium,High,No,5,51,Medium,Yes,3,High,Low,Public,Positive,2,No,High School,Near,Female,68,Normal,2.8,437.13,320,5.0
18,77,Medium,Medium,Yes,6,95,High,Yes,0,Medium,High,Private,Positive,2,No,Postgraduate,Moderate,Female,68,Normal,1.8,949.95,77,2.57
16,66,Low,High,Yes,7,99,Medium,Yes,1,Low,Medium,Public,Positive,3,No,College,Near,Female,65,High_Risk,0.8,1979.75,132,2.25
22,98,Medium,Medium,No,8,97,Low,Yes,1,High,Medium,Private,Positive,1,Yes,Postgraduate,Near,Female,72,Normal,1.8,1185.49,196,2.67
25,72,Medium,Medium,Yes,4,92,High,Yes,1,Low,Medium,Private,Negative,2,Yes,High School,Near,Male,66,Normal,3.8,605.25,144,5.4
25,77,High,High,No,8,85,Medium,Yes,2,Medium,Medium,Public,Positive,1,No,College,Near,Male,71,Normal,1.8,1180.49,231,3.22
23,82,Low,Medium,Yes,8,94,Medium,Yes,1,Medium,Medium,Public,Negative,2,Yes,High School,Unknown,Male,66,Normal,1.8,1201.04,164,2.78
19,91,High,Low,No,6,52,Medium,Yes,2,Low,Medium,Public,Negative,4,Yes,High School,Moderate,Male,66,Normal,1.8,548.86,273,3.29
22,67,Medium,Medium,Yes,7,79,Medium,Yes,1,Medium,Low,Private,Neutral,3,No,College,Moderate,Female,65,High_Risk,0.8,2172.23,134,3.0
23,69,Medium,High,Yes,7,62,Medium,Yes,1,Medium,Medium,Public,Neutral,4,Yes,High School,Far,Male,64,High_Risk,0.8,1782.28,138,3.12
29,76,Medium,High,Yes,8,93,Low,No,0,Medium,High,Public,Positive,4,No,College,Moderate,Male,70,Normal,1.8,1498.25,76,3.22
30,85,Medium,Medium,No,4,83,Low,Yes,2,High,High,Public,Positive,3,No,Postgraduate,Near,Female,74,Normal,3.8,655.25,255,6.8
19,75,Medium,High,No,8,64,Medium,Yes,2,High,Low,Public,Negative,5,No,Postgraduate,Moderate,Female,67,Normal,1.8,675.52,225,2.56
17,64,High,Low,Yes,10,63,Medium,Yes,0,High,Medium,Public,Positive,3,No,High School,Moderate,Female,62,High_Risk,3.8,281.83,64,1.55
28,67,Medium,Medium,No,8,60,High,Yes,0,Medium,Medium,Public,Positive,3,No,High School,Moderate,Female,65,High_Risk,1.8,933.28,67,3.11
20,97,Medium,High,No,9,69,Low,Yes,0,Low,Low,Public,Negative,3,Yes,High School,Near,Male,67,Normal,2.8,492.84,97,2.0
11,76,Medium,Medium,Yes,7,71,Medium,No,1,Medium,Low,Public,Neutral,2,No,College,Near,Male,62,High_Risk,0.8,976.13,152,1.62
13,64,Medium,Low,Yes,7,50,High,Yes,0,Medium,Low,Public,Positive,4,No,High School,Near,Male,60,High_Risk,0.8,812.4,64,1.62
27,68,Low,Medium,No,8,79,Medium,Yes,2,Low,High,Private,Negative,1,Yes,Postgraduate,Moderate,Female,64,High_Risk,1.8,1184.93,204,3.44
27,92,Medium,Medium,Yes,7,81,Medium,Yes,0,Low,Medium,Public,Negative,1,No,College,Near,Male,70,Normal,0.8,2733.41,92,3.38
24,93,Medium,High,No,5,62,Medium,Yes,1,Low,Medium,Public,Neutral,1,No,College,Near,Female,70,Normal,2.8,531.41,186,4.33
25,65,High,Low,Yes,8,85,Medium,Yes,2,Low,Medium,Public,Negative,3,No,Postgraduate,Near,Female,66,Normal,1.8,1180.49,195,3.22
24,93,High,Low,Yes,8,90,High,Yes,0,High,Medium,Private,Negative,2,No,College,Near,Male,72,Normal,1.8,1199.93,93,2.67
27,83,Medium,High,Yes,9,94,Medium,Yes,2,Low,High,Public,Positive,2,No,High School,Unknown,Male,72,Normal,2.8,906.4,249,3.1
15,78,Medium,High,Yes,9,95,High,Yes,1,High,High,Public,Positive,3,No,High School,Near,Male,69,Normal,2.8,508.91,156,1.7
17,95,Low,High,No,5,77,Medium,Yes,2,Medium,Medium,Public,Positive,4,No,High School,Moderate,Female,69,Normal,2.8,467.48,285,3.5
32,68,High,High,No,10,84,Medium,Yes,0,Medium,High,Private,Positive,2,No,Postgraduate,Far,Male,70,Normal,3.8,707.35,68,2.91
26,70,High,Medium,No,6,81,Low,Yes,0,Low,High,Public,Neutral,3,No,High School,Moderate,Male,66,Normal,1.8,1169.94,70,3.71
19,89,Medium,High,No,9,92,High,Yes,5,Medium,Medium,Private,Positive,3,No,Postgraduate,Near,Male,74,Normal,2.8,624.26,534,2.9
22,73,Low,Medium,No,6,58,High,Yes,1,Medium,Medium,Private,Positive,3,No,Postgraduate,Moderate,Male,65,High_Risk,1.8,708.85,146,3.43
14,94,Low,Medium,Yes,6,76,Medium,No,0,Low,Low,Public,Neutral,3,No,High School,Near,Male,64,High_Risk,1.8,591.08,94,2.0
22,63,Medium,High,Yes,7,85,Medium,Yes,4,High,High,Public,Negative,3,No,College,Near,Female,68,Normal,0.8,2337.21,315,3.75
15,73,Medium,Medium,No,7,76,High,Yes,2,Low,Medium,Public,Positive,4,No,High School,Far,Female,64,High_Risk,0.8,1424.82,219,2.38
28,63,Medium,High,Yes,6,87,Low,Yes,0,Low,Medium,Public,Positive,2,No,High School,Moderate,Female,66,Normal,1.8,1353.26,63,4.0
19,83,High,Low,No,6,69,Medium,Yes,5,Medium,Medium,Private,Positive,2,No,Postgraduate,Far,Male,69,Normal,1.8,728.29,498,4.14
32,84,Low,Medium,Yes,8,64,Medium,Yes,1,Low,High,Private,Positive,3,No,College,Near,Female,71,Normal,1.8,1137.71,168,3.78
17,96,High,Medium,No,7,57,Low,Yes,2,Medium,Medium,Private,Negative,3,No,College,Moderate,Female,68,Normal,0.8,1211.1,288,2.62
18,66,High,Medium,No,7,92,Medium,Yes,2,Low,Medium,Private,Neutral,4,No,High School,Moderate,Male,65,High_Risk,0.8,2069.74,198,2.75
24,98,Medium,High,No,8,61,Medium,Yes,6,Medium,High,Private,Positive,3,No,High School,Near,Female,75,Normal,1.8,813.29,686,4.0
12,98,Medium,High,No,4,68,Medium,Yes,3,Low,High,Public,Neutral,2,No,High School,Near,Female,69,Normal,3.8,214.73,392,3.6
19,67,Medium,Low,No,8,96,High,No,1,High,Low,Public,Positive,3,No,College,Near,Male,64,High_Risk,1.8,1013.28,134,2.33
17,68,High,Medium,No,9,57,Medium,Yes,2,Medium,Low,Public,Neutral,3,No,High School,Moderate,Male,63,High_Risk,2.8,346.06,204,2.1
16,85,Medium,Medium,Yes,5,86,Low,No,3,Medium,Medium,Public,Positive,2,No,High School,Near,Male,67,Normal,2.8,491.41,340,3.67
10,66,Medium,High,No,7,77,Medium,Yes,0,Medium,High,Public,Positive,2,No,High School,Near,Male,62,High_Risk,0.8,962.38,66,1.25
30,81,Medium,High,No,6,76,Medium,Yes,0,High,Medium,Public,Positive,3,No,Postgraduate,Near,Male,72,Normal,1.8,1266.6,81,4.29
11,79,High,High,Yes,5,99,Medium,Yes,1,High,Low,Public,Positive,3,No,High School,Near,Female,68,Normal,2.8,388.91,158,2.17
24,74,Medium,Medium,Yes,7,65,Low,Yes,3,Medium,High,Public,Neutral,2,No,College,Near,Male,68,Normal,0.8,1949.76,296,3.75
19,94,Medium,Medium,No,7,97,Medium,Yes,0,Medium,Medium,Public,Neutral,3,No,High School,Near,Female,69,Normal,0.8,2303.46,94,2.38
24,84,High,High,No,9,93,Medium,Yes,3,High,Medium,Public,Neutral,4,No,High School,Far,Male,72,Normal,2.8,797.11,336,3.0
19,99,Medium,High,Yes,8,88,High,No,1,Low,High,Public,Positive,3,No,High School,Far,Female,71,Normal,1.8,928.84,198,2.33
18,99,Medium,Medium,No,6,67,Medium,Yes,5,Low,Medium,Public,Positive,3,No,Postgraduate,Near,Female,72,Normal,1.8,669.96,594,4.0
22,63,High,High,Yes,5,53,High,Yes,3,Low,High,Public,Negative,2,No,High School,Near,Male,66,Normal,2.8,416.41,252,4.67
21,61,Medium,Medium,Yes,6,93,Low,Yes,3,Medium,High,Private,Neutral,3,No,Unknown,Near,Female,65,High_Risk,1.8,1084.94,244,3.86
13,71,Medium,Medium,Yes,10,99,Medium,Yes,0,Low,Medium,Public,Neutral,3,No,Postgraduate,Near,Male,64,High_Risk,3.8,338.68,71,1.18
24,71,High,Medium,No,8,65,Medium,Yes,1,Low,Medium,Private,Negative,2,No,High School,Near,Male,65,High_Risk,1.8,866.62,142,2.89
24,89,Medium,High,Yes,6,63,Medium,Yes,2,High,Medium,Private,Positive,3,No,College,Near,Male,72,Normal,1.8,839.95,267,4.0
6,92,Medium,Medium,Yes,5,77,Medium,Yes,1,Low,High,Public,Positive,4,No,High School,Near,Male,66,Normal,2.8,164.99,184,1.33
19,62,High,Medium,Yes,9,94,Medium,Yes,0,High,Low,Public,Neutral,4,No,Postgraduate,Near,Female,66,Normal,2.8,637.83,62,1.9
14,71,High,Low,Yes,6,61,Low,Yes,0,Low,Medium,Public,Positive,3,No,Postgraduate,Near,Female,63,High_Risk,1.8,474.42,71,2.0
26,93,Low,High,No,6,87,Medium,Yes,1,Medium,High,Public,Positive,3,No,College,Near,Female,73,Normal,1.8,1256.6,186,4.0
24,86,Medium,Medium,Yes,8,79,Medium,No,0,Low,Medium,Public,Neutral,4,No,High School,Near,Female,68,Normal,1.8,1053.27,86,2.67
27,90,High,High,No,7,92,Medium,Yes,0,Low,Medium,Private,Neutral,3,No,High School,Near,Female,72,Normal,0.8,3104.61,90,3.38
14,65,High,Medium,No,7,63,Medium,Yes,2,Low,Medium,Public,Neutral,3,No,High School,Moderate,Male,61,High_Risk,0.8,1102.36,195,2.25
16,74,High,High,Yes,6,90,Medium,Yes,1,Low,Medium,Private,Negative,4,Yes,High School,Near,Female,66,Normal,1.8,799.96,148,2.57
17,71,Medium,Medium,No,8,80,Low,Yes,2,High,Low,Public,Neutral,3,No,High School,Near,Female,64,High_Risk,1.8,755.51,213,2.33
13,60,Medium,Medium,Yes,7,66,Medium,Yes,2,Low,Medium,Public,Positive,3,No,Postgraduate,Near,Male,62,High_Risk,0.8,1072.37,180,2.12
18,85,High,Medium,Yes,6,74,Medium,Yes,3,Low,Medium,Private,Negative,2,No,College,Far,Male,67,Normal,1.8,739.96,340,3.43
20,73,Medium,Low,Yes,6,65,Medium,Yes,2,High,High,Private,Positive,2,No,College,Near,Male,66,Normal,1.8,722.18,219,3.43
27,72,High,High,Yes,5,53,Medium,Yes,1,High,Medium,Private,Neutral,5,No,Postgraduate,Unknown,Male,70,Normal,2.8,511.05,144,4.83
12,76,Medium,Low,Yes,4,51,Medium,Yes,0,Low,Medium,Private,Neutral,1,No,High School,Near,Female,60,High_Risk,3.8,161.05,76,2.4
22,64,High,Low,No,7,59,High,Yes,0,Medium,High,Private,Positive,5,Yes,High School,Near,Female,64,High_Risk,0.8,1622.3,64,2.75
21,71,High,Medium,Yes,9,55,Low,Yes,2,High,High,Public,Positive,1,No,Postgraduate,Moderate,Male,67,Normal,2.8,412.49,213,2.5
12,92,Low,Low,Yes,7,78,High,Yes,3,Medium,High,Public,Negative,2,No,College,Near,Male,67,Normal,0.8,1169.85,368,2.25
20,77,High,Medium,No,8,55,Low,Yes,1,Medium,Medium,Public,Negative,3,No,College,Far,Female,64,High_Risk,1.8,611.08,154,2.44
21,61,Low,Medium,No,7,58,Medium,Yes,1,Medium,Low,Public,Negative,3,No,High School,Near,Female,60,High_Risk,0.8,1522.31,122,2.88
15,100,High,Medium,Yes,5,74,Medium,Yes,2,High,Medium,Private,Neutral,3,No,Postgraduate,Near,Male,72,Normal,2.8,396.41,300,3.17
21,65,Medium,Medium,No,6,100,Medium,Yes,3,Medium,Medium,Public,Neutral,4,No,Postgraduate,Near,Male,67,Normal,1.8,1166.6,260,3.86
14,81,High,Medium,No,4,85,Low,Yes,3,Medium,High,Public,Positive,4,No,Postgraduate,Moderate,Female,69,Normal,3.8,313.15,324,4.0
22,74,High,High,Yes,5,99,Medium,Yes,0,Low,Medium,Public,Neutral,2,No,College,Near,Female,68,Normal,2.8,777.83,74,3.67
21,71,Medium,Medium,No,7,58,Low,Yes,3,Low,Medium,Public,Negative,5,No,College,Near,Female,65,High_Risk,0.8,1522.31,284,3.38
16,79,Medium,Medium,No,8,89,Medium,Yes,0,Low,High,Private,Neutral,4,No,High School,Near,Male,65,High_Risk,1.8,791.07,79,1.78
15,96,Medium,Low,No,5,70,High,Yes,4,Low,High,Private,Positive,3,No,College,Near,Male,70,Normal,2.8,374.99,480,3.83
30,71,Low,High,No,9,98,Low,Yes,2,High,Medium,Public,Positive,1,No,High School,Moderate,Female,69,Normal,2.8,1049.96,213,3.4
10,67,High,High,No,6,61,Medium,Yes,0,Low,High,Private,Neutral,2,No,High School,Near,Female,61,High_Risk,1.8,338.87,67,1.43
26,67,Low,Medium,Yes,5,62,High,Yes,0,Medium,Medium,Public,Negative,2,No,High School,Moderate,Male,63,High_Risk,2.8,575.69,67,4.33
20,77,Medium,Medium,No,5,98,Low,Yes,2,Low,High,Private,Neutral,2,No,Postgraduate,Far,Female,67,Normal,2.8,699.98,231,4.0
27,86,Low,Medium,Yes,7,59,Low,Yes,1,Medium,Medium,Public,Neutral,3,No,High School,Near,Male,68,Normal,0.8,1991.0,172,3.62
28,89,Low,High,Yes,9,79,High,Yes,0,Low,Medium,Private,Positive,1,No,College,Moderate,Female,71,Normal,2.8,789.97,89,2.8
19,96,Low,Low,Yes,5,70,High,Yes,0,Low,Medium,Public,Positive,2,No,High School,Far,Male,66,Normal,2.8,474.98,96,3.17
19,75,Medium,Medium,Yes,5,90,High,Yes,0,Medium,Unknown,Private,Negative,3,No,Postgraduate,Near,Female,66,Normal,2.8,610.69,75,3.17
21,70,Medium,Low,Yes,7,90,Medium,No,1,Low,Medium,Public,Neutral,4,No,High School,Moderate,Male,63,High_Risk,0.8,2362.2,140,2.88
26,77,Medium,Medium,Yes,8,61,Medium,Yes,1,Low,Medium,Public,Neutral,4,No,College,Moderate,Male,67,Normal,1.8,881.06,154,3.11
17,84,Low,Low,Yes,6,71,Low,Yes,0,Medium,Medium,Private,Negative,4,Yes,High School,Near,Male,62,High_Risk,1.8,670.52,84,2.43
16,67,High,Medium,Yes,6,88,Medium,Yes,0,High,Low,Public,Neutral,3,No,College,Near,Male,65,High_Risk,1.8,782.18,67,2.29
16,85,Medium,Low,No,10,79,Low,Yes,1,High,Medium,Private,Neutral,3,No,College,Near,Male,66,Normal,3.8,332.62,170,1.64
12,95,Medium,Medium,No,8,61,High,Yes,4,High,High,Private,Neutral,1,No,College,Near,Male,69,Normal,1.8,406.64,475,2.22
13,79,High,High,No,7,60,Medium,Yes,1,Low,High,Private,Neutral,4,No,College,Moderate,Male,66,Normal,0.8,974.88,158,1.88
7,93,High,High,Yes,9,52,High,Yes,1,Medium,Low,Private,Negative,3,No,High School,Moderate,Female,65,High_Risk,2.8,130.0,186,0.9
16,95,High,Medium,Yes,8,86,Medium,Yes,0,Low,Low,Public,Positive,4,No,High School,Moderate,Male,69,Normal,1.8,764.4,95,1.78
20,91,High,Low,Yes,7,82,Medium,Yes,0,Medium,Medium,Public,Neutral,4,No,College,Near,Male,70,Normal,0.8,2049.74,91,2.5
23,64,Medium,Medium,No,7,75,Medium,Yes,2,Medium,High,Public,Positive,2,No,Unknown,Near,Female,66,Normal,0.8,2155.98,192,3.38
26,61,High,Medium,Yes,9,95,Medium,Yes,0,Medium,Medium,Private,Negative,6,No,College,Near,Male,67,Normal,2.8,882.11,61,2.6
19,98,Medium,Low,Yes,6,73,Medium,Yes,3,Low,Medium,Private,Negative,3,No,College,Near,Male,69,Normal,1.8,770.51,392,3.57
25,71,High,Medium,Yes,7,96,Low,Yes,2,Low,Medium,Public,Positive,3,No,High School,Near,Female,69,Normal,0.8,2999.63,213,3.62
12,82,High,Low,No,5,62,Low,Yes,2,Medium,Medium,Public,Positive,4,No,High School,Near,Male,64,High_Risk,2.8,265.7,246,2.67
24,80,Low,High,Yes,9,62,High,Yes,3,High,Low,Public,Neutral,3,No,High School,Moderate,Male,68,Normal,2.8,531.41,320,3.0
17,84,Medium,Low,Yes,7,98,High,Yes,1,Low,High,Public,Neutral,2,No,College,Far,Female,67,Normal,0.8,2082.24,168,2.38
22,93,Low,Medium,No,6,67,Medium,Yes,0,Medium,Medium,Public,Neutral,3,No,College,Near,Female,68,Normal,1.8,818.84,93,3.14
15,90,Medium,Low,Yes,6,97,Low,Yes,2,High,High,Public,Positive,2,No,High School,Near,Male,69,Normal,1.8,808.29,270,2.71
11,76,Medium,Medium,Yes,8,91,Low,Yes,1,High,High,Private,Neutral,3,Yes,College,Near,Female,64,High_Risk,1.8,556.08,152,1.44
23,93,Medium,High,No,5,81,High,Yes,2,Low,Medium,Private,Negative,1,No,College,Near,Male,71,Normal,2.8,665.33,279,4.5
12,72,Low,Medium,Yes,8,84,Medium,Yes,1,Low,Medium,Public,Positive,5,No,High School,Near,Female,63,High_Risk,1.8,559.97,144,1.56
26,74,Low,Low,No,5,89,Low,Yes,3,High,High,Private,Negative,2,No,High School,Near,Male,66,Normal,2.8,826.4,296,5.33
19,98,Medium,Low,Yes,6,96,Medium,No,2,Low,Medium,Private,Negative,2,No,High School,Moderate,Male,68,Normal,1.8,1013.28,294,3.29
23,89,Low,Low,Yes,7,56,Low,Yes,4,Medium,Low,Private,Positive,4,No,Postgraduate,Near,Female,69,Normal,0.8,1609.8,445,3.88
21,72,Medium,Low,Yes,6,96,Low,Yes,4,High,Medium,Public,Positive,2,Yes,College,Moderate,Female,66,Normal,1.8,1119.94,360,4.14
15,71,High,High,No,7,100,Low,Yes,2,Low,Low,Public,Neutral,4,No,High School,Near,Male,66,Normal,0.8,1874.77,213,2.38
15,62,Medium,Medium,No,7,74,High,Yes,0,Low,High,Public,Negative,3,No,Postgraduate,Moderate,Female,61,High_Risk,0.8,1387.33,62,1.88
14,89,High,Medium,No,6,82,High,Yes,2,Medium,Medium,Public,Negative,4,No,College,Moderate,Female,69,Normal,1.8,637.74,267,2.57
21,77,Medium,Medium,Yes,6,60,Medium,Yes,1,Medium,Medium,Private,Neutral,3,No,College,Moderate,Male,66,Normal,1.8,699.96,154,3.29
21,80,Medium,Medium,No,7,92,Low,Yes,1,Medium,Medium,Public,Positive,3,No,High School,Moderate,Male,67,Normal,0.8,2414.7,160,2.88
27,76,High,High,No,9,67,Medium,Yes,1,Low,Medium,Public,Positive,4,No,High School,Far,Female,68,Normal,2.8,646.05,152,2.9
28,67,High,Medium,Yes,7,51,Medium,Yes,2,Medium,Medium,Public,Neutral,3,No,High School,Near,Female,67,Normal,0.8,1784.78,201,4.0
26,73,High,High,No,7,75,Low,Yes,3,Low,Medium,Public,Positive,5,No,College,Near,Male,70,Normal,0.8,2437.2,292,4.0
13,79,High,Medium,No,9,53,Medium,No,1,Medium,Medium,Private,Positive,2,No,College,Moderate,Male,63,High_Risk,2.8,246.06,158,1.5
16,61,Medium,Low,Yes,6,81,Medium,Yes,0,Medium,Medium,Public,Negative,2,No,College,Unknown,Male,60,High_Risk,1.8,719.96,61,2.29
5,79,High,High,Yes,9,89,Low,Yes,3,Medium,Medium,Private,Neutral,3,No,College,Near,Female,66,Normal,2.8,158.92,316,1.1
22,98,Medium,High,Yes,5,79,Medium,No,2,High,Medium,Public,Neutral,5,No,High School,Moderate,Male,72,Normal,2.8,620.69,294,4.33
18,67,High,Medium,No,6,51,Medium,Yes,0,Medium,High,Public,Positive,2,No,College,Near,Female,64,High_Risk,1.8,509.97,67,2.57
21,83,Medium,High,Yes,6,61,High,Yes,2,Low,High,Public,Positive,3,No,Postgraduate,Near,Male,71,Normal,1.8,711.63,249,3.57
17,90,High,High,No,8,65,Medium,Yes,2,Low,High,Public,Positive,3,No,Postgraduate,Moderate,Male,71,Normal,1.8,613.85,270,2.33
27,84,Medium,Medium,No,8,98,Medium,Yes,0,Low,Medium,Public,Neutral,4,No,High School,Moderate,Male,69,Normal,1.8,1469.92,84,3.0
26,72,Medium,Low,No,7,72,Low,Yes,2,Medium,Low,Public,Neutral,4,No,High School,Near,Female,65,High_Risk,0.8,2339.71,216,3.75
11,97,Medium,Medium,Yes,8,83,Low,Yes,4,Medium,High,Private,Negative,2,No,High School,Far,Male,68,Normal,1.8,507.19,485,2.11
12,90,High,High,Yes,6,75,Low,No,2,Medium,Medium,Public,Neutral,3,No,Postgraduate,Near,Male,69,Normal,1.8,499.97,270,2.29
8,100,High,Medium,Yes,8,92,Medium,Yes,1,Medium,High,Public,Neutral,3,No,Postgraduate,Moderate,Female,70,Normal,1.8,408.87,200,1.11
25,99,High,High,No,7,86,Low,No,3,Medium,Medium,Public,Positive,3,No,College,Near,Female,75,Normal,0.8,2687.16,396,3.88
14,61,Low,Medium,Yes,10,71,Medium,No,2,Low,Medium,Public,Neutral,4,No,High School,Near,Male,59,High_Risk,3.8,261.57,183,1.64
24,60,Low,Medium,Yes,6,92,Low,Yes,3,Medium,Medium,Public,Positive,2,No,College,Near,Male,65,High_Risk,1.8,1226.6,240,4.29
29,70,Medium,Medium,Yes,4,91,Low,Yes,2,Low,Medium,Public,Positive,3,No,College,Near,Male,69,Normal,3.8,694.46,210,6.6
12,100,Low,Medium,Yes,7,65,Medium,Yes,1,Low,Medium,Private,Positive,2,No,High School,Near,Male,67,Normal,0.8,974.88,200,1.75
11,63,Medium,Medium,Yes,10,100,High,Yes,0,Medium,Medium,Public,Neutral,3,No,High School,Far,Female,61,High_Risk,3.8,289.47,63,1.0
20,94,Low,Low,Yes,6,97,Low,Yes,2,Medium,Medium,Public,Positive,5,No,College,Near,Male,70,Normal,1.8,1077.72,282,3.43
15,80,Medium,High,Yes,4,64,Medium,Yes,1,Medium,Medium,Public,Neutral,1,No,High School,Near,Male,65,High_Risk,3.8,252.62,160,3.4
12,81,Medium,Medium,Yes,6,85,High,Yes,0,Low,Medium,Private,Positive,2,Yes,High School,Near,Male,64,High_Risk,1.8,566.64,81,1.71
15,87,High,Medium,Yes,10,91,Medium,Yes,1,Low,Low,Public,Neutral,4,No,High School,Moderate,Male,67,Normal,3.8,359.2,174,1.55
17,61,Medium,Medium,Yes,7,87,High,Yes,5,Medium,Medium,Public,Neutral,3,No,High School,Near,Male,65,High_Risk,0.8,1848.52,366,3.38
20,95,Medium,High,Yes,7,69,Low,Yes,0,Medium,High,Public,Neutral,3,No,High School,Near,Male,70,Normal,0.8,1724.78,95,2.5
12,69,High,High,Yes,7,53,Low,Yes,2,Low,High,Public,Neutral,3,No,College,Near,Male,64,High_Risk,0.8,794.9,207,2.0
24,69,Medium,High,Yes,7,67,Medium,Yes,2,Medium,High,Public,Negative,4,No,Postgraduate,Far,Male,67,Normal,0.8,2009.75,207,3.5
12,76,Medium,Low,Yes,5,71,Low,Yes,0,Medium,Medium,Public,Negative,4,No,High School,Near,Male,61,High_Risk,2.8,304.27,76,2.0
20,92,Medium,Low,No,5,86,Low,Yes,0,Medium,Medium,Public,Neutral,2,No,Postgraduate,Moderate,Female,68,Normal,2.8,614.26,92,3.33
15,61,High,Low,Yes,9,52,Medium,Yes,1,Medium,Medium,Private,Neutral,3,No,High School,Moderate,Female,60,High_Risk,2.8,278.56,122,1.7
21,88,High,Low,Yes,7,69,Medium,Yes,4,Medium,Medium,Private,Neutral,3,No,College,Near,Male,71,Normal,0.8,1811.02,440,3.62
12,84,Medium,High,No,6,88,High,No,2,High,High,Public,Positive,2,No,High School,Near,Male,67,Normal,1.8,586.63,252,2.29
38,98,Low,Medium,No,6,94,Medium,Yes,2,Low,Low,Public,Negative,4,No,Postgraduate,Near,Female,75,Normal,1.8,1984.33,294,6.0
22,68,Medium,High,No,7,76,Medium,Yes,1,Medium,Medium,Public,Positive,4,No,High School,Near,Male,66,Normal,0.8,2089.74,136,3.0
26,62,Medium,Medium,No,6,59,Medium,Yes,1,Medium,Medium,Public,Neutral,3,No,High School,Moderate,Male,63,High_Risk,1.8,852.17,124,4.0
13,87,High,Low,Yes,4,72,Medium,Yes,2,Medium,High,Public,Neutral,3,No,High School,Moderate,Female,67,Normal,3.8,246.31,261,3.4
25,82,High,High,No,8,94,Low,Yes,2,Low,Medium,Public,Neutral,3,No,High School,Moderate,Male,70,Normal,1.8,1305.48,246,3.22
23,63,Medium,Medium,Yes,9,79,High,Yes,0,Low,Medium,Private,Negative,4,No,High School,Far,Female,63,High_Risk,2.8,648.91,63,2.3
16,90,High,High,Yes,7,58,High,Yes,1,Low,Medium,Public,Neutral,4,No,Postgraduate,Near,Female,70,Normal,0.8,1159.86,180,2.25
27,78,Medium,Medium,No,6,98,Low,Yes,1,Medium,Medium,Public,Positive,3,No,High School,Far,Male,68,Normal,1.8,1469.92,156,4.14
22,88,Medium,Medium,Yes,9,58,Low,Yes,3,Low,Medium,Private,Negative,2,No,College,Moderate,Male,68,Normal,2.8,455.7,352,2.8
3,79,Low,Medium,Yes,7,64,Low,Yes,0,Medium,Medium,Public,Negative,3,No,Postgraduate,Far,Female,58,High_Risk,0.8,239.97,79,0.38
32,75,High,Medium,Yes,7,97,High,Yes,1,Medium,Medium,Private,Neutral,3,No,College,Moderate,Male,72,Normal,0.8,3879.52,150,4.25
20,71,High,High,Yes,6,80,Medium,Yes,2,High,Low,Public,Positive,3,No,High School,Near,Male,68,Normal,1.8,888.84,213,3.43
22,72,Low,Medium,Yes,10,71,Medium,Yes,1,Medium,Medium,Private,Negative,1,No,College,Near,Male,64,High_Risk,3.8,411.04,144,2.18
33,74,Medium,Medium,No,9,64,Medium,Yes,2,Medium,Medium,Private,Neutral,4,No,Postgraduate,Near,Female,70,Normal,2.8,754.26,222,3.7
18,71,Medium,High,Yes,6,81,Medium,Yes,1,Low,High,Public,Positive,3,No,High School,Near,Male,66,Normal,1.8,809.96,142,2.86
17,76,Medium,High,Yes,8,95,Low,Yes,1,Low,Medium,Private,Neutral,4,No,Postgraduate,Near,Female,67,Normal,1.8,897.17,152,2.11
19,67,Low,Medium,Yes,8,98,Medium,Yes,2,Low,Medium,Private,Negative,2,No,Postgraduate,Near,Female,64,High_Risk,1.8,1034.39,201,2.56
21,89,Medium,Medium,No,6,97,Medium,No,1,Low,Medium,Private,Negative,3,No,Postgraduate,Far,Female,68,Normal,1.8,1131.6,178,3.29
20,95,Medium,Low,Yes,7,62,Low,Yes,2,Low,Medium,Public,Neutral,4,No,College,Moderate,Male,68,Normal,0.8,1549.81,285,3.0
26,78,High,High,Yes,8,73,Medium,No,2,Low,Medium,Private,Positive,4,No,College,Near,Female,71,Normal,1.8,1054.39,234,3.33
16,73,High,Medium,Yes,7,81,Medium,Yes,1,High,High,Public,Negative,4,No,Postgraduate,Near,Male,67,Normal,0.8,1619.8,146,2.25
5,70,High,High,Yes,8,55,Medium,Yes,3,Low,Medium,Public,Neutral,3,No,High School,Near,Male,62,High_Risk,1.8,152.77,280,1.22
14,90,Low,Medium,Yes,7,66,Medium,Yes,1,Medium,Medium,Public,Neutral,5,No,College,Near,Male,67,Normal,0.8,1154.86,180,2.0
25,85,High,High,No,9,68,Medium,Yes,1,High,Medium,Public,Negative,3,No,Postgraduate,Far,Female,71,Normal,2.8,607.12,170,2.7
29,84,Medium,Low,Yes,7,68,Low,Yes,1,Low,Medium,Private,Neutral,2,No,High School,Moderate,Male,67,Normal,0.8,2464.69,168,3.88
15,98,Low,Medium,Yes,8,71,Low,Yes,1,Medium,Medium,Public,Positive,3,No,High School,Near,Male,68,Normal,1.8,591.63,196,1.89
23,83,High,Medium,No,5,74,Medium,Yes,3,Low,Medium,Public,Negative,2,No,Postgraduate,Near,Male,69,Normal,2.8,607.84,332,4.83
25,87,High,High,Yes,8,84,Low,Yes,2,High,Medium,Public,Positive,4,No,College,Moderate,Male,73,Normal,1.8,1166.6,261,3.22
29,80,Medium,Low,No,5,85,High,Yes,0,High,High,Public,Neutral,2,No,High School,Moderate,Male,69,Normal,2.8,880.33,80,4.83
18,69,High,High,No,7,62,Low,Yes,3,Medium,Medium,Public,Positive,3,No,High School,Moderate,Male,65,High_Risk,0.8,1394.83,276,3.0
23,72,High,High,Yes,6,89,Medium,No,0,Medium,High,Private,Negative,3,No,High School,Moderate,Male,67,Normal,1.8,1137.16,72,3.29
23,94,High,Medium,No,5,55,High,Yes,2,Medium,Medium,Public,Positive,2,Yes,High School,Near,Male,70,Normal,2.8,451.77,282,4.5
20,100,Medium,Medium,Yes,8,64,Medium,Yes,0,Low,Medium,Public,Neutral,2,No,High School,Moderate,Male,69,Normal,1.8,711.07,100,2.22
29,93,Low,Medium,Yes,9,54,Medium,No,4,Low,High,Public,Positive,3,No,High School,Near,Male,71,Normal,2.8,559.27,465,3.7
8,91,High,Low,No,6,98,Medium,Yes,1,Medium,Medium,Private,Positive,3,No,High School,Near,Female,67,Normal,1.8,435.53,182,1.43
23,87,High,Low,No,6,59,Medium,Yes,4,Medium,High,Public,Neutral,2,No,High School,Near,Male,70,Normal,1.8,753.85,435,4.43
22,76,Medium,Low,No,9,87,Low,Yes,2,Low,High,Public,Neutral,3,Yes,College,Near,Female,65,High_Risk,2.8,683.55,228,2.6
19,74,Medium,Medium,Yes,10,85,Medium,Yes,1,Low,Medium,Public,Positive,5,No,Postgraduate,Moderate,Male,67,Normal,3.8,424.99,148,1.91
16,63,Medium,Medium,No,8,79,Medium,Yes,2,Low,High,Public,Positive,3,No,College,Moderate,Male,63,High_Risk,1.8,702.18,189,2.22
22,85,Medium,High,No,9,97,High,Yes,0,Medium,High,Public,Negative,3,No,College,Moderate,Male,70,Normal,2.8,762.12,85,2.2
25,85,Medium,Medium,No,8,58,Medium,Yes,2,Medium,High,Public,Neutral,4,No,College,Near,Male,70,Normal,1.8,805.51,255,3.22
20,83,High,Medium,Yes,6,73,Medium,Yes,0,High,Medium,Public,Positive,3,No,College,Far,Male,68,Normal,1.8,811.07,83,2.86
18,100,Medium,Medium,No,6,88,Medium,Yes,2,Medium,Medium,Public,Neutral,2,No,College,Moderate,Male,71,Normal,1.8,879.95,300,3.14
10,61,High,Medium,Yes,7,85,High,Yes,1,Medium,Medium,Public,Neutral,4,No,High School,Near,Female,62,High_Risk,0.8,1062.37,122,1.5
23,83,Low,Low,No,8,85,Medium,Yes,2,Low,Medium,Private,Neutral,2,Yes,High School,Near,Male,65,High_Risk,1.8,1086.05,249,3.0
23,94,Low,Medium,No,8,100,Medium,No,0,Low,Medium,Public,Neutral,3,No,Postgraduate,Near,Male,69,Normal,1.8,1277.71,94,2.56
25,64,Medium,Low,Yes,8,91,Medium,Yes,1,Low,Low,Public,Positive,5,No,College,Near,Male,66,Normal,1.8,1263.82,128,3.0
16,100,High,Low,Yes,8,63,High,Yes,2,Low,Medium,Public,Negative,3,No,High School,Moderate,Male,69,Normal,1.8,559.97,300,2.22
12,84,Low,Medium,No,7,50,Medium,Yes,3,High,High,Public,Neutral,3,No,High School,Near,Male,65,High_Risk,0.8,749.91,336,2.25
15,69,Medium,Medium,Yes,7,89,Medium,Yes,1,Low,High,Public,Negative,2,No,College,Moderate,Female,63,High_Risk,0.8,1668.54,138,2.12
29,73,Low,Low,Yes,7,63,Medium,Yes,1,Low,Medium,Public,Negative,4,No,Postgraduate,Far,Female,65,High_Risk,0.8,2283.46,146,3.88
19,69,High,Medium,Yes,5,98,Medium,Yes,0,High,Medium,Public,Neutral,4,No,High School,Moderate,Male,66,Normal,2.8,664.98,69,3.17
11,100,Low,High,No,9,77,Medium,Yes,2,Medium,High,Public,Positive,3,No,Postgraduate,Near,Female,70,Normal,2.8,302.49,300,1.5
17,60,High,Medium,Yes,9,86,Medium,Yes,0,Low,High,Public,Positive,2,No,High School,Near,Male,63,High_Risk,2.8,522.12,60,1.7
19,62,High,Medium,Yes,6,79,Low,Yes,7,Medium,Medium,Public,Neutral,2,No,High School,Near,Female,66,Normal,1.8,833.84,496,4.71
30,87,Low,Medium,No,7,59,Medium,Yes,2,Medium,Medium,Public,Neutral,3,No,High School,Moderate,Male,69,Normal,0.8,2212.22,261,4.25
22,97,Medium,Medium,Yes,6,88,High,Yes,1,Low,Low,Private,Positive,4,No,College,Near,Male,72,Normal,1.8,1075.5,194,3.43
23,64,Medium,High,No,4,71,Low,Yes,2,Medium,Medium,Public,Negative,1,No,Postgraduate,Near,Male,65,High_Risk,3.8,429.73,192,5.4
23,67,Medium,Medium,No,8,71,High,Yes,2,Medium,Medium,Public,Neutral,4,No,College,Moderate,Female,66,Normal,1.8,907.17,201,3.0
8,67,Medium,Medium,Yes,7,92,Medium,Yes,0,High,High,Private,Positive,2,No,College,Near,Male,63,High_Risk,0.8,919.89,67,1.0
19,99,Medium,High,Yes,5,54,Low,Yes,0,Medium,Medium,Public,Neutral,2,No,Postgraduate,Near,Male,70,Normal,2.8,366.42,99,3.17
16,86,Medium,Medium,Yes,6,62,Low,Yes,1,Low,High,Public,Positive,4,No,High School,Near,Female,66,Normal,1.8,551.08,172,2.57
23,65,High,Medium,No,6,67,High,No,3,Medium,Medium,Private,Negative,5,No,High School,Moderate,Male,65,High_Risk,1.8,856.06,260,4.14
15,97,Low,Medium,No,7,60,Low,Yes,4,Medium,Medium,Public,Negative,3,No,High School,Near,Female,67,Normal,0.8,1124.86,485,2.88
31,84,Medium,Medium,Yes,9,87,Medium,Yes,2,Low,Medium,Private,Neutral,3,No,College,Far,Male,71,Normal,2.8,963.18,252,3.5
18,91,Medium,Medium,No,7,63,Medium,Yes,1,Medium,Medium,Public,Negative,4,No,College,Near,Male,68,Normal,0.8,1417.32,182,2.5
16,93,High,Medium,Yes,7,52,Low,Yes,2,Medium,High,Public,Neutral,3,No,High School,Near,Male,69,Normal,0.8,1039.87,279,2.5
14,87,Medium,High,Yes,7,61,Medium,Yes,0,Low,Medium,Public,Neutral,3,No,High School,Far,Male,65,High_Risk,0.8,1067.37,87,1.75
24,61,Medium,Medium,Yes,8,88,Low,Yes,1,Low,Medium,Private,Positive,4,No,High School,Moderate,Female,64,High_Risk,1.8,1173.27,122,2.89
19,83,High,High,No,6,64,Medium,Yes,0,Medium,Medium,Private,Negative,5,No,Postgraduate,Near,Female,68,Normal,1.8,675.52,83,2.71
26,61,Low,High,Yes,9,91,Medium,No,0,High,High,Private,Positive,4,No,College,Near,Female,67,Normal,2.8,844.97,61,2.6
15,81,Medium,Medium,Yes,8,52,Medium,Yes,0,Medium,Medium,Public,Neutral,2,No,Postgraduate,Near,Male,65,High_Risk,1.8,433.31,81,1.67
23,63,High,Medium,Yes,5,96,Medium,Yes,2,High,Medium,Public,Neutral,2,No,High School,Near,Female,67,Normal,2.8,788.54,189,4.5
18,84,High,High,Yes,8,92,Low,Yes,0,Low,High,Public,Negative,3,No,College,Near,Female,69,Normal,1.8,919.95,84,2.0
28,88,High,Medium,No,8,79,Medium,Yes,0,Medium,Medium,Public,Positive,3,No,High School,Far,Male,71,Normal,1.8,1228.82,88,3.11
24,73,Medium,Medium,Yes,7,99,Medium,Yes,3,Medium,High,Private,Neutral,3,No,High School,Near,Female,69,Normal,0.8,2969.63,292,3.75
8,68,High,Medium,Yes,7,96,Medium,Yes,2,Low,High,Public,Positive,3,No,Postgraduate,Near,Female,65,High_Risk,0.8,959.88,204,1.5
17,95,High,Medium,No,5,54,Low,Yes,2,High,High,Public,Neutral,2,No,College,Moderate,Female,69,Normal,2.8,327.85,285,3.5
24,80,Medium,Medium,Yes,7,69,Low,Yes,0,Medium,High,Private,Positive,3,No,College,Far,Male,67,Normal,0.8,2069.74,80,3.0
10,94,Medium,High,No,9,65,Medium,Yes,3,Low,Low,Private,Negative,2,No,High School,Moderate,Female,65,High_Risk,2.8,232.13,376,1.6
7,64,Medium,High,No,9,70,High,Yes,4,Low,Low,Public,Neutral,4,Yes,High School,Far,Male,59,High_Risk,2.8,174.99,320,1.5
17,87,Medium,Medium,Yes,7,61,Medium,Yes,4,High,Medium,Public,Negative,3,Yes,High School,Near,Female,67,Normal,0.8,1296.09,435,3.12
7,91,High,Medium,No,7,94,High,No,3,High,Medium,Public,Neutral,3,No,Postgraduate,Moderate,Female,68,Normal,0.8,822.4,364,1.62
23,91,High,Low,Yes,8,58,Medium,Yes,0,Medium,Medium,Public,Positive,2,No,High School,Far,Male,68,Normal,1.8,741.07,91,2.56
13,92,High,High,Yes,7,77,Medium,Yes,2,High,Medium,Public,Positive,4,No,Postgraduate,Near,Male,72,Normal,0.8,1251.09,276,2.12
23,92,Low,Medium,Yes,10,71,Medium,Yes,1,Low,Medium,Public,Neutral,3,No,College,Near,Male,69,Normal,3.8,429.73,184,2.27
17,97,High,Medium,Yes,9,63,Medium,Yes,2,Low,Medium,Public,Positive,2,No,High School,Near,Male,70,Normal,2.8,382.49,291,2.1
22,77,Medium,High,No,7,85,Low,Yes,2,Low,Medium,Public,Neutral,2,No,College,Near,Male,68,Normal,0.8,2337.21,231,3.25
24,72,Low,Medium,Yes,8,73,Low,Yes,1,Low,Medium,Public,Positive,2,No,College,Moderate,Female,65,High_Risk,1.8,973.28,144,2.89
7,73,Medium,Medium,Yes,7,75,Medium,Yes,1,High,High,Private,Positive,3,No,College,Near,Male,64,High_Risk,0.8,656.17,146,1.12
20,83,High,Low,Yes,6,94,Medium,Yes,1,Low,Medium,Public,Neutral,2,No,High School,Near,Male,67,Normal,1.8,1044.39,166,3.14
21,100,Medium,Medium,No,6,67,Medium,Yes,0,High,Medium,Public,Positive,3,No,High School,Far,Male,70,Normal,1.8,781.62,100,3.0
22,65,Low,Medium,No,6,63,Medium,No,2,Medium,Medium,Public,Neutral,3,No,High School,Far,Male,61,High_Risk,1.8,769.96,195,3.71
9,70,Medium,Medium,No,9,78,Low,Yes,1,Medium,Low,Public,Neutral,2,No,High School,Near,Female,60,High_Risk,2.8,250.71,140,1.1
20,68,Low,Medium,No,6,98,High,Yes,0,Low,High,Public,Negative,4,No,High School,Near,Female,64,High_Risk,1.8,1088.83,68,2.86
15,67,High,High,Yes,4,50,Low,Yes,0,Medium,Unknown,Public,Positive,1,No,College,Near,Male,64,High_Risk,3.8,197.36,67,3.0
16,95,Medium,Low,Yes,6,88,Low,Yes,2,High,High,Public,Positive,4,No,High School,Near,Female,70,Normal,1.8,782.18,285,2.86
17,82,Medium,Low,No,6,88,Low,Yes,2,Low,Low,Private,Neutral,3,No,Postgraduate,Near,Male,65,High_Risk,1.8,831.06,246,3.0
16,73,Medium,Medium,Yes,7,74,Low,Yes,1,Low,High,Public,Positive,3,No,High School,Moderate,Male,64,High_Risk,0.8,1479.82,146,2.25
22,64,Medium,High,Yes,8,68,Medium,Yes,2,Medium,Medium,Public,Negative,4,No,High School,Near,Male,65,High_Risk,1.8,831.06,192,2.89
20,66,Medium,Medium,No,6,90,High,Yes,0,Medium,Medium,Public,Neutral,1,No,College,Near,Female,64,High_Risk,1.8,999.94,66,2.86
19,88,High,Medium,Yes,5,95,Medium,Yes,1,Medium,High,Public,Neutral,3,No,High School,Near,Male,70,Normal,2.8,644.62,176,3.5
26,80,Medium,Medium,Yes,8,93,Medium,Yes,2,Low,Low,Public,Neutral,1,No,Postgraduate,Moderate,Male,69,Normal,1.8,1343.26,240,3.33
19,98,Low,High,Yes,7,67,High,Yes,1,Medium,Medium,Private,Negative,4,No,High School,Moderate,Female,70,Normal,0.8,1591.05,196,2.62
15,64,High,Low,Yes,7,89,Low,Yes,0,Low,Medium,Public,Negative,2,No,High School,Near,Male,61,High_Risk,0.8,1668.54,64,1.88
12,62,Medium,High,Yes,7,63,High,Yes,1,High,Medium,Public,Neutral,4,No,High School,Near,Female,62,High_Risk,0.8,944.88,124,1.75
13,81,Medium,High,No,6,53,Low,Yes,2,Low,Medium,Public,Positive,4,No,High School,Near,Male,65,High_Risk,1.8,382.76,243,2.43
25,66,High,Medium,Yes,4,70,Medium,No,1,High,Medium,Public,Positive,3,No,High School,Moderate,Male,66,Normal,3.8,460.51,132,5.4
11,85,Medium,Medium,No,7,79,Low,Yes,2,High,Low,Public,Positive,3,No,High School,Near,Male,65,High_Risk,0.8,1086.11,255,1.88
25,90,High,High,Yes,8,83,Medium,Yes,2,Medium,Medium,Public,Negative,3,No,College,Near,Male,73,Normal,1.8,1152.71,270,3.22
26,74,High,Medium,No,6,62,Medium,Yes,0,Low,Medium,Private,Neutral,3,No,High School,Near,Female,66,Normal,1.8,895.51,74,3.71
38,90,High,Medium,Yes,4,60,Low,Yes,2,Low,Medium,Public,Neutral,4,No,College,Moderate,Male,74,Normal,3.8,599.98,270,8.4
18,93,Medium,High,Yes,8,96,Medium,Yes,2,Medium,Low,Public,Positive,2,No,High School,Moderate,Female,71,Normal,1.8,959.95,279,2.44
15,65,Low,High,Yes,5,87,Medium,Yes,0,Low,High,Private,Neutral,4,No,High School,Near,Female,63,High_Risk,2.8,466.05,65,2.5
23,76,Medium,Medium,No,8,84,High,Yes,2,High,Medium,Public,Positive,4,No,College,Near,Female,70,Normal,1.8,1073.27,228,3.0
24,68,Medium,Medium,Yes,10,73,Low,Yes,1,Medium,Medium,Public,Neutral,4,Yes,High School,Moderate,Female,64,High_Risk,3.8,461.04,136,2.36
26,72,High,Medium,No,9,81,High,Yes,0,Medium,High,Public,Neutral,3,No,High School,Near,Male,68,Normal,2.8,752.12,72,2.6
19,87,Low,High,Yes,6,50,Medium,Yes,3,Low,Medium,Public,Neutral,2,No,Postgraduate,Near,Male,68,Normal,1.8,527.75,348,3.57
19,80,High,Medium,Yes,9,54,Medium,Yes,0,Low,Medium,Public,Negative,2,No,Postgraduate,Moderate,Male,65,High_Risk,2.8,366.42,80,1.9
11,72,High,Low,No,8,55,High,Yes,0,Medium,Low,Public,Neutral,3,Yes,College,Unknown,Male,60,High_Risk,1.8,336.09,72,1.22
25,69,Medium,Medium,Yes,7,88,High,Yes,0,Low,Medium,Public,Negative,4,No,College,Near,Female,66,Normal,0.8,2749.66,69,3.12
25,67,Medium,High,Yes,6,64,Medium,No,0,Low,Medium,Public,Neutral,2,No,High School,Moderate,Male,64,High_Risk,1.8,888.84,67,3.57
25,70,Medium,Medium,Yes,9,56,High,Yes,0,Low,Medium,Public,Positive,1,No,High School,Far,Male,64,High_Risk,2.8,499.98,70,2.5
28,79,High,Medium,Yes,4,82,Medium,Yes,0,Medium,Medium,Private,Positive,3,No,High School,Near,Male,70,Normal,3.8,604.19,79,5.6
18,78,Medium,Medium,No,9,91,High,Yes,2,High,Low,Public,Neutral,4,No,College,Far,Female,67,Normal,2.8,584.98,234,2.2
18,68,High,High,Yes,8,52,High,Yes,0,High,High,Public,Positive,3,No,College,Near,Male,67,Normal,1.8,519.97,68,2.0
31,69,Medium,Low,Yes,9,81,Medium,Yes,2,Medium,Medium,Private,Negative,2,No,College,Near,Male,67,Normal,2.8,896.75,207,3.5
34,96,Medium,Medium,Yes,5,94,High,Yes,1,Medium,High,Public,Negative,5,Yes,High School,Moderate,Female,75,Normal,2.8,1141.39,192,6.0
18,78,Low,Low,Yes,8,77,Medium,Yes,2,Medium,High,Private,Neutral,4,No,College,Near,Female,66,Normal,1.8,769.96,234,2.44
22,70,Low,Medium,No,7,53,Low,Yes,1,Low,Medium,Public,Positive,3,No,High School,Near,Female,83,Normal,0.8,1457.32,140,3.0
24,91,High,High,Yes,7,76,Medium,Yes,0,Medium,Medium,Private,Positive,2,No,High School,Moderate,Female,72,Normal,0.8,2279.72,91,3.0
4,100,High,High,Yes,8,60,High,Yes,0,Medium,High,Private,Positive,4,No,College,Moderate,Male,69,Normal,1.8,133.33,100,0.44
19,81,High,Medium,No,7,100,Medium,Yes,1,Low,Medium,Private,Negative,5,No,Postgraduate,Moderate,Female,68,Normal,0.8,2374.7,162,2.62
22,94,Low,Low,No,9,53,High,Yes,1,Medium,High,Public,Neutral,3,No,College,Near,Female,68,Normal,2.8,416.41,188,2.4
19,67,Medium,Low,No,7,61,High,Yes,1,Medium,Unknown,Private,Neutral,4,No,College,Moderate,Female,63,High_Risk,0.8,1448.57,134,2.62
17,64,High,High,No,7,80,Low,Yes,3,Medium,Medium,Private,Positive,4,No,High School,Near,Male,66,Normal,0.8,1699.79,256,2.88
19,67,Medium,Medium,Yes,6,55,Low,Yes,1,Medium,Medium,Public,Neutral,4,No,High School,Near,Male,63,High_Risk,1.8,580.52,134,3.0
28,80,Medium,High,No,6,96,High,Yes,2,Low,Medium,Public,Positive,6,No,High School,Near,Male,73,Normal,1.8,1493.25,240,4.57
30,76,Medium,Medium,Yes,6,75,Low,Yes,3,High,Medium,Public,Positive,3,No,College,Near,Female,71,Normal,1.8,1249.93,304,5.14
27,78,Medium,Medium,Yes,5,76,High,Yes,1,Medium,Medium,Private,Positive,4,No,Postgraduate,Near,Male,71,Normal,2.8,732.83,156,4.83
4,62,Medium,Medium,No,6,78,High,Yes,3,High,Unknown,Public,Neutral,2,No,High School,Far,Female,58,High_Risk,1.8,173.32,248,1.43
27,96,High,Low,Yes,7,84,Medium,Yes,1,High,Medium,Public,Neutral,3,No,College,Near,Male,74,Normal,0.8,2834.65,192,3.62
14,94,Low,Low,Yes,7,85,Low,Yes,1,High,Medium,Public,Neutral,3,No,High School,Moderate,Female,66,Normal,0.8,1487.31,188,2.0
16,95,Medium,Low,No,8,68,Low,No,2,Medium,High,Public,Neutral,4,No,High School,Near,Female,66,Normal,1.8,604.41,285,2.22
28,81,High,Medium,Yes,8,73,Low,Yes,0,Medium,High,Public,Negative,3,No,Postgraduate,Near,Male,70,Normal,1.8,1135.49,81,3.11
13,85,Medium,High,Yes,6,88,Medium,Yes,2,Medium,High,Public,Positive,3,No,High School,Moderate,Female,68,Normal,1.8,635.52,255,2.43
12,83,High,Medium,Yes,5,85,Medium,Yes,2,Low,High,Private,Negative,2,No,College,Near,Male,67,Normal,2.8,364.27,249,2.67
18,88,High,Medium,No,6,68,Low,Yes,0,Medium,High,Public,Neutral,4,No,High School,Far,Female,67,Normal,1.8,679.96,88,2.57
15,96,High,High,Yes,8,73,Medium,Yes,3,Medium,Medium,Private,Negative,3,No,College,Near,Female,71,Normal,1.8,608.3,384,2.33
20,97,High,Medium,Yes,7,94,High,Yes,1,Medium,Medium,Public,Negative,1,No,College,Moderate,Male,72,Normal,0.8,2349.71,194,2.75
24,91,Low,Medium,No,8,73,Medium,Yes,2,Low,High,Private,Positive,2,No,Postgraduate,Moderate,Male,70,Normal,1.8,973.28,273,3.11
23,87,High,High,Yes,8,91,High,Yes,0,High,Medium,Private,Positive,3,No,High School,Moderate,Male,72,Normal,1.8,1162.71,87,2.56
22,63,Medium,Medium,Yes,4,54,Medium,Yes,0,Medium,Medium,Private,Positive,3,No,High School,Moderate,Male,62,High_Risk,3.8,312.62,63,4.4
24,82,Low,Medium,No,7,56,Medium,Yes,1,Medium,Medium,Public,Positive,3,No,Postgraduate,Moderate,Male,67,Normal,0.8,1679.79,164,3.25
27,74,Medium,Medium,Yes,6,74,Medium,Yes,2,Medium,High,Public,Neutral,2,No,College,Far,Male,68,Normal,1.8,1109.94,222,4.43
13,78,Medium,Medium,Yes,9,73,Medium,Yes,0,Medium,High,Private,Negative,4,No,High School,Near,Male,64,High_Risk,2.8,338.92,78,1.3
17,68,Low,High,No,8,53,Medium,Yes,0,Low,Medium,Public,Neutral,2,No,College,Near,Male,61,High_Risk,1.8,500.53,68,1.89
28,68,Low,Low,Yes,9,85,Medium,Yes,0,Medium,Medium,Public,Negative,3,No,Postgraduate,Near,Male,65,High_Risk,2.8,849.97,68,2.8
21,77,Medium,High,Yes,6,70,Low,No,2,High,Medium,Private,Positive,2,No,College,Near,Male,68,Normal,1.8,816.62,231,3.57
21,75,Low,High,Yes,7,79,Medium,Yes,0,Low,Medium,Public,Neutral,2,No,High School,Near,Male,65,High_Risk,0.8,2073.49,75,2.62
11,64,Medium,Medium,Yes,8,66,Medium,Yes,2,Low,Medium,Public,Positive,2,No,College,Moderate,Male,61,High_Risk,1.8,403.31,192,1.67
20,94,Medium,Medium,No,7,89,Medium,Yes,0,Low,Medium,Private,Neutral,1,No,High School,Near,Male,68,Normal,0.8,2224.72,94,2.5
19,97,Medium,Low,Yes,8,54,Medium,Yes,0,High,Medium,Public,Neutral,2,No,High School,Near,Male,68,Normal,1.8,569.97,97,2.11
22,79,Low,Medium,No,7,75,Low,Yes,1,Low,High,Private,Neutral,3,No,High School,Near,Female,65,High_Risk,0.8,2062.24,158,3.0
18,81,Medium,Medium,Yes,4,84,Low,Yes,1,Medium,Medium,Private,Positive,4,No,College,Near,Female,68,Normal,3.8,397.88,162,4.0
7,74,Low,High,No,9,98,High,Yes,3,High,Low,Public,Neutral,2,No,High School,Moderate,Male,63,High_Risk,2.8,244.99,296,1.3
20,82,Low,Low,Yes,7,52,Low,Yes,0,Medium,Medium,Private,Neutral,3,No,College,Near,Female,64,High_Risk,0.8,1299.84,82,2.5
19,63,Medium,Medium,Yes,6,78,Low,Yes,3,Medium,Medium,Public,Neutral,2,Yes,College,Near,Male,63,High_Risk,1.8,823.29,252,3.57
24,89,Medium,High,Yes,5,68,Medium,Yes,0,Low,High,Public,Positive,2,No,Postgraduate,Near,Female,71,Normal,2.8,582.84,89,4.0
22,86,Medium,Medium,Yes,5,57,High,Yes,2,Medium,Medium,Public,Positive,3,No,College,Moderate,Male,69,Normal,2.8,447.84,258,4.33
15,67,High,Medium,Yes,8,89,Low,Yes,0,High,High,Public,Neutral,4,No,High School,Moderate,Female,64,High_Risk,1.8,741.63,67,1.67
9,70,High,Medium,Yes,8,70,Low,Yes,1,Medium,Medium,Public,Positive,3,No,College,Near,Male,63,High_Risk,1.8,349.98,140,1.22
19,63,Low,High,No,7,94,Medium,Yes,1,Medium,Medium,Private,Positive,3,No,High School,Moderate,Male,64,High_Risk,0.8,2232.22,126,2.62
13,68,Low,Low,Yes,8,66,Medium,Yes,0,Medium,Low,Public,Neutral,4,Yes,College,Near,Male,59,High_Risk,1.8,476.64,68,1.44
24,91,Medium,Medium,Yes,7,72,Medium,Yes,3,Medium,High,Public,Neutral,3,No,High School,Moderate,Male,71,Normal,0.8,2159.73,364,3.75
24,80,Medium,High,Yes,7,99,Low,Yes,2,Medium,Medium,Public,Negative,2,No,High School,Moderate,Female,69,Normal,0.8,2969.63,240,3.5
22,80,Medium,High,Yes,9,72,Low,Yes,2,Medium,Medium,Public,Neutral,4,No,College,Near,Female,69,Normal,2.8,565.69,240,2.6
25,96,Low,Medium,No,7,98,Medium,Yes,0,Low,Medium,Public,Positive,2,No,High School,Near,Female,71,Normal,0.8,3062.12,96,3.12
19,99,High,High,Yes,8,53,Medium,Yes,1,Medium,Medium,Private,Neutral,4,No,College,Near,Male,72,Normal,1.8,559.41,198,2.33
21,79,Medium,Low,No,8,73,Medium,Yes,1,Low,Low,Public,Neutral,2,No,High School,Near,Female,64,High_Risk,1.8,851.62,158,2.56
20,81,Medium,Low,No,8,69,Medium,Yes,1,Medium,Medium,Private,Neutral,2,No,High School,Near,Female,65,High_Risk,1.8,766.62,162,2.44
5,92,Medium,Medium,Yes,9,52,Medium,Yes,2,High,Medium,Private,Neutral,4,Yes,College,Moderate,Female,64,High_Risk,2.8,92.85,276,0.9
18,75,Medium,Low,No,7,50,Medium,Yes,4,Low,Medium,Public,Positive,2,No,Postgraduate,Near,Female,65,High_Risk,0.8,1124.86,375,3.25
24,95,High,Medium,Yes,6,92,Medium,Yes,2,Low,Medium,Public,Neutral,3,No,High School,Far,Male,72,Normal,1.8,1226.6,285,4.0
25,85,High,Medium,No,6,78,Low,Yes,2,Medium,High,Public,Neutral,1,No,High School,Far,Female,69,Normal,1.8,1083.27,255,4.14
31,88,Medium,High,No,7,83,Medium,Yes,0,Low,Medium,Private,Neutral,2,No,High School,Near,Male,72,Normal,0.8,3215.85,88,3.88
11,93,Medium,Medium,Yes,6,72,Low,Yes,2,Low,Medium,Public,Negative,3,No,College,Moderate,Male,66,Normal,1.8,439.98,279,2.14
13,75,Low,High,Yes,6,100,High,Yes,1,Medium,Medium,Public,Positive,3,No,Postgraduate,Near,Male,67,Normal,1.8,722.18,150,2.14
14,81,Medium,High,Yes,6,64,Low,No,2,High,High,Public,Neutral,2,No,High School,Far,Female,64,High_Risk,1.8,497.75,243,2.57
29,94,High,Medium,No,7,79,Medium,Yes,6,Low,High,Private,Neutral,4,No,College,Near,Female,76,Normal,0.8,2863.39,658,5.12
16,61,Medium,Low,No,8,91,High,Yes,2,Medium,High,Public,Neutral,3,No,College,Moderate,Male,63,High_Risk,1.8,808.84,183,2.22
18,91,Medium,High,No,8,82,Medium,Yes,3,Medium,Medium,Private,Positive,2,No,High School,Moderate,Male,70,Normal,1.8,819.95,364,2.67
15,85,High,Medium,No,7,82,High,Yes,2,Medium,Medium,Public,Negative,4,No,High School,Far,Male,67,Normal,0.8,1537.31,255,2.38
19,73,Medium,Medium,Yes,6,64,Low,Yes,4,Medium,Medium,Public,Positive,5,Yes,College,Near,Female,66,Normal,1.8,675.52,365,3.86
20,74,High,High,No,7,69,Low,Yes,2,High,High,Private,Neutral,2,No,College,Near,Male,68,Normal,0.8,1724.78,222,3.0
21,70,Low,Medium,No,6,61,Medium,Yes,1,Low,Medium,Public,Neutral,3,No,High School,Near,Male,62,High_Risk,1.8,711.63,140,3.29
19,67,Medium,Low,Yes,8,55,Medium,No,0,Medium,High,Private,Positive,4,No,High School,Near,Male,62,High_Risk,1.8,580.52,67,2.11
15,75,High,Medium,No,8,85,Medium,Yes,1,Low,High,Public,Neutral,3,No,High School,Near,Male,65,High_Risk,1.8,708.29,150,1.89
11,82,High,High,No,7,97,Low,Yes,2,High,Medium,Public,Positive,3,No,College,Near,Male,69,Normal,0.8,1333.58,246,1.88
23,62,Medium,High,No,10,93,High,Yes,2,Low,Unknown,Public,Positive,4,No,College,Near,Female,68,Normal,3.8,562.88,186,2.45
23,92,High,High,No,9,58,Medium,Yes,2,Low,Medium,Private,Neutral,1,No,Postgraduate,Near,Female,71,Normal,2.8,476.41,276,2.7
18,96,Medium,Low,Yes,8,57,Medium,Yes,1,Medium,Medium,Public,Negative,2,No,High School,Near,Female,67,Normal,1.8,569.97,192,2.22
8,73,Medium,High,Yes,4,80,Low,Yes,0,Low,High,Public,Neutral,4,No,College,Moderate,Male,62,High_Risk,3.8,168.42,73,1.6
21,74,High,Medium,Yes,8,95,Low,Yes,1,Medium,Medium,Private,Positive,5,Yes,High School,Far,Female,66,Normal,1.8,1108.27,148,2.56
13,63,Medium,High,Yes,8,52,Medium,Yes,2,Low,Medium,Public,Positive,4,No,High School,Near,Male,62,High_Risk,1.8,375.53,189,1.89
23,64,Medium,High,Yes,8,68,Low,Yes,3,Low,High,Public,Neutral,3,No,High School,Near,Female,66,Normal,1.8,868.84,256,3.22
15,66,Medium,Medium,No,9,63,Medium,Yes,3,Medium,Medium,Private,Neutral,3,No,High School,Near,Male,63,High_Risk,2.8,337.49,264,2.1
28,91,Low,Medium,No,7,90,Medium,Yes,2,High,Low,Private,Neutral,3,No,High School,Near,Male,71,Normal,0.8,3149.61,273,4.0
13,69,Medium,Low,Yes,9,96,Low,Yes,0,High,Medium,Private,Neutral,4,No,High School,Far,Female,61,High_Risk,2.8,445.7,69,1.3
20,96,High,High,No,8,57,Low,Yes,1,Low,Medium,Private,Neutral,4,No,High School,Near,Male,70,Normal,1.8,633.3,192,2.44
15,77,Medium,Medium,Yes,8,94,Low,Yes,0,High,High,Public,Positive,3,No,College,Moderate,Male,66,Normal,1.8,783.29,77,1.67
22,64,Medium,High,No,6,52,Low,Yes,2,High,Medium,Private,Negative,4,No,College,Moderate,Female,64,High_Risk,1.8,635.52,192,3.71
19,87,Low,Medium,No,9,54,Low,Yes,3,Low,High,Public,Positive,4,No,High School,Moderate,Female,66,Normal,2.8,366.42,348,2.5
24,64,Medium,Low,No,6,85,Medium,Yes,3,Medium,Medium,Public,Positive,2,No,Postgraduate,Moderate,Male,65,High_Risk,1.8,1133.27,256,4.29
16,91,High,High,Yes,6,92,Low,Yes,2,Low,High,Private,Positive,3,No,High School,Moderate,Male,71,Normal,1.8,817.73,273,2.86
24,96,Low,High,No,6,93,Medium,Yes,2,Low,Medium,Public,Neutral,2,No,High School,Moderate,Female,94,Normal,1.8,1239.93,288,4.0
22,84,High,Medium,Yes,6,89,Medium,Yes,2,Medium,Medium,Public,Neutral,3,No,High School,Near,Male,71,Normal,1.8,1087.72,252,3.71
11,80,Medium,Medium,Yes,6,96,Low,Yes,1,Low,High,Public,Neutral,3,No,High School,Near,Male,65,High_Risk,1.8,586.63,160,1.86
21,67,Low,Medium,Yes,9,93,High,Yes,1,Low,High,Public,Neutral,3,No,College,Near,Male,66,Normal,2.8,697.48,134,2.3
24,93,High,Medium,Yes,8,51,High,Yes,4,Medium,Medium,Private,Positive,2,Yes,High School,Near,Male,72,Normal,1.8,679.96,465,3.56
31,68,Medium,Medium,No,9,59,Medium,Yes,3,High,High,Public,Neutral,2,No,Postgraduate,Near,Female,69,Normal,2.8,653.19,272,3.7
25,69,High,Medium,No,7,76,Medium,Yes,1,High,Medium,Public,Positive,2,No,High School,Near,Female,68,Normal,0.8,2374.7,138,3.38
16,91,Medium,Low,No,8,91,Low,Yes,2,Medium,Medium,Public,Neutral,2,No,High School,Far,Female,66,Normal,1.8,808.84,273,2.22
31,95,High,Medium,Yes,5,87,Medium,Yes,2,Low,Medium,Public,Neutral,3,No,Postgraduate,Moderate,Male,75,Normal,2.8,963.18,285,5.83
18,93,Low,High,Yes,6,80,Medium,Yes,1,Medium,Medium,Private,Negative,3,No,High School,Near,Male,69,Normal,1.8,799.96,186,2.86
24,91,High,Medium,No,7,93,Low,Yes,0,Medium,Medium,Public,Positive,2,No,High School,Moderate,Male,71,Normal,0.8,2789.65,91,3.0
12,94,Medium,Low,Yes,9,89,Medium,Yes,1,Low,Low,Private,Negative,3,No,High School,Near,Male,66,Normal,2.8,381.41,188,1.4
11,61,Medium,Low,Yes,7,81,High,Yes,5,Medium,Low,Public,Positive,4,Yes,High School,Near,Male,61,High_Risk,0.8,1113.61,366,2.62
22,89,High,High,Yes,6,80,Medium,Yes,1,High,High,Public,Positive,3,No,High School,Near,Female,73,Normal,1.8,977.72,178,3.43
12,95,Medium,Medium,No,7,70,Medium,Yes,4,Medium,High,Public,Positive,3,No,High School,Far,Male,68,Normal,0.8,1049.87,475,2.5
15,81,Medium,Medium,Yes,7,100,Medium,Yes,1,Low,Medium,Public,Neutral,3,No,Postgraduate,Moderate,Male,67,Normal,0.8,1874.77,162,2.12
14,68,Low,Medium,Yes,6,85,Medium,Yes,2,Medium,Medium,Public,Neutral,3,No,High School,Near,Female,63,High_Risk,1.8,661.07,204,2.57
23,89,Low,Medium,No,5,85,Low,Yes,0,Low,Medium,Public,Positive,3,No,Postgraduate,Moderate,Male,68,Normal,2.8,698.19,89,3.83
23,99,Medium,Medium,Yes,7,80,Low,Yes,3,Low,Low,Private,Neutral,2,No,High School,Near,Male,71,Normal,0.8,2299.71,396,3.62
33,63,High,High,Yes,9,59,Medium,Yes,1,Medium,Medium,Public,Positive,4,No,High School,Near,Male,69,Normal,2.8,695.33,126,3.5
22,91,Medium,High,No,5,61,Medium,Yes,3,Low,High,Public,Neutral,2,No,Postgraduate,Far,Male,70,Normal,2.8,479.27,364,4.67
9,94,High,Low,No,6,66,Low,Yes,0,Low,High,Public,Positive,3,No,College,Near,Male,66,Normal,1.8,329.98,94,1.29
18,95,Low,Medium,Yes,6,65,High,Yes,1,Low,High,Public,Negative,3,No,High School,Near,Female,68,Normal,1.8,649.96,190,2.86
22,73,High,Low,No,5,91,Medium,Yes,1,Medium,Medium,Public,Positive,3,No,Postgraduate,Moderate,Male,67,Normal,2.8,714.97,146,4.0
14,74,Medium,Medium,Yes,8,54,High,Yes,2,Low,Low,Public,Neutral,2,No,High School,Moderate,Male,62,High_Risk,1.8,419.98,222,2.0
26,90,Medium,Low,Yes,7,84,Low,Yes,1,Medium,Medium,Public,Positive,3,No,High School,Moderate,Male,70,Normal,0.8,2729.66,180,3.5
28,88,Low,High,Yes,8,93,Medium,Yes,3,Low,Medium,Public,Negative,1,No,Postgraduate,Moderate,Female,72,Normal,1.8,1446.59,352,3.78
20,93,High,Medium,No,6,78,Low,Yes,1,Low,Medium,Public,Positive,3,No,College,Moderate,Female,70,Normal,1.8,866.62,186,3.14
14,74,Medium,High,No,5,95,High,Yes,1,Low,High,Public,Positive,3,Yes,College,Near,Male,66,Normal,2.8,474.98,148,2.67
19,67,Low,Medium,Yes,7,93,High,Yes,0,Medium,Medium,Public,Positive,4,No,Postgraduate,Near,Male,66,Normal,0.8,2208.47,67,2.38
11,97,Medium,Medium,Yes,7,68,Low,Yes,0,Low,Medium,Private,Negative,2,No,High School,Moderate,Female,64,High_Risk,0.8,934.88,97,1.38
16,96,Medium,Medium,No,6,50,High,Yes,1,Medium,High,Public,Positive,3,No,College,Near,Male,69,Normal,1.8,444.42,192,2.57
25,85,High,High,No,8,50,High,Yes,1,High,Medium,Public,Neutral,1,No,College,Moderate,Female,70,Normal,1.8,694.41,170,3.0
17,86,High,Low,No,5,55,Low,No,2,High,Medium,Private,Neutral,4,No,College,Near,Male,66,Normal,2.8,333.92,258,3.5
18,75,Medium,Medium,Yes,7,86,Low,Yes,1,Low,Medium,Private,Negative,3,No,High School,Near,Male,64,High_Risk,0.8,1934.76,150,2.5
19,88,Low,Medium,Yes,8,59,Medium,Yes,2,Medium,Medium,Private,Neutral,4,No,High School,Near,Male,67,Normal,1.8,622.74,264,2.56
20,77,Medium,Low,Yes,7,68,Medium,No,0,Medium,High,Private,Positive,3,No,College,Near,Female,65,High_Risk,0.8,1699.79,77,2.5
22,75,Medium,High,No,6,54,Low,Yes,4,Low,High,Public,Positive,4,No,High School,Near,Male,68,Normal,1.8,659.96,375,4.29
26,61,Medium,Medium,No,7,64,Low,Yes,0,Medium,Medium,Private,Negative,3,No,Postgraduate,Unknown,Male,63,High_Risk,0.8,2079.74,61,3.25
15,65,Medium,Low,Yes,8,51,Medium,Yes,1,High,Medium,Public,Positive,3,No,High School,Moderate,Female,61,High_Risk,1.8,424.98,130,1.89
28,66,Medium,High,No,5,67,Medium,Yes,1,High,Medium,Private,Positive,1,No,Postgraduate,Moderate,Female,68,Normal,2.8,669.98,132,5.0
24,77,High,Medium,Yes,10,73,Medium,Yes,3,Medium,Medium,Public,Positive,3,No,High School,Near,Male,70,Normal,3.8,461.04,308,2.73
7,98,Medium,Medium,No,7,54,High,Yes,0,Medium,High,Private,Neutral,2,No,High School,Near,Female,66,Normal,0.8,472.44,98,0.88
8,73,Medium,High,Yes,10,54,Medium,Yes,2,Medium,Medium,Public,Positive,3,No,High School,Near,Male,63,High_Risk,3.8,113.68,219,1.09
19,74,Medium,High,No,9,82,High,Yes,2,Low,Medium,Private,Neutral,3,No,High School,Moderate,Male,66,Normal,2.8,556.41,222,2.3
26,89,High,Medium,No,7,66,Medium,Yes,0,Low,Medium,Public,Neutral,5,Yes,College,Near,Male,70,Normal,0.8,2144.73,89,3.25
14,77,Medium,Medium,No,8,55,High,Yes,2,High,High,Private,Neutral,4,No,High School,Near,Male,65,High_Risk,1.8,427.75,231,2.0
14,80,High,Medium,No,10,56,Low,Yes,1,Low,Medium,Public,Positive,3,No,Postgraduate,Moderate,Female,65,High_Risk,3.8,206.31,160,1.45
26,67,Low,Medium,Yes,7,77,Low,Yes,2,Low,High,Private,Neutral,3,Yes,High School,Moderate,Male,64,High_Risk,0.8,2502.19,201,3.75
20,69,High,High,Yes,6,73,Medium,Yes,2,Low,Medium,Private,Positive,3,No,High School,Far,Male,66,Normal,1.8,811.07,207,3.43
22,79,High,High,Yes,8,93,Medium,Yes,0,Medium,Medium,Private,Negative,2,Yes,High School,Near,Female,68,Normal,1.8,1136.6,79,2.44
22,67,Medium,High,Yes,6,67,High,Yes,1,Low,Medium,Private,Neutral,1,No,College,Near,Male,66,Normal,1.8,818.84,134,3.43
14,81,High,Medium,Yes,5,95,Low,Yes,2,Low,High,Public,Positive,3,No,High School,Near,Male,68,Normal,2.8,474.98,243,3.0
23,81,High,Low,No,6,59,Medium,Yes,2,High,High,Private,Neutral,1,No,Postgraduate,Near,Female,69,Normal,1.8,753.85,243,3.86
25,65,Medium,Low,Yes,6,50,Medium,Yes,2,Low,Medium,Public,Positive,2,No,College,Near,Female,64,High_Risk,1.8,694.41,195,4.14
21,68,Low,Medium,Yes,5,66,Low,Yes,2,High,Medium,Private,Neutral,3,No,High School,Near,Male,64,High_Risk,2.8,494.98,204,4.17
21,65,High,High,No,7,88,Low,Yes,2,Low,Medium,Private,Neutral,1,No,Unknown,Near,Male,65,High_Risk,0.8,2309.71,195,3.12
16,82,Medium,Medium,Yes,6,99,Medium,Yes,3,High,Medium,Public,Positive,2,No,High School,Near,Male,69,Normal,1.8,879.95,328,3.14
16,67,High,High,Yes,6,72,Medium,Yes,1,Low,High,Public,Positive,3,No,Postgraduate,Near,Female,66,Normal,1.8,639.96,134,2.57
17,61,High,Medium,No,7,63,Low,Yes,1,Medium,Medium,Public,Positive,4,No,College,Moderate,Female,62,High_Risk,0.8,1338.58,122,2.38
9,97,High,Medium,No,6,68,Low,Yes,5,Medium,Medium,Private,Neutral,3,No,College,Near,Male,69,Normal,1.8,339.98,582,2.71
28,92,Low,Medium,No,10,69,Medium,Yes,4,Low,Medium,Public,Neutral,4,No,High School,Moderate,Female,71,Normal,3.8,508.41,460,3.27
17,68,Medium,High,Yes,8,75,Medium,Yes,2,Low,High,Private,Positive,3,No,College,Near,Female,66,Normal,1.8,708.29,204,2.33
18,62,Medium,Medium,Yes,7,54,Medium,Yes,2,Medium,High,Private,Positive,3,No,Postgraduate,Moderate,Male,64,High_Risk,0.8,1214.85,186,2.75
10,62,High,High,No,7,51,Medium,Yes,1,Medium,High,Private,Positive,2,No,High School,Near,Male,61,High_Risk,0.8,637.42,124,1.5
15,67,Low,Medium,Yes,6,83,Low,Yes,3,Medium,Low,Public,Positive,3,No,High School,Moderate,Male,62,High_Risk,1.8,691.63,268,3.0
21,62,Medium,Low,Yes,7,51,Low,Yes,0,Low,Medium,Private,Positive,4,No,High School,Near,Female,61,High_Risk,0.8,1338.58,62,2.62
14,71,High,High,No,4,77,Medium,Yes,0,Medium,Medium,Public,Negative,3,No,High School,Near,Female,64,High_Risk,3.8,283.68,71,2.8
28,76,Medium,Medium,Yes,9,60,Medium,Yes,1,Low,Medium,Public,Neutral,2,No,High School,Far,Male,66,Normal,2.8,599.98,152,3.0
14,70,Medium,Medium,Yes,9,88,Low,Yes,0,High,Medium,Private,Positive,4,No,College,Moderate,Female,64,High_Risk,2.8,439.98,70,1.4
17,74,Medium,Low,No,9,64,Medium,Yes,2,Medium,Medium,Public,Neutral,3,No,High School,Near,Male,63,High_Risk,2.8,388.56,222,2.1
14,90,Medium,Medium,Yes,9,56,Medium,Yes,0,Low,Medium,Public,Neutral,4,No,High School,Near,Female,65,High_Risk,2.8,279.99,90,1.4
14,84,High,High,No,8,99,Medium,No,3,Medium,High,Public,Neutral,4,No,Postgraduate,Near,Female,70,Normal,1.8,769.96,336,2.22
18,86,High,Medium,No,8,60,Medium,Yes,2,Low,High,Private,Neutral,1,No,College,Near,Male,88,Normal,1.8,599.97,258,2.44
22,74,High,High,Yes,6,73,Low,Yes,3,High,High,Public,Positive,4,No,Postgraduate,Moderate,Female,71,Normal,1.8,892.17,296,4.0
37,94,High,Medium,Yes,8,52,High,Yes,1,Low,Medium,Private,Positive,3,No,Postgraduate,Near,Male,76,Normal,1.8,1068.83,188,4.33
26,75,Low,High,Yes,4,81,High,Yes,3,Medium,High,Private,Positive,2,No,High School,Moderate,Male,70,Normal,3.8,554.2,300,6.4
20,63,Medium,Medium,Yes,8,61,Medium,Yes,2,High,Medium,Public,Neutral,3,No,High School,Near,Male,64,High_Risk,1.8,677.74,189,2.67
13,90,High,Medium,No,8,81,Medium,Yes,0,Medium,Medium,Public,Positive,3,No,High School,Moderate,Female,67,Normal,1.8,584.97,90,1.44
19,99,Low,Medium,No,7,79,Medium,Yes,2,Low,Medium,Private,Neutral,2,No,Postgraduate,Near,Male,70,Normal,0.8,1876.02,297,2.88
11,82,Low,Low,No,6,61,Low,Yes,2,Medium,Medium,Public,Neutral,2,No,High School,Near,Female,61,High_Risk,1.8,372.76,246,2.14
21,74,Low,Low,Yes,6,70,Low,Yes,2,Low,High,Public,Positive,3,No,High School,Moderate,Female,64,High_Risk,1.8,816.62,222,3.57
14,89,Medium,Low,No,9,96,Low,Yes,2,Low,High,Private,Neutral,3,No,College,Moderate,Female,66,Normal,2.8,479.98,267,1.8
16,87,Low,Medium,Yes,10,96,Medium,No,1,Low,High,Public,Positive,1,No,College,Moderate,Male,66,Normal,3.8,404.2,174,1.64
27,88,Medium,High,Yes,7,93,Medium,Yes,0,Low,Medium,Public,Neutral,4,No,High School,Moderate,Male,71,Normal,0.8,3138.36,88,3.38
29,77,Medium,Medium,No,9,84,Medium,Yes,0,Low,High,Public,Neutral,3,No,College,Near,Female,69,Normal,2.8,869.97,77,2.9
23,95,Medium,Medium,Yes,6,94,High,Yes,2,Medium,Medium,Public,Neutral,3,No,High School,Near,Male,73,Normal,1.8,1201.04,285,3.86
23,63,Medium,Medium,No,7,73,Low,Yes,1,Low,Medium,Public,Neutral,3,No,College,Moderate,Male,63,High_Risk,0.8,2098.49,126,3.12
29,88,Low,Medium,Yes,8,97,Medium,Yes,4,Low,High,Public,Negative,3,Yes,College,Moderate,Male,71,Normal,1.8,1562.69,440,4.11
19,61,Medium,High,Yes,6,62,High,Yes,1,High,Medium,Public,Neutral,2,No,Postgraduate,Moderate,Female,64,High_Risk,1.8,654.41,122,3.0
28,65,Low,Medium,Yes,7,77,High,Yes,1,Low,High,Public,Positive,3,No,College,Near,Male,67,Normal,0.8,2694.66,130,3.75
27,85,High,Medium,Yes,8,66,Medium,Yes,2,Low,High,Private,Neutral,4,Yes,High School,Moderate,Male,70,Normal,1.8,989.95,255,3.44
25,77,Low,Medium,Yes,7,54,Medium,Yes,2,Medium,Medium,Public,Neutral,1,No,College,Moderate,Male,66,Normal,0.8,1687.29,231,3.62
23,91,Low,Medium,Yes,8,73,Medium,No,3,Medium,Medium,Public,Negative,5,No,High School,Far,Male,68,Normal,1.8,932.73,364,3.22
12,99,Medium,High,Yes,10,60,Medium,Yes,0,Low,Low,Public,Negative,1,No,High School,Moderate,Male,66,Normal,3.8,189.47,99,1.09
22,83,Low,Medium,Yes,5,70,High,Yes,2,Low,Medium,Public,Positive,3,No,College,Far,Male,67,Normal,2.8,549.98,249,4.33
10,71,Medium,Medium,Yes,7,55,High,Yes,2,Low,High,Public,Positive,3,No,College,Near,Female,63,High_Risk,0.8,687.41,213,1.75
13,99,Medium,Medium,Yes,6,57,Medium,Yes,1,Low,Medium,Public,Negative,5,No,College,Near,Male,68,Normal,1.8,411.64,198,2.14
22,82,High,High,No,8,79,Medium,No,2,Medium,Medium,Public,Negative,1,No,College,Near,Female,69,Normal,1.8,965.5,246,2.89
15,99,Low,High,Yes,7,50,High,No,4,Low,Medium,Public,Positive,2,No,High School,Moderate,Male,68,Normal,0.8,937.38,495,2.88
27,61,Medium,Medium,Yes,9,70,Medium,Yes,0,Medium,Medium,Public,Neutral,2,No,High School,Unknown,Male,64,High_Risk,2.8,674.98,61,2.7
20,80,Low,Medium,Yes,6,86,High,Yes,1,Low,Medium,Private,Positive,3,No,High School,Near,Female,67,Normal,1.8,955.5,160,3.14
27,60,Medium,High,No,8,68,High,Yes,1,Medium,Medium,Private,Negative,4,Yes,High School,Far,Female,63,High_Risk,1.8,1019.94,120,3.22
20,83,High,Low,Yes,8,66,Medium,Yes,1,High,Medium,Private,Neutral,3,Yes,College,Near,Female,67,Normal,1.8,733.29,166,2.44
19,87,High,Low,Yes,8,86,Low,Yes,1,Medium,High,Public,Positive,4,No,High School,Moderate,Female,69,Normal,1.8,907.73,174,2.33
28,70,Medium,Medium,Yes,6,69,Medium,Yes,2,Low,Low,Public,Positive,4,Yes,High School,Near,Male,66,Normal,1.8,1073.27,210,4.57
22,74,High,Low,Yes,8,79,Low,Yes,3,Medium,Medium,Public,Neutral,1,No,High School,Near,Female,67,Normal,1.8,965.5,296,3.11
31,80,High,High,Yes,6,57,Low,Yes,1,Medium,High,Private,Positive,3,No,High School,Near,Female,72,Normal,1.8,981.61,160,4.71
21,89,Medium,Medium,No,9,99,Medium,Yes,0,Medium,Medium,Private,Negative,3,No,High School,Near,Male,69,Normal,2.8,742.47,89,2.1
24,61,Medium,Medium,No,6,83,High,Yes,0,Medium,Medium,Public,Positive,3,Yes,High School,Near,Male,64,High_Risk,1.8,1106.61,61,3.43
10,63,High,Medium,No,9,59,Low,Yes,0,Medium,High,Public,Positive,5,No,Postgraduate,Moderate,Male,61,High_Risk,2.8,210.71,63,1.0
30,88,Low,Medium,Yes,6,90,High,Yes,4,High,Medium,Private,Negative,2,No,College,Moderate,Male,73,Normal,1.8,1499.92,440,5.43
27,94,Medium,Medium,Yes,7,57,Medium,Yes,1,Medium,Medium,Private,Neutral,1,No,High School,Near,Male,71,Normal,0.8,1923.51,188,3.62
15,61,High,Low,Yes,9,82,Medium,Yes,2,Medium,High,Public,Positive,2,No,Postgraduate,Near,Male,64,High_Risk,2.8,439.27,183,1.9
18,72,Medium,Medium,No,8,71,Low,Yes,2,High,Medium,Public,Positive,4,No,Postgraduate,Near,Male,66,Normal,1.8,709.96,216,2.44
22,75,Medium,High,Yes,6,63,Low,Yes,1,Low,Medium,Public,Positive,2,No,College,Near,Male,67,Normal,1.8,769.96,150,3.43
30,88,Medium,Medium,Yes,6,62,High,Yes,4,Low,Medium,Private,Positive,5,No,College,Far,Female,73,Normal,1.8,1033.28,440,5.43
22,63,Low,Low,Yes,7,94,Medium,Yes,0,Medium,Unknown,Public,Negative,3,Yes,High School,Far,Male,61,High_Risk,0.8,2584.68,63,2.75
19,80,Low,Low,No,8,99,High,Yes,1,Low,Medium,Public,Positive,4,No,Postgraduate,Near,Male,67,Normal,1.8,1044.94,160,2.33
17,79,Medium,High,Yes,8,84,Medium,Yes,0,Medium,Medium,Public,Neutral,2,No,High School,Moderate,Male,66,Normal,1.8,793.29,79,1.89
17,82,Medium,Low,No,10,94,Medium,Yes,1,High,High,Private,Neutral,3,No,High School,Moderate,Female,66,Normal,3.8,420.52,164,1.73
22,79,High,Medium,No,6,97,Medium,No,2,High,Unknown,Public,Positive,2,No,College,Moderate,Female,69,Normal,1.8,1185.49,237,3.71
21,62,High,Low,Yes,7,58,Medium,Yes,2,Low,High,Public,Positive,1,No,College,Near,Female,64,High_Risk,0.8,1522.31,186,3.12
20,63,Medium,Low,No,8,83,Low,Yes,4,Medium,Medium,Public,Neutral,3,No,Postgraduate,Moderate,Female,64,High_Risk,1.8,922.17,315,3.11
12,100,Medium,Medium,Yes,4,68,Medium,Yes,2,Low,Medium,Public,Neutral,3,No,College,Far,Male,68,Normal,3.8,214.73,300,3.2
23,76,Low,Medium,Yes,6,78,Low,Yes,2,High,Medium,Public,Positive,2,No,High School,Moderate,Female,66,Normal,1.8,996.61,228,3.86
18,84,High,High,No,6,94,Medium,Yes,3,High,Medium,Public,Neutral,4,No,High School,Near,Male,71,Normal,1.8,939.95,336,3.43
34,98,Medium,High,No,7,79,Medium,Yes,1,Low,Medium,Private,Neutral,4,No,College,Near,Male,75,Normal,0.8,3357.08,196,4.5
20,95,Low,Medium,Yes,7,64,Low,No,2,Medium,High,Public,Neutral,3,No,High School,Near,Female,68,Normal,0.8,1599.8,285,3.0
30,99,Low,Medium,No,5,54,Medium,Yes,0,Medium,Medium,Private,Positive,3,No,Postgraduate,Near,Male,72,Normal,2.8,578.55,99,5.0
20,62,Low,Medium,Yes,5,94,High,Yes,3,Medium,Medium,Public,Neutral,3,No,Postgraduate,Near,Male,66,Normal,2.8,671.4,248,4.33
27,86,Medium,Medium,Yes,8,79,Medium,Yes,2,Low,High,Private,Positive,4,No,College,Near,Male,72,Normal,1.8,1184.93,258,3.44
24,96,Medium,Medium,Yes,7,77,Low,No,0,Low,Medium,Public,Negative,2,Yes,High School,Near,Female,67,Normal,0.8,2309.71,96,3.0
12,72,Medium,Medium,Yes,8,79,High,Yes,1,High,Medium,Public,Positive,3,No,College,Far,Male,64,High_Risk,1.8,526.64,144,1.56
35,64,Medium,Low,No,6,85,High,Yes,2,Medium,High,Private,Neutral,2,No,High School,Moderate,Male,68,Normal,1.8,1652.69,192,5.57
31,63,High,High,No,5,73,Medium,Yes,1,High,Low,Public,Positive,2,No,High School,Near,Female,68,Normal,2.8,808.19,126,5.5
12,64,Medium,Medium,No,9,51,Low,No,2,Low,Medium,Public,Neutral,4,No,College,Near,Male,59,High_Risk,2.8,218.56,192,1.6
15,98,Medium,High,No,8,61,Medium,Yes,4,Low,Medium,Public,Positive,2,No,High School,Moderate,Female,70,Normal,1.8,508.31,490,2.56
19,95,Medium,High,Yes,8,53,Medium,Yes,3,Low,Medium,Public,Positive,1,No,High School,Moderate,Female,70,Normal,1.8,559.41,380,2.78
20,60,Medium,Medium,Yes,10,81,Medium,Yes,3,Low,Medium,Public,Positive,3,No,College,Near,Male,65,High_Risk,3.8,426.3,240,2.36
20,86,Medium,Medium,Yes,8,60,Low,Yes,1,High,Medium,Public,Neutral,3,Yes,Postgraduate,Near,Male,67,Normal,1.8,666.63,172,2.44
16,69,High,Medium,Yes,10,82,Medium,Yes,0,Low,High,Public,Negative,1,Yes,High School,Moderate,Male,62,High_Risk,3.8,345.25,69,1.45
16,73,Low,Low,No,6,94,Medium,No,1,Low,Medium,Private,Negative,2,No,College,Unknown,Female,61,High_Risk,1.8,835.51,146,2.57
17,65,Medium,Medium,No,5,62,Medium,Yes,2,Medium,Medium,Public,Positive,4,No,High School,Near,Female,63,High_Risk,2.8,376.42,195,3.5
18,83,Medium,Low,Yes,9,62,High,Yes,2,Low,Medium,Public,Negative,2,No,High School,Near,Male,65,High_Risk,2.8,398.56,249,2.2
26,80,High,Low,No,8,73,High,Yes,1,Medium,Medium,Public,Neutral,3,No,High School,Near,Male,69,Normal,1.8,1054.39,160,3.11
23,79,High,High,Yes,8,59,Low,Yes,1,Low,High,Public,Negative,4,No,College,Moderate,Male,68,Normal,1.8,753.85,158,2.78
23,90,High,Medium,Yes,7,66,Low,Yes,2,High,High,Public,Neutral,3,No,High School,Near,Female,71,Normal,0.8,1897.26,270,3.38
19,89,High,Medium,Yes,6,90,High,Yes,0,Low,High,Private,Negative,4,No,College,Moderate,Female,70,Normal,1.8,949.95,89,2.71
1,88,Medium,High,Yes,4,72,High,Yes,3,Medium,Medium,Private,Negative,2,No,College,Near,Male,92,Normal,3.8,18.95,352,1.4
18,74,Medium,Medium,No,6,56,Medium,Yes,1,Medium,Medium,Private,Positive,3,No,College,Moderate,Male,64,High_Risk,1.8,559.97,148,2.86
18,76,Low,High,Yes,10,82,High,Yes,1,Medium,Medium,Private,Negative,4,No,College,Near,Male,67,Normal,3.8,388.41,152,1.82
21,97,Low,Medium,Yes,8,96,High,Yes,2,Low,High,Public,Positive,4,No,College,Moderate,Female,72,Normal,1.8,1119.94,291,2.78
33,62,High,Medium,Yes,10,78,Medium,Yes,0,Medium,Medium,Private,Positive,3,No,High School,Moderate,Female,68,Normal,3.8,677.35,62,3.0
12,80,Medium,Medium,Yes,7,59,High,Yes,1,Low,High,Public,Positive,2,No,High School,Near,Female,64,High_Risk,0.8,884.89,160,1.75
26,81,Low,Medium,Yes,5,82,Medium,Yes,0,Medium,Medium,Public,Negative,5,Yes,Postgraduate,Near,Female,67,Normal,2.8,761.4,81,4.33
17,77,Low,Medium,Yes,5,59,Medium,Yes,2,Medium,High,Private,Neutral,4,No,High School,Near,Male,65,High_Risk,2.8,358.2,231,3.5
19,95,High,Low,No,10,58,Low,Yes,2,High,Medium,Public,Positive,3,No,High School,Near,Male,69,Normal,3.8,289.99,285,2.09
19,89,High,High,Yes,10,94,Medium,Yes,0,High,Medium,Private,Neutral,1,No,College,Near,Female,72,Normal,3.8,469.99,89,1.73
18,64,Low,High,Yes,9,97,Medium,Yes,2,Medium,Medium,Public,Negative,3,No,High School,Moderate,Female,64,High_Risk,2.8,623.55,192,2.2
25,82,Medium,Medium,Yes,5,86,Medium,No,0,Low,Low,Public,Positive,4,No,High School,Near,Male,67,Normal,2.8,767.83,82,4.17
13,78,Medium,High,Yes,9,96,High,Yes,2,Low,Medium,Public,Neutral,3,No,College,Moderate,Male,67,Normal,2.8,445.7,234,1.7
13,89,Low,High,Yes,6,98,Medium,Yes,0,Medium,Medium,Private,Negative,4,No,High School,Near,Male,67,Normal,1.8,707.74,89,1.86
20,74,High,Low,Yes,5,69,High,Yes,1,Medium,Medium,Public,Positive,4,No,College,Moderate,Female,66,Normal,2.8,492.84,148,3.67
16,61,High,High,No,8,64,Medium,Yes,1,Low,High,Public,Positive,3,No,High School,Far,Male,62,High_Risk,1.8,568.86,122,2.0
15,90,High,Medium,Yes,8,97,Medium,Yes,1,Low,High,Private,Negative,3,No,College,Near,Female,69,Normal,1.8,808.29,180,1.89
20,92,Medium,Medium,Yes,5,66,Medium,Yes,2,Medium,Medium,Public,Negative,2,Yes,College,Moderate,Male,68,Normal,2.8,471.41,276,4.0
17,98,Low,High,No,6,87,High,No,3,Medium,Medium,Private,Positive,5,No,College,Near,Female,71,Normal,1.8,821.62,392,3.29
11,95,Medium,Medium,Yes,5,95,Low,Yes,1,Low,High,Public,Positive,3,No,Postgraduate,Near,Male,69,Normal,2.8,373.2,190,2.17
25,95,High,Medium,Yes,8,96,Low,Yes,1,Medium,Medium,Public,Neutral,4,No,Postgraduate,Near,Male,74,Normal,1.8,1333.26,190,3.0
20,92,Medium,High,No,8,80,High,Yes,0,Medium,Medium,Private,Neutral,3,No,College,Near,Male,71,Normal,1.8,888.84,92,2.22
25,96,Low,Medium,No,9,72,Low,Yes,0,Low,Medium,Private,Positive,3,No,High School,Near,Male,69,Normal,2.8,642.83,96,2.5
20,87,Low,Low,No,8,56,Medium,No,1,High,Medium,Public,Negative,1,No,College,Near,Female,64,High_Risk,1.8,622.19,174,2.44
15,96,Medium,High,No,5,86,Medium,Yes,2,High,Medium,Private,Positive,2,No,High School,Near,Male,71,Normal,2.8,460.7,288,3.17
25,72,Medium,High,Yes,7,89,Medium,Yes,2,Low,High,Public,Positive,3,No,Postgraduate,Near,Female,71,Normal,0.8,2780.9,216,3.62
30,70,Medium,Medium,No,9,57,Medium,Yes,1,Low,Medium,Public,Negative,4,No,College,Far,Female,65,High_Risk,2.8,610.69,140,3.2
14,85,High,High,Yes,5,77,Medium,Yes,2,Low,High,Public,Positive,3,No,High School,Near,Male,69,Normal,2.8,384.99,255,3.0
26,68,Medium,Medium,Yes,10,62,High,Yes,4,Medium,Medium,Public,Neutral,2,No,Postgraduate,Near,Female,69,Normal,3.8,424.2,340,3.09
24,75,High,Low,Yes,8,77,High,Yes,1,Low,Medium,Private,Negative,1,No,College,Moderate,Male,66,Normal,1.8,1026.61,150,2.89
29,67,Low,High,No,7,72,Medium,No,0,Medium,High,Public,Neutral,3,No,High School,Near,Female,65,High_Risk,0.8,2609.67,67,3.62
23,96,Medium,Medium,Yes,8,99,High,Yes,3,Low,Low,Public,Positive,4,No,High School,Near,Female,74,Normal,1.8,1264.93,384,3.22
16,93,Medium,Medium,Yes,8,58,Medium,Yes,1,High,High,Public,Positive,4,No,College,Near,Female,70,Normal,1.8,515.53,186,2.0
25,87,High,High,Yes,6,96,Low,No,3,Medium,Medium,Public,Positive,2,No,High School,Moderate,Female,72,Normal,1.8,1333.26,348,4.43
19,76,Medium,Low,Yes,5,66,Medium,Yes,2,Medium,Medium,Private,Positive,4,No,College,Near,Female,66,Normal,2.8,447.84,228,3.83
30,67,Medium,Medium,Yes,8,86,Medium,Yes,0,Low,Medium,Public,Neutral,4,No,High School,Moderate,Female,67,Normal,1.8,1433.25,67,3.33
27,62,High,Medium,No,5,75,Medium,Yes,2,Medium,High,Public,Positive,2,No,Unknown,Near,Male,67,Normal,2.8,723.19,186,5.17
26,96,High,High,Yes,10,64,Low,Yes,2,Medium,Medium,Private,Neutral,3,Yes,High School,Near,Female,72,Normal,3.8,437.88,288,2.73
12,90,Medium,High,No,6,61,Low,Yes,2,Medium,High,Public,Neutral,3,No,College,Near,Male,67,Normal,1.8,406.64,270,2.29
20,83,Medium,Low,No,6,51,Low,Yes,2,Medium,Medium,Public,Neutral,4,No,High School,Moderate,Female,65,High_Risk,1.8,566.64,249,3.43
28,61,High,Medium,Yes,4,92,Low,Yes,1,Medium,High,Private,Neutral,4,No,College,Near,Female,68,Normal,3.8,677.88,122,6.0
23,78,High,High,No,7,80,Medium,Yes,0,Low,Medium,Private,Neutral,2,No,High School,Near,Female,68,Normal,0.8,2299.71,78,2.88
24,88,Medium,High,Yes,8,74,Medium,Yes,0,Low,High,Private,Neutral,3,No,Postgraduate,Near,Male,71,Normal,1.8,986.61,88,2.67
16,90,Medium,Medium,No,4,58,Medium,Yes,1,Low,Medium,Public,Neutral,3,No,High School,Moderate,Female,66,Normal,3.8,244.2,180,3.6
32,97,Medium,High,No,5,82,Medium,Yes,1,Medium,Medium,Public,Neutral,3,No,High School,Moderate,Male,74,Normal,2.8,937.11,194,5.67
29,79,Medium,High,No,5,89,Medium,Yes,0,High,High,Public,Neutral,3,No,Postgraduate,Near,Female,72,Normal,2.8,921.75,79,4.83
16,97,Medium,Medium,No,7,96,Low,No,4,Low,High,Private,Neutral,2,No,High School,Near,Female,69,Normal,0.8,1919.76,485,3.0
22,61,Medium,Medium,No,6,84,Low,Yes,0,Medium,Medium,Public,Positive,2,No,Postgraduate,Near,Male,64,High_Risk,1.8,1026.61,61,3.14
21,79,Low,Medium,Yes,8,80,High,Yes,1,Low,High,Private,Negative,3,No,College,Near,Male,67,Normal,1.8,933.28,158,2.56
20,61,Low,Low,Yes,6,63,Medium,Yes,1,Medium,High,Public,Positive,4,No,College,Far,Male,61,High_Risk,1.8,699.96,122,3.14
26,62,Medium,Medium,Yes,8,69,Medium,Yes,2,Medium,High,Public,Positive,3,No,College,Moderate,Female,66,Normal,1.8,996.61,186,3.33
17,82,Medium,Medium,Yes,7,59,Medium,Yes,3,Medium,Medium,Public,Positive,4,No,College,Near,Male,68,Normal,0.8,1253.59,328,2.88
30,75,High,High,No,7,57,High,Yes,0,Low,Medium,Public,Neutral,1,Yes,College,Near,Female,68,Normal,0.8,2137.23,75,3.75
28,87,Medium,Medium,Yes,7,70,Medium,Yes,2,Low,Medium,Public,Neutral,2,No,Postgraduate,Near,Male,71,Normal,0.8,2449.69,261,4.0
21,85,Medium,High,Yes,6,92,Medium,Yes,1,Medium,High,Public,Neutral,2,Yes,High School,Moderate,Male,69,Normal,1.8,1073.27,170,3.29
29,76,Medium,High,Yes,8,59,Medium,Yes,4,Low,High,Public,Neutral,2,No,Postgraduate,Near,Male,71,Normal,1.8,950.5,380,4.11
21,84,Low,Medium,No,7,97,Medium,Yes,2,Low,Low,Public,Neutral,4,No,High School,Moderate,Female,67,Normal,0.8,2545.93,252,3.12
16,91,Medium,Medium,Yes,5,71,Medium,Yes,2,High,Medium,Public,Negative,3,No,College,Near,Male,69,Normal,2.8,405.7,273,3.33
23,98,Medium,High,Yes,6,76,Low,Yes,3,Low,High,Public,Positive,3,No,Unknown,Near,Male,74,Normal,1.8,971.06,392,4.14
18,64,Medium,Medium,Yes,6,83,High,Yes,2,Low,Medium,Public,Positive,2,No,College,Near,Male,65,High_Risk,1.8,829.95,192,3.14
23,95,High,Medium,No,7,57,Medium,Yes,1,Low,Medium,Private,Neutral,2,No,High School,Near,Female,70,Normal,0.8,1638.55,190,3.12
27,65,Medium,Medium,Yes,8,57,Medium,Yes,2,Low,Low,Public,Negative,4,No,Postgraduate,Near,Female,65,High_Risk,1.8,854.95,195,3.44
20,90,Medium,Low,Yes,6,65,Low,Yes,3,Low,Medium,Public,Negative,2,No,Postgraduate,Near,Female,68,Normal,1.8,722.18,360,3.71
31,62,Medium,Medium,Yes,7,51,Medium,Yes,2,Medium,Medium,Public,Neutral,1,No,College,Far,Female,65,High_Risk,0.8,1976.0,186,4.38
13,60,High,High,No,7,70,Medium,Yes,1,Medium,Medium,Public,Negative,3,No,College,Far,Female,61,High_Risk,0.8,1137.36,120,1.88
30,96,Medium,High,Yes,9,53,Medium,No,0,Medium,Medium,Private,Neutral,3,No,High School,Near,Male,72,Normal,2.8,567.84,96,3.0
21,88,Medium,Medium,Yes,8,59,Low,No,2,Medium,Medium,Private,Negative,1,No,Postgraduate,Near,Male,67,Normal,1.8,688.3,264,2.78
16,88,Low,High,No,7,75,Low,Yes,2,Medium,Medium,Public,Neutral,4,No,Postgraduate,Near,Female,68,Normal,0.8,1499.81,264,2.5
24,89,Medium,Medium,Yes,5,87,Medium,No,3,High,Medium,Public,Neutral,0,No,High School,Near,Female,70,Normal,2.8,745.69,356,5.0
19,90,Low,High,No,7,81,Medium,Yes,2,Medium,Medium,Private,Positive,2,No,High School,Near,Female,69,Normal,0.8,1923.51,270,2.88
13,74,Medium,High,Yes,8,98,High,Yes,1,High,High,Public,Negative,2,No,High School,Near,Male,66,Normal,1.8,707.74,148,1.67
15,89,Low,Medium,Yes,9,82,Low,Yes,1,Medium,Medium,Public,Neutral,3,No,College,Near,Male,66,Normal,2.8,439.27,178,1.7
21,65,Low,Medium,Yes,6,98,Low,Yes,1,Medium,High,Public,Negative,4,No,High School,Near,Male,64,High_Risk,1.8,1143.27,130,3.29
18,85,Low,Medium,Yes,10,89,Medium,Yes,1,High,Medium,Private,Positive,3,No,High School,Near,Female,68,Normal,3.8,421.57,170,1.82
23,80,Low,Low,Yes,5,57,Medium,Yes,1,Low,Medium,Public,Neutral,4,No,Postgraduate,Near,Male,66,Normal,2.8,468.2,160,4.17
14,62,Medium,Medium,Yes,7,97,High,Yes,0,Medium,Medium,Public,Positive,1,No,High School,Moderate,Male,62,High_Risk,0.8,1697.29,62,1.75
21,92,High,High,Yes,9,58,Medium,Yes,2,High,Medium,Public,Neutral,5,No,High School,Moderate,Female,89,Normal,2.8,434.98,276,2.5
23,85,Low,High,No,7,98,High,No,2,Low,Medium,Public,Negative,3,No,Postgraduate,Moderate,Female,69,Normal,0.8,2817.15,255,3.38
20,79,High,Medium,No,7,66,Low,Yes,3,High,Medium,Public,Negative,3,No,College,Near,Female,68,Normal,0.8,1649.79,316,3.25
22,83,High,High,Yes,6,94,Medium,Yes,0,High,Medium,Public,Neutral,2,No,College,Moderate,Male,71,Normal,1.8,1148.83,83,3.14
23,67,Medium,Medium,No,4,50,Low,Yes,4,Low,Medium,Private,Positive,3,No,College,Moderate,Male,65,High_Risk,3.8,302.62,335,6.2
19,69,Medium,Medium,Yes,7,55,Low,Yes,1,Low,Medium,Public,Positive,4,No,College,Near,Female,63,High_Risk,0.8,1306.09,138,2.62
28,82,Low,Medium,Yes,5,95,Medium,Yes,0,High,Low,Public,Neutral,3,No,High School,Near,Male,69,Normal,2.8,949.97,82,4.67
20,69,High,Medium,No,6,65,Medium,Yes,1,Low,Medium,Public,Neutral,2,No,High School,Near,Female,64,High_Risk,1.8,722.18,138,3.14
15,75,High,Medium,No,5,94,Low,No,1,Low,Medium,Public,Negative,3,Yes,High School,Moderate,Female,62,High_Risk,2.8,503.55,150,2.83
27,86,High,Medium,No,8,67,Medium,Yes,1,Low,Medium,Public,Positive,4,No,College,Near,Male,71,Normal,1.8,1004.94,172,3.22
15,69,Low,Medium,Yes,9,62,Low,Yes,2,Medium,High,Public,Neutral,3,No,High School,Moderate,Male,62,High_Risk,2.8,332.13,207,1.9
25,70,Low,High,Yes,5,73,Medium,Yes,2,Medium,Medium,Private,Neutral,1,No,Postgraduate,Near,Male,67,Normal,2.8,651.76,210,4.83
23,70,Medium,High,Yes,7,73,High,Yes,1,Low,Medium,Private,Positive,3,No,Postgraduate,Near,Male,68,Normal,0.8,2098.49,140,3.12
13,67,Low,Medium,Yes,8,90,Medium,Yes,2,Low,Medium,Private,Negative,2,No,High School,Near,Male,61,High_Risk,1.8,649.96,201,1.89
13,86,Low,Medium,No,7,58,Medium,No,0,Medium,Medium,Private,Positive,3,No,High School,Near,Male,63,High_Risk,0.8,942.38,86,1.62
29,94,Low,High,Yes,4,95,Medium,Yes,1,Medium,Medium,Public,Positive,5,No,High School,Near,Male,74,Normal,3.8,724.98,188,6.2
10,60,Medium,Medium,No,9,85,Medium,Yes,0,Medium,High,Public,Positive,4,No,Postgraduate,Near,Male,62,High_Risk,2.8,303.56,60,1.0
32,96,Medium,Low,Yes,7,97,Low,Yes,1,Low,Medium,Public,Neutral,5,No,College,Moderate,Male,73,Normal,0.8,3879.52,192,4.25
20,65,High,High,Yes,6,97,Medium,Yes,0,Low,Low,Private,Negative,3,No,High School,Moderate,Female,65,High_Risk,1.8,1077.72,65,2.86
22,82,Low,Medium,No,5,67,Low,Yes,1,Low,High,Private,Neutral,1,Yes,Postgraduate,Near,Female,65,High_Risk,2.8,526.41,164,4.0
18,92,Low,Medium,Yes,8,54,Medium,Yes,1,Medium,Medium,Public,Positive,3,No,High School,Near,Male,67,Normal,1.8,539.97,184,2.22
20,92,High,Medium,Yes,7,58,Low,Yes,2,Low,Low,Public,Neutral,4,No,Postgraduate,Near,Female,70,Normal,0.8,1449.82,276,3.0
24,93,Low,Medium,Yes,5,62,High,Yes,1,High,Medium,Private,Negative,3,No,College,Moderate,Female,69,Normal,2.8,531.41,186,4.33
34,91,Medium,Low,No,9,98,Medium,Yes,0,Medium,Medium,Public,Neutral,4,No,Unknown,Moderate,Male,72,Normal,2.8,1189.96,91,3.4
11,99,High,Medium,Yes,7,89,High,Yes,3,Low,Medium,Public,Positive,3,No,College,Near,Male,72,Normal,0.8,1223.6,396,2.12
25,87,Low,Medium,Yes,10,97,Medium,Yes,4,Low,Low,Private,Neutral,3,Yes,High School,Near,Female,69,Normal,3.8,638.14,435,3.0
24,77,Medium,Medium,Yes,8,78,Low,Yes,2,High,High,Private,Positive,3,No,High School,Moderate,Male,69,Normal,1.8,1039.94,231,3.11
16,82,Medium,High,Yes,10,69,Medium,Yes,2,Low,Medium,Public,Positive,4,No,College,Near,Male,68,Normal,3.8,290.52,246,1.82
13,67,High,High,Yes,7,76,Medium,Yes,2,Low,Medium,Private,Neutral,5,No,High School,Near,Male,65,High_Risk,0.8,1234.85,201,2.12
30,82,Medium,High,Yes,7,71,Medium,Yes,3,Low,High,Public,Neutral,3,No,Postgraduate,Far,Female,72,Normal,0.8,2662.17,328,4.5
25,65,High,High,Yes,4,76,High,Yes,1,High,Medium,Private,Neutral,1,No,High School,Moderate,Female,67,Normal,3.8,499.99,130,5.4
22,79,Low,High,Yes,6,96,Medium,Yes,1,High,Medium,Public,Neutral,2,No,College,Moderate,Male,68,Normal,1.8,1173.27,158,3.43
32,86,Medium,Medium,Yes,5,68,Low,Yes,1,Medium,Medium,Public,Negative,4,No,High School,Moderate,Male,70,Normal,2.8,777.12,172,5.67
23,85,Medium,High,No,7,66,Low,No,0,High,High,Public,Neutral,2,No,College,Near,Male,68,Normal,0.8,1897.26,85,2.88
20,93,Low,Low,Yes,8,69,Medium,Yes,2,Low,Medium,Public,Neutral,4,No,High School,Moderate,Male,67,Normal,1.8,766.62,279,2.67
29,83,Medium,Medium,No,7,55,High,Yes,2,Low,Low,Private,Negative,4,No,High School,Near,Female,68,Normal,0.8,1993.5,249,4.12
19,95,High,High,Yes,9,68,Medium,Yes,3,High,Medium,Public,Positive,4,No,College,Far,Male,73,Normal,2.8,461.41,380,2.5
19,81,High,High,No,8,61,Low,Yes,3,Medium,Medium,Private,Negative,5,No,Postgraduate,Near,Male,69,Normal,1.8,643.85,324,2.78
21,94,Medium,Low,Yes,7,64,Low,Yes,2,Medium,Medium,Private,Neutral,2,No,High School,Near,Male,68,Normal,0.8,1679.79,282,3.12
24,62,Medium,High,No,7,83,Low,Yes,1,Medium,Low,Public,Neutral,2,No,College,Moderate,Female,64,High_Risk,0.8,2489.69,124,3.25
14,76,Low,Medium,No,7,64,Medium,Yes,3,Medium,Medium,Private,Positive,3,No,College,Near,Male,64,High_Risk,0.8,1119.86,304,2.5
13,86,Medium,Medium,No,7,80,Medium,Yes,0,Low,Medium,Private,Negative,5,No,College,Near,Male,65,High_Risk,0.8,1299.84,86,1.62
21,80,Low,High,Yes,7,60,Medium,Yes,1,Medium,High,Public,Positive,2,No,College,Moderate,Male,67,Normal,0.8,1574.8,160,2.88
15,90,High,High,Yes,8,51,High,Yes,2,High,Medium,Public,Negative,2,No,High School,Moderate,Female,68,Normal,1.8,424.98,270,2.11
17,92,Medium,High,No,8,89,Medium,Yes,0,Low,Low,Public,Positive,3,Yes,High School,Near,Male,68,Normal,1.8,840.51,92,1.89
32,94,Medium,High,Yes,9,53,Medium,Yes,1,Medium,Medium,Public,Neutral,3,No,High School,Near,Female,73,Normal,2.8,605.69,188,3.4
22,65,Low,Medium,No,7,97,Low,Yes,2,Medium,High,Private,Neutral,4,No,High School,Moderate,Female,64,High_Risk,0.8,2667.17,195,3.25
20,86,Low,Medium,No,9,57,Medium,Yes,0,Medium,High,Public,Positive,4,No,High School,Moderate,Male,66,Normal,2.8,407.13,86,2.0
21,85,High,Medium,Yes,5,75,Low,Yes,1,High,High,Public,Positive,2,No,High School,Moderate,Female,70,Normal,2.8,562.48,170,3.83
22,86,Low,Low,No,6,54,Medium,Yes,2,Medium,Medium,Public,Neutral,0,No,High School,Moderate,Male,64,High_Risk,1.8,659.96,258,3.71
30,78,Medium,High,Yes,10,97,Medium,Yes,1,Low,Low,Private,Positive,2,No,High School,Far,Male,70,Normal,3.8,765.77,156,2.91
14,60,Medium,Low,Yes,7,89,Low,Yes,2,Medium,Medium,Public,Neutral,3,No,High School,Moderate,Male,60,High_Risk,0.8,1557.31,180,2.25
16,100,Medium,High,No,10,56,Medium,Yes,1,High,Medium,Public,Neutral,2,No,High School,Near,Female,69,Normal,3.8,235.78,200,1.64
24,98,Low,Low,No,6,93,Low,No,2,Low,Low,Public,Positive,4,No,College,Near,Male,69,Normal,1.8,1239.93,294,4.0
22,66,Medium,Medium,No,6,63,High,Yes,1,Low,Medium,Private,Neutral,5,No,Postgraduate,Far,Male,64,High_Risk,1.8,769.96,132,3.43
23,85,Medium,Medium,Yes,6,91,Low,Yes,1,Low,High,Public,Neutral,3,No,High School,Far,Male,68,Normal,1.8,1162.71,170,3.57
21,83,Medium,Low,Yes,8,92,Low,Yes,2,Medium,Medium,Private,Negative,4,Yes,High School,Near,Male,66,Normal,1.8,1073.27,249,2.78
22,88,Medium,Medium,No,7,72,Low,Yes,4,High,Medium,Public,Negative,2,No,Postgraduate,Near,Male,70,Normal,0.8,1979.75,440,3.75
25,69,Medium,Medium,No,7,66,Medium,No,0,Low,Low,Public,Neutral,3,Yes,College,Near,Male,62,High_Risk,0.8,2062.24,69,3.12
22,83,Medium,Low,Yes,7,66,Medium,Yes,2,Medium,Medium,Private,Neutral,3,No,High School,Near,Female,67,Normal,0.8,1814.77,249,3.25
21,62,High,Medium,No,6,86,Medium,Yes,2,Medium,High,Private,Positive,4,No,High School,Near,Female,67,Normal,1.8,1003.28,186,3.57
13,66,Low,Medium,Yes,6,69,Low,Yes,2,Low,Medium,Private,Positive,4,No,High School,Near,Male,61,High_Risk,1.8,498.31,198,2.43
23,80,Low,Low,Yes,8,54,Medium,Yes,0,Medium,High,Private,Positive,2,No,Unknown,Near,Female,65,High_Risk,1.8,689.96,80,2.56
20,94,Low,High,Yes,8,89,Medium,Yes,1,Low,Medium,Public,Positive,4,No,High School,Near,Male,71,Normal,1.8,988.83,188,2.44
16,97,Medium,Medium,Yes,6,92,Low,Yes,0,High,Medium,Private,Positive,4,No,College,Near,Male,71,Normal,1.8,817.73,97,2.29
15,77,Low,Medium,Yes,7,95,Low,Yes,4,Low,Medium,Public,Positive,4,No,High School,Moderate,Male,65,High_Risk,0.8,1781.03,385,2.88
21,92,Medium,Low,Yes,8,51,Low,Yes,0,Medium,Medium,Public,Neutral,2,No,College,Moderate,Male,66,Normal,1.8,594.97,92,2.33
23,78,Medium,Medium,Yes,10,74,Low,Yes,3,Medium,Medium,Public,Negative,4,No,High School,Moderate,Male,67,Normal,3.8,447.88,312,2.64
13,93,Medium,High,Yes,8,75,Medium,Yes,1,Medium,Medium,Private,Positive,2,No,High School,Near,Male,69,Normal,1.8,541.64,186,1.67
17,89,Low,Medium,Yes,5,62,High,Yes,2,Medium,Medium,Private,Positive,2,No,College,Near,Female,68,Normal,2.8,376.42,267,3.5
12,79,Medium,Medium,Yes,7,99,Low,Yes,2,Medium,Medium,Public,Negative,2,Yes,High School,Near,Female,64,High_Risk,0.8,1484.81,237,2.0
22,98,Medium,Low,No,10,73,Medium,Yes,1,Low,Low,Public,Negative,4,Yes,College,Near,Female,68,Normal,3.8,422.62,196,2.18
4,80,Low,Medium,Yes,8,51,Medium,Yes,4,Medium,High,Public,Negative,5,No,High School,Near,Male,62,High_Risk,1.8,113.33,400,1.33
16,62,High,Medium,No,4,89,High,Yes,3,Low,Medium,Public,Neutral,3,No,College,Near,Female,65,High_Risk,3.8,374.73,248,4.4
3,96,High,High,Yes,10,62,Medium,Yes,3,Low,Medium,Private,Neutral,4,No,High School,Far,Male,66,Normal,3.8,48.95,384,0.82
10,67,High,Medium,Yes,8,92,Medium,Yes,1,Medium,High,Public,Negative,4,No,Postgraduate,Near,Male,65,High_Risk,1.8,511.08,134,1.33
25,62,Medium,Low,No,6,61,High,Yes,1,Medium,Medium,Public,Positive,4,No,Postgraduate,Moderate,Female,64,High_Risk,1.8,847.18,124,3.86
16,93,Medium,Low,Yes,7,81,Medium,Yes,2,Low,Medium,Private,Negative,3,Yes,Postgraduate,Moderate,Male,67,Normal,0.8,1619.8,279,2.5
8,99,Medium,Medium,No,9,54,Low,Yes,2,Low,Medium,Public,Neutral,5,No,Postgraduate,Near,Female,67,Normal,2.8,154.28,297,1.2
11,63,High,Medium,Yes,9,56,High,Yes,2,Medium,Medium,Public,Neutral,3,No,High School,Near,Female,62,High_Risk,2.8,219.99,189,1.5
22,93,Medium,High,Yes,6,69,High,Yes,0,High,Low,Public,Negative,3,Yes,High School,Near,Male,69,Normal,1.8,843.29,93,3.14
13,77,Medium,Medium,Yes,10,55,Low,Yes,2,Low,Medium,Private,Positive,3,No,College,Moderate,Male,63,High_Risk,3.8,188.15,231,1.55
17,94,Medium,Low,Yes,7,98,Low,Yes,1,Medium,High,Public,Negative,2,No,High School,Near,Male,68,Normal,0.8,2082.24,188,2.38
21,99,High,Low,No,7,95,Low,Yes,2,Low,Medium,Public,Negative,1,No,High School,Near,Female,70,Normal,0.8,2493.44,297,3.12
15,96,Medium,Low,No,7,54,Low,Yes,0,Low,Medium,Public,Neutral,3,No,College,Near,Female,65,High_Risk,0.8,1012.37,96,1.88
8,95,Medium,Medium,No,7,73,Low,Yes,2,Medium,Medium,Private,Neutral,2,No,College,Near,Male,66,Normal,0.8,729.91,285,1.5
12,81,High,Medium,No,8,53,Low,Yes,1,Medium,High,Private,Positive,3,No,College,Near,Male,65,High_Risk,1.8,353.31,162,1.56
22,65,Medium,Medium,Yes,4,81,High,Yes,5,Medium,Medium,Public,Positive,4,No,College,Far,Female,68,Normal,3.8,468.94,390,6.4
21,98,Low,Low,Yes,6,70,Medium,Yes,1,Medium,Medium,Public,Positive,3,No,High School,Moderate,Male,68,Normal,1.8,816.62,196,3.29
18,98,High,Medium,Yes,7,92,Medium,Yes,2,Low,High,Private,Neutral,4,No,High School,Near,Male,73,Normal,0.8,2069.74,294,2.75
22,100,Medium,Medium,Yes,7,64,Medium,Yes,2,Low,Medium,Private,Positive,3,No,College,Near,Female,72,Normal,0.8,1759.78,300,3.25
21,96,Low,High,Yes,6,78,Low,Yes,2,Medium,High,Private,Neutral,3,No,High School,Moderate,Female,71,Normal,1.8,909.95,288,3.57
22,73,Low,Medium,Yes,9,72,Low,Yes,3,Medium,Medium,Public,Positive,3,No,High School,Near,Female,66,Normal,2.8,565.69,292,2.8
9,70,High,Medium,No,8,82,Low,No,2,High,High,Public,Negative,2,No,High School,Near,Female,62,High_Risk,1.8,409.98,210,1.44
20,81,Medium,Low,Yes,6,53,Low,Yes,0,Medium,Low,Public,Neutral,4,No,Unknown,Far,Female,63,High_Risk,1.8,588.86,81,2.86
24,98,Medium,Medium,Yes,7,91,Medium,Yes,2,Medium,Medium,Public,Neutral,4,No,Postgraduate,Near,Male,74,Normal,0.8,2729.66,294,3.5
24,64,Medium,Medium,Yes,4,67,Low,Yes,0,Low,Medium,Public,Neutral,1,No,High School,Near,Male,62,High_Risk,3.8,423.15,64,4.8
23,97,Medium,High,Yes,8,60,Medium,Yes,1,Medium,High,Public,Neutral,3,No,College,Near,Male,72,Normal,1.8,766.62,194,2.78
14,76,High,Medium,No,6,74,Low,Yes,0,High,Medium,Private,Positive,2,Yes,College,Far,Male,63,High_Risk,1.8,575.52,76,2.0
21,60,Low,High,No,8,99,Low,Yes,0,Low,Low,Private,Positive,3,No,High School,Near,Male,62,High_Risk,1.8,1154.94,60,2.33
16,66,High,Medium,Yes,5,84,Medium,Yes,2,Medium,Medium,Private,Neutral,3,No,High School,Near,Female,65,High_Risk,2.8,479.98,198,3.33
21,78,Medium,Low,No,8,83,Medium,Yes,2,Medium,Medium,Public,Positive,4,Yes,High School,Far,Male,65,High_Risk,1.8,968.28,234,2.78
15,94,Medium,Medium,Yes,6,77,Low,Yes,3,High,High,Private,Neutral,4,No,College,Near,Female,70,Normal,1.8,641.63,376,3.0
27,91,Low,High,No,4,67,Medium,Yes,1,High,High,Private,Neutral,2,No,High School,Moderate,Female,71,Normal,3.8,476.04,182,5.8
23,75,High,Medium,Yes,8,80,High,Yes,0,Low,High,Private,Neutral,4,No,High School,Moderate,Female,68,Normal,1.8,1022.17,75,2.56
23,87,Medium,Low,Yes,6,93,Medium,Yes,1,High,High,Private,Positive,4,No,Postgraduate,Near,Female,72,Normal,1.8,1188.27,174,3.57
20,87,High,Medium,Yes,8,58,Low,Yes,2,Low,Medium,Public,Negative,2,Yes,Postgraduate,Near,Male,67,Normal,1.8,644.41,261,2.67
18,96,Medium,Low,No,9,63,Medium,Yes,4,Low,Medium,Private,Neutral,3,No,Postgraduate,Near,Male,70,Normal,2.8,404.99,480,2.6
17,65,Medium,High,No,9,79,Medium,Yes,0,Medium,Medium,Public,Positive,2,Yes,High School,Moderate,Male,62,High_Risk,2.8,479.63,65,1.7
17,98,Low,Medium,No,7,92,Medium,Yes,0,High,Medium,Private,Positive,0,No,College,Near,Male,69,Normal,0.8,1954.76,98,2.12
22,75,Medium,Medium,No,7,88,Low,Yes,0,Low,Medium,Private,Neutral,3,No,Postgraduate,Far,Male,65,High_Risk,0.8,2419.7,75,2.75
17,87,Medium,Medium,Yes,7,91,High,Yes,3,Low,High,Public,Positive,3,Yes,College,Near,Female,70,Normal,0.8,1933.51,348,2.88
28,90,High,Low,Yes,8,75,Medium,Yes,1,Low,High,Public,Neutral,3,Yes,High School,Moderate,Male,70,Normal,1.8,1166.6,180,3.33
25,73,High,Medium,No,6,54,High,Yes,2,Medium,Medium,Public,Neutral,4,No,High School,Moderate,Female,67,Normal,1.8,749.96,219,4.14
13,74,High,High,Yes,7,61,Medium,Yes,2,Low,Medium,Public,Positive,3,No,High School,Moderate,Male,65,High_Risk,0.8,991.13,222,2.12
26,91,High,Medium,Yes,7,79,Medium,Yes,1,Low,Medium,Private,Neutral,5,No,High School,Near,Female,72,Normal,0.8,2567.18,182,3.5
18,71,Medium,Medium,No,7,72,High,Yes,0,High,High,Public,Positive,5,No,College,Moderate,Female,66,Normal,0.8,1619.8,71,2.25
23,64,Medium,High,Yes,7,55,Medium,Yes,0,Medium,Medium,Public,Positive,4,No,High School,Moderate,Male,65,High_Risk,0.8,1581.05,64,2.88
22,69,Low,High,Yes,8,51,Medium,Yes,1,Low,High,Public,Positive,3,No,High School,Near,Female,65,High_Risk,1.8,623.3,138,2.67
28,94,Medium,High,No,7,60,Low,Yes,1,Low,Medium,Public,Positive,3,No,High School,Near,Male,71,Normal,0.8,2099.74,188,3.75
23,66,Medium,High,Yes,7,82,High,Yes,1,Medium,Medium,Public,Positive,2,No,High School,Near,Male,67,Normal,0.8,2357.21,132,3.12
22,72,Low,High,No,7,88,Medium,No,2,Medium,Medium,Public,Positive,4,No,High School,Near,Female,66,Normal,0.8,2419.7,216,3.25
17,72,High,Medium,Yes,7,94,High,Yes,1,Low,Medium,Public,Neutral,5,No,High School,Moderate,Male,66,Normal,0.8,1997.25,144,2.38
19,79,Medium,High,No,7,100,Low,Yes,1,High,High,Public,Positive,2,No,College,Far,Female,69,Normal,0.8,2374.7,158,2.62
26,73,Medium,Medium,No,6,55,Medium,Yes,1,Medium,Low,Public,Positive,4,No,Postgraduate,Near,Male,67,Normal,1.8,794.4,146,4.0
27,74,Medium,High,No,6,54,Medium,Yes,3,Medium,Medium,Public,Neutral,3,No,College,Near,Female,69,Normal,1.8,809.96,296,4.71
19,65,Medium,High,Yes,7,76,Medium,No,0,Medium,Medium,Public,Neutral,3,No,Postgraduate,Near,Female,64,High_Risk,0.8,1804.77,65,2.38
27,76,Low,Medium,Yes,5,89,Low,Yes,0,Low,Unknown,Private,Positive,4,No,Postgraduate,Far,Male,67,Normal,2.8,858.18,76,4.5
29,77,Medium,Medium,No,7,52,Medium,Yes,5,Low,Medium,Public,Positive,4,No,College,Near,Female,70,Normal,0.8,1884.76,462,4.88
19,99,High,Medium,No,7,69,Medium,Yes,1,High,Medium,Public,Positive,3,No,High School,Near,Male,72,Normal,0.8,1638.55,198,2.62
17,98,Low,High,No,5,75,Low,Yes,1,Low,Low,Private,Positive,3,Yes,College,Near,Male,67,Normal,2.8,455.34,196,3.17
14,61,Medium,Medium,Yes,7,93,Low,Yes,3,Medium,High,Public,Negative,2,No,High School,Moderate,Male,62,High_Risk,0.8,1627.3,244,2.5
20,70,Low,Medium,Yes,6,79,Low,Yes,4,Medium,Medium,Public,Positive,4,No,Postgraduate,Near,Male,67,Normal,1.8,877.73,350,4.0
15,83,Medium,Low,Yes,7,83,Low,Yes,1,High,Medium,Public,Neutral,2,No,Postgraduate,Near,Female,66,Normal,0.8,1556.06,166,2.12
23,84,Low,Low,No,6,74,Medium,No,3,Low,Medium,Public,Positive,1,No,High School,Near,Female,66,Normal,1.8,945.5,336,4.14
17,98,Medium,High,Yes,7,72,High,Yes,0,Low,Medium,Public,Positive,3,No,High School,Near,Male,71,Normal,0.8,1529.81,98,2.12
32,98,Low,High,No,5,89,Medium,Yes,2,High,Low,Private,Positive,3,No,College,Near,Male,76,Normal,2.8,1017.11,294,6.0
8,72,High,High,Yes,9,93,High,Yes,4,Medium,Medium,Public,Positive,4,No,High School,Near,Male,68,Normal,2.8,265.7,360,1.6
28,70,High,High,Yes,8,97,Medium,Yes,5,Low,Low,Public,Negative,5,Yes,High School,Near,Male,70,Normal,1.8,1508.81,420,4.22
13,84,Low,Medium,No,10,71,Low,Yes,1,Medium,High,Public,Neutral,3,No,College,Moderate,Male,64,High_Risk,3.8,242.89,168,1.36
19,79,Low,Medium,Yes,5,99,High,Yes,1,Low,Medium,Private,Negative,4,No,College,Moderate,Female,66,Normal,2.8,671.76,158,3.5
13,69,Medium,Low,Yes,7,53,High,No,2,Medium,Medium,Private,Negative,3,Yes,High School,Near,Female,59,High_Risk,0.8,861.14,207,2.12
11,94,Medium,Low,Yes,8,66,High,No,1,High,Low,Public,Neutral,4,No,High School,Near,Female,65,High_Risk,1.8,403.31,188,1.44
22,95,Medium,Medium,No,5,97,Medium,Yes,0,Low,Low,Public,Neutral,3,No,High School,Moderate,Male,69,Normal,2.8,762.12,95,3.67
21,75,High,High,No,7,70,High,Yes,1,Medium,High,Private,Neutral,3,No,Postgraduate,Near,Female,69,Normal,0.8,1837.27,150,2.88
28,72,Low,Medium,Yes,7,60,Medium,Yes,4,High,Medium,Public,Neutral,3,No,Postgraduate,Near,Male,69,Normal,0.8,2099.74,360,4.5
13,72,Low,Medium,No,6,93,Low,Yes,1,Low,Medium,Public,Negative,3,No,High School,Near,Male,61,High_Risk,1.8,671.63,144,2.14
13,78,Medium,High,No,7,82,High,Yes,0,Low,High,Public,Neutral,2,No,College,Moderate,Female,65,High_Risk,0.8,1332.33,78,1.62
37,73,Medium,High,Yes,6,71,Medium,Yes,0,High,High,Public,Positive,5,No,High School,Moderate,Male,72,Normal,1.8,1459.36,73,5.29
24,60,Medium,High,Yes,9,83,High,Yes,2,Medium,Low,Public,Positive,3,Yes,High School,Near,Male,66,Normal,2.8,711.4,180,2.8
25,82,Medium,High,No,4,54,Medium,Yes,0,Medium,Medium,Public,Neutral,3,No,High School,Near,Male,67,Normal,3.8,355.25,82,5.0
21,82,Low,High,No,9,58,Medium,Yes,0,Medium,Medium,Public,Negative,2,No,High School,Near,Male,65,High_Risk,2.8,434.98,82,2.1
25,65,High,Medium,Yes,4,84,High,Yes,1,High,Medium,Public,Positive,2,No,High School,Near,Male,68,Normal,3.8,552.62,130,5.4
19,89,Medium,Low,No,10,74,Medium,Yes,1,Low,Medium,Public,Positive,2,No,High School,Moderate,Female,66,Normal,3.8,369.99,178,1.91
22,70,Medium,High,Yes,6,53,Medium,Yes,3,Medium,High,Public,Positive,2,No,High School,Near,Female,67,Normal,1.8,647.74,280,4.0
16,78,Medium,Medium,Yes,4,78,Medium,Yes,5,High,Medium,Public,Positive,3,No,High School,Near,Female,68,Normal,3.8,328.41,468,5.2
17,68,Medium,Low,Yes,7,99,High,Yes,2,Medium,Medium,Public,Positive,3,No,High School,Near,Female,65,High_Risk,0.8,2103.49,204,2.62
12,81,High,High,Yes,5,82,Low,Yes,1,Medium,High,Public,Positive,3,No,High School,Far,Female,66,Normal,2.8,351.42,162,2.33
23,97,Medium,High,No,7,95,Medium,Yes,0,Medium,High,Private,Positive,4,No,Postgraduate,Moderate,Female,74,Normal,0.8,2730.91,97,2.88
7,82,Medium,High,Yes,6,99,Medium,Yes,2,Medium,High,Public,Negative,2,No,Postgraduate,Moderate,Male,66,Normal,1.8,384.98,246,1.57
7,96,High,Medium,Yes,6,68,Medium,Yes,2,Low,High,Public,Neutral,1,No,High School,Near,Female,67,Normal,1.8,264.43,288,1.57
24,97,High,Medium,Yes,8,51,Medium,Yes,3,Low,Unknown,Public,Neutral,2,No,Postgraduate,Near,Female,73,Normal,1.8,679.96,388,3.33
23,70,Medium,High,No,7,94,Low,Yes,3,Medium,High,Public,Neutral,3,No,Unknown,Near,Female,68,Normal,0.8,2702.16,280,3.62
21,66,High,Medium,Yes,7,56,Medium,Yes,1,Low,Medium,Private,Neutral,4,No,Postgraduate,Moderate,Male,65,High_Risk,0.8,1469.82,132,2.88
26,79,High,Low,No,7,66,Medium,Yes,1,High,Medium,Public,Positive,5,Yes,High School,Moderate,Male,67,Normal,0.8,2144.73,158,3.5
15,71,High,Low,No,7,78,Medium,Yes,0,Medium,Medium,Private,Positive,3,No,High School,Near,Male,63,High_Risk,0.8,1462.32,71,1.88
17,92,Low,Medium,Yes,6,65,High,Yes,3,Medium,High,Public,Positive,2,No,College,Near,Male,70,Normal,1.8,613.85,368,3.29
9,96,Medium,High,Yes,9,63,Medium,Yes,1,High,Medium,Private,Neutral,1,No,High School,Near,Male,67,Normal,2.8,202.49,192,1.1
18,94,Medium,High,Yes,7,82,Medium,Yes,3,Medium,Medium,Private,Negative,2,Yes,College,Near,Male,70,Normal,0.8,1844.77,376,3.0
16,84,High,High,No,6,88,Low,Yes,1,Medium,Medium,Private,Negative,1,Yes,High School,Near,Male,66,Normal,1.8,782.18,168,2.57
25,69,High,Medium,Yes,9,98,Medium,Yes,1,Low,Medium,Public,Negative,3,Yes,College,Moderate,Female,66,Normal,2.8,874.97,138,2.7
15,88,Medium,Medium,Yes,7,85,Medium,Yes,4,Medium,Medium,Private,Negative,2,No,Postgraduate,Near,Female,69,Normal,0.8,1593.55,440,2.88
22,63,High,Medium,No,7,93,High,Yes,0,Medium,Medium,Private,Neutral,2,No,High School,Far,Male,64,High_Risk,0.8,2557.18,63,2.75
10,98,Medium,Medium,Yes,6,82,Medium,Yes,2,High,Medium,Public,Positive,2,No,College,Moderate,Male,69,Normal,1.8,455.53,294,2.0
22,62,Medium,Medium,Yes,8,64,Medium,Yes,0,Low,Medium,Public,Neutral,3,No,Postgraduate,Near,Female,63,High_Risk,1.8,782.18,62,2.44
16,96,Medium,Medium,No,7,81,Medium,Yes,0,Low,Low,Public,Negative,3,No,High School,Moderate,Male,66,Normal,0.8,1619.8,96,2.0
18,72,High,High,No,6,85,High,Yes,1,High,High,Private,Positive,1,No,High School,Moderate,Male,68,Normal,1.8,849.95,144,2.86
12,71,High,High,Yes,7,78,High,Yes,3,Low,Medium,Public,Positive,4,No,College,Moderate,Female,67,Normal,0.8,1169.85,284,2.25
20,94,High,Medium,No,8,59,High,Yes,3,Medium,Medium,Public,Positive,4,No,High School,Near,Female,72,Normal,1.8,655.52,376,2.89
19,90,Medium,Medium,No,8,78,Medium,Yes,1,Low,Medium,Private,Neutral,3,No,High School,Moderate,Male,67,Normal,1.8,823.29,180,2.33
13,68,Low,High,No,7,60,Medium,Yes,1,Medium,Low,Private,Positive,3,No,College,Moderate,Female,61,High_Risk,0.8,974.88,136,1.88
28,80,Medium,High,Yes,8,61,Low,Yes,1,Low,Medium,Private,Negative,3,No,College,Far,Female,68,Normal,1.8,948.84,160,3.33
15,83,High,High,Yes,8,100,Medium,Yes,0,Medium,Medium,Public,Positive,3,No,College,Near,Female,70,Normal,1.8,833.29,83,1.67
13,80,Low,High,Yes,4,66,High,Yes,2,Low,Medium,Public,Negative,2,No,High School,Moderate,Female,64,High_Risk,3.8,225.78,240,3.4
27,71,Medium,Medium,Yes,9,51,Medium,No,3,High,Medium,Public,Neutral,1,No,College,Far,Female,66,Normal,2.8,491.77,284,3.3
32,75,Low,High,No,5,91,Low,Yes,1,High,Medium,Public,Positive,2,No,College,Moderate,Female,70,Normal,2.8,1039.96,150,5.67
21,84,Medium,Low,No,9,53,Low,Yes,2,Medium,High,Public,Negative,3,No,High School,Moderate,Female,65,High_Risk,2.8,397.49,252,2.5
32,79,Low,High,Yes,5,61,Medium,Yes,0,Low,High,Public,Positive,3,No,College,Near,Male,70,Normal,2.8,697.12,79,5.33
23,85,Medium,Low,No,8,67,Low,Yes,1,Medium,Medium,Private,Neutral,3,No,Postgraduate,Far,Female,66,Normal,1.8,856.06,170,2.78
17,97,Medium,Low,No,7,73,High,No,1,Medium,High,Private,Neutral,4,No,College,Near,Male,69,Normal,0.8,1551.06,194,2.38
10,69,Medium,Medium,Yes,5,65,Low,Yes,0,Medium,Medium,Private,Positive,3,No,High School,Near,Female,60,High_Risk,2.8,232.13,69,1.67
23,89,Low,Medium,No,9,88,High,Yes,1,High,Medium,Public,Neutral,5,No,Postgraduate,Unknown,Male,71,Normal,2.8,722.83,178,2.5
23,65,Medium,High,Yes,7,58,Low,Yes,1,Low,Medium,Public,Neutral,3,Yes,College,Moderate,Female,63,High_Risk,0.8,1667.29,130,3.12
11,62,Low,High,Yes,7,87,High,No,3,Low,High,Public,Positive,3,No,High School,Far,Female,61,High_Risk,0.8,1196.1,248,2.12
17,69,Low,High,Yes,7,95,Medium,Yes,1,Low,High,Private,Positive,2,No,High School,Moderate,Male,65,High_Risk,0.8,2018.5,138,2.38
28,70,Medium,Medium,Yes,4,96,Low,Yes,1,Medium,Medium,Private,Positive,2,No,Unknown,Moderate,Male,67,Normal,3.8,707.35,140,6.0
25,70,High,High,Yes,7,63,Medium,Yes,1,Medium,High,Private,Positive,3,No,College,Moderate,Male,69,Normal,0.8,1968.5,140,3.38
21,67,Low,High,Yes,7,55,High,Yes,2,High,High,Private,Positive,3,No,High School,Moderate,Female,66,Normal,0.8,1443.57,201,3.12
19,84,High,Low,Yes,7,85,Medium,Yes,1,High,Medium,Private,Neutral,3,No,High School,Near,Male,68,Normal,0.8,2018.5,168,2.62
18,62,Low,High,Yes,6,91,High,No,4,Low,Medium,Private,Neutral,1,No,High School,Moderate,Male,63,High_Risk,1.8,909.95,310,3.71
25,95,Medium,Low,Yes,5,68,Medium,Yes,1,Medium,High,Public,Positive,3,No,High School,Far,Male,70,Normal,2.8,607.12,190,4.5
15,65,Medium,Medium,No,8,53,Medium,Yes,2,Low,Medium,Public,Negative,3,No,College,Near,Male,61,High_Risk,1.8,441.64,195,2.11
22,70,Medium,Medium,No,7,91,Medium,Yes,2,Medium,Medium,Public,Positive,1,No,High School,Near,Male,66,Normal,0.8,2502.19,210,3.25
17,71,Medium,High,Yes,7,85,Low,Yes,2,Low,Low,Private,Negative,2,No,College,Unknown,Female,65,High_Risk,0.8,1806.02,213,2.62
22,89,High,High,Yes,8,89,Medium,Yes,0,Medium,Medium,Private,Neutral,3,No,High School,Moderate,Male,71,Normal,1.8,1087.72,89,2.44
12,82,Low,Medium,No,5,98,Medium,Yes,0,Low,High,Public,Neutral,1,No,High School,Moderate,Male,63,High_Risk,2.8,419.99,82,2.0
19,75,Medium,High,No,10,88,Low,Yes,0,Low,High,Public,Positive,2,No,High School,Near,Female,66,Normal,3.8,439.99,75,1.73
23,81,Low,Medium,Yes,4,54,Medium,Yes,1,Low,Medium,Public,Neutral,3,No,College,Near,Male,66,Normal,3.8,326.83,162,5.0
16,85,Medium,Medium,No,8,87,High,Yes,4,Low,Medium,Private,Negative,3,No,High School,Far,Male,67,Normal,1.8,773.29,425,2.67
34,63,Medium,High,Yes,9,83,Medium,Yes,2,Medium,High,Public,Negative,2,No,College,Moderate,Male,69,Normal,2.8,1007.82,189,3.8
21,77,Medium,Low,Yes,5,94,Low,Yes,1,Medium,High,Public,Negative,3,No,High School,Far,Male,65,High_Risk,2.8,704.97,154,3.83
15,95,High,Medium,Yes,9,58,Low,Yes,2,Low,High,Private,Neutral,3,No,High School,Near,Female,69,Normal,2.8,310.7,285,1.9
22,90,Medium,Medium,Yes,7,66,Low,Yes,0,Low,Medium,Public,Positive,1,No,Postgraduate,Near,Male,69,Normal,0.8,1814.77,90,2.75
20,82,Medium,Medium,Yes,8,79,Low,Yes,1,Low,Medium,Public,Positive,4,No,High School,Near,Male,67,Normal,1.8,877.73,164,2.44
29,67,High,Low,Yes,8,83,Medium,Yes,2,Low,Medium,Private,Positive,4,Yes,High School,Near,Female,67,Normal,1.8,1337.15,201,3.67
15,81,High,Medium,No,5,68,Low,No,0,Medium,High,Public,Positive,3,No,High School,Near,Female,65,High_Risk,2.8,364.27,81,2.5
20,74,Medium,Medium,Yes,9,91,Medium,Yes,1,Low,Medium,Public,Neutral,5,No,High School,Near,Male,66,Normal,2.8,649.98,148,2.2
33,64,Low,Medium,Yes,9,65,Medium,Yes,0,Medium,Unknown,Public,Negative,2,No,College,Moderate,Male,65,High_Risk,2.8,766.04,64,3.3
16,80,Low,Medium,Yes,7,63,High,Yes,2,Low,Medium,Private,Neutral,3,No,Unknown,Far,Male,63,High_Risk,0.8,1259.84,240,2.5
29,95,Medium,Low,Yes,9,88,Medium,Yes,0,Medium,High,Public,Neutral,2,No,High School,Near,Female,72,Normal,2.8,911.4,95,2.9
20,64,Medium,Low,Yes,8,53,Low,Yes,1,Low,Medium,Public,Positive,2,No,High School,Near,Male,61,High_Risk,1.8,588.86,128,2.44
16,73,High,Medium,Yes,8,52,Medium,Yes,2,Medium,High,Public,Positive,4,No,College,Near,Female,66,Normal,1.8,462.2,219,2.22
15,98,High,Medium,No,6,58,High,Yes,0,Low,High,Public,Positive,3,No,College,Near,Male,69,Normal,1.8,483.31,98,2.14
22,99,Medium,Low,Yes,6,92,Low,Yes,3,Medium,Medium,Public,Negative,4,No,Postgraduate,Moderate,Male,72,Normal,1.8,1124.38,396,4.0
10,71,Medium,High,Yes,6,86,Medium,Yes,1,Medium,Low,Public,Negative,2,Yes,Postgraduate,Near,Male,62,High_Risk,1.8,477.75,142,1.71
27,78,Medium,Medium,Yes,8,55,Low,Yes,3,High,Medium,Public,Neutral,2,No,Postgraduate,Moderate,Male,69,Normal,1.8,824.95,312,3.67
24,83,High,Medium,No,4,66,High,Yes,2,Medium,High,Private,Positive,4,Yes,Postgraduate,Moderate,Male,70,Normal,3.8,416.83,249,5.6
17,87,High,High,Yes,9,83,Medium,Yes,0,Low,High,Public,Neutral,2,No,College,Moderate,Male,69,Normal,2.8,503.91,87,1.7
24,92,Medium,High,No,8,78,High,Yes,0,Medium,Medium,Public,Neutral,3,No,High School,Near,Male,71,Normal,1.8,1039.94,92,2.67
19,100,Medium,Low,No,6,66,High,Yes,0,Low,Medium,Public,Neutral,3,No,Unknown,Moderate,Male,68,Normal,1.8,696.63,100,2.71
28,100,High,Low,Yes,6,72,Medium,Yes,1,Low,Medium,Public,Negative,2,No,Postgraduate,Near,Female,73,Normal,1.8,1119.94,200,4.29
18,97,Medium,High,No,8,67,Medium,Yes,1,Medium,High,Public,Neutral,3,No,High School,Near,Male,70,Normal,1.8,669.96,194,2.22
20,70,Low,Medium,Yes,9,69,High,Yes,2,Medium,High,Public,Neutral,3,No,Postgraduate,Near,Female,66,Normal,2.8,492.84,210,2.4
17,81,Medium,High,No,8,86,Medium,Yes,1,Medium,Medium,Private,Neutral,3,No,Postgraduate,Near,Male,68,Normal,1.8,812.18,162,2.11
25,60,Low,High,No,8,98,Medium,Yes,1,Medium,Medium,Public,Neutral,5,No,Postgraduate,Near,Female,67,Normal,1.8,1361.04,120,3.0
16,82,Low,High,Yes,8,73,Low,Yes,3,Low,High,Public,Positive,1,No,College,Near,Male,67,Normal,1.8,648.85,328,2.44
16,83,Low,Medium,No,6,57,Medium,Yes,0,High,Low,Public,Positive,4,Yes,High School,Near,Female,63,High_Risk,1.8,506.64,83,2.29
29,77,High,High,Yes,7,52,Medium,Yes,2,High,Medium,Public,Negative,3,Yes,High School,Near,Female,69,Normal,0.8,1884.76,231,4.12
16,66,High,Medium,Yes,7,79,High,Yes,0,High,High,Private,Neutral,3,No,College,Near,Female,66,Normal,0.8,1579.8,66,2.0
26,92,Low,Medium,Yes,8,98,Medium,Yes,2,Medium,Medium,Public,Neutral,3,No,Postgraduate,Moderate,Male,72,Normal,1.8,1415.48,276,3.33
22,89,Low,Medium,Yes,9,78,Medium,Yes,0,Medium,Medium,Public,Positive,3,No,Unknown,Moderate,Male,68,Normal,2.8,612.84,89,2.2
29,96,High,High,Yes,9,56,Low,Yes,0,Low,High,Private,Neutral,4,No,High School,Near,Male,73,Normal,2.8,579.98,96,2.9
19,68,High,High,No,7,51,Medium,No,1,High,Medium,Public,Positive,1,No,High School,Moderate,Female,64,High_Risk,0.8,1211.1,136,2.62
13,62,Medium,Medium,Yes,8,56,Low,Yes,1,Low,High,Public,Positive,4,Yes,High School,Near,Female,60,High_Risk,1.8,404.42,124,1.67
29,61,Medium,High,No,9,61,Medium,Yes,0,Low,Medium,Private,Negative,3,No,High School,Near,Male,64,High_Risk,2.8,631.76,61,2.9
16,77,Low,High,Yes,6,76,Low,Yes,1,Low,Medium,Public,Neutral,1,No,Postgraduate,Moderate,Female,64,High_Risk,1.8,675.52,154,2.57
18,69,Low,High,Yes,4,62,High,Yes,1,Medium,Low,Public,Neutral,3,No,High School,Moderate,Male,63,High_Risk,3.8,293.68,138,4.0
33,86,Low,Medium,Yes,7,80,Medium,Yes,0,Low,High,Public,Neutral,3,No,Postgraduate,Near,Female,72,Normal,0.8,3299.59,86,4.12
19,98,Low,High,Yes,7,68,Medium,Yes,1,Low,Medium,Private,Neutral,4,No,High School,Moderate,Female,69,Normal,0.8,1614.8,196,2.62
24,92,Medium,Medium,Yes,5,86,High,Yes,3,Medium,High,Public,Neutral,2,No,High School,Near,Female,73,Normal,2.8,737.12,368,5.0
24,88,Low,Medium,Yes,6,86,Low,Yes,0,Low,Low,Public,Negative,3,No,College,Near,Male,67,Normal,1.8,1146.6,88,3.43
32,100,Low,High,Yes,5,67,Medium,No,4,Medium,Medium,Public,Positive,3,No,High School,Far,Male,74,Normal,2.8,765.69,500,6.67
27,67,High,Low,No,8,89,Low,Yes,1,Low,Low,Public,Positive,3,No,Postgraduate,Near,Female,66,Normal,1.8,1334.93,134,3.22
20,61,Low,High,Yes,8,78,Medium,Yes,0,Low,Medium,Private,Positive,5,No,High School,Near,Female,63,High_Risk,1.8,866.62,61,2.22
21,93,Medium,High,No,8,80,Medium,Yes,0,High,High,Public,Positive,1,No,College,Moderate,Female,71,Normal,1.8,933.28,93,2.33
20,76,Medium,Low,No,7,52,Medium,Yes,2,Low,High,Private,Neutral,3,No,High School,Near,Female,64,High_Risk,0.8,1299.84,228,3.0
20,64,Medium,Medium,Yes,6,57,Medium,Yes,3,Low,High,Public,Neutral,4,No,College,Near,Female,65,High_Risk,1.8,633.3,256,3.71
13,95,Medium,High,Yes,8,63,Medium,Yes,3,Medium,Medium,Private,Neutral,2,No,Postgraduate,Near,Female,70,Normal,1.8,454.97,380,2.11
32,75,Low,Low,No,7,55,Medium,Yes,1,Medium,Medium,Public,Neutral,4,No,High School,Moderate,Male,66,Normal,0.8,2199.73,150,4.25
17,95,High,Medium,No,5,62,High,Yes,1,Medium,Medium,Private,Positive,3,No,High School,Moderate,Male,69,Normal,2.8,376.42,190,3.17
34,91,Low,Medium,No,7,95,Medium,No,1,Medium,Medium,Public,Negative,3,Yes,College,Moderate,Male,70,Normal,0.8,4037.0,182,4.5
19,90,High,Medium,Yes,5,85,High,Yes,0,Medium,High,Private,Positive,5,No,Postgraduate,Near,Female,73,Normal,2.8,576.77,90,3.17
19,64,Low,Medium,No,8,59,Low,Yes,2,Medium,Medium,Public,Negative,4,No,College,Moderate,Female,61,High_Risk,1.8,622.74,192,2.56
27,75,Medium,Low,Yes,10,57,Medium,Yes,3,High,Low,Public,Negative,3,No,High School,Near,Male,66,Normal,3.8,404.99,300,3.0
18,65,Medium,High,No,6,83,Low,Yes,1,Medium,High,Private,Neutral,2,No,High School,Near,Male,64,High_Risk,1.8,829.95,130,2.86
17,88,Medium,High,Yes,7,94,Low,Yes,0,Medium,Medium,Public,Neutral,3,No,High School,Near,Male,69,Normal,0.8,1997.25,88,2.12
24,89,High,Medium,Yes,7,99,Medium,Yes,2,Low,High,Private,Neutral,4,No,High School,Near,Female,73,Normal,0.8,2969.63,267,3.5
28,85,Medium,High,Yes,7,98,Medium,Yes,2,Low,High,Private,Positive,1,Yes,High School,Near,Male,72,Normal,0.8,3429.57,255,4.0
23,74,Medium,High,Yes,6,93,Medium,Yes,4,High,Medium,Private,Neutral,3,No,High School,Near,Female,70,Normal,1.8,1188.27,370,4.43
16,70,High,High,No,7,95,High,No,1,Medium,Medium,Public,Neutral,3,No,High School,Near,Female,66,Normal,0.8,1899.76,140,2.25
17,64,Medium,Medium,Yes,7,78,High,Yes,1,Medium,Medium,Public,Positive,3,No,High School,Near,Male,64,High_Risk,0.8,1657.29,128,2.38
23,87,Medium,High,No,6,72,Medium,Yes,1,Low,High,Private,Negative,3,No,College,Moderate,Male,69,Normal,1.8,919.95,174,3.57
27,62,Medium,High,Yes,5,63,Low,Yes,4,High,Medium,Public,Negative,4,No,High School,Near,Female,67,Normal,2.8,607.48,310,5.83
15,73,Medium,High,No,7,63,Medium,Yes,2,Medium,Medium,Public,Neutral,5,No,Postgraduate,Moderate,Male,65,High_Risk,0.8,1181.1,219,2.38
28,91,Low,Medium,Yes,5,73,Medium,No,2,Medium,Medium,Public,Neutral,2,No,High School,Near,Female,69,Normal,2.8,729.97,273,5.33
27,88,High,High,Yes,7,60,Medium,Yes,2,Low,Medium,Public,Positive,2,No,High School,Near,Female,72,Normal,0.8,2024.75,264,3.88
27,90,Medium,Medium,No,7,82,Medium,Yes,0,Medium,Medium,Public,Positive,3,No,College,Moderate,Female,71,Normal,0.8,2767.15,90,3.38
23,98,Medium,Medium,No,9,88,High,Yes,1,Low,Medium,Public,Negative,4,No,Postgraduate,Moderate,Female,72,Normal,2.8,722.83,196,2.5
31,79,Medium,High,No,7,98,Medium,Yes,1,Medium,High,Public,Neutral,2,No,College,Moderate,Male,72,Normal,0.8,3797.03,158,4.12
24,74,Low,Low,Yes,9,54,Medium,Yes,1,Low,Unknown,Public,Neutral,3,No,Unknown,Near,Female,63,High_Risk,2.8,462.84,148,2.6
23,76,High,Medium,No,8,81,Medium,Yes,3,Low,High,Public,Positive,2,No,High School,Near,Female,69,Normal,1.8,1034.94,304,3.22
17,82,High,Medium,Yes,7,65,Medium,Yes,1,Medium,Medium,Public,Positive,5,No,High School,Near,Male,68,Normal,0.8,1381.08,164,2.38
18,81,Low,High,Yes,8,77,Low,Yes,1,Medium,High,Public,Positive,3,No,College,Moderate,Male,67,Normal,1.8,769.96,162,2.22
25,61,Medium,Medium,No,7,81,High,Yes,0,Medium,Medium,Public,Positive,4,No,High School,Moderate,Female,65,High_Risk,0.8,2530.93,61,3.12
16,88,Medium,High,Yes,5,94,High,Yes,4,Medium,Medium,Private,Positive,6,No,College,Moderate,Male,72,Normal,2.8,537.12,440,4.0
9,100,Low,Low,No,7,79,Medium,Yes,1,Low,Medium,Public,Positive,2,No,Postgraduate,Near,Male,66,Normal,0.8,888.64,200,1.38
18,76,Medium,Low,No,5,95,High,Yes,2,High,High,Public,Positive,6,No,Postgraduate,Near,Female,69,Normal,2.8,610.69,228,3.67
20,63,High,High,Yes,5,95,Medium,Yes,2,High,High,Public,Positive,3,No,College,Near,Male,69,Normal,2.8,678.55,189,4.0
13,70,Medium,Medium,Yes,6,53,Medium,Yes,2,Low,Medium,Public,Negative,0,Yes,College,Moderate,Female,60,High_Risk,1.8,382.76,210,2.43
22,94,High,Medium,Yes,8,87,Medium,Yes,2,Low,Unknown,Private,Neutral,5,No,College,Near,Female,73,Normal,1.8,1063.27,282,2.89
9,95,Medium,Medium,Yes,7,97,Medium,Yes,1,Low,Low,Public,Neutral,2,No,College,Near,Male,67,Normal,0.8,1091.11,190,1.38
19,81,Low,High,Yes,6,62,Medium,No,1,Medium,Low,Public,Negative,3,No,High School,Moderate,Female,64,High_Risk,1.8,654.41,162,3.0
16,78,Low,High,No,9,90,Medium,Yes,3,Low,Medium,Public,Negative,3,No,Postgraduate,Moderate,Male,66,Normal,2.8,514.27,312,2.2
13,99,Low,High,Yes,6,95,Medium,No,0,Low,Medium,Public,Positive,4,No,Postgraduate,Near,Male,69,Normal,1.8,686.07,99,1.86
24,92,High,High,No,7,85,High,Yes,0,Medium,Medium,Public,Positive,3,No,College,Near,Female,73,Normal,0.8,2549.68,92,3.0
11,100,High,High,Yes,8,58,High,Yes,1,Low,Medium,Private,Positive,3,No,College,Near,Female,70,Normal,1.8,354.42,200,1.44
20,75,Low,Medium,No,7,67,High,Yes,0,Medium,Medium,Private,Neutral,4,No,High School,Near,Male,64,High_Risk,0.8,1674.79,75,2.5
21,76,Medium,Low,Yes,5,78,High,No,0,Low,High,Public,Neutral,3,No,High School,Near,Male,65,High_Risk,2.8,584.98,76,3.5
16,83,Medium,Medium,Yes,7,60,Medium,Yes,0,High,Medium,Public,Positive,1,No,College,Moderate,Female,66,Normal,0.8,1199.85,83,2.0
24,95,High,High,Yes,8,78,Medium,Yes,2,Low,High,Public,Negative,2,No,Postgraduate,Far,Female,73,Normal,1.8,1039.94,285,3.11
11,85,Medium,Low,No,10,80,Low,No,0,Low,High,Public,Positive,3,No,College,Near,Female,63,High_Risk,3.8,231.57,85,1.0
17,77,High,Medium,Yes,7,96,Medium,Yes,1,Low,Low,Private,Positive,3,No,College,Near,Male,67,Normal,0.8,2039.75,154,2.38
22,68,High,Medium,Yes,9,53,High,Yes,1,Medium,Medium,Public,Neutral,2,No,High School,Moderate,Female,65,High_Risk,2.8,416.41,136,2.4
39,78,Medium,Medium,No,6,73,Medium,Yes,0,Low,Medium,Public,Positive,2,No,College,Far,Male,70,Normal,1.8,1581.58,78,5.57
31,82,Medium,High,Yes,5,98,Medium,Yes,0,Low,Low,Public,Neutral,3,No,High School,Near,Male,71,Normal,2.8,1084.96,82,5.17
23,94,Medium,High,No,8,76,Low,Yes,3,Medium,Medium,Public,Positive,3,No,High School,Moderate,Male,72,Normal,1.8,971.06,376,3.22
14,77,High,High,No,4,51,Low,Yes,5,Low,Medium,Public,Positive,3,No,College,Moderate,Male,66,Normal,3.8,187.89,462,4.8
23,69,High,Low,Yes,8,86,High,Yes,0,Medium,High,Public,Neutral,4,No,College,Far,Male,66,Normal,1.8,1098.83,69,2.56
29,68,Medium,Low,No,6,70,Low,Yes,0,Medium,Medium,Public,Negative,2,No,Postgraduate,Near,Male,64,High_Risk,1.8,1127.72,68,4.14
28,85,Medium,Low,No,7,59,Low,Yes,1,Low,Medium,Public,Neutral,3,No,Postgraduate,Far,Male,67,Normal,0.8,2064.74,170,3.75
26,97,Medium,Low,No,5,79,High,Yes,2,Low,Low,Private,Positive,3,No,High School,Near,Female,71,Normal,2.8,733.55,291,5.0
26,90,Medium,Medium,No,8,65,High,Yes,3,Medium,High,Private,Positive,2,No,High School,Near,Female,72,Normal,1.8,938.84,360,3.56
10,87,Medium,Low,Yes,6,83,Medium,No,0,Low,Medium,Public,Positive,4,No,High School,Near,Male,63,High_Risk,1.8,461.09,87,1.43
23,81,Medium,Low,No,4,84,Medium,Yes,2,Medium,Medium,Public,Positive,5,No,High School,Near,Male,68,Normal,3.8,508.41,243,5.4
20,81,Medium,Medium,No,8,87,Medium,Yes,1,High,Medium,Private,Neutral,3,No,High School,Near,Male,68,Normal,1.8,966.61,162,2.44
25,95,Medium,Medium,Yes,7,77,High,No,0,Low,High,Public,Neutral,3,No,Postgraduate,Near,Male,71,Normal,0.8,2405.95,95,3.12
28,99,High,Low,No,5,100,Medium,Yes,6,Medium,Medium,Private,Neutral,5,No,High School,Moderate,Female,76,Normal,2.8,999.96,693,6.67
16,66,High,High,No,8,99,Medium,Yes,1,Low,High,Private,Positive,3,No,High School,Moderate,Male,66,Normal,1.8,879.95,132,2.0
19,65,Medium,High,Yes,9,91,Medium,Yes,1,Medium,High,Public,Positive,4,No,College,Near,Male,67,Normal,2.8,617.48,130,2.1
20,73,High,Medium,Yes,9,92,Medium,Yes,2,Medium,High,Public,Positive,3,No,College,Near,Male,69,Normal,2.8,657.12,219,2.4
21,94,Medium,Medium,No,7,71,Low,No,1,Low,High,Private,Neutral,2,No,Postgraduate,Near,Male,69,Normal,0.8,1863.52,188,2.88
28,72,High,Medium,Yes,8,92,Low,Yes,1,Medium,Medium,Public,Negative,2,No,High School,Near,Female,68,Normal,1.8,1431.03,144,3.33
20,83,Low,Low,No,7,79,Low,No,2,Medium,Medium,Public,Positive,5,No,Postgraduate,Moderate,Male,66,Normal,0.8,1974.75,249,3.0
18,66,Low,High,Yes,5,97,Medium,Yes,4,Medium,Medium,Public,Neutral,4,No,High School,Moderate,Male,66,Normal,2.8,623.55,330,4.33
9,80,Medium,Low,Yes,4,52,Low,Yes,1,High,Medium,Public,Positive,2,No,Postgraduate,Near,Female,63,High_Risk,3.8,123.15,160,2.2
29,87,Medium,High,Yes,10,93,High,Yes,1,Low,Medium,Public,Neutral,4,No,High School,Moderate,Male,72,Normal,3.8,709.72,174,2.82
16,67,Medium,Medium,Yes,5,53,Low,Yes,2,Medium,Medium,Private,Positive,3,No,High School,Moderate,Male,62,High_Risk,2.8,302.85,201,3.33
12,80,High,Medium,No,5,72,Medium,Yes,1,High,Medium,Private,Positive,4,Yes,High School,Near,Female,65,High_Risk,2.8,308.56,160,2.33
29,71,Medium,Medium,Yes,6,86,Medium,Yes,1,Low,Medium,Public,Positive,2,No,College,Near,Female,69,Normal,1.8,1385.48,142,4.43
22,86,Low,Medium,Yes,7,72,Low,Yes,3,Low,High,Public,Positive,2,No,High School,Moderate,Male,68,Normal,0.8,1979.75,344,3.5
8,86,High,Low,Yes,8,98,Low,Yes,1,Low,Medium,Private,Neutral,1,No,College,Near,Male,65,High_Risk,1.8,435.53,172,1.11
31,64,Medium,Medium,Yes,6,83,Medium,Yes,1,Medium,Medium,Public,Positive,2,No,High School,Moderate,Female,67,Normal,1.8,1429.37,128,4.71
17,89,Medium,Medium,No,7,74,Medium,Yes,1,Low,Medium,Private,Positive,2,No,Postgraduate,Moderate,Female,67,Normal,0.8,1572.3,178,2.38
14,69,Low,Medium,No,5,91,Medium,Yes,0,High,Medium,Public,Positive,3,No,College,Moderate,Male,63,High_Risk,2.8,454.98,69,2.33
25,97,Medium,Medium,Yes,6,77,Low,Yes,1,Low,High,Private,Positive,4,No,Postgraduate,Near,Male,73,Normal,1.8,1069.39,194,3.86
35,61,Medium,High,Yes,7,61,Low,Yes,2,Medium,Medium,Private,Positive,4,Yes,High School,Near,Male,68,Normal,0.8,2668.42,183,4.88
18,97,High,Medium,Yes,4,75,Low,Yes,0,Low,Medium,Public,Positive,3,No,High School,Moderate,Male,69,Normal,3.8,355.25,97,3.6
24,90,Low,Low,Yes,9,97,High,Yes,3,Low,Medium,Public,Positive,4,No,High School,Near,Male,71,Normal,2.8,831.4,360,3.0
12,89,Medium,Low,Yes,6,55,Low,Yes,1,Low,High,Public,Negative,3,No,High School,Near,Female,63,High_Risk,1.8,366.65,178,2.0
18,61,High,Low,Yes,5,71,Low,Yes,3,High,High,Private,Neutral,3,No,College,Near,Male,64,High_Risk,2.8,456.41,244,4.0
11,73,Medium,Medium,No,7,67,Medium,No,3,Medium,High,Private,Positive,5,Yes,Postgraduate,Near,Male,63,High_Risk,0.8,921.13,292,2.12
22,63,High,Low,No,5,53,High,Yes,2,High,Medium,Public,Neutral,1,No,Postgraduate,Moderate,Male,64,High_Risk,2.8,416.41,189,4.33
16,95,Low,Medium,Yes,5,65,High,Yes,0,Medium,Medium,Private,Neutral,3,No,College,Near,Female,68,Normal,2.8,371.42,95,2.67
12,87,Medium,Low,Yes,7,62,Medium,No,2,Medium,Medium,Public,Neutral,4,No,High School,Near,Female,64,High_Risk,0.8,929.88,261,2.0
14,62,Medium,High,Yes,7,63,Medium,Yes,2,Low,Medium,Public,Positive,2,No,College,Moderate,Female,62,High_Risk,0.8,1102.36,186,2.25
14,98,High,High,Yes,7,76,Medium,Yes,0,Low,Medium,Public,Neutral,2,No,Postgraduate,Near,Male,71,Normal,0.8,1329.83,98,1.75
20,97,Medium,Medium,No,7,81,Medium,Yes,3,Medium,High,Public,Neutral,3,Yes,College,Near,Male,71,Normal,0.8,2024.75,388,3.25
18,81,High,High,No,6,95,Low,Yes,1,Medium,Unknown,Public,Positive,3,No,High School,Near,Male,69,Normal,1.8,949.95,162,2.86
16,74,High,High,Yes,6,68,Low,Yes,2,Medium,Medium,Public,Neutral,4,No,College,Near,Male,67,Normal,1.8,604.41,222,2.86
27,63,High,Low,No,7,80,Medium,No,2,Medium,High,Public,Positive,2,No,High School,Near,Female,66,Normal,0.8,2699.66,189,3.88
17,77,Low,Medium,No,9,67,Low,Yes,0,Low,High,Public,Neutral,5,Yes,High School,Near,Female,62,High_Risk,2.8,406.77,77,1.7
15,65,Medium,Medium,No,8,62,Medium,Yes,1,Medium,Medium,Public,Neutral,4,No,High School,Moderate,Female,61,High_Risk,1.8,516.64,130,1.89
22,88,Medium,Medium,Yes,5,60,Low,Yes,1,Low,Medium,Public,Neutral,2,No,High School,Moderate,Male,67,Normal,2.8,471.41,176,4.0
20,81,Low,Medium,No,6,54,Low,Yes,0,Low,Low,Public,Positive,2,No,College,Moderate,Female,63,High_Risk,1.8,599.97,81,2.86
18,77,High,Medium,No,10,85,Low,Yes,2,Medium,Medium,Public,Positive,3,No,Postgraduate,Near,Female,68,Normal,3.8,402.62,231,2.0
25,84,High,Medium,Yes,5,91,Low,Yes,1,Medium,Medium,Public,Positive,4,Yes,Postgraduate,Moderate,Female,70,Normal,2.8,812.47,168,4.5
18,94,Medium,Low,Yes,7,53,Medium,Yes,4,Medium,High,Public,Positive,3,No,High School,Far,Female,68,Normal,0.8,1192.35,470,3.25
16,64,High,Low,Yes,5,65,Medium,Yes,3,Medium,High,Private,Positive,4,No,Postgraduate,Moderate,Female,65,High_Risk,2.8,371.42,256,3.67
20,68,Medium,Medium,Yes,7,80,Low,Yes,0,Low,Medium,Private,Neutral,4,No,High School,Near,Female,63,High_Risk,0.8,1999.75,68,2.5
17,82,Medium,Medium,Yes,8,98,Medium,Yes,3,Medium,High,Public,Positive,4,No,High School,Moderate,Male,69,Normal,1.8,925.5,328,2.56
10,90,High,Medium,Yes,7,80,Low,Yes,0,Medium,Medium,Public,Neutral,5,No,High School,Near,Female,67,Normal,0.8,999.88,90,1.25
16,97,Medium,Low,Yes,8,81,High,Yes,0,High,High,Private,Positive,2,No,High School,Near,Male,70,Normal,1.8,719.96,97,1.78
26,88,High,Medium,Yes,6,79,Medium,Yes,1,Low,High,Public,Neutral,4,No,High School,Far,Male,71,Normal,1.8,1141.05,176,4.0
25,97,High,High,No,6,59,Low,Yes,0,Low,High,Public,Positive,2,No,High School,Near,Female,72,Normal,1.8,819.4,97,3.57
14,89,Medium,Medium,Yes,8,59,High,Yes,1,Low,Medium,Private,Neutral,3,No,College,Near,Male,67,Normal,1.8,458.86,178,1.78
14,98,Medium,Medium,Yes,8,91,Low,Yes,0,Low,Medium,Public,Negative,4,No,High School,Moderate,Male,67,Normal,1.8,707.74,98,1.56
21,71,Low,Medium,Yes,8,59,Medium,Yes,3,Low,Medium,Public,Neutral,3,No,College,Moderate,Male,64,High_Risk,1.8,688.3,284,3.0
18,89,Medium,Medium,No,5,53,Medium,Yes,5,Low,High,Private,Neutral,4,No,College,Near,Male,69,Normal,2.8,340.7,534,4.67
7,63,High,High,Yes,10,90,Medium,Yes,0,Low,Medium,Private,Positive,2,Yes,High School,Moderate,Male,86,Normal,3.8,165.79,63,0.64
16,91,Medium,Medium,Yes,6,91,Medium,Yes,1,Medium,Medium,Public,Neutral,2,No,High School,Moderate,Female,68,Normal,1.8,808.84,182,2.57
17,68,Medium,Medium,Yes,10,57,Medium,Yes,1,High,Medium,Private,Positive,1,Yes,High School,Moderate,Female,62,High_Risk,3.8,254.99,136,1.73
16,61,Medium,High,Yes,8,54,High,Yes,0,Low,High,Private,Positive,3,No,College,Moderate,Male,62,High_Risk,1.8,479.97,61,1.78
29,78,High,High,Yes,4,93,Low,Yes,5,Medium,High,Public,Neutral,3,No,College,Near,Male,74,Normal,3.8,709.72,468,7.8
16,69,Medium,High,Yes,6,55,Medium,Yes,1,Medium,High,Public,Negative,1,No,High School,Moderate,Male,62,High_Risk,1.8,488.86,138,2.57
10,66,Medium,Medium,No,4,74,Low,Yes,2,Low,Medium,Public,Negative,2,No,High School,Moderate,Male,59,High_Risk,3.8,194.73,198,2.8
11,61,Medium,Medium,Yes,9,98,High,Yes,0,Medium,High,Public,Negative,2,No,High School,Moderate,Male,61,High_Risk,2.8,384.99,61,1.1
21,77,Medium,Low,Yes,8,59,Medium,Yes,3,Low,Medium,Private,Positive,2,No,High School,Near,Male,66,Normal,1.8,688.3,308,3.0
19,89,High,Medium,Yes,7,52,Medium,Yes,2,Medium,Medium,Public,Negative,4,No,High School,Moderate,Male,68,Normal,0.8,1234.85,267,2.88
23,97,Medium,Medium,Yes,9,96,Medium,Yes,2,Medium,High,Private,Neutral,4,No,College,Near,Male,74,Normal,2.8,788.54,291,2.7
13,99,Medium,Medium,Yes,7,58,Medium,Yes,1,Low,Medium,Public,Neutral,2,No,High School,Near,Male,67,Normal,0.8,942.38,198,1.88
16,89,High,Medium,Yes,7,83,High,Yes,0,Low,High,Public,Positive,4,No,Postgraduate,Moderate,Male,70,Normal,0.8,1659.79,89,2.0
13,74,High,High,Yes,5,88,Low,Yes,3,Low,Medium,Private,Neutral,3,Yes,College,Near,Female,66,Normal,2.8,408.56,296,3.17
10,96,High,High,No,6,80,Medium,No,0,Medium,Medium,Public,Neutral,4,No,High School,Moderate,Female,67,Normal,1.8,444.42,96,1.43
21,60,High,Medium,No,7,80,Medium,Yes,0,Medium,High,Public,Neutral,4,Yes,College,Near,Male,64,High_Risk,0.8,2099.74,60,2.62
20,92,Medium,Medium,Yes,9,93,Low,Yes,3,High,Medium,Public,Positive,2,No,College,Near,Female,72,Normal,2.8,664.26,368,2.6
16,94,Medium,Medium,Yes,8,76,Low,Yes,3,Medium,Medium,Public,Negative,4,No,Postgraduate,Near,Female,70,Normal,1.8,675.52,376,2.44
23,88,Medium,Medium,No,8,70,Medium,Yes,2,Medium,High,Public,Neutral,4,No,High School,Near,Female,70,Normal,1.8,894.39,264,3.0
20,99,High,Low,Yes,9,76,High,Yes,2,Low,Medium,Public,Neutral,5,No,College,Far,Male,71,Normal,2.8,542.84,297,2.4
19,94,Low,Medium,No,8,51,Medium,Yes,3,Medium,Low,Private,Positive,5,No,Postgraduate,Near,Male,69,Normal,1.8,538.3,376,2.78
26,66,High,High,No,8,71,High,Yes,2,Medium,Medium,Public,Neutral,3,No,High School,Near,Female,68,Normal,1.8,1025.5,198,3.33
14,81,High,Medium,No,6,61,Low,Yes,0,Low,Medium,Public,Positive,4,No,High School,Moderate,Male,64,High_Risk,1.8,474.42,81,2.0
22,92,High,Low,Yes,5,95,Low,Yes,0,Low,Low,Public,Positive,3,No,Postgraduate,Near,Male,70,Normal,2.8,746.4,92,3.67
24,74,High,High,No,4,95,High,Yes,1,High,Medium,Public,Neutral,4,No,Postgraduate,Moderate,Female,71,Normal,3.8,599.98,148,5.2
12,79,Medium,Low,No,9,80,Low,Yes,1,High,Medium,Public,Positive,2,No,College,Moderate,Male,63,High_Risk,2.8,342.84,158,1.4
22,67,Medium,High,No,7,70,High,Yes,2,Low,Medium,Private,Positive,2,No,High School,Near,Male,66,Normal,0.8,1924.76,201,3.25
14,84,Medium,Medium,Yes,8,70,Medium,Yes,1,Low,High,Public,Neutral,5,No,College,Near,Male,67,Normal,1.8,544.41,168,1.78
17,78,Medium,High,Yes,7,70,Medium,No,2,Low,High,Public,Positive,3,No,High School,Near,Male,66,Normal,0.8,1487.31,234,2.62
14,91,Medium,Medium,Yes,7,95,Medium,Yes,2,High,High,Public,Positive,2,No,High School,Moderate,Male,70,Normal,0.8,1662.29,273,2.25
19,83,High,Medium,No,8,90,Low,Yes,3,Low,Medium,Public,Positive,3,No,College,Moderate,Female,69,Normal,1.8,949.95,332,2.78
22,85,Medium,High,No,4,82,Medium,Yes,1,Medium,High,Public,Positive,2,No,Postgraduate,Near,Male,71,Normal,3.8,474.72,170,4.8
25,88,Medium,Low,Yes,8,62,Low,Yes,2,Low,Medium,Public,Neutral,2,No,High School,Near,Female,68,Normal,1.8,861.06,264,3.22
23,68,Low,Low,No,8,91,Medium,Yes,5,Low,Medium,Public,Negative,5,No,Postgraduate,Near,Female,66,Normal,1.8,1162.71,408,3.67
22,65,High,Low,No,8,82,Medium,Yes,2,Medium,High,Public,Positive,1,No,Postgraduate,Near,Female,66,Normal,1.8,1002.17,195,2.89
28,73,Low,Medium,Yes,7,63,Low,Yes,0,Low,Medium,Public,Positive,2,No,High School,Near,Male,65,High_Risk,0.8,2204.72,73,3.5
12,66,Low,High,Yes,7,83,Medium,No,1,Medium,Medium,Public,Neutral,3,No,High School,Near,Male,61,High_Risk,0.8,1244.84,132,1.75
19,81,High,High,No,6,73,Low,No,1,Low,High,Private,Positive,3,No,High School,Near,Female,67,Normal,1.8,770.51,162,3.0
19,77,Low,Medium,No,5,90,Low,Yes,1,Low,High,Private,Neutral,3,No,College,Near,Female,65,High_Risk,2.8,610.69,154,3.5
13,93,Low,Low,Yes,4,53,High,Yes,1,Medium,Low,Public,Positive,1,No,Postgraduate,Near,Male,65,High_Risk,3.8,181.31,186,3.0
14,83,Medium,High,Yes,8,88,Low,Yes,0,High,Medium,Public,Negative,2,Yes,High School,Moderate,Male,65,High_Risk,1.8,684.41,83,1.56
3,83,High,Low,Yes,7,59,Low,Yes,2,Medium,High,Public,Positive,5,No,High School,Moderate,Male,63,High_Risk,0.8,221.22,249,0.88
24,65,Medium,Medium,Yes,10,92,Low,Yes,3,Medium,High,Public,Neutral,4,No,High School,Near,Male,67,Normal,3.8,581.04,260,2.73
15,67,Medium,High,Yes,6,74,High,Yes,0,High,Medium,Public,Positive,2,No,Postgraduate,Near,Female,66,Normal,1.8,616.63,67,2.14
23,72,High,Low,Yes,10,84,Low,Yes,2,Low,Medium,Public,Negative,2,No,High School,Moderate,Male,65,High_Risk,3.8,508.41,216,2.45
14,61,Medium,High,No,7,54,Medium,Yes,3,Low,Medium,Public,Positive,2,Yes,High School,Near,Female,60,High_Risk,0.8,944.88,244,2.5
25,72,Low,Low,Yes,6,78,Low,Yes,8,Medium,High,Public,Positive,4,No,High School,Near,Male,69,Normal,1.8,1083.27,648,5.86
19,72,Medium,Medium,Yes,5,85,High,Yes,1,Low,Medium,Private,Neutral,4,No,College,Near,Female,66,Normal,2.8,576.77,144,3.5
20,79,High,Medium,Yes,7,83,High,Yes,2,Medium,Medium,Public,Positive,2,No,High School,Moderate,Female,69,Normal,0.8,2074.74,237,3.0
21,60,High,Low,No,8,78,Medium,Yes,2,Medium,High,Public,Positive,2,No,High School,Near,Female,64,High_Risk,1.8,909.95,180,2.78
16,65,High,Low,Yes,8,97,High,Yes,2,Low,Medium,Public,Negative,4,Yes,High School,Near,Female,63,High_Risk,1.8,862.17,195,2.22
13,83,Low,Medium,Yes,7,81,Medium,Yes,4,Low,Medium,Public,Negative,5,No,College,Near,Female,66,Normal,0.8,1316.09,415,2.62
20,63,Medium,Medium,Yes,4,86,Low,Yes,0,High,Medium,Public,Neutral,3,No,College,Near,Male,64,High_Risk,3.8,452.62,63,4.0
19,70,Medium,Medium,Yes,7,95,High,No,0,Medium,High,Private,Positive,3,No,College,Near,Female,66,Normal,0.8,2255.97,70,2.38
13,70,High,Medium,No,10,78,Medium,Yes,1,Low,Medium,Public,Negative,2,No,High School,Far,Female,61,High_Risk,3.8,266.84,140,1.36
25,69,Low,High,Yes,7,78,Medium,Yes,0,Low,High,Public,Negative,3,No,High School,Far,Female,64,High_Risk,0.8,2437.2,69,3.12
20,72,High,Low,Yes,7,90,Low,Yes,0,Low,High,Private,Negative,3,No,Postgraduate,Near,Female,66,Normal,0.8,2249.72,72,2.5
16,98,Medium,Low,Yes,6,60,Medium,Yes,1,Medium,Medium,Private,Positive,3,No,High School,Far,Male,67,Normal,1.8,533.3,196,2.57
17,98,High,Medium,No,7,88,Medium,Yes,2,Low,High,Private,Negative,4,No,High School,Far,Male,70,Normal,0.8,1869.77,294,2.62
17,90,Medium,Medium,Yes,8,56,Low,Yes,0,Medium,Medium,Private,Neutral,4,No,College,Near,Female,67,Normal,1.8,528.86,90,1.89
10,94,Low,Medium,No,9,59,Low,Yes,0,Medium,Medium,Public,Positive,2,No,Postgraduate,Near,Male,65,High_Risk,2.8,210.71,94,1.0
11,69,High,Medium,Yes,9,100,Low,Yes,1,Low,Medium,Public,Neutral,5,No,High School,Near,Male,64,High_Risk,2.8,392.84,138,1.3
14,71,High,High,Yes,8,89,Medium,Yes,0,Medium,Medium,Public,Neutral,3,No,Postgraduate,Near,Female,66,Normal,1.8,692.18,71,1.56
26,83,High,Low,Yes,8,83,Medium,Yes,2,Low,High,Public,Neutral,2,No,College,Near,Female,71,Normal,1.8,1198.82,249,3.33
24,67,High,High,Yes,7,77,Low,Yes,0,High,Medium,Public,Positive,2,No,College,Near,Female,68,Normal,0.8,2309.71,67,3.0
24,89,Low,Medium,No,7,83,Medium,No,1,Low,Low,Public,Neutral,3,No,High School,Moderate,Male,66,Normal,0.8,2489.69,178,3.25
33,93,High,Medium,No,7,96,Medium,Yes,1,Low,High,Public,Positive,1,No,Postgraduate,Moderate,Female,75,Normal,0.8,3959.51,186,4.38
14,84,Medium,Medium,No,5,82,Medium,Yes,3,Low,Medium,Public,Positive,3,No,College,Far,Male,66,Normal,2.8,409.99,336,3.33
20,75,Low,High,No,8,67,Medium,Yes,1,High,Low,Public,Positive,4,No,College,Moderate,Male,66,Normal,1.8,744.4,150,2.44
12,83,Low,Medium,Yes,7,86,Low,Yes,1,High,Medium,Public,Negative,4,No,College,Near,Female,65,High_Risk,0.8,1289.84,166,1.75
18,83,High,Low,No,9,76,Medium,Yes,0,Medium,Low,Private,Neutral,4,No,High School,Near,Female,66,Normal,2.8,488.55,83,1.8
9,73,Medium,Low,Yes,7,95,Medium,No,3,Low,Medium,Private,Negative,3,No,Postgraduate,Near,Male,62,High_Risk,0.8,1068.62,292,1.88
30,79,Medium,High,No,9,60,Medium,Yes,1,Low,Medium,Public,Neutral,3,No,High School,Near,Female,69,Normal,2.8,642.83,158,3.2
17,61,Medium,Medium,No,7,74,High,Yes,0,Medium,Medium,Public,Neutral,2,No,Postgraduate,Near,Female,62,High_Risk,0.8,1572.3,61,2.12
28,69,High,High,No,7,88,Low,Yes,2,Low,Medium,Public,Neutral,2,No,High School,Moderate,Male,68,Normal,0.8,3079.62,207,4.0
23,82,High,Low,No,7,65,High,Yes,1,Medium,High,Public,Negative,3,No,High School,Near,Female,68,Normal,0.8,1868.52,164,3.12
16,66,Medium,Medium,Yes,8,50,Low,Yes,1,Medium,High,Public,Neutral,4,No,High School,Moderate,Male,62,High_Risk,1.8,444.42,132,2.0
15,95,Medium,Medium,Yes,8,90,Low,Yes,2,Low,Unknown,Private,Negative,1,No,Postgraduate,Near,Male,69,Normal,1.8,749.96,285,2.11
17,80,High,Low,Yes,8,59,Medium,Yes,0,High,High,Public,Negative,4,No,College,Near,Female,66,Normal,1.8,557.19,80,1.89
17,92,Medium,Low,Yes,8,90,High,Yes,1,High,Low,Public,Negative,3,No,High School,Near,Male,68,Normal,1.8,849.95,184,2.11
17,78,Medium,Medium,No,8,98,Low,Yes,2,Medium,Medium,Private,Positive,2,No,High School,Near,Male,66,Normal,1.8,925.5,234,2.33
19,98,Medium,High,Yes,5,76,Medium,Yes,2,Medium,Medium,Private,Positive,3,No,High School,Moderate,Male,72,Normal,2.8,515.7,294,3.83
14,97,Medium,Medium,Yes,6,66,Medium,Yes,2,Medium,Medium,Public,Negative,3,Yes,College,Near,Female,67,Normal,1.8,513.3,291,2.57
24,77,Low,Medium,No,8,92,High,Yes,0,High,Medium,Public,Neutral,3,No,High School,Moderate,Male,67,Normal,1.8,1226.6,77,2.67
9,64,Medium,Low,Yes,10,68,Low,Yes,0,Medium,Medium,Private,Negative,3,No,High School,Near,Male,57,High_Risk,3.8,161.05,64,0.82
24,68,Low,High,No,7,51,Medium,Yes,0,Low,Low,Private,Neutral,4,No,High School,Near,Female,63,High_Risk,0.8,1529.81,68,3.0
27,96,Medium,High,Yes,9,87,Low,No,0,Medium,High,Public,Positive,2,No,College,Moderate,Male,72,Normal,2.8,838.9,96,2.7
31,71,Low,High,Yes,7,66,Medium,Yes,3,Low,Medium,Private,Negative,1,No,High School,Near,Male,67,Normal,0.8,2557.18,284,4.62
10,80,High,Medium,Yes,6,93,High,Yes,4,Medium,Unknown,Public,Negative,3,No,College,Moderate,Female,67,Normal,1.8,516.64,400,2.57
14,95,Medium,Medium,Yes,8,51,Medium,Yes,5,Medium,Medium,Private,Positive,4,No,College,Near,Female,70,Normal,1.8,396.64,570,2.67
18,69,Low,Low,Yes,10,89,Low,Yes,2,Low,High,Public,Neutral,1,Yes,High School,Moderate,Male,61,High_Risk,3.8,421.57,207,2.0
21,91,Medium,Medium,Yes,7,55,High,Yes,2,High,Medium,Private,Neutral,3,No,High School,Near,Female,70,Normal,0.8,1443.57,273,3.12
16,64,High,Low,No,9,88,Medium,Yes,1,Medium,High,Public,Positive,3,No,High School,Near,Male,64,High_Risk,2.8,502.84,128,1.8
19,94,Medium,Low,Yes,10,65,High,Yes,1,Low,High,Public,Negative,3,No,Postgraduate,Moderate,Male,69,Normal,3.8,324.99,188,1.91
16,94,Medium,Medium,No,7,76,Low,Yes,2,Medium,Medium,Public,Neutral,3,Yes,High School,Near,Female,67,Normal,0.8,1519.81,282,2.5
15,65,High,High,Yes,8,72,Low,Yes,2,Low,Medium,Private,Neutral,2,Yes,Postgraduate,Far,Male,63,High_Risk,1.8,599.97,195,2.11
23,63,Medium,Medium,No,8,69,High,Yes,2,Medium,Low,Public,Negative,4,Yes,High School,Near,Male,63,High_Risk,1.8,881.62,189,3.0
18,66,Medium,High,Yes,9,59,Medium,No,0,Low,Medium,Private,Positive,3,No,High School,Near,Male,62,High_Risk,2.8,379.27,66,1.8
29,100,Medium,Medium,Yes,7,87,Medium,No,3,Low,Medium,Public,Negative,5,No,College,Near,Female,74,Normal,0.8,3153.36,400,4.38
20,95,Medium,Medium,No,7,58,Low,Yes,1,Low,High,Public,Neutral,4,No,College,Near,Male,69,Normal,0.8,1449.82,190,2.75
24,88,Low,Medium,No,8,58,Medium,Yes,1,Low,High,Public,Negative,3,No,High School,Near,Male,67,Normal,1.8,773.29,176,2.89
13,93,Low,Low,No,7,72,High,Yes,2,Medium,Medium,Private,Positive,2,No,Postgraduate,Near,Female,67,Normal,0.8,1169.85,279,2.12
17,91,Low,Medium,Yes,4,54,High,Yes,3,Low,Medium,Public,Neutral,4,No,College,Moderate,Female,67,Normal,3.8,241.57,364,4.6
14,88,High,High,Yes,8,77,Medium,Yes,2,Medium,Medium,Public,Positive,3,No,College,Far,Male,69,Normal,1.8,598.86,264,2.0
16,61,High,Medium,No,4,54,Low,Yes,1,Low,Medium,Private,Neutral,2,No,High School,Near,Female,60,High_Risk,3.8,227.36,122,3.6
27,79,Medium,Low,Yes,5,58,High,Yes,2,Medium,Medium,Private,Neutral,1,No,Postgraduate,Far,Female,68,Normal,2.8,559.27,237,5.17
23,68,Low,Medium,Yes,5,81,Low,Yes,1,Low,Low,Public,Neutral,2,No,Postgraduate,Near,Male,64,High_Risk,2.8,665.33,136,4.17
20,71,Medium,Low,No,7,87,High,Yes,1,Medium,Medium,Public,Negative,5,No,High School,Near,Male,65,High_Risk,0.8,2174.73,142,2.75
16,78,Low,Medium,No,6,96,High,Yes,0,Medium,Medium,Public,Positive,1,No,Postgraduate,Near,Female,66,Normal,1.8,853.29,78,2.29
20,62,High,Medium,Yes,7,91,Low,Yes,1,Medium,Low,Public,Negative,3,No,College,Near,Male,64,High_Risk,0.8,2274.72,124,2.75
22,80,Medium,High,Yes,9,51,Medium,Yes,2,Medium,Medium,Public,Negative,3,No,Postgraduate,Near,Male,68,Normal,2.8,400.7,240,2.6
17,85,Medium,Low,No,6,69,Medium,Yes,1,Medium,Medium,Private,Neutral,3,Yes,Postgraduate,Near,Male,65,High_Risk,1.8,651.63,170,2.71
25,83,High,High,Yes,7,85,High,Yes,2,Low,Medium,Public,Negative,4,No,College,Near,Male,72,Normal,0.8,2655.92,249,3.62
13,65,Low,High,No,6,99,Medium,Yes,0,Low,Medium,Private,Negative,4,No,High School,Near,Male,61,High_Risk,1.8,714.96,65,1.86
24,62,Low,High,Yes,6,91,Medium,Yes,2,Medium,Medium,Public,Neutral,3,No,High School,Moderate,Female,65,High_Risk,1.8,1213.27,186,4.0
26,92,Medium,Medium,No,8,64,Medium,Yes,1,Medium,Medium,Private,Positive,5,No,High School,Near,Male,71,Normal,1.8,924.39,184,3.11
21,86,Medium,Medium,Yes,9,86,High,Yes,2,Medium,Medium,Public,Neutral,3,No,Postgraduate,Near,Male,71,Normal,2.8,644.98,258,2.5
26,79,Medium,High,Yes,8,52,High,Yes,1,Medium,Medium,Public,Negative,3,Yes,Postgraduate,Near,Female,68,Normal,1.8,751.07,158,3.11
28,71,Medium,Medium,No,8,69,High,Yes,1,Medium,High,Private,Neutral,1,No,College,Moderate,Female,67,Normal,1.8,1073.27,142,3.33
19,66,Medium,High,Yes,5,81,Medium,Yes,1,High,Medium,Private,Positive,3,No,College,Moderate,Male,66,Normal,2.8,549.62,132,3.5
11,91,Medium,Medium,No,6,94,Medium,Yes,3,Medium,Medium,Public,Neutral,3,No,College,Moderate,Male,68,Normal,1.8,574.41,364,2.43
21,81,High,Medium,Yes,7,86,Medium,Yes,1,Low,Medium,Public,Neutral,4,No,College,Near,Male,69,Normal,0.8,2257.22,162,2.88
16,68,Low,Medium,Yes,7,85,High,Yes,1,Low,High,Private,Positive,3,No,Postgraduate,Moderate,Female,64,High_Risk,0.8,1699.79,136,2.25
14,81,Medium,High,No,9,90,Medium,Yes,3,High,High,Public,Neutral,3,No,Postgraduate,Near,Male,69,Normal,2.8,449.98,324,2.0
19,87,High,Medium,No,4,89,Medium,Yes,0,Low,Low,Public,Positive,5,Yes,Postgraduate,Moderate,Female,68,Normal,3.8,444.99,87,3.8
12,82,Low,Medium,Yes,10,91,Medium,Yes,3,Low,Medium,Public,Negative,3,No,Postgraduate,Near,Male,66,Normal,3.8,287.36,328,1.64
25,88,Medium,Medium,Yes,7,70,Low,Yes,1,Medium,Medium,Private,Positive,3,No,Postgraduate,Moderate,Male,70,Normal,0.8,2187.23,176,3.38
20,99,Medium,Low,Yes,7,64,High,Yes,0,Medium,Medium,Public,Positive,4,No,High School,Near,Male,70,Normal,0.8,1599.8,99,2.5
12,93,Medium,High,No,6,59,Medium,Yes,2,Low,Medium,Private,Positive,3,No,High School,Moderate,Female,67,Normal,1.8,393.31,279,2.29
20,78,High,Medium,Yes,10,85,Medium,Yes,1,High,High,Private,Negative,3,No,High School,Near,Male,69,Normal,3.8,447.36,156,2.0
22,64,Medium,High,No,6,66,Low,Yes,1,Medium,Medium,Public,Neutral,4,No,College,Near,Male,64,High_Risk,1.8,806.62,128,3.43
15,83,Low,Low,Yes,5,75,Medium,Yes,1,Medium,Medium,Public,Neutral,3,No,High School,Far,Female,63,High_Risk,2.8,401.77,166,2.83
25,94,Medium,Low,Yes,7,76,Medium,Yes,1,Low,High,Private,Neutral,2,Yes,High School,Moderate,Female,69,Normal,0.8,2374.7,188,3.38
16,76,Medium,Medium,No,8,84,High,Yes,1,High,High,Public,Neutral,4,No,High School,Near,Male,66,Normal,1.8,746.63,152,2.0
15,95,Medium,Medium,No,7,77,High,Yes,0,Low,Medium,Private,Neutral,3,No,High School,Near,Female,68,Normal,0.8,1443.57,95,1.88
28,81,Medium,Medium,Yes,10,55,Medium,Yes,2,Medium,Low,Private,Neutral,3,No,High School,Near,Male,68,Normal,3.8,405.25,243,2.91
22,61,High,Medium,No,6,77,Low,Yes,1,Medium,Medium,Public,Positive,4,No,Postgraduate,Moderate,Male,65,High_Risk,1.8,941.06,122,3.43
9,89,Low,High,Yes,7,91,Medium,Yes,1,High,Low,Public,Neutral,3,No,Postgraduate,Near,Male,67,Normal,0.8,1023.62,178,1.38
21,74,Low,Medium,Yes,5,88,Medium,Yes,1,Medium,High,Public,Neutral,1,No,College,Near,Male,66,Normal,2.8,659.98,148,3.83
11,68,Low,High,Yes,8,50,Low,Yes,2,Low,High,Private,Positive,4,No,High School,Near,Female,61,High_Risk,1.8,305.54,204,1.67
21,70,Low,High,Yes,4,94,Medium,Yes,0,Low,High,Private,Neutral,2,No,College,Far,Male,65,High_Risk,3.8,519.46,70,4.2
20,87,Medium,High,Yes,7,60,Medium,Yes,0,Low,Medium,Public,Positive,2,Yes,High School,Far,Female,66,Normal,0.8,1499.81,87,2.5
16,98,Medium,Low,No,8,100,Low,Yes,2,Low,Medium,Public,Neutral,1,No,Unknown,Near,Male,69,Normal,1.8,888.84,294,2.22
18,69,Medium,Low,Yes,5,73,Low,Yes,1,Low,High,Public,Positive,4,No,Postgraduate,Moderate,Male,64,High_Risk,2.8,469.27,138,3.33
33,78,Medium,Medium,No,9,72,Medium,Yes,4,Medium,Medium,Public,Positive,3,No,High School,Moderate,Male,71,Normal,2.8,848.54,390,4.1
30,75,Medium,Medium,No,7,77,Medium,Yes,0,Low,Medium,Public,Positive,2,No,High School,Moderate,Male,67,Normal,0.8,2887.14,75,3.75
10,67,Medium,Medium,No,4,65,Medium,No,3,Medium,Medium,Public,Positive,3,No,High School,Near,Male,61,High_Risk,3.8,171.05,268,3.2
20,96,High,Medium,No,4,90,Medium,Yes,3,Low,Medium,Private,Neutral,2,No,College,Near,Male,72,Normal,3.8,473.67,384,5.2
18,64,High,High,No,8,69,Medium,Yes,3,High,Medium,Public,Positive,3,No,College,Moderate,Male,66,Normal,1.8,689.96,256,2.67
23,98,Medium,Low,No,7,55,Medium,Yes,3,High,High,Private,Neutral,4,No,High School,Near,Male,71,Normal,0.8,1581.05,392,3.62
15,100,Medium,Low,No,10,74,Medium,Yes,2,Medium,Medium,Public,Negative,5,No,High School,Far,Male,67,Normal,3.8,292.1,300,1.73
13,93,Medium,High,Yes,7,51,Low,Yes,1,Low,High,Private,Neutral,3,No,High School,Near,Female,67,Normal,0.8,828.65,186,1.88
27,68,High,Medium,No,6,52,Medium,Yes,1,Medium,Low,Private,Neutral,5,No,Postgraduate,Far,Female,66,Normal,1.8,779.96,136,4.14
28,89,Medium,Low,Yes,6,71,Low,Yes,2,Low,Medium,Private,Neutral,4,No,College,Moderate,Male,70,Normal,1.8,1104.38,267,4.57
23,97,Medium,Medium,Yes,6,99,Low,Yes,1,Low,Medium,Private,Positive,3,No,High School,Near,Female,72,Normal,1.8,1264.93,194,3.57
19,100,Medium,Low,Yes,9,66,High,Yes,1,High,Medium,Public,Negative,4,Yes,Postgraduate,Moderate,Male,69,Normal,2.8,447.84,200,2.1
16,63,Medium,Low,No,9,92,Medium,Yes,0,Low,Medium,Private,Positive,3,No,College,Moderate,Female,61,High_Risk,2.8,525.7,63,1.6
16,99,Medium,High,Yes,7,60,Medium,Yes,2,Low,High,Private,Neutral,3,No,Postgraduate,Moderate,Male,71,Normal,0.8,1199.85,297,2.5
30,97,Medium,High,Yes,6,66,High,Yes,1,Medium,Medium,Private,Neutral,2,No,College,Near,Male,74,Normal,1.8,1099.94,194,4.57
12,61,Medium,Low,Yes,7,52,Low,Yes,2,Low,Medium,Public,Positive,2,No,High School,Moderate,Female,58,High_Risk,0.8,779.9,183,2.0
19,68,Medium,Medium,Yes,5,80,Medium,Yes,0,Medium,Medium,Public,Neutral,3,Yes,High School,Moderate,Male,78,Normal,2.8,542.84,68,3.17
19,85,High,High,No,6,84,Low,Yes,3,Medium,Medium,Private,Negative,3,No,Postgraduate,Near,Male,70,Normal,1.8,886.62,340,3.57
29,78,Medium,Medium,No,5,99,High,Yes,0,High,Medium,Public,Negative,1,No,High School,Moderate,Female,69,Normal,2.8,1025.32,78,4.83
14,79,Medium,Medium,Yes,8,51,Medium,Yes,0,Medium,High,Public,Negative,4,No,Unknown,Near,Male,64,High_Risk,1.8,396.64,79,1.56
24,78,High,Medium,Yes,5,95,Low,Yes,1,Low,Medium,Private,Positive,2,No,College,Near,Male,69,Normal,2.8,814.26,156,4.33
34,61,Medium,Low,No,9,63,Low,Yes,2,Medium,Medium,Public,Neutral,5,No,High School,Moderate,Female,65,High_Risk,2.8,764.97,183,3.8
27,72,High,High,Yes,8,53,Medium,Yes,3,Medium,Low,Public,Neutral,3,No,High School,Far,Female,68,Normal,1.8,794.96,288,3.67
19,80,High,High,Yes,6,100,Medium,Yes,1,Medium,Medium,Public,Positive,3,No,High School,Near,Male,70,Normal,1.8,1055.5,160,3.0
25,81,Medium,Medium,No,8,79,Low,Yes,1,Medium,Medium,Public,Neutral,4,No,College,Near,Female,68,Normal,1.8,1097.16,162,3.0
24,66,Medium,Low,No,9,82,Low,Yes,1,Medium,Medium,Public,Neutral,2,Yes,High School,Near,Female,62,High_Risk,2.8,702.83,132,2.6
17,64,Medium,High,Yes,8,67,Medium,Yes,3,Low,Medium,Public,Negative,3,No,College,Near,Male,64,High_Risk,1.8,632.74,256,2.56
32,76,Low,Low,Yes,6,96,Low,Yes,0,Low,High,Public,Neutral,2,No,High School,Moderate,Female,67,Normal,1.8,1706.57,76,4.57
22,66,Medium,Low,Yes,10,95,Medium,Yes,1,Medium,Medium,Private,Negative,3,No,High School,Near,Male,64,High_Risk,3.8,549.99,132,2.18
18,98,High,Medium,Yes,6,62,Low,Yes,3,Medium,High,Public,Positive,3,No,High School,Far,Female,71,Normal,1.8,619.97,392,3.43
25,96,Low,Low,No,7,98,Medium,Yes,1,Medium,Medium,Private,Neutral,3,No,College,Near,Male,71,Normal,0.8,3062.12,192,3.38
16,75,High,Low,Yes,5,83,Medium,Yes,1,Medium,High,Private,Negative,3,No,College,Moderate,Female,65,High_Risk,2.8,474.27,150,3.0
15,86,High,Medium,Yes,8,66,Low,Yes,0,Medium,High,Private,Positive,5,No,College,Near,Male,68,Normal,1.8,549.97,86,1.67
22,72,High,Medium,Yes,5,67,Low,Yes,2,Medium,Medium,Public,Neutral,4,No,College,Near,Female,67,Normal,2.8,526.41,216,4.33
8,96,Medium,Medium,Yes,8,100,High,Yes,1,High,Medium,Public,Negative,4,No,High School,Moderate,Male,68,Normal,1.8,444.42,192,1.11
25,70,Medium,Medium,No,6,71,Low,Yes,0,Low,Medium,Public,Neutral,2,No,College,Near,Female,65,High_Risk,1.8,986.06,70,3.57
19,81,Medium,Low,Yes,10,56,Low,Yes,1,Medium,High,Public,Positive,3,No,High School,Near,Male,65,High_Risk,3.8,279.99,162,1.91
27,87,High,Low,No,6,56,Medium,Yes,0,Low,High,Public,Neutral,2,No,High School,Moderate,Male,68,Normal,1.8,839.95,87,3.86
20,94,Low,High,Yes,7,66,High,Yes,1,Low,High,Private,Positive,1,No,High School,Near,Female,70,Normal,0.8,1649.79,188,2.75
24,77,High,Medium,Yes,7,57,Medium,Yes,3,Medium,High,Public,Positive,2,No,College,Far,Male,84,Normal,0.8,1709.79,308,3.75
19,76,High,High,Yes,8,66,Low,Yes,0,Low,High,Private,Negative,4,Yes,High School,Near,Male,65,High_Risk,1.8,696.63,76,2.11
15,78,Medium,High,No,4,57,High,Yes,2,Medium,High,Public,Negative,2,No,High School,Near,Female,65,High_Risk,3.8,224.99,234,3.8
28,97,Medium,Medium,No,9,93,Low,Yes,3,Medium,High,Public,Neutral,3,No,High School,Near,Female,74,Normal,2.8,929.97,388,3.4
20,98,Low,High,Yes,8,67,Medium,Yes,0,High,Medium,Public,Positive,3,No,High School,Near,Female,71,Normal,1.8,744.4,98,2.22
17,83,Medium,High,No,8,51,Low,Yes,0,Low,Medium,Public,Negative,4,No,High School,Moderate,Male,64,High_Risk,1.8,481.64,83,1.89
29,95,Low,Medium,Yes,4,97,Medium,Yes,0,Medium,Medium,Private,Positive,4,Yes,College,Moderate,Female,72,Normal,3.8,740.24,95,5.8
26,73,Medium,Medium,Yes,9,68,High,Yes,4,Medium,Medium,Public,Neutral,2,No,High School,Far,Male,68,Normal,2.8,631.41,365,3.4
27,86,Medium,Medium,No,6,74,Medium,Yes,2,High,High,Private,Neutral,3,No,High School,Near,Male,71,Normal,1.8,1109.94,258,4.43
24,69,Medium,Low,Yes,6,69,Medium,Yes,0,Low,High,Private,Neutral,4,No,College,Near,Male,65,High_Risk,1.8,919.95,69,3.43
15,69,Medium,High,No,8,92,Low,Yes,0,Low,Medium,Public,Neutral,1,No,College,Moderate,Male,63,High_Risk,1.8,766.62,69,1.67
5,95,Medium,High,Yes,8,92,Low,Yes,1,Low,High,Private,Neutral,2,No,College,Near,Female,67,Normal,1.8,255.54,190,0.78
24,78,High,Low,Yes,7,53,High,Yes,0,Medium,Medium,Public,Neutral,4,Yes,Unknown,Near,Male,66,Normal,0.8,1589.8,78,3.0
20,90,High,High,No,8,82,Medium,Yes,2,High,Unknown,Private,Negative,4,Yes,High School,Moderate,Female,70,Normal,1.8,911.06,270,2.67
30,82,Low,Medium,Yes,10,86,Low,Yes,2,Low,High,Public,Neutral,4,No,High School,Near,Female,70,Normal,3.8,678.93,246,3.09
24,62,Medium,Medium,Yes,8,56,Medium,Yes,0,Medium,Medium,Private,Positive,2,No,College,Moderate,Male,63,High_Risk,1.8,746.63,62,2.67
18,61,Medium,Medium,Yes,6,56,Medium,Yes,3,Low,Medium,Public,Neutral,3,No,High School,Moderate,Male,62,High_Risk,1.8,559.97,244,3.43
26,64,Low,High,No,6,62,Low,Yes,1,Low,Medium,Private,Positive,5,No,High School,Moderate,Male,64,High_Risk,1.8,895.51,128,4.0
23,67,Medium,Low,Yes,9,97,Medium,Yes,1,Medium,Medium,Private,Positive,3,No,College,Moderate,Male,66,Normal,2.8,796.76,134,2.5
28,69,High,Low,No,6,61,Low,Yes,2,Medium,High,Public,Positive,1,Yes,High School,Near,Male,65,High_Risk,1.8,948.84,207,4.57
19,98,Medium,High,Yes,8,87,High,Yes,1,Medium,Medium,Private,Positive,4,No,Postgraduate,Moderate,Male,74,Normal,1.8,918.28,196,2.33
20,99,Medium,Low,No,8,64,Low,Yes,1,High,Medium,Public,Positive,2,No,High School,Near,Male,69,Normal,1.8,711.07,198,2.44
17,100,High,High,No,8,63,Low,Yes,1,Low,Medium,Private,Positive,5,No,High School,Near,Male,71,Normal,1.8,594.97,200,2.11
22,79,High,Medium,No,5,100,Medium,Yes,4,High,High,Public,Negative,3,No,College,Near,Male,72,Normal,2.8,785.69,395,5.0
23,96,Medium,Low,No,9,99,Medium,Yes,0,High,Medium,Private,Neutral,2,No,College,Near,Female,71,Normal,2.8,813.19,96,2.3
14,82,High,Medium,Yes,7,52,High,Yes,3,Low,Medium,Public,Negative,2,No,High School,Near,Female,66,Normal,0.8,909.89,328,2.5
20,69,High,Medium,No,7,63,Low,Yes,2,Low,Medium,Private,Negative,2,No,Unknown,Moderate,Female,64,High_Risk,0.8,1574.8,207,3.0
14,61,Medium,Low,Yes,7,71,Medium,Yes,0,Medium,Low,Private,Neutral,1,No,Postgraduate,Near,Female,60,High_Risk,0.8,1242.34,61,1.75
12,68,High,High,Yes,7,75,Medium,Yes,1,Medium,Low,Private,Positive,4,No,High School,Near,Male,64,High_Risk,0.8,1124.86,136,1.75
27,99,High,Medium,No,10,59,High,Yes,2,Low,Medium,Public,Positive,3,No,High School,Near,Male,74,Normal,3.8,419.2,297,2.82
11,85,High,Low,Yes,10,57,High,Yes,0,Medium,High,Public,Neutral,5,No,High School,Near,Male,65,High_Risk,3.8,165.0,85,1.0
13,100,Medium,Low,Yes,8,73,Low,Yes,1,Low,Medium,Public,Neutral,3,No,Postgraduate,Near,Male,68,Normal,1.8,527.19,200,1.67
26,89,Medium,Medium,No,6,72,High,Yes,1,Low,Medium,Public,Neutral,3,Yes,College,Near,Female,69,Normal,1.8,1039.94,178,4.0
10,93,Low,Medium,No,7,52,Medium,Yes,2,Medium,Medium,Public,Positive,3,No,Postgraduate,Near,Male,66,Normal,0.8,649.92,279,1.75
27,95,Medium,Medium,Yes,8,57,High,Yes,1,Medium,Low,Private,Positive,3,No,High School,Moderate,Female,71,Normal,1.8,854.95,190,3.22
13,77,Medium,Medium,Yes,10,62,Medium,Yes,1,High,Medium,Private,Neutral,4,No,College,Moderate,Male,65,High_Risk,3.8,212.1,154,1.36
23,70,Medium,Medium,Yes,8,75,Medium,Yes,0,High,Medium,Public,Positive,2,No,High School,Moderate,Male,65,High_Risk,1.8,958.28,70,2.56
11,78,Medium,High,Yes,8,51,Medium,Yes,2,Low,Medium,Public,Neutral,3,No,Postgraduate,Near,Male,64,High_Risk,1.8,311.65,234,1.67
29,99,High,Medium,Yes,8,98,High,No,5,Low,Low,Public,Neutral,2,No,Postgraduate,Near,Male,77,Normal,1.8,1578.8,594,4.33
22,76,High,Low,Yes,7,66,Low,Yes,1,Low,High,Private,Positive,4,No,Postgraduate,Near,Male,67,Normal,0.8,1814.77,152,3.0
26,79,Low,High,Yes,6,90,Low,No,0,High,Medium,Private,Negative,2,Yes,College,Moderate,Male,66,Normal,1.8,1299.93,79,3.71
22,70,Medium,High,Yes,8,72,Medium,Yes,2,High,Medium,Public,Neutral,3,No,High School,Near,Male,67,Normal,1.8,879.95,210,2.89
14,80,Medium,Medium,Yes,7,88,Medium,Yes,1,Medium,Medium,Private,Neutral,3,No,High School,Near,Male,66,Normal,0.8,1539.81,160,2.0
13,87,High,Low,Yes,8,55,High,Yes,1,High,High,Private,Positive,3,No,High School,Near,Female,67,Normal,1.8,397.2,174,1.67
11,88,Medium,Low,Yes,7,73,Low,Yes,1,Medium,Low,Private,Neutral,3,Yes,College,Near,Female,63,High_Risk,0.8,1003.62,176,1.62
30,86,High,Medium,No,8,78,Medium,Yes,4,Medium,Low,Public,Positive,2,No,College,Far,Male,73,Normal,1.8,1299.93,430,4.22
21,90,High,Low,Yes,9,89,Low,Yes,1,Low,Low,Public,Neutral,2,No,High School,Far,Female,67,Normal,2.8,667.48,180,2.3
26,71,High,Low,Yes,4,83,Low,Yes,1,Medium,Medium,Public,Negative,3,No,College,Moderate,Male,66,Normal,3.8,567.88,142,5.6
24,92,Medium,Medium,Yes,5,55,Medium,No,1,Medium,Medium,Public,Neutral,4,No,College,Near,Male,69,Normal,2.8,471.41,184,4.33
12,82,Low,Medium,No,9,79,High,Yes,0,Low,Medium,Private,Positive,2,No,College,Moderate,Female,63,High_Risk,2.8,338.56,82,1.2
6,73,Medium,Medium,No,8,93,Low,Yes,0,Low,Medium,Private,Neutral,1,Yes,High School,Far,Female,58,High_Risk,1.8,309.98,73,0.67
23,91,Medium,High,Yes,10,62,Low,Yes,1,Medium,High,Private,Negative,3,No,College,Near,Male,70,Normal,3.8,375.25,182,2.27
24,88,Medium,Low,Yes,7,71,Low,No,1,Low,High,Public,Neutral,3,No,College,Moderate,Male,67,Normal,0.8,2129.73,176,3.25
25,70,Medium,Medium,No,7,51,Medium,Yes,1,High,Medium,Public,Negative,4,No,College,Near,Female,65,High_Risk,0.8,1593.55,140,3.38
22,89,Low,Medium,No,8,78,Low,Yes,4,High,Medium,Private,Positive,3,No,High School,Near,Female,70,Normal,1.8,953.28,445,3.33
25,78,Low,High,Yes,6,50,Medium,Yes,1,High,High,Public,Negative,2,No,High School,Far,Male,66,Normal,1.8,694.41,156,3.86
11,97,Medium,Medium,No,8,76,High,Yes,2,Medium,High,Public,Positive,2,No,High School,Moderate,Female,69,Normal,1.8,464.42,291,1.67
18,77,Low,Medium,No,7,100,Medium,Yes,2,High,High,Private,Positive,3,Yes,High School,Near,Male,67,Normal,0.8,2249.72,231,2.75
7,98,Medium,Low,Yes,9,58,Medium,Yes,2,Medium,Medium,Private,Neutral,5,Yes,College,Near,Male,65,High_Risk,2.8,144.99,294,1.1
14,98,High,High,Yes,7,83,Medium,No,3,Low,Medium,Public,Positive,3,No,College,Near,Male,72,Normal,0.8,1452.32,392,2.5
11,61,High,Low,Yes,6,55,Medium,Yes,5,High,Low,Public,Neutral,3,No,High School,Far,Male,60,High_Risk,1.8,336.09,366,3.0
21,70,Low,Low,No,8,73,Low,Yes,0,High,Medium,Public,Neutral,4,No,College,Near,Male,63,High_Risk,1.8,851.62,70,2.33
15,82,Medium,Medium,Yes,6,54,Medium,Yes,1,Medium,Medium,Public,Positive,2,No,College,Unknown,Female,66,Normal,1.8,449.98,164,2.43
27,95,Low,High,Yes,6,94,High,Yes,2,Medium,Medium,Public,Neutral,4,No,Postgraduate,Far,Female,74,Normal,1.8,1409.92,285,4.43
19,88,Low,Medium,Yes,5,68,High,Yes,1,Low,Low,Public,Positive,5,No,High School,Moderate,Male,67,Normal,2.8,461.41,176,3.5
28,60,Low,Medium,Yes,5,70,Low,Yes,0,Low,Medium,Private,Neutral,5,No,High School,Near,Male,63,High_Risk,2.8,699.98,60,4.67
17,63,Medium,Medium,Yes,8,59,Medium,Yes,1,Low,High,Public,Positive,1,No,Postgraduate,Moderate,Male,62,High_Risk,1.8,557.19,126,2.11
22,68,Medium,High,No,4,92,High,Yes,2,High,Medium,Public,Neutral,3,No,High School,Near,Male,68,Normal,3.8,532.62,204,5.2
23,66,High,High,Yes,7,80,Medium,Yes,1,Medium,Medium,Public,Positive,3,No,College,Moderate,Female,68,Normal,0.8,2299.71,132,3.12
17,99,Medium,Medium,Yes,8,62,Medium,Yes,3,Medium,Medium,Private,Neutral,3,No,High School,Near,Male,70,Normal,1.8,585.52,396,2.56
31,84,Medium,Medium,No,5,87,High,Yes,0,Medium,Medium,Private,Positive,3,No,College,Moderate,Male,71,Normal,2.8,963.18,84,5.17
18,78,High,Medium,Yes,7,71,Low,Yes,3,Medium,Medium,Public,Neutral,4,No,High School,Moderate,Male,67,Normal,0.8,1597.3,312,3.0
20,89,Low,Medium,Yes,9,95,Medium,Yes,3,Low,Medium,Public,Positive,3,No,High School,Moderate,Male,69,Normal,2.8,678.55,356,2.6
20,64,High,Low,Yes,6,50,High,Yes,0,Low,Medium,Private,Neutral,2,No,High School,Near,Male,62,High_Risk,1.8,555.52,64,2.86
26,89,Medium,Medium,Yes,8,59,Low,Yes,1,Low,High,Public,Neutral,4,No,High School,Near,Male,70,Normal,1.8,852.17,178,3.11
26,86,Medium,High,Yes,9,91,Medium,Yes,3,High,Medium,Public,Neutral,3,Yes,High School,Near,Female,72,Normal,2.8,844.97,344,3.2
23,85,High,Medium,Yes,8,51,Low,Yes,0,High,Low,Public,Negative,4,No,College,Near,Female,68,Normal,1.8,651.63,85,2.56
23,74,Medium,Medium,Yes,6,76,Medium,No,1,Low,Medium,Public,Positive,2,No,College,Near,Male,66,Normal,1.8,971.06,148,3.57
17,77,Low,High,Yes,5,53,Medium,Yes,2,High,Medium,Public,Neutral,3,No,College,Near,Male,86,Normal,2.8,321.77,231,3.5
12,81,Low,Medium,Yes,5,68,High,Yes,0,Low,High,Private,Negative,2,No,High School,Near,Male,62,High_Risk,2.8,291.42,81,2.0
12,79,Low,High,No,6,55,Medium,Yes,1,Low,High,Private,Neutral,4,No,College,Far,Female,62,High_Risk,1.8,366.65,158,2.0
30,73,Low,Medium,No,7,68,Medium,Yes,0,Low,High,Public,Positive,2,No,Postgraduate,Near,Male,67,Normal,0.8,2549.68,73,3.75
11,67,Medium,High,No,8,52,High,Yes,3,High,High,Public,Negative,3,No,College,Moderate,Female,63,High_Risk,1.8,317.76,268,1.89
30,97,High,Medium,Yes,6,72,High,Yes,1,Low,High,Public,Positive,2,No,High School,Far,Female,74,Normal,1.8,1199.93,194,4.57
23,84,Medium,Low,Yes,7,80,Medium,Yes,1,Medium,High,Private,Positive,3,No,College,Moderate,Female,69,Normal,0.8,2299.71,168,3.12
28,71,Medium,Medium,Yes,9,57,High,Yes,1,Low,High,Public,Neutral,4,No,Postgraduate,Near,Female,69,Normal,2.8,569.98,142,3.0
17,98,Medium,High,Yes,9,70,Low,Yes,1,High,Medium,Private,Negative,2,No,High School,Near,Male,70,Normal,2.8,424.98,196,1.9
7,92,Low,Medium,Yes,4,51,Medium,Yes,0,High,Medium,Public,Positive,1,No,High School,Near,Female,63,High_Risk,3.8,93.94,92,1.4
14,82,Medium,High,Yes,8,94,Low,Yes,2,Low,High,Public,Negative,5,No,College,Far,Female,67,Normal,1.8,731.07,246,2.0
19,95,Low,Low,Yes,5,86,Medium,Yes,0,High,Medium,Public,Negative,4,No,High School,Moderate,Male,67,Normal,2.8,583.55,95,3.17
8,80,High,Low,No,6,52,High,Yes,2,Medium,Medium,Public,Positive,1,No,High School,Near,Female,63,High_Risk,1.8,231.1,240,1.71
20,82,Medium,High,Yes,9,69,Low,Yes,1,Medium,Medium,Public,Positive,3,No,College,Near,Male,69,Normal,2.8,492.84,164,2.2
16,82,Medium,Medium,No,7,56,Low,Yes,0,High,High,Private,Negative,1,Yes,High School,Far,Female,79,Normal,0.8,1119.86,82,2.0
18,72,High,High,Yes,8,73,Medium,Yes,0,Medium,Medium,Private,Positive,4,Yes,High School,Near,Female,66,Normal,1.8,729.96,72,2.0
27,73,Medium,Medium,No,8,80,Low,Yes,3,Medium,Medium,Private,Negative,3,No,High School,Near,Female,68,Normal,1.8,1199.93,292,3.67
22,92,Medium,Medium,Yes,6,94,Medium,Yes,1,Medium,Medium,Public,Positive,3,No,High School,Near,Male,71,Normal,1.8,1148.83,184,3.43
21,83,Medium,Medium,No,6,95,High,Yes,4,High,High,Public,Neutral,2,No,High School,Far,Female,70,Normal,1.8,1108.27,415,4.14
27,82,Medium,Medium,No,8,51,High,Yes,3,High,Medium,Public,Neutral,2,No,College,Near,Male,70,Normal,1.8,764.96,328,3.67
15,98,High,High,Yes,7,61,Medium,Yes,1,Low,High,Private,Positive,3,No,College,Moderate,Female,71,Normal,0.8,1143.61,196,2.12
22,70,Medium,High,No,7,84,Low,Yes,3,Low,High,Public,Positive,5,No,High School,Near,Male,68,Normal,0.8,2309.71,280,3.5
22,81,Medium,Low,Yes,7,80,Low,Yes,1,Medium,Medium,Public,Positive,3,No,College,Moderate,Female,67,Normal,0.8,2199.73,162,3.0
24,69,High,Low,Yes,6,96,Medium,Yes,4,High,Medium,Public,Positive,4,No,College,Moderate,Male,70,Normal,1.8,1279.93,345,4.57
16,64,Medium,High,Yes,7,70,Medium,Yes,5,Low,Low,Public,Positive,4,No,High School,Moderate,Male,65,High_Risk,0.8,1399.83,384,3.25
25,73,Medium,Medium,Yes,5,75,Low,Yes,0,Medium,Medium,Private,Positive,2,No,College,Near,Female,67,Normal,2.8,669.62,73,4.17
29,60,Low,High,No,7,63,Medium,Yes,0,Low,Medium,Public,Negative,4,No,Postgraduate,Near,Male,64,High_Risk,0.8,2283.46,60,3.62
15,73,Medium,High,No,5,61,Low,No,1,Low,High,Private,Positive,2,No,Postgraduate,Moderate,Male,63,High_Risk,2.8,326.77,146,2.83
14,90,High,High,Yes,8,86,Medium,Yes,4,Medium,Medium,Private,Negative,2,No,High School,Near,Female,99,Normal,1.8,668.85,450,2.44
23,72,Medium,High,No,8,87,Low,Yes,3,Medium,Low,Public,Neutral,3,No,High School,Near,Male,67,Normal,1.8,1111.6,288,3.22
14,82,Medium,Medium,No,8,65,Medium,Yes,1,Low,Medium,Private,Positive,3,No,College,Near,Male,65,High_Risk,1.8,505.53,164,1.78
19,79,Medium,High,Yes,5,59,Medium,Yes,2,Low,Medium,Private,Neutral,2,No,Postgraduate,Far,Male,66,Normal,2.8,400.34,237,3.83
19,95,Medium,Medium,Yes,7,74,High,No,0,Low,High,Public,Positive,2,No,Unknown,Near,Female,69,Normal,0.8,1757.28,95,2.38
16,71,Medium,High,Yes,6,52,Low,Yes,0,High,High,Public,Neutral,1,No,High School,Far,Male,62,High_Risk,1.8,462.2,71,2.29
23,83,Medium,Low,Yes,7,57,Medium,No,2,Medium,High,Public,Positive,4,No,High School,Moderate,Female,67,Normal,0.8,1638.55,249,3.38
21,93,Medium,Medium,Yes,6,56,Medium,No,1,Low,Medium,Public,Positive,3,No,High School,Near,Male,68,Normal,1.8,653.3,186,3.29
13,61,Low,Medium,Yes,8,84,High,No,1,Medium,High,Public,Neutral,3,Yes,Postgraduate,Far,Male,60,High_Risk,1.8,606.63,122,1.67
12,69,High,Medium,Yes,7,92,Low,Yes,1,Medium,Medium,Public,Neutral,3,No,College,Near,Female,64,High_Risk,0.8,1379.83,138,1.75
25,63,Low,Medium,No,8,58,Medium,Yes,1,High,Medium,Public,Positive,1,No,College,Near,Female,64,High_Risk,1.8,805.51,126,3.0
11,96,High,High,No,7,60,Medium,Yes,2,Low,Medium,Public,Neutral,1,No,High School,Near,Male,68,Normal,0.8,824.9,288,1.88
13,91,High,Medium,Yes,10,66,Medium,Yes,2,Medium,Medium,Public,Positive,4,No,High School,Near,Female,69,Normal,3.8,225.78,273,1.55
21,98,Low,High,Yes,8,51,Medium,Yes,0,Medium,Medium,Public,Neutral,3,No,High School,Near,Male,69,Normal,1.8,594.97,98,2.33
25,94,High,Medium,No,7,86,Low,No,2,Low,Medium,Private,Negative,4,No,College,Moderate,Male,70,Normal,0.8,2687.16,282,3.62
19,76,High,High,No,4,72,Low,Yes,2,High,Unknown,Public,Neutral,2,No,College,Moderate,Female,68,Normal,3.8,359.99,228,4.6
23,100,Medium,Medium,No,6,65,Low,Yes,1,Medium,High,Public,Neutral,2,Yes,High School,Near,Female,70,Normal,1.8,830.51,200,3.57
16,66,Medium,Medium,Yes,7,95,Low,Yes,1,Medium,Medium,Public,Positive,4,No,College,Near,Male,65,High_Risk,0.8,1899.76,132,2.25
15,82,Medium,Medium,Yes,7,93,Medium,Yes,3,Low,High,Public,Negative,2,No,High School,Moderate,Female,66,Normal,0.8,1743.53,328,2.62
11,84,Low,Medium,Yes,7,55,High,Yes,0,Medium,High,Public,Negative,3,No,Unknown,Near,Male,63,High_Risk,0.8,756.16,84,1.38
26,80,High,Medium,Yes,4,86,Medium,No,0,Low,Medium,Public,Positive,4,No,College,Moderate,Male,69,Normal,3.8,588.41,80,5.2
22,83,High,Medium,No,8,99,Low,Yes,4,High,High,Public,Negative,4,Yes,High School,Near,Female,71,Normal,1.8,1209.93,415,3.33
18,90,Medium,Medium,No,7,65,Low,Yes,4,Medium,Medium,Public,Positive,3,No,College,Near,Female,69,Normal,0.8,1462.32,450,3.25
17,73,Medium,Low,No,4,59,High,Yes,2,Low,High,Private,Negative,4,No,High School,Moderate,Female,63,High_Risk,3.8,263.94,219,4.2
15,84,Medium,Medium,No,4,92,Low,Yes,2,Medium,Medium,Public,Negative,3,No,High School,Moderate,Female,66,Normal,3.8,363.15,252,3.8
18,79,Medium,Medium,No,8,70,High,Yes,3,Medium,Medium,Public,Positive,3,No,College,Near,Female,68,Normal,1.8,699.96,316,2.67
21,96,Medium,Medium,Yes,5,71,Medium,Yes,2,Low,High,Public,Negative,4,No,High School,Moderate,Male,70,Normal,2.8,532.48,288,4.17
27,94,Medium,Low,No,6,86,Medium,Yes,2,Medium,Medium,Private,Neutral,2,No,High School,Near,Female,71,Normal,1.8,1289.93,282,4.43
20,62,High,Medium,Yes,6,98,High,Yes,0,High,High,Public,Neutral,3,No,Postgraduate,Near,Male,67,Normal,1.8,1088.83,62,2.86
14,100,Medium,Medium,Yes,4,100,Medium,Yes,3,Low,Medium,Public,Neutral,3,No,Postgraduate,Moderate,Female,71,Normal,3.8,368.41,400,4.0
20,83,Medium,Medium,Yes,7,75,Medium,Yes,0,Medium,Medium,Public,Neutral,4,No,High School,Near,Female,67,Normal,0.8,1874.77,83,2.5
24,96,High,High,Yes,7,96,Medium,Yes,1,Medium,Medium,Public,Negative,3,No,High School,Near,Female,74,Normal,0.8,2879.64,192,3.25
14,70,Medium,Medium,Yes,9,51,Low,Yes,1,Low,High,Public,Negative,4,No,College,Near,Male,62,High_Risk,2.8,254.99,140,1.6
20,94,High,Medium,Yes,8,93,Low,Yes,1,Medium,Medium,Public,Neutral,3,No,College,Moderate,Female,71,Normal,1.8,1033.28,188,2.44
19,77,High,Medium,Yes,8,88,Medium,No,3,Low,Medium,Public,Positive,3,No,College,Moderate,Male,67,Normal,1.8,928.84,308,2.78
20,79,Medium,Medium,Yes,8,71,Medium,Yes,1,Medium,High,Public,Neutral,3,No,College,Near,Female,68,Normal,1.8,788.85,158,2.44
19,76,Medium,High,Yes,6,59,Medium,Yes,1,Medium,Medium,Public,Neutral,3,No,High School,Near,Female,66,Normal,1.8,622.74,152,3.0
26,72,Low,High,No,8,85,Medium,Yes,2,Low,Medium,Public,Negative,3,No,High School,Near,Male,67,Normal,1.8,1227.71,216,3.33
16,94,Low,Medium,Yes,6,66,Medium,Yes,3,Medium,High,Public,Negative,4,No,College,Near,Female,69,Normal,1.8,586.63,376,3.14
25,62,Medium,Medium,Yes,7,95,Low,Yes,1,High,Medium,Public,Neutral,4,Yes,College,Near,Male,65,High_Risk,0.8,2968.38,124,3.38
19,97,Low,High,No,9,78,Medium,Yes,0,Medium,Medium,Private,Negative,4,No,High School,Moderate,Female,68,Normal,2.8,529.27,97,1.9
13,60,Medium,Medium,Yes,6,66,Medium,Yes,1,Medium,High,Public,Positive,5,Yes,College,Moderate,Male,61,High_Risk,1.8,476.64,120,2.14
15,94,Medium,High,Yes,8,64,Medium,Yes,2,Low,Medium,Public,Negative,1,No,College,Near,Male,68,Normal,1.8,533.3,282,2.11
15,69,Medium,Medium,Yes,8,53,Low,No,0,High,Medium,Private,Negative,3,No,High School,Near,Male,60,High_Risk,1.8,441.64,69,1.67
16,71,Medium,Medium,No,8,51,Medium,Yes,0,Low,Medium,Public,Negative,2,No,Postgraduate,Far,Female,61,High_Risk,1.8,453.31,71,1.78
23,94,Medium,High,No,8,86,Medium,Yes,1,Low,High,Public,Neutral,0,No,College,Far,Female,70,Normal,1.8,1098.83,188,2.78
22,64,High,Medium,No,5,77,Medium,Yes,1,High,Medium,Private,Negative,2,No,College,Near,Male,65,High_Risk,2.8,604.98,128,4.0
26,71,High,Low,No,7,65,Medium,Yes,1,Low,Medium,Public,Positive,3,No,College,Near,Female,66,Normal,0.8,2112.24,142,3.5
24,71,Medium,High,Yes,6,52,Medium,Yes,2,Medium,Medium,Private,Neutral,3,No,College,Far,Female,66,Normal,1.8,693.29,213,4.0
21,69,Medium,Medium,No,7,66,High,Yes,1,Medium,Medium,Private,Neutral,4,No,High School,Far,Female,64,High_Risk,0.8,1732.28,138,2.88
15,93,Medium,Medium,No,5,86,Medium,Yes,0,Low,Medium,Public,Neutral,2,No,College,Far,Male,66,Normal,2.8,460.7,93,2.5
12,98,High,Low,Yes,8,64,Medium,No,5,Low,Medium,Public,Neutral,5,No,College,Near,Female,69,Normal,1.8,426.64,588,2.44
23,73,High,High,No,8,78,Low,Yes,0,High,Medium,Public,Neutral,4,No,High School,Moderate,Female,67,Normal,1.8,996.61,73,2.56
25,72,Medium,Medium,No,6,86,High,Yes,0,Medium,Unknown,Public,Neutral,2,No,High School,Far,Female,66,Normal,1.8,1194.38,72,3.57
26,64,High,Low,Yes,8,74,Low,Yes,3,Medium,High,Public,Neutral,2,No,High School,Near,Male,66,Normal,1.8,1068.83,256,3.56
16,82,High,High,Yes,6,75,Low,Yes,3,Medium,Unknown,Public,Neutral,3,No,College,Moderate,Female,68,Normal,1.8,666.63,328,3.14
14,72,Low,High,No,7,89,Medium,Yes,2,Medium,Medium,Public,Positive,3,No,High School,Near,Female,65,High_Risk,0.8,1557.31,216,2.25
22,83,High,High,No,8,96,Medium,No,2,Medium,High,Public,Positive,0,No,College,Near,Female,71,Normal,1.8,1173.27,249,2.89
23,80,Medium,High,Yes,9,74,Medium,Yes,4,Medium,Medium,Public,Negative,3,No,High School,Moderate,Male,69,Normal,2.8,607.84,400,3.1
29,72,Medium,Medium,No,7,68,Low,Yes,0,Low,Medium,Public,Positive,3,No,College,Near,Female,67,Normal,0.8,2464.69,72,3.62
28,80,High,High,No,7,88,Medium,Yes,2,High,Medium,Public,Negative,2,No,High School,Near,Male,72,Normal,0.8,3079.62,240,4.0
28,78,Medium,High,No,7,92,Low,Yes,1,Medium,High,Public,Positive,3,No,Postgraduate,Moderate,Female,71,Normal,0.8,3219.6,156,3.75
23,92,Medium,High,No,9,100,Medium,Yes,1,High,High,Public,Neutral,2,Yes,College,Near,Male,72,Normal,2.8,821.4,184,2.5
31,61,High,Medium,No,7,84,Medium,Yes,2,Medium,Medium,Private,Neutral,3,No,High School,Near,Male,68,Normal,0.8,3254.59,183,4.38
15,89,Medium,Medium,Yes,6,71,Medium,Yes,1,Medium,High,Public,Positive,4,No,High School,Near,Female,68,Normal,1.8,591.63,178,2.43
23,97,Medium,High,No,7,73,Medium,No,3,Low,Medium,Private,Negative,1,No,High School,Moderate,Male,69,Normal,0.8,2098.49,388,3.62
34,61,Low,Medium,No,9,75,Medium,Yes,1,Low,Medium,Public,Neutral,2,No,College,Far,Male,65,High_Risk,2.8,910.68,122,3.6
27,91,Medium,Medium,No,4,53,Medium,Yes,1,Low,Medium,Private,Positive,3,No,Postgraduate,Near,Female,70,Normal,3.8,376.57,182,5.8
17,67,Medium,High,Yes,5,54,Medium,Yes,0,Low,Medium,Public,Negative,2,No,High School,Moderate,Male,61,High_Risk,2.8,327.85,67,2.83
21,71,Medium,Medium,Yes,10,55,Low,Yes,1,Medium,Medium,Public,Negative,4,No,High School,Moderate,Female,63,High_Risk,3.8,303.94,142,2.09
31,77,High,Low,Yes,5,53,High,Yes,1,Medium,Medium,Public,Neutral,2,No,High School,Near,Female,68,Normal,2.8,586.76,154,5.5
18,61,Medium,Low,Yes,6,91,High,Yes,3,Medium,High,Public,Positive,3,No,College,Moderate,Female,80,Normal,1.8,909.95,244,3.43
21,88,Medium,Medium,Yes,6,63,Low,Yes,1,Medium,Medium,Public,Neutral,3,No,High School,Near,Female,68,Normal,1.8,734.96,176,3.29
11,75,Low,Medium,No,7,92,Medium,No,2,Low,High,Public,Positive,4,No,College,Moderate,Female,63,High_Risk,0.8,1264.84,225,1.88
15,64,High,Medium,No,5,78,Medium,Yes,2,Low,Medium,Public,Positive,2,No,High School,Moderate,Male,63,High_Risk,2.8,417.84,192,3.17
25,69,High,Medium,Yes,7,56,Medium,Yes,2,Low,Medium,Private,Neutral,4,No,High School,Near,Male,67,Normal,0.8,1749.78,207,3.62
33,61,High,Medium,No,6,92,Medium,Yes,1,Medium,Medium,Public,Positive,4,No,High School,Near,Female,69,Normal,1.8,1686.57,122,5.0
20,79,High,Low,Yes,7,91,High,No,2,Low,Medium,Private,Negative,4,Yes,College,Moderate,Male,66,Normal,0.8,2274.72,237,3.0
16,67,High,Medium,No,8,98,Medium,Yes,0,Low,Low,Public,Neutral,3,No,High School,Near,Female,63,High_Risk,1.8,871.06,67,1.78
11,87,Low,Medium,No,8,57,High,Yes,0,Low,Medium,Public,Negative,2,No,High School,Moderate,Male,62,High_Risk,1.8,348.31,87,1.22
9,69,High,Medium,Yes,7,82,High,Yes,1,High,High,Public,Positive,2,No,High School,Near,Female,65,High_Risk,0.8,922.38,138,1.38
23,66,Low,Low,No,8,94,Low,Yes,1,Medium,High,Private,Neutral,3,No,Postgraduate,Moderate,Male,64,High_Risk,1.8,1201.04,132,2.78
18,76,Medium,Medium,No,8,88,Low,Yes,1,Medium,Medium,Public,Neutral,4,No,College,Near,Female,66,Normal,1.8,879.95,152,2.22
19,84,Medium,Medium,Yes,9,69,Medium,Yes,2,Medium,Low,Public,Neutral,4,No,College,Near,Female,68,Normal,2.8,468.2,252,2.3
26,65,Low,Medium,Yes,7,67,Medium,Yes,4,High,Medium,Private,Negative,3,No,High School,Moderate,Female,65,High_Risk,0.8,2177.23,325,4.25
20,79,Medium,Low,Yes,6,74,Low,Yes,2,Low,Medium,Public,Positive,2,No,High School,Far,Male,64,High_Risk,1.8,822.18,237,3.43
21,66,Low,High,Yes,7,68,High,Yes,2,Low,Medium,Public,Positive,1,No,High School,Near,Female,65,High_Risk,0.8,1784.78,198,3.12
4,64,Medium,High,Yes,7,65,Medium,Yes,1,Medium,High,Public,Negative,4,No,High School,Far,Male,59,High_Risk,0.8,324.96,128,0.75
21,95,Medium,Low,No,5,87,Low,Yes,2,Medium,Medium,Private,Neutral,4,No,High School,Near,Male,70,Normal,2.8,652.48,285,4.17
15,89,Medium,Medium,Yes,8,96,High,Yes,3,Low,High,Public,Negative,3,No,High School,Near,Male,69,Normal,1.8,799.96,356,2.33
13,95,High,High,Yes,5,92,Low,Yes,1,Medium,Medium,Private,Positive,2,No,College,Near,Female,71,Normal,2.8,427.13,190,2.5
27,68,Low,Low,Yes,8,80,High,Yes,3,Medium,Medium,Public,Positive,4,Yes,High School,Near,Male,66,Normal,1.8,1199.93,272,3.67
28,99,Low,Medium,Yes,8,100,Low,Yes,0,Medium,Medium,Public,Positive,2,No,High School,Far,Male,72,Normal,1.8,1555.47,99,3.11
19,74,Medium,Medium,No,7,86,High,Yes,1,High,Medium,Private,Positive,3,No,Postgraduate,Near,Male,68,Normal,0.8,2042.24,148,2.62
14,68,Medium,High,No,7,76,Medium,Yes,2,High,Medium,Public,Positive,3,No,High School,Near,Male,65,High_Risk,0.8,1329.83,204,2.25
10,77,Medium,High,No,8,99,Medium,Yes,0,Medium,High,Public,Neutral,4,Yes,High School,Near,Male,64,High_Risk,1.8,549.97,77,1.11
26,81,Medium,High,Yes,8,87,Medium,Yes,2,High,High,Public,Neutral,1,No,Postgraduate,Near,Male,73,Normal,1.8,1256.6,243,3.33
18,63,Medium,Low,No,7,52,Medium,Yes,2,High,High,Public,Positive,3,No,Postgraduate,Moderate,Female,63,High_Risk,0.8,1169.85,189,2.75
28,69,Medium,High,No,8,99,Low,Yes,0,High,Medium,Private,Negative,3,No,High School,Moderate,Female,67,Normal,1.8,1539.91,69,3.11
27,100,Low,Medium,Yes,4,97,Low,Yes,4,Low,High,Public,Positive,3,No,High School,Near,Female,74,Normal,3.8,689.19,500,7.0
16,74,Medium,Low,Yes,7,87,Medium,Yes,0,Low,Low,Public,Positive,3,No,College,Near,Female,63,High_Risk,0.8,1739.78,74,2.0
22,67,Low,High,Yes,8,53,Medium,Yes,0,Medium,High,Public,Negative,3,No,High School,Far,Male,62,High_Risk,1.8,647.74,67,2.44
24,63,Medium,Low,No,6,99,Low,No,0,Low,Medium,Public,Positive,3,No,High School,Moderate,Female,62,High_Risk,1.8,1319.93,63,3.43
24,89,Medium,Low,No,4,99,High,Yes,1,High,High,Private,Positive,3,No,Postgraduate,Near,Male,73,Normal,3.8,625.25,178,5.2
13,84,Medium,Medium,Yes,8,58,High,Yes,2,Low,Low,Public,Neutral,3,No,Postgraduate,Near,Female,66,Normal,1.8,418.87,252,1.89
25,70,Medium,Low,No,9,71,Medium,No,2,Low,Medium,Public,Negative,2,No,College,Near,Female,63,High_Risk,2.8,633.91,210,2.9
17,68,Low,High,Yes,6,87,High,Yes,0,Low,Medium,Private,Positive,4,Yes,College,Near,Male,64,High_Risk,1.8,821.62,68,2.43
20,87,Medium,Medium,No,8,89,Low,Yes,2,Medium,Medium,Public,Neutral,3,No,High School,Moderate,Male,68,Normal,1.8,988.83,261,2.67
30,86,Medium,High,No,4,85,High,Yes,2,Medium,Medium,Private,Neutral,5,Yes,Postgraduate,Far,Male,72,Normal,3.8,671.03,258,6.8
22,89,Medium,Medium,Yes,7,54,Medium,Yes,1,High,Medium,Public,Positive,3,No,High School,Near,Female,69,Normal,0.8,1484.81,178,3.0
21,96,Medium,Medium,Yes,4,50,Medium,Yes,1,Low,Low,Private,Positive,2,No,Postgraduate,Moderate,Male,69,Normal,3.8,276.31,192,4.6
27,70,Medium,Medium,No,7,80,Low,Yes,1,Low,Medium,Public,Neutral,3,No,High School,Near,Female,66,Normal,0.8,2699.66,140,3.62
17,94,Medium,Medium,Yes,7,75,Medium,Yes,1,Low,High,Public,Positive,3,No,Postgraduate,Moderate,Male,70,Normal,0.8,1593.55,188,2.38
11,66,Medium,Medium,Yes,7,74,Medium,Yes,3,Medium,High,Private,Neutral,3,No,High School,Far,Female,62,High_Risk,0.8,1017.37,264,2.12
23,81,Medium,Low,Yes,7,74,Medium,Yes,0,Low,Medium,Public,Neutral,0,No,Postgraduate,Near,Female,66,Normal,0.8,2127.23,81,2.88
16,73,Medium,Low,Yes,6,71,Medium,Yes,2,High,High,Public,Positive,5,No,College,Near,Male,66,Normal,1.8,631.08,219,2.86
22,67,Low,Medium,No,8,52,Medium,Yes,1,Medium,Low,Public,Negative,2,Yes,College,Moderate,Female,60,High_Risk,1.8,635.52,134,2.67
15,80,Medium,Medium,Yes,9,91,Low,Yes,3,Low,Medium,Public,Positive,2,No,College,Moderate,Female,67,Normal,2.8,487.48,320,2.1
24,85,Medium,Medium,Yes,8,95,Medium,Yes,2,Medium,Medium,Public,Negative,4,No,High School,Near,Female,70,Normal,1.8,1266.6,255,3.11
14,62,High,Medium,No,4,100,Low,Yes,1,Low,Medium,Public,Neutral,3,No,High School,Near,Male,62,High_Risk,3.8,368.41,124,3.2
23,74,Low,Low,No,9,61,Low,Yes,0,Medium,Low,Public,Positive,4,No,Postgraduate,Near,Male,64,High_Risk,2.8,501.05,74,2.3
24,63,Medium,Medium,No,8,60,Medium,Yes,3,High,Medium,Public,Neutral,3,No,High School,Near,Male,65,High_Risk,1.8,799.96,252,3.33
23,77,Low,Medium,Yes,8,96,Medium,Yes,1,High,Medium,Private,Neutral,1,Yes,College,Near,Male,67,Normal,1.8,1226.6,154,2.78
17,65,Low,High,Yes,5,75,Medium,Yes,2,Low,Medium,Public,Positive,3,No,High School,Near,Female,63,High_Risk,2.8,455.34,195,3.5
15,74,High,High,No,8,60,Low,Yes,3,Low,Medium,Public,Positive,5,No,High School,Moderate,Male,66,Normal,1.8,499.97,296,2.33
8,67,High,Medium,Yes,8,58,Low,Yes,2,Medium,Medium,Public,Positive,1,No,Postgraduate,Moderate,Female,61,High_Risk,1.8,257.76,201,1.33
15,76,High,High,Yes,6,82,Medium,Yes,4,Low,High,Private,Positive,4,No,High School,Moderate,Female,69,Normal,1.8,683.3,380,3.29
17,69,Medium,Medium,Yes,7,70,Low,Yes,0,Low,High,Public,Neutral,3,Yes,College,Moderate,Male,61,High_Risk,0.8,1487.31,69,2.12
16,67,High,High,No,9,99,Medium,Yes,2,Medium,Medium,Public,Neutral,2,Yes,High School,Moderate,Male,64,High_Risk,2.8,565.69,201,2.0
23,79,Medium,High,Yes,6,97,Medium,Yes,1,High,Low,Public,Neutral,4,No,High School,Moderate,Male,69,Normal,1.8,1239.38,158,3.57
30,98,Low,Low,Yes,5,50,High,Yes,0,Low,High,Public,Negative,2,No,College,Near,Male,70,Normal,2.8,535.7,98,5.0
22,69,Medium,Medium,Yes,5,79,Medium,Yes,1,Low,Low,Public,Positive,3,No,College,Near,Male,66,Normal,2.8,620.69,138,4.0
18,68,High,Low,Yes,8,89,Medium,Yes,0,Medium,Low,Public,Negative,3,No,College,Far,Male,63,High_Risk,1.8,889.95,68,2.0
27,82,Medium,Medium,Yes,9,67,Low,Yes,1,Low,High,Private,Neutral,2,No,High School,Moderate,Male,68,Normal,2.8,646.05,164,2.9
18,64,High,Medium,Yes,8,84,Medium,No,2,Medium,Medium,Public,Neutral,3,No,College,Near,Female,64,High_Risk,1.8,839.95,192,2.44
21,91,High,Medium,Yes,6,53,High,Yes,1,Medium,Medium,Public,Positive,3,No,Postgraduate,Near,Female,71,Normal,1.8,618.3,182,3.29
19,68,Low,High,Yes,8,72,High,Yes,2,Low,High,Private,Neutral,3,No,College,Far,Male,64,High_Risk,1.8,759.96,204,2.56
13,77,Medium,Medium,Yes,8,68,Low,Yes,3,High,Medium,Private,Neutral,3,No,High School,Near,Female,65,High_Risk,1.8,491.08,308,2.11
21,78,Medium,High,No,10,60,Medium,Yes,3,High,Medium,Public,Negative,5,No,High School,Moderate,Male,68,Normal,3.8,331.57,312,2.45
20,71,Medium,Low,Yes,6,92,High,Yes,1,Low,Medium,Private,Negative,4,No,College,Near,Male,65,High_Risk,1.8,1022.17,142,3.14
25,88,Medium,Medium,Yes,8,95,Low,Yes,1,High,High,Public,Neutral,4,No,High School,Near,Female,72,Normal,1.8,1319.37,176,3.0
23,75,Medium,Low,Yes,8,66,Medium,Yes,5,Medium,Low,Public,Neutral,3,No,High School,Near,Male,67,Normal,1.8,843.29,450,3.67
16,71,High,High,Yes,7,72,Low,Yes,1,Medium,Low,Private,Neutral,4,No,College,Moderate,Female,65,High_Risk,0.8,1439.82,142,2.25
18,95,Low,High,No,7,96,Medium,Yes,2,Medium,High,Private,Positive,4,Yes,High School,Moderate,Male,70,Normal,0.8,2159.73,285,2.75
15,69,High,Low,Yes,6,75,Medium,No,2,Low,High,Public,Positive,2,No,High School,Near,Female,63,High_Risk,1.8,624.97,207,2.71
18,81,Low,High,Yes,6,86,Medium,Yes,3,Low,Medium,Public,Positive,4,No,College,Near,Male,69,Normal,1.8,859.95,324,3.43
24,83,High,Medium,Yes,7,52,High,Yes,1,Medium,High,Public,Positive,4,No,College,Near,Female,71,Normal,0.8,1559.81,166,3.25
19,65,Medium,Medium,No,9,57,Low,Yes,1,Medium,Medium,Public,Positive,2,Yes,High School,Near,Female,61,High_Risk,2.8,386.77,130,2.1
19,69,Medium,Medium,Yes,7,61,High,Yes,3,High,High,Public,Neutral,4,No,High School,Moderate,Male,66,Normal,0.8,1448.57,276,3.12
22,99,High,High,No,4,75,Low,Yes,2,Medium,Medium,Private,Negative,4,No,High School,Near,Female,72,Normal,3.8,434.2,297,5.2
21,80,Medium,Medium,Yes,5,84,Low,Yes,4,Low,Medium,Private,Neutral,2,No,Postgraduate,Near,Female,69,Normal,2.8,629.98,400,4.83
21,83,High,High,No,7,64,Medium,Yes,2,Medium,Low,Private,Neutral,2,No,High School,Near,Male,68,Normal,0.8,1679.79,249,3.12
20,98,Medium,Low,No,7,50,Low,Yes,1,Medium,High,Private,Neutral,2,No,High School,Near,Female,68,Normal,0.8,1249.84,196,2.75
9,89,Medium,Medium,Yes,6,96,Medium,Yes,0,High,Low,Public,Negative,4,No,High School,Near,Male,66,Normal,1.8,479.97,89,1.29
26,96,Medium,Medium,Yes,7,68,Medium,Yes,3,High,Medium,Private,Positive,3,No,College,Near,Female,74,Normal,0.8,2209.72,384,4.0
19,87,Medium,Medium,Yes,7,75,Medium,Yes,2,Low,Low,Public,Negative,3,No,High School,Moderate,Female,67,Normal,0.8,1781.03,261,2.88
12,95,Low,Medium,Yes,4,82,High,Yes,2,Low,Medium,Public,Negative,3,No,High School,Moderate,Male,66,Normal,3.8,258.94,285,3.2
30,96,High,Medium,Yes,10,52,Medium,Yes,0,High,High,Public,Positive,4,No,College,Moderate,Female,74,Normal,3.8,410.52,96,2.73
23,63,High,High,No,7,100,Low,Yes,2,Medium,High,Private,Positive,3,No,Postgraduate,Near,Female,69,Normal,0.8,2874.64,189,3.38
16,86,Low,Medium,Yes,8,63,Medium,Yes,2,Medium,Medium,Public,Positive,4,No,High School,Near,Male,67,Normal,1.8,559.97,258,2.22
18,99,High,Medium,Yes,8,72,Medium,Yes,4,Low,Medium,Public,Neutral,4,No,High School,Near,Female,72,Normal,1.8,719.96,495,2.89
23,87,High,Medium,No,5,96,Medium,Yes,2,Medium,Medium,Public,Positive,3,No,College,Moderate,Female,72,Normal,2.8,788.54,261,4.5
7,80,High,Medium,No,9,83,Low,No,3,Medium,Medium,Public,Neutral,3,No,High School,Far,Female,62,High_Risk,2.8,207.49,320,1.3
28,62,Medium,Medium,No,9,64,High,Yes,1,Low,Medium,Private,Negative,2,No,Postgraduate,Near,Male,65,High_Risk,2.8,639.98,124,3.0
32,95,Medium,High,Yes,9,58,Medium,Yes,2,Medium,Medium,Private,Positive,4,No,High School,Near,Male,75,Normal,2.8,662.83,285,3.6
13,78,Medium,High,Yes,8,88,High,Yes,0,High,Low,Public,Neutral,3,No,College,Near,Male,66,Normal,1.8,635.52,78,1.44
19,92,High,Medium,No,6,70,High,Yes,2,Medium,Medium,Private,Negative,3,No,Unknown,Near,Female,71,Normal,1.8,738.85,276,3.29
23,72,Low,High,Yes,8,51,Medium,Yes,2,Low,Medium,Private,Positive,3,No,College,Far,Male,65,High_Risk,1.8,651.63,216,3.0
36,89,High,Low,Yes,8,62,Low,Yes,2,Low,High,Private,Negative,3,No,College,Moderate,Male,72,Normal,1.8,1239.93,267,4.44
20,79,High,Medium,No,8,53,Medium,Yes,2,Medium,Medium,Private,Neutral,3,No,High School,Moderate,Female,66,Normal,1.8,588.86,237,2.67
16,80,High,Medium,No,6,76,Medium,Yes,1,Medium,High,Public,Positive,4,No,College,Near,Male,68,Normal,1.8,675.52,160,2.57
21,76,Low,High,No,6,64,Medium,Yes,1,Medium,Medium,Public,Neutral,4,No,High School,Near,Female,66,Normal,1.8,746.63,152,3.29
22,95,Low,High,Yes,6,69,High,Yes,3,Medium,Medium,Public,Neutral,2,Yes,Postgraduate,Far,Male,70,Normal,1.8,843.29,380,4.0
16,98,Medium,Medium,Yes,8,85,Low,Yes,0,Low,High,Public,Positive,2,No,College,Far,Male,69,Normal,1.8,755.51,98,1.78
12,98,Low,Medium,No,9,59,Low,Yes,1,High,Medium,Public,Neutral,2,No,Postgraduate,Near,Female,67,Normal,2.8,252.85,196,1.4
15,80,Medium,Medium,Yes,7,57,Low,Yes,1,Low,Medium,Private,Negative,4,No,High School,Near,Male,63,High_Risk,0.8,1068.62,160,2.12
20,100,Medium,Medium,Yes,7,73,Medium,Yes,1,Low,Medium,Public,Neutral,4,No,College,Near,Female,71,Normal,0.8,1824.77,200,2.75
8,75,Medium,Medium,No,5,92,Medium,Yes,5,High,High,Public,Positive,4,No,High School,Moderate,Male,66,Normal,2.8,262.85,450,3.0
22,95,Medium,Medium,No,7,85,Medium,Yes,0,Medium,Medium,Private,Positive,4,No,College,Near,Male,71,Normal,0.8,2337.21,95,2.75
18,72,High,High,Yes,7,80,High,Yes,1,High,High,Public,Negative,2,Yes,High School,Moderate,Female,66,Normal,0.8,1799.78,144,2.5
13,67,Medium,Medium,Yes,6,80,High,Yes,1,Low,High,Public,Negative,2,No,High School,Moderate,Male,62,High_Risk,1.8,577.75,134,2.14
22,96,Medium,Medium,Yes,6,72,Low,Yes,1,High,Medium,Public,Positive,4,No,College,Near,Female,72,Normal,1.8,879.95,192,3.43
23,72,Medium,Medium,Yes,6,69,Low,Yes,2,High,Medium,Public,Positive,4,No,High School,Near,Male,67,Normal,1.8,881.62,216,3.86
31,93,Medium,Low,No,8,82,Low,Yes,2,High,High,Private,Neutral,1,No,High School,Near,Male,72,Normal,1.8,1412.14,279,3.89
19,77,High,Medium,Yes,6,77,High,Yes,1,Low,High,Private,Neutral,3,No,College,Near,Female,68,Normal,1.8,812.73,154,3.0
20,60,Medium,Low,Yes,4,73,Medium,Yes,0,Low,Low,Public,Neutral,1,No,Postgraduate,Moderate,Female,60,High_Risk,3.8,384.2,60,4.0
24,95,Medium,High,Yes,7,71,High,Yes,1,Medium,High,Public,Positive,3,No,High School,Near,Male,74,Normal,0.8,2129.73,190,3.25
27,71,Medium,Low,No,8,69,Medium,Yes,1,High,Medium,Public,Positive,4,No,College,Near,Male,67,Normal,1.8,1034.94,142,3.22
23,71,Low,Medium,Yes,8,71,Low,Yes,1,Low,Low,Public,Neutral,2,No,Postgraduate,Near,Female,64,High_Risk,1.8,907.17,142,2.78
21,67,Medium,Medium,Yes,9,77,Medium,Yes,3,High,Low,Public,Neutral,3,No,College,Moderate,Female,66,Normal,2.8,577.48,268,2.7
10,77,Low,High,Yes,5,93,Medium,Yes,3,Low,Medium,Public,Positive,3,No,College,Near,Female,66,Normal,2.8,332.13,308,2.67
22,69,Medium,High,Yes,6,83,Medium,Yes,1,Low,Medium,Public,Positive,2,No,College,Moderate,Female,66,Normal,1.8,1014.39,138,3.43
26,94,High,Medium,Yes,10,54,Low,Yes,2,High,Medium,Public,Neutral,5,No,Unknown,Near,Male,73,Normal,3.8,369.46,282,2.73
17,95,High,Medium,No,7,70,High,Yes,1,Low,Medium,Public,Neutral,3,No,High School,Near,Male,69,Normal,0.8,1487.31,190,2.38
24,91,Medium,Low,Yes,9,76,High,Yes,1,Low,Low,Public,Positive,4,No,College,Near,Female,70,Normal,2.8,651.41,182,2.6
16,71,High,Low,Yes,6,77,Low,Yes,4,Medium,Medium,Public,Neutral,5,Yes,College,Moderate,Male,64,High_Risk,1.8,684.41,355,3.43
26,98,Medium,Medium,Yes,4,81,Low,Yes,1,Low,Medium,Public,Positive,4,No,Postgraduate,Near,Male,73,Normal,3.8,554.2,196,5.6
17,84,Low,High,Yes,7,89,Medium,Yes,2,High,Medium,Public,Positive,2,No,High School,Moderate,Male,68,Normal,0.8,1891.01,252,2.62
17,81,Medium,Low,Yes,5,53,Low,Yes,0,Medium,Medium,Public,Neutral,1,No,College,Near,Male,63,High_Risk,2.8,321.77,81,2.83
16,94,Low,Medium,Yes,8,58,Medium,Yes,2,Low,Medium,Public,Positive,3,Yes,College,Near,Male,67,Normal,1.8,515.53,282,2.22
13,100,High,Medium,No,6,76,Medium,No,0,Low,Low,Public,Positive,5,No,Postgraduate,Near,Male,69,Normal,1.8,548.86,100,1.86
12,61,Medium,Medium,Yes,7,81,Medium,Yes,2,High,Medium,Public,Neutral,3,No,College,Far,Male,62,High_Risk,0.8,1214.85,183,2.0
21,80,High,High,Yes,7,90,High,Yes,1,Low,Low,Public,Negative,2,No,College,Far,Male,68,Normal,0.8,2362.2,160,2.88
15,92,Low,Medium,No,8,69,Medium,Yes,1,High,Medium,Private,Neutral,4,No,Postgraduate,Near,Male,68,Normal,1.8,574.97,184,1.89
5,84,Medium,Medium,Yes,8,93,High,Yes,4,High,High,Public,Positive,3,No,College,Moderate,Male,68,Normal,1.8,258.32,420,1.44
13,72,Low,High,Yes,8,52,Medium,Yes,3,High,High,Private,Positive,4,No,High School,Unknown,Male,65,High_Risk,1.8,375.53,288,2.11
10,78,Medium,High,Yes,8,74,Medium,Yes,1,Low,Medium,Private,Neutral,4,No,Postgraduate,Near,Male,65,High_Risk,1.8,411.09,156,1.33
11,91,Low,High,No,7,94,Medium,Yes,1,Medium,Medium,Public,Neutral,3,Yes,Unknown,Moderate,Male,65,High_Risk,0.8,1292.34,182,1.62
28,76,Low,Medium,Yes,8,66,Medium,Yes,5,High,Low,Public,Positive,4,No,College,Moderate,Male,70,Normal,1.8,1026.61,456,4.22
17,67,Medium,Medium,Yes,6,84,High,Yes,1,High,High,Public,Neutral,3,No,Postgraduate,Moderate,Female,66,Normal,1.8,793.29,134,2.71
21,70,Low,Low,No,7,63,Medium,Yes,0,Medium,Medium,Public,Positive,2,No,High School,Far,Male,61,High_Risk,0.8,1653.54,70,2.62
9,78,High,Medium,No,9,57,Low,Yes,1,Low,High,Public,Positive,5,No,High School,Moderate,Female,63,High_Risk,2.8,183.21,156,1.1
14,96,Medium,Low,No,9,76,Medium,Yes,0,Low,High,Public,Neutral,3,No,High School,Moderate,Male,66,Normal,2.8,379.99,96,1.4
18,72,Low,High,No,7,58,Low,Yes,6,Low,Medium,Public,Positive,0,No,High School,Moderate,Male,64,High_Risk,0.8,1304.84,504,3.75
16,96,High,Medium,Yes,5,58,Medium,Yes,2,High,Low,Public,Positive,5,No,Postgraduate,Moderate,Male,71,Normal,2.8,331.42,288,3.33
19,65,Low,Medium,No,8,93,Low,Yes,1,Medium,High,Private,Neutral,4,No,College,Near,Male,64,High_Risk,1.8,981.61,130,2.33
14,100,Low,Medium,No,7,75,Low,Yes,1,Low,Unknown,Public,Positive,3,No,Postgraduate,Moderate,Male,67,Normal,0.8,1312.34,200,2.0
20,97,Medium,High,No,6,67,Low,Yes,1,Low,High,Private,Positive,3,No,Postgraduate,Near,Female,71,Normal,1.8,744.4,194,3.14
24,88,Medium,Low,Yes,7,88,Medium,Yes,2,Medium,High,Private,Neutral,2,No,Postgraduate,Moderate,Male,71,Normal,0.8,2639.67,264,3.5
25,78,High,Low,Yes,8,91,Medium,Yes,3,Low,Medium,Public,Negative,4,No,High School,Near,Male,69,Normal,1.8,1263.82,312,3.44
10,96,High,High,Yes,7,92,Medium,Yes,1,Low,Low,Public,Neutral,1,No,High School,Near,Female,68,Normal,0.8,1149.86,192,1.5
18,78,High,High,Yes,6,61,Low,Yes,1,Low,Medium,Private,Positive,5,No,High School,Near,Male,67,Normal,1.8,609.97,156,2.86
19,62,Medium,Medium,No,7,91,Low,Yes,1,Low,Medium,Public,Positive,3,No,College,Near,Male,63,High_Risk,0.8,2160.98,124,2.62
20,97,Medium,High,No,5,62,Medium,Yes,1,Medium,Medium,Private,Neutral,4,No,High School,Far,Male,69,Normal,2.8,442.84,194,3.67
24,86,High,High,No,6,59,Medium,Yes,1,Low,Medium,Public,Positive,3,No,High School,Moderate,Female,70,Normal,1.8,786.62,172,3.71
12,63,High,Medium,No,9,70,Low,Yes,1,High,Low,Public,Positive,3,No,College,Near,Female,62,High_Risk,2.8,299.99,126,1.4
20,61,Medium,Low,Yes,7,70,Low,Yes,1,Medium,Medium,Private,Positive,4,No,High School,Moderate,Female,62,High_Risk,0.8,1749.78,122,2.75
17,62,Medium,Low,No,8,86,High,Yes,2,Medium,Medium,Public,Neutral,4,No,High School,Moderate,Female,62,High_Risk,1.8,812.18,186,2.33
31,67,Low,High,Yes,5,76,Medium,Yes,2,Medium,High,Public,Positive,4,No,College,Near,Male,70,Normal,2.8,841.4,201,5.83
19,63,High,Medium,No,6,98,High,Yes,4,High,Medium,Private,Positive,2,No,Postgraduate,Near,Male,69,Normal,1.8,1034.39,315,3.86
19,61,Medium,Medium,No,7,51,Low,Yes,1,Low,High,Public,Neutral,1,No,High School,Near,Female,60,High_Risk,0.8,1211.1,122,2.62
15,91,Low,Medium,No,10,78,Low,Yes,2,Medium,High,Public,Neutral,3,No,High School,Near,Female,67,Normal,3.8,307.89,273,1.73
14,68,Medium,Medium,Yes,6,52,Medium,Yes,2,Low,Medium,Public,Positive,2,No,College,Near,Male,62,High_Risk,1.8,404.42,204,2.57
31,99,Medium,Low,Yes,4,57,High,Yes,1,High,High,Public,Neutral,2,No,Postgraduate,Moderate,Female,74,Normal,3.8,464.99,198,6.6
22,79,Medium,Medium,No,9,76,Medium,Yes,1,Low,Medium,Private,Positive,2,No,High School,Near,Male,67,Normal,2.8,597.12,158,2.4
16,79,Medium,Medium,Yes,8,91,Medium,Yes,4,High,Medium,Private,Positive,1,No,Postgraduate,Near,Male,69,Normal,1.8,808.84,395,2.67
18,95,Medium,High,Yes,6,94,Medium,Yes,6,Low,High,Public,Neutral,3,No,High School,Far,Female,73,Normal,1.8,939.95,665,4.29
18,98,Low,High,Yes,6,87,Medium,Yes,0,Medium,Medium,Public,Neutral,1,No,High School,Near,Male,70,Normal,1.8,869.95,98,2.57
21,95,High,Medium,No,4,55,Medium,Yes,2,Medium,High,Private,Neutral,1,No,College,Near,Male,71,Normal,3.8,303.94,285,5.0
22,99,Medium,Low,Yes,8,87,Low,Yes,1,Medium,Medium,Private,Neutral,4,No,High School,Moderate,Female,70,Normal,1.8,1063.27,198,2.67
23,94,Low,Low,Yes,9,75,Medium,Yes,3,Low,Medium,Private,Neutral,2,No,Postgraduate,Moderate,Female,69,Normal,2.8,616.05,376,2.9
9,80,Medium,High,No,7,91,Low,Yes,1,Medium,Medium,Public,Neutral,3,No,College,Near,Female,65,High_Risk,0.8,1023.62,160,1.38
21,92,Medium,Medium,No,7,56,Medium,Yes,0,Low,Medium,Private,Neutral,4,No,High School,Moderate,Female,67,Normal,0.8,1469.82,92,2.62
31,75,Medium,Medium,No,7,90,Low,Yes,2,Medium,High,Public,Neutral,2,Yes,High School,Moderate,Male,68,Normal,0.8,3487.06,225,4.38
19,100,Medium,High,Yes,6,57,Medium,Yes,1,High,Medium,Private,Positive,2,Yes,High School,Near,Male,70,Normal,1.8,601.63,200,3.0
25,99,Low,Medium,No,8,69,Medium,No,1,Low,High,Public,Positive,3,No,Postgraduate,Moderate,Male,70,Normal,1.8,958.28,198,3.0
9,64,Medium,High,Yes,6,99,Medium,Yes,6,Low,High,Public,Positive,6,Yes,High School,Moderate,Male,65,High_Risk,1.8,494.97,448,3.0
19,60,Medium,Low,No,8,94,High,Yes,1,Low,Low,Private,Neutral,3,No,High School,Near,Female,62,High_Risk,1.8,992.17,120,2.33
22,61,Low,High,Yes,7,76,Medium,Yes,1,High,Medium,Public,Positive,3,No,College,Near,Female,65,High_Risk,0.8,2089.74,122,3.0
21,72,Medium,High,No,7,78,Low,No,0,High,Medium,Public,Neutral,1,Yes,High School,Near,Female,63,High_Risk,0.8,2047.24,72,2.62
20,68,Low,Medium,Yes,6,80,Low,Yes,4,Low,Medium,Private,Neutral,4,No,College,Near,Female,65,High_Risk,1.8,888.84,340,4.0
17,96,Medium,Medium,No,9,93,Low,Yes,3,Medium,Medium,Private,Neutral,2,No,High School,Far,Male,69,Normal,2.8,564.62,384,2.3
30,86,Medium,Low,Yes,8,52,Medium,Yes,2,Medium,Medium,Public,Negative,2,Yes,College,Moderate,Female,68,Normal,1.8,866.62,258,3.78
38,63,Medium,High,No,8,52,High,Yes,1,Medium,Medium,Private,Positive,3,No,College,Moderate,Male,69,Normal,1.8,1097.72,126,4.44
30,95,Medium,Medium,Yes,7,90,Medium,Yes,3,Medium,Medium,Public,Neutral,1,No,High School,Moderate,Male,74,Normal,0.8,3374.58,380,4.5
14,81,Low,Medium,No,8,71,Low,Yes,1,Low,High,Public,Neutral,3,Yes,Postgraduate,Near,Female,63,High_Risk,1.8,552.19,162,1.78
25,62,Medium,Medium,No,10,84,Low,Yes,2,Low,Medium,Public,Positive,3,No,College,Near,Female,65,High_Risk,3.8,552.62,186,2.64
27,75,Medium,Low,Yes,7,54,Low,Yes,2,Medium,Medium,Public,Negative,3,No,Postgraduate,Near,Female,66,Normal,0.8,1822.27,225,3.88
10,89,Low,Low,Yes,8,69,Low,Yes,3,Low,Medium,Public,Negative,4,No,College,Moderate,Male,63,High_Risk,1.8,383.31,356,1.78
29,74,Medium,Medium,No,6,56,Low,Yes,2,Low,High,Public,Neutral,3,No,Postgraduate,Near,Female,68,Normal,1.8,902.17,222,4.71
17,68,Medium,Medium,No,7,94,High,Yes,1,High,Medium,Private,Neutral,4,No,College,Moderate,Female,66,Normal,0.8,1997.25,136,2.38
23,84,Medium,High,No,7,61,Medium,Yes,2,Medium,High,Public,Neutral,5,No,College,Moderate,Male,70,Normal,0.8,1753.53,252,3.38
24,76,Low,High,No,8,83,Medium,Yes,1,High,Medium,Private,Positive,4,No,High School,Near,Female,69,Normal,1.8,1106.61,152,2.89
18,94,Medium,High,Yes,9,77,Low,Yes,1,Medium,High,Public,Positive,2,No,College,Moderate,Male,70,Normal,2.8,494.98,188,2.0
14,77,Low,High,No,6,75,Medium,Yes,1,Medium,High,Public,Neutral,4,Yes,High School,Near,Female,89,Normal,1.8,583.3,154,2.29
11,68,High,Medium,Yes,5,87,Medium,Yes,1,Low,Medium,Public,Positive,4,Yes,High School,Far,Male,62,High_Risk,2.8,341.77,136,2.17
26,75,Medium,Low,Yes,7,76,Medium,Yes,2,Medium,Medium,Public,Neutral,3,No,College,Near,Male,68,Normal,0.8,2469.69,225,3.75
17,84,High,High,No,9,70,Medium,Yes,1,High,Medium,Public,Negative,4,No,High School,Near,Male,68,Normal,2.8,424.98,168,1.9
22,98,Medium,Medium,Yes,7,100,Low,Yes,0,Low,Medium,Public,Neutral,3,No,High School,Far,Male,70,Normal,0.8,2749.66,98,2.75
16,88,Medium,Medium,Yes,6,52,Medium,Yes,2,High,High,Public,Positive,3,No,High School,Near,Female,68,Normal,1.8,462.2,264,2.86
17,61,Low,Low,Yes,6,58,Medium,Yes,1,Medium,High,Public,Neutral,4,No,High School,Near,Male,60,High_Risk,1.8,547.75,122,2.71
31,69,Medium,Low,Yes,6,80,Low,Yes,4,Medium,Medium,Public,Negative,2,No,College,Near,Male,68,Normal,1.8,1377.7,345,5.57
24,75,High,Low,No,7,57,Medium,Yes,0,Medium,Medium,Public,Neutral,1,No,Postgraduate,Near,Male,66,Normal,0.8,1709.79,75,3.0
27,79,Medium,Low,No,6,65,Low,Yes,0,Medium,Medium,Private,Negative,2,No,College,Near,Male,66,Normal,1.8,974.95,79,3.86
12,96,High,High,No,5,88,High,Yes,0,Medium,Medium,Private,Positive,2,No,College,Moderate,Female,70,Normal,2.8,377.13,96,2.0
19,61,Medium,High,Yes,8,84,High,Yes,2,Medium,High,Public,Positive,4,No,High School,Near,Male,66,Normal,1.8,886.62,183,2.56
22,78,High,Medium,No,7,54,Medium,Yes,1,Medium,Medium,Public,Negative,3,Yes,High School,Moderate,Male,65,High_Risk,0.8,1484.81,156,3.0
24,98,High,Medium,Yes,6,97,Medium,Yes,1,Medium,Medium,Public,Positive,4,No,College,Far,Male,74,Normal,1.8,1293.26,196,3.71
16,75,High,Low,Yes,10,53,High,Yes,0,Low,Low,Public,Positive,4,No,College,Near,Female,64,High_Risk,3.8,223.15,75,1.45
14,71,Medium,Medium,Yes,8,85,Low,Yes,2,Medium,High,Public,Neutral,4,No,High School,Near,Male,64,High_Risk,1.8,661.07,213,2.0
16,72,Medium,High,No,6,58,Low,Yes,1,Medium,Medium,Public,Negative,2,No,High School,Far,Male,62,High_Risk,1.8,515.53,144,2.57
20,85,High,Medium,No,9,61,High,Yes,2,High,Medium,Public,Positive,3,No,College,Near,Male,70,Normal,2.8,435.7,255,2.4
17,91,Medium,Low,Yes,10,86,Low,Yes,1,Medium,Medium,Public,Neutral,3,Yes,Postgraduate,Moderate,Female,67,Normal,3.8,384.73,182,1.73
4,88,Medium,High,No,6,87,Low,Yes,1,Medium,High,Public,Neutral,4,No,College,Near,Male,66,Normal,1.8,193.32,176,0.86
18,65,High,Medium,Yes,7,64,Medium,Yes,2,High,Medium,Public,Positive,1,No,High School,Near,Male,65,High_Risk,0.8,1439.82,195,2.75
17,96,Medium,Medium,No,8,77,Medium,Yes,1,Medium,Medium,Public,Neutral,3,No,Postgraduate,Near,Female,70,Normal,1.8,727.18,192,2.11
24,63,Medium,Medium,Yes,8,78,Medium,Yes,0,Low,High,Private,Negative,3,No,High School,Near,Male,64,High_Risk,1.8,1039.94,63,2.67
12,69,High,Low,No,7,70,Medium,Yes,1,Medium,Medium,Private,Positive,4,No,High School,Near,Male,62,High_Risk,0.8,1049.87,138,1.75
18,95,Medium,Medium,Yes,7,91,Low,Yes,0,Low,Medium,Public,Positive,4,Yes,Postgraduate,Moderate,Male,69,Normal,0.8,2047.24,95,2.25
22,94,Low,High,Yes,7,81,Medium,Yes,2,Medium,High,Public,Neutral,4,No,High School,Far,Male,71,Normal,0.8,2227.22,282,3.25
26,100,High,High,Yes,6,76,High,Yes,0,Medium,High,Public,Negative,4,No,Postgraduate,Near,Male,76,Normal,1.8,1097.72,100,3.71
27,60,High,High,No,6,53,Low,Yes,3,Low,Low,Private,Positive,2,No,High School,Moderate,Female,65,High_Risk,1.8,794.96,240,4.71
19,70,Medium,High,Yes,10,92,Medium,Yes,1,Low,High,Public,Positive,4,No,High School,Near,Male,67,Normal,3.8,459.99,140,1.91
13,99,High,Medium,No,6,75,Low,Yes,1,Medium,Medium,Public,Positive,4,Yes,College,Far,Female,68,Normal,1.8,541.64,198,2.14
20,76,Medium,High,Yes,5,99,Low,No,3,Medium,High,Public,Negative,3,No,Postgraduate,Near,Female,69,Normal,2.8,707.12,304,4.33
24,67,High,High,Yes,9,86,Medium,Yes,2,Medium,Medium,Public,Negative,2,No,College,Near,Female,68,Normal,2.8,737.12,201,2.8
4,61,Low,High,Yes,7,71,High,Yes,0,Low,Low,Public,Positive,1,No,Postgraduate,Near,Male,58,High_Risk,0.8,354.96,61,0.5
28,84,High,Medium,Yes,6,92,Medium,Yes,1,Medium,Medium,Public,Negative,3,Yes,High School,Near,Female,70,Normal,1.8,1431.03,168,4.29
31,80,Medium,Medium,Yes,6,71,High,Yes,2,Low,High,Public,Neutral,3,No,High School,Near,Female,71,Normal,1.8,1222.71,240,5.0
9,69,High,High,Yes,10,92,Medium,Yes,2,Low,Medium,Private,Neutral,3,No,Postgraduate,Near,Male,65,High_Risk,3.8,217.89,207,1.18
20,61,Low,Low,Yes,8,92,Medium,Yes,0,Medium,Medium,Public,Negative,2,No,High School,Near,Female,61,High_Risk,1.8,1022.17,61,2.22
12,96,Medium,Low,Yes,9,76,Medium,Yes,2,Medium,High,Public,Positive,2,No,High School,Near,Male,68,Normal,2.8,325.7,288,1.6
25,79,Medium,Medium,Yes,7,64,Medium,Yes,0,Low,Medium,Public,Neutral,3,No,College,Far,Female,66,Normal,0.8,1999.75,79,3.12
20,78,Medium,Medium,No,6,77,Medium,Yes,3,Medium,Medium,Private,Positive,3,No,High School,Moderate,Male,67,Normal,1.8,855.51,312,3.71
19,89,Medium,Medium,Yes,6,55,Medium,Yes,0,Medium,High,Public,Positive,2,No,Postgraduate,Moderate,Male,68,Normal,1.8,580.52,89,2.71
27,86,Medium,High,No,7,88,Medium,Yes,1,Medium,Medium,Private,Neutral,3,No,Postgraduate,Moderate,Male,72,Normal,0.8,2969.63,172,3.62
20,81,Medium,Medium,Yes,5,60,Low,Yes,3,Medium,Medium,Public,Positive,4,Yes,High School,Near,Male,66,Normal,2.8,428.56,324,4.33
19,62,High,Medium,No,7,82,Low,Yes,0,Low,Low,Private,Neutral,5,Yes,Postgraduate,Near,Male,62,High_Risk,0.8,1947.26,62,2.38
24,74,Low,Low,Yes,8,63,High,Yes,1,Low,High,Public,Positive,3,No,High School,Moderate,Male,65,High_Risk,1.8,839.95,148,2.89
19,97,High,Medium,Yes,9,60,High,Yes,3,Medium,Medium,Public,Negative,4,No,Postgraduate,Moderate,Female,72,Normal,2.8,407.13,388,2.5
27,80,Medium,Medium,No,6,65,High,No,1,High,Medium,Private,Neutral,4,No,College,Moderate,Male,68,Normal,1.8,974.95,160,4.14
17,72,Low,Medium,Yes,5,96,High,Yes,3,High,Medium,Public,Negative,3,No,High School,Moderate,Male,65,High_Risk,2.8,582.84,288,3.83
16,80,High,High,Yes,9,62,Low,Yes,0,High,Medium,Public,Neutral,4,No,Postgraduate,Near,Female,68,Normal,2.8,354.27,80,1.6
22,75,Medium,Low,Yes,5,66,Low,Yes,2,Low,Medium,Public,Positive,2,No,High School,Far,Male,80,Normal,2.8,518.55,225,4.33
18,61,Medium,Low,No,7,67,Low,Yes,2,High,Medium,Public,Positive,4,No,High School,Near,Male,62,High_Risk,0.8,1507.31,183,2.75
15,96,Medium,High,Yes,5,59,High,Yes,2,Medium,High,Private,Neutral,2,No,High School,Near,Male,70,Normal,2.8,316.06,288,3.17
27,68,High,Medium,No,8,70,High,Yes,0,Medium,Medium,Private,Positive,3,No,Postgraduate,Near,Male,68,Normal,1.8,1049.94,68,3.0
15,73,Medium,Low,Yes,7,51,Medium,Yes,2,Low,High,Private,Negative,3,No,High School,Moderate,Male,61,High_Risk,0.8,956.13,219,2.38
23,77,High,High,Yes,8,54,Medium,Yes,1,Low,Medium,Public,Negative,3,No,College,Moderate,Female,67,Normal,1.8,689.96,154,2.78
18,97,Medium,High,No,8,66,Low,Yes,2,Medium,Medium,Public,Neutral,2,No,College,Moderate,Male,70,Normal,1.8,659.96,291,2.44
20,80,Low,Low,No,6,77,Low,Yes,0,Medium,High,Private,Negative,3,No,High School,Near,Male,64,High_Risk,1.8,855.51,80,2.86
19,84,Medium,Medium,Yes,7,56,Low,Yes,2,Low,Medium,Public,Neutral,3,No,High School,Moderate,Female,65,High_Risk,0.8,1329.83,252,2.88
7,84,Medium,Medium,Yes,5,96,Medium,No,1,Low,Low,Public,Positive,3,Yes,High School,Near,Male,62,High_Risk,2.8,239.99,168,1.5
20,72,High,Medium,Yes,7,80,Medium,Yes,1,Low,High,Private,Negative,3,No,College,Near,Male,66,Normal,0.8,1999.75,144,2.75
14,94,Medium,Medium,No,9,83,High,Yes,2,Low,High,Public,Positive,3,No,Postgraduate,Moderate,Male,70,Normal,2.8,414.99,282,1.8
19,83,Medium,Medium,No,8,77,High,Yes,1,Low,Medium,Public,Positive,4,No,High School,Far,Male,66,Normal,1.8,812.73,166,2.33
13,70,Medium,Low,Yes,7,80,High,Yes,1,High,Medium,Public,Positive,4,No,College,Far,Female,63,High_Risk,0.8,1299.84,140,1.88
19,69,Medium,High,Yes,6,72,Medium,No,1,Low,Medium,Public,Neutral,1,No,College,Near,Female,64,High_Risk,1.8,759.96,138,3.0
29,80,Medium,High,Yes,8,52,Medium,Yes,4,Low,Medium,Public,Positive,4,No,High School,Moderate,Female,71,Normal,1.8,837.73,400,4.11
25,75,Low,High,Yes,8,96,High,Yes,1,Low,Medium,Private,Neutral,0,No,College,Near,Male,68,Normal,1.8,1333.26,150,3.0
18,96,Medium,High,Yes,9,80,High,Yes,1,Low,Medium,Public,Positive,3,No,College,Near,Male,72,Normal,2.8,514.27,192,2.0
19,78,Medium,Medium,Yes,9,74,Low,Yes,2,Low,Medium,Public,Positive,5,No,High School,Moderate,Female,66,Normal,2.8,502.12,234,2.3
23,71,High,Low,Yes,8,81,Medium,Yes,3,Medium,High,Private,Positive,2,No,High School,Near,Male,68,Normal,1.8,1034.94,284,3.22
11,82,High,Medium,No,8,63,High,Yes,1,Medium,Medium,Public,Neutral,5,No,High School,Near,Male,65,High_Risk,1.8,384.98,164,1.44
12,85,Medium,Medium,Yes,7,54,Medium,Yes,4,Low,High,Public,Positive,3,No,College,Moderate,Male,66,Normal,0.8,809.9,425,2.5
22,92,Medium,Low,No,5,72,Low,Yes,0,Medium,Medium,Private,Negative,4,No,College,Moderate,Male,67,Normal,2.8,565.69,92,3.67
15,95,Medium,Medium,No,7,93,Medium,Yes,2,Low,Medium,Public,Positive,4,No,College,Moderate,Male,70,Normal,0.8,1743.53,285,2.38
15,98,Medium,Medium,Yes,9,98,High,Yes,0,Medium,Medium,Private,Positive,3,No,High School,Near,Female,71,Normal,2.8,524.98,98,1.5
32,87,High,Medium,Yes,4,91,Medium,Yes,2,High,Medium,Public,Neutral,2,No,High School,Moderate,Female,74,Normal,3.8,766.3,261,7.2
9,78,High,Medium,Yes,7,100,Low,Yes,2,Medium,Medium,Public,Positive,2,No,High School,Near,Male,66,Normal,0.8,1124.86,234,1.62
24,63,High,Low,Yes,7,91,Low,Yes,4,Low,Medium,Private,Positive,4,No,High School,Near,Female,67,Normal,0.8,2729.66,315,4.0
25,63,High,Medium,Yes,6,71,Medium,Yes,1,Medium,Low,Private,Positive,3,No,High School,Near,Male,66,Normal,1.8,986.06,126,3.86
27,92,Low,Medium,Yes,7,83,Low,Yes,2,Low,Medium,Public,Positive,4,Yes,College,Moderate,Female,70,Normal,0.8,2800.9,276,3.88
17,74,Low,Medium,No,9,50,Medium,Yes,0,Low,High,Public,Negative,2,No,High School,Far,Female,60,High_Risk,2.8,303.56,74,1.7
23,79,High,Medium,Yes,7,54,Medium,Yes,2,Low,Medium,Private,Neutral,4,No,College,Moderate,Female,68,Normal,0.8,1552.31,237,3.38
26,67,Medium,Medium,Yes,8,56,Medium,Yes,1,Medium,Medium,Public,Negative,5,No,College,Near,Female,66,Normal,1.8,808.84,134,3.11
12,80,High,High,Yes,10,92,High,Yes,1,High,High,Public,Positive,3,No,Postgraduate,Moderate,Male,70,Normal,3.8,290.52,160,1.27
26,95,Low,High,No,7,77,Medium,Yes,0,Medium,Medium,Public,Neutral,3,No,High School,Moderate,Female,70,Normal,0.8,2502.19,95,3.25
17,66,High,High,No,5,64,Low,Yes,0,Medium,High,Private,Neutral,2,No,College,Near,Male,64,High_Risk,2.8,388.56,66,2.83
23,62,High,High,Yes,7,67,Low,Yes,1,Low,Medium,Public,Negative,4,No,Postgraduate,Moderate,Female,65,High_Risk,0.8,1926.01,124,3.12
14,91,Medium,High,Yes,8,70,Medium,Yes,2,Low,Medium,Private,Neutral,0,No,Postgraduate,Moderate,Male,68,Normal,1.8,544.41,273,2.0
25,74,Low,Medium,Yes,6,65,High,Yes,0,High,Medium,Public,Neutral,1,No,High School,Moderate,Male,65,High_Risk,1.8,902.73,74,3.57
31,93,High,Medium,No,6,80,Medium,Yes,3,Medium,Medium,Public,Neutral,2,No,High School,Near,Male,74,Normal,1.8,1377.7,372,5.29
21,96,Medium,Medium,Yes,9,87,Medium,Yes,0,Medium,Medium,Public,Neutral,6,Yes,High School,Near,Female,70,Normal,2.8,652.48,96,2.1
20,77,Medium,Low,No,9,61,Medium,Yes,2,Medium,Medium,Public,Neutral,3,No,High School,Near,Male,65,High_Risk,2.8,435.7,231,2.4
35,84,Medium,Medium,No,5,86,Medium,Yes,1,Medium,Medium,Public,Neutral,3,No,High School,Near,Female,72,Normal,2.8,1074.96,168,6.17
27,87,High,Low,Yes,6,91,Low,Yes,4,High,Medium,Public,Neutral,4,No,High School,Moderate,Male,72,Normal,1.8,1364.92,435,5.0
16,79,Medium,Medium,Yes,6,67,Low,No,2,Medium,High,Private,Positive,3,No,College,Near,Male,65,High_Risk,1.8,595.52,237,2.86
25,81,Medium,Medium,No,4,60,Medium,Yes,2,Medium,Medium,Private,Neutral,3,No,High School,Near,Male,68,Normal,3.8,394.73,243,5.8
20,77,Low,Low,No,6,59,Low,Yes,1,High,Medium,Public,Negative,2,No,High School,Moderate,Female,62,High_Risk,1.8,655.52,154,3.14
24,93,Low,High,Yes,8,56,Medium,Yes,1,Low,Medium,Public,Neutral,3,No,College,Moderate,Male,69,Normal,1.8,746.63,186,2.89
22,70,High,Medium,Yes,7,81,Low,Yes,3,Medium,Medium,Public,Neutral,2,No,Postgraduate,Moderate,Female,68,Normal,0.8,2227.22,280,3.5
11,76,Low,Medium,Yes,5,92,Medium,Yes,4,Medium,Low,Public,Negative,2,No,Postgraduate,Near,Male,65,High_Risk,2.8,361.42,380,3.17
8,97,Medium,High,Yes,8,87,Medium,Yes,0,Medium,Medium,Public,Positive,2,Yes,High School,Near,Male,67,Normal,1.8,386.65,97,0.89
22,62,Low,Medium,No,8,60,Low,No,0,Medium,High,Public,Positive,2,No,College,Near,Male,61,High_Risk,1.8,733.29,62,2.44
17,82,High,Medium,No,6,51,Medium,Yes,1,Low,Medium,Public,Positive,3,No,Postgraduate,Moderate,Male,66,Normal,1.8,481.64,164,2.71
16,66,Low,Medium,No,6,93,Medium,Yes,7,Low,Medium,Public,Negative,2,No,High School,Far,Male,63,High_Risk,1.8,826.62,528,4.29
13,99,Medium,High,No,7,81,Medium,Yes,0,Medium,Medium,Public,Positive,4,No,Postgraduate,Near,Male,71,Normal,0.8,1316.09,99,1.62
20,98,Low,Low,No,7,78,Low,Yes,4,High,High,Public,Neutral,2,No,High School,Far,Male,69,Normal,0.8,1949.76,490,3.5
11,83,Low,Medium,No,7,63,High,Yes,3,High,Medium,Public,Negative,2,No,Unknown,Far,Female,63,High_Risk,0.8,866.14,332,2.12
17,85,High,Medium,Yes,7,87,Medium,Yes,1,Low,Medium,Private,Neutral,1,No,Unknown,Near,Female,68,Normal,0.8,1848.52,170,2.38
22,77,Low,Medium,Yes,5,84,Medium,No,3,High,Medium,Public,Positive,2,No,High School,Moderate,Male,66,Normal,2.8,659.98,308,4.67
24,82,High,Medium,Yes,5,66,Medium,Yes,0,Medium,Medium,Private,Neutral,3,No,Postgraduate,Near,Male,69,Normal,2.8,565.69,82,4.0
28,95,Medium,Medium,No,8,96,Medium,Yes,1,Medium,Medium,Public,Neutral,3,No,Postgraduate,Moderate,Male,73,Normal,1.8,1493.25,190,3.33
24,66,High,Medium,Yes,7,71,Low,Yes,1,Low,High,Public,Neutral,3,No,High School,Near,Male,66,Normal,0.8,2129.73,132,3.25
26,69,Medium,Medium,No,7,95,Medium,Yes,1,Low,Medium,Public,Negative,4,No,Postgraduate,Near,Female,67,Normal,0.8,3087.11,138,3.5
19,89,Low,Medium,Yes,5,60,Low,Yes,4,Medium,Medium,Public,Positive,2,No,Postgraduate,Moderate,Female,69,Normal,2.8,407.13,445,4.5
27,91,Low,High,Yes,8,70,Low,Yes,1,Medium,Low,Public,Neutral,6,No,High School,Moderate,Female,70,Normal,1.8,1049.94,182,3.22
30,90,High,Medium,No,10,67,High,Yes,2,Medium,Medium,Private,Neutral,6,No,High School,Near,Male,74,Normal,3.8,528.93,270,3.09
16,81,Low,Medium,No,6,57,High,Yes,3,Low,Low,Private,Positive,3,No,High School,Near,Male,64,High_Risk,1.8,506.64,324,3.14
18,79,Low,High,No,4,74,Low,Yes,2,Low,Medium,Public,Negative,1,No,High School,Near,Female,64,High_Risk,3.8,350.52,237,4.4
22,61,Medium,High,No,5,60,High,Yes,0,High,Low,Private,Neutral,2,No,High School,Moderate,Male,63,High_Risk,2.8,471.41,61,3.67
20,60,Low,High,No,7,82,High,Yes,2,Low,High,Public,Positive,4,Yes,High School,Near,Male,63,High_Risk,0.8,2049.74,180,3.0
17,92,Low,Medium,Yes,8,88,High,No,1,High,Medium,Public,Neutral,3,No,High School,Near,Female,68,Normal,1.8,831.06,184,2.11
18,91,Low,High,No,6,96,Medium,Yes,2,Low,Medium,Private,Positive,3,No,Postgraduate,Near,Male,71,Normal,1.8,959.95,273,3.14
21,77,High,Low,Yes,7,100,Low,Yes,2,High,High,Public,Positive,4,No,College,Near,Female,70,Normal,0.8,2624.67,231,3.12
23,62,High,Medium,Yes,6,92,Low,Yes,0,High,Medium,Public,Neutral,2,No,Unknown,Moderate,Male,65,High_Risk,1.8,1175.49,62,3.29
25,70,Medium,Medium,Yes,7,51,High,Yes,3,Low,Medium,Public,Positive,4,No,High School,Moderate,Male,66,Normal,0.8,1593.55,280,3.88
10,85,Medium,Medium,Yes,6,64,Low,Yes,1,Medium,Medium,Public,Negative,3,No,College,Near,Male,64,High_Risk,1.8,355.54,170,1.71
16,74,High,Medium,No,8,80,Medium,Yes,0,Low,Medium,Public,Positive,4,No,Postgraduate,Near,Female,66,Normal,1.8,711.07,74,1.78
18,67,High,Medium,No,5,52,High,Yes,0,Medium,Medium,Private,Neutral,4,No,Postgraduate,Moderate,Male,64,High_Risk,2.8,334.27,67,3.0
18,83,Medium,High,No,8,96,Low,Yes,0,Medium,High,Public,Positive,4,Yes,Postgraduate,Near,Female,69,Normal,1.8,959.95,83,2.0
20,66,Low,Medium,Yes,8,54,Medium,Yes,2,Medium,Low,Public,Positive,2,No,Postgraduate,Near,Male,63,High_Risk,1.8,599.97,198,2.67
24,63,Medium,Medium,Yes,9,92,Medium,Yes,4,Medium,Medium,Private,Positive,4,No,Postgraduate,Near,Male,69,Normal,2.8,788.54,315,3.2
17,100,Medium,High,Yes,5,53,Low,Yes,1,Medium,High,Public,Positive,4,No,High School,Near,Male,70,Normal,2.8,321.77,200,3.17
15,79,Medium,High,Yes,7,66,Medium,Yes,2,Low,Medium,Public,Positive,3,No,College,Far,Female,66,Normal,0.8,1237.35,237,2.38
8,85,Medium,Low,Yes,9,54,Low,Yes,1,Low,High,Private,Positive,3,No,High School,Near,Male,62,High_Risk,2.8,154.28,170,1.0
22,70,High,Low,No,7,85,Medium,Yes,0,High,Medium,Private,Negative,3,No,High School,Far,Male,64,High_Risk,0.8,2337.21,70,2.75
27,63,Low,Medium,Yes,8,87,Medium,Yes,3,Low,High,Private,Positive,3,No,High School,Near,Female,67,Normal,1.8,1304.93,252,3.67
14,76,Medium,Medium,No,7,85,High,Yes,3,Low,Medium,Private,Neutral,3,No,College,Near,Male,66,Normal,0.8,1487.31,304,2.5
21,93,Low,Medium,No,8,82,Medium,Yes,2,Medium,High,Private,Neutral,4,No,College,Near,Male,70,Normal,1.8,956.61,279,2.78
20,97,High,High,Yes,4,81,Medium,Yes,1,Medium,Medium,Public,Positive,2,Yes,High School,Unknown,Male,72,Normal,3.8,426.3,194,4.4
23,88,Low,Medium,Yes,7,59,Medium,Yes,1,Medium,Medium,Public,Negative,2,No,High School,Near,Male,67,Normal,0.8,1696.04,176,3.12
14,74,High,Medium,No,5,63,Low,No,2,Low,High,Private,Positive,3,No,College,Far,Female,63,High_Risk,2.8,314.99,222,3.0
14,93,Medium,Low,Yes,9,83,Low,Yes,4,Medium,Medium,Public,Neutral,2,No,Postgraduate,Unknown,Female,68,Normal,2.8,414.99,465,2.2
28,78,High,Medium,No,9,73,High,Yes,2,Medium,Medium,Public,Neutral,4,No,College,Moderate,Female,70,Normal,2.8,729.97,234,3.2
11,81,Medium,Medium,Yes,6,82,High,Yes,3,Medium,High,Public,Neutral,4,No,High School,Near,Male,67,Normal,1.8,501.08,324,2.43
18,68,Low,High,No,8,96,Medium,Yes,1,High,Medium,Public,Neutral,3,No,High School,Moderate,Male,65,High_Risk,1.8,959.95,136,2.22
20,84,Medium,Medium,No,6,85,Medium,Yes,0,Medium,Medium,Private,Positive,3,No,High School,Moderate,Male,67,Normal,1.8,944.39,84,2.86
20,72,Medium,Low,Yes,6,79,Medium,Yes,1,Low,Medium,Private,Positive,4,No,Postgraduate,Near,Female,66,Normal,1.8,877.73,144,3.14
16,85,Medium,High,Yes,7,91,High,Yes,0,Medium,Medium,Public,Neutral,2,No,Postgraduate,Moderate,Male,69,Normal,0.8,1819.77,85,2.0
12,65,High,High,Yes,4,66,Medium,Yes,0,Medium,High,Public,Neutral,2,No,High School,Near,Female,63,High_Risk,3.8,208.42,65,2.4
20,79,High,High,Yes,7,85,Low,Yes,2,Medium,Medium,Public,Neutral,2,No,College,Moderate,Male,69,Normal,0.8,2124.73,237,3.0
12,88,Low,Medium,Yes,4,56,Medium,Yes,0,Low,High,Private,Neutral,2,No,High School,Far,Male,62,High_Risk,3.8,176.84,88,2.4
29,62,High,Medium,Yes,8,74,Medium,Yes,1,Low,Medium,Private,Negative,3,Yes,College,Near,Male,66,Normal,1.8,1192.16,124,3.44
21,76,Low,Medium,Yes,9,96,Medium,Yes,1,Low,Low,Public,Negative,5,No,High School,Near,Male,65,High_Risk,2.8,719.97,152,2.3
23,62,Low,High,Yes,6,85,Medium,Yes,1,Low,Medium,Public,Negative,3,Yes,College,Moderate,Male,63,High_Risk,1.8,1086.05,124,3.57
21,98,Medium,Medium,Yes,9,59,High,No,3,Medium,Medium,Public,Neutral,3,Yes,College,Near,Female,70,Normal,2.8,442.48,392,2.7
17,78,Medium,Low,Yes,9,51,High,Yes,1,Low,Medium,Private,Neutral,3,No,High School,Moderate,Male,63,High_Risk,2.8,309.63,156,1.9
27,69,High,High,Yes,10,80,Medium,No,1,Medium,High,Public,Positive,4,Yes,High School,Near,Female,68,Normal,3.8,568.41,138,2.64
23,71,Medium,Medium,Yes,6,63,Low,Yes,1,Low,High,Public,Positive,5,No,Unknown,Moderate,Male,66,Normal,1.8,804.96,142,3.57
15,75,Medium,High,No,6,83,Low,Yes,1,High,Medium,Private,Negative,2,No,High School,Near,Female,65,High_Risk,1.8,691.63,150,2.43
22,85,Low,High,Yes,8,73,High,Yes,1,Medium,Medium,Private,Positive,3,No,College,Near,Male,70,Normal,1.8,892.17,170,2.67
23,72,Low,Medium,No,6,61,High,Yes,1,High,Medium,Public,Positive,5,No,High School,Near,Male,66,Normal,1.8,779.4,144,3.57
15,90,Medium,Medium,Yes,8,55,Medium,Yes,1,Low,Medium,Public,Neutral,1,No,College,Near,Female,66,Normal,1.8,458.31,180,1.89
17,65,Medium,High,Yes,8,66,Medium,Yes,1,High,High,Public,Neutral,4,Yes,Postgraduate,Moderate,Female,65,High_Risk,1.8,623.3,130,2.11
18,61,Low,Low,No,9,54,Medium,Yes,0,Medium,Medium,Public,Neutral,2,No,College,Near,Female,59,High_Risk,2.8,347.13,61,1.8
19,90,Low,Low,Yes,6,51,High,Yes,1,Low,Medium,Public,Negative,3,Yes,Postgraduate,Near,Male,65,High_Risk,1.8,538.3,180,3.0
23,79,High,High,Yes,6,54,Low,Yes,1,Low,Medium,Public,Neutral,1,No,High School,Moderate,Male,67,Normal,1.8,689.96,158,3.57
23,86,Medium,High,Yes,8,96,Low,Yes,3,Medium,Medium,Private,Positive,2,No,High School,Moderate,Female,71,Normal,1.8,1226.6,344,3.22
17,64,Low,High,No,7,69,Medium,Yes,1,Medium,Medium,Public,Negative,3,No,High School,Near,Female,62,High_Risk,0.8,1466.07,128,2.38
17,77,Medium,High,Yes,10,93,Low,Yes,3,High,High,Private,Positive,1,No,College,Far,Female,68,Normal,3.8,416.04,308,2.09
26,77,Low,Medium,Yes,7,71,High,Yes,3,High,Medium,Public,Neutral,3,No,High School,Unknown,Female,69,Normal,0.8,2307.21,308,4.0
19,61,Medium,Low,No,9,62,Medium,Yes,2,Medium,Medium,Public,Neutral,2,No,High School,Far,Female,60,High_Risk,2.8,420.7,183,2.3
16,95,Medium,High,Yes,8,52,Medium,Yes,0,Low,Medium,Private,Positive,3,No,Postgraduate,Moderate,Male,69,Normal,1.8,462.2,95,1.78
26,68,Medium,Medium,No,8,63,Medium,Yes,2,Low,High,Public,Positive,3,No,High School,Near,Male,66,Normal,1.8,909.95,204,3.33
14,60,Medium,Medium,Yes,7,91,Medium,Yes,1,Low,High,Private,Negative,3,No,Postgraduate,Near,Male,63,High_Risk,0.8,1592.3,120,2.0
23,95,Medium,Medium,Yes,8,94,Medium,Yes,1,Medium,Medium,Public,Positive,4,No,High School,Near,Male,73,Normal,1.8,1201.04,190,2.78
18,71,Medium,Medium,No,6,84,Medium,Yes,2,Medium,Low,Public,Neutral,2,No,Postgraduate,Near,Male,65,High_Risk,1.8,839.95,213,3.14
18,80,Medium,High,Yes,7,57,Medium,Yes,2,Low,Low,Public,Positive,3,No,Postgraduate,Far,Female,66,Normal,0.8,1282.34,240,2.75
18,74,High,Medium,Yes,6,69,Medium,Yes,0,Low,Medium,Public,Positive,4,No,High School,Moderate,Male,65,High_Risk,1.8,689.96,74,2.57
12,75,Medium,High,No,8,54,Low,Yes,1,Medium,High,Public,Negative,3,No,High School,Near,Female,62,High_Risk,1.8,359.98,150,1.56
23,74,Medium,High,Yes,6,57,Low,No,1,High,High,Private,Neutral,3,No,College,Near,Male,67,Normal,1.8,728.29,148,3.57
6,83,Medium,Medium,No,6,89,Medium,Yes,1,Low,Medium,Public,Positive,4,No,Postgraduate,Near,Female,65,High_Risk,1.8,296.65,166,1.14
30,84,High,Medium,No,8,51,Low,Yes,1,Low,Medium,Public,Positive,4,Yes,Postgraduate,Far,Male,69,Normal,1.8,849.95,168,3.56
16,77,High,High,No,7,92,Low,Yes,2,Medium,Medium,Public,Negative,2,No,College,Near,Male,67,Normal,0.8,1839.77,231,2.5
20,98,Medium,High,Yes,4,73,Medium,Yes,2,Medium,Low,Private,Positive,1,No,High School,Far,Male,70,Normal,3.8,384.2,294,4.8
22,76,Medium,Low,No,9,76,Medium,Yes,2,Low,High,Public,Neutral,5,No,High School,Far,Female,65,High_Risk,2.8,597.12,228,2.6
16,72,Medium,Medium,Yes,6,66,Low,Yes,0,Low,Medium,Private,Positive,4,No,College,Near,Male,63,High_Risk,1.8,586.63,72,2.29
25,79,High,Medium,No,6,77,Low,No,2,Low,High,Public,Neutral,3,No,High School,Near,Male,68,Normal,1.8,1069.39,237,4.14
21,91,High,Medium,No,9,74,Medium,Yes,2,Low,Low,Private,Negative,2,No,Unknown,Near,Female,69,Normal,2.8,554.98,273,2.5
30,75,Medium,Medium,Yes,4,79,Low,Yes,0,Medium,Medium,Public,Negative,4,No,High School,Moderate,Male,67,Normal,3.8,623.67,75,6.0
25,75,Low,Low,Yes,7,82,Medium,Yes,3,Medium,High,Private,Negative,4,No,Postgraduate,Near,Male,68,Normal,0.8,2562.18,300,3.88
17,67,High,Low,No,5,83,High,Yes,3,Low,Medium,Public,Positive,3,No,High School,Moderate,Male,64,High_Risk,2.8,503.91,268,3.83
26,93,High,Medium,No,4,80,Medium,Yes,4,Low,Medium,Private,Positive,3,Yes,College,Near,Male,73,Normal,3.8,547.35,465,6.8
26,69,Medium,Medium,Yes,5,83,Medium,Yes,4,Medium,High,Private,Neutral,2,No,High School,Moderate,Female,68,Normal,2.8,770.69,345,5.67
10,72,Medium,Medium,Yes,6,83,Medium,Yes,0,Medium,Medium,Public,Positive,4,No,High School,Near,Male,63,High_Risk,1.8,461.09,72,1.43
15,93,Medium,Low,Yes,7,80,Low,Yes,0,Low,Medium,Public,Positive,3,No,High School,Near,Female,66,Normal,0.8,1499.81,93,1.88
23,67,Medium,Medium,Yes,6,63,High,Yes,3,Low,High,Private,Neutral,3,No,High School,Near,Male,66,Normal,1.8,804.96,268,4.14
29,96,Medium,Low,Yes,7,72,Medium,Yes,1,Low,Medium,Public,Positive,3,No,High School,Moderate,Male,71,Normal,0.8,2609.67,192,3.88
18,68,Medium,High,No,7,69,Medium,Yes,1,Low,High,Public,Neutral,4,Yes,High School,Moderate,Female,63,High_Risk,0.8,1552.31,136,2.5
20,98,Low,Medium,Yes,6,80,Low,Yes,4,Medium,Medium,Public,Positive,4,No,College,Near,Male,72,Normal,1.8,888.84,490,4.0
13,87,Low,Medium,No,10,54,Low,Yes,2,Low,Medium,Public,Positive,2,No,Unknown,Moderate,Female,63,High_Risk,3.8,184.73,261,1.55
18,67,Low,Low,Yes,9,68,Low,Yes,2,Low,High,Private,Negative,2,No,Postgraduate,Near,Male,61,High_Risk,2.8,437.13,201,2.2
20,63,Medium,Medium,No,7,55,High,Yes,2,Low,High,Public,Negative,3,No,High School,Near,Male,63,High_Risk,0.8,1374.83,189,3.0
20,88,Low,Low,No,7,96,Low,Yes,0,High,High,Public,Positive,3,No,Postgraduate,Moderate,Male,68,Normal,0.8,2399.7,88,2.5
15,60,Medium,Low,No,9,65,Medium,Yes,1,Medium,High,Public,Negative,5,No,College,Moderate,Male,60,High_Risk,2.8,348.2,120,1.7
17,85,High,High,Yes,6,66,Medium,Yes,0,Medium,High,Public,Neutral,2,No,College,Moderate,Female,68,Normal,1.8,623.3,85,2.43
14,81,Medium,Medium,No,6,88,Medium,Yes,1,High,Medium,Public,Positive,3,No,Postgraduate,Moderate,Female,67,Normal,1.8,684.41,162,2.29
23,97,High,Low,Yes,9,94,High,Yes,2,Low,Medium,Public,Positive,3,No,High School,Moderate,Male,73,Normal,2.8,772.12,291,2.7
8,99,Low,High,Yes,6,83,High,Yes,2,Medium,High,Public,Positive,4,Yes,Postgraduate,Near,Male,70,Normal,1.8,368.87,297,1.71
19,69,Medium,Medium,Yes,9,94,Medium,Yes,1,Low,High,Public,Positive,3,No,High School,Moderate,Male,65,High_Risk,2.8,637.83,138,2.1
12,83,Medium,Medium,No,6,79,Medium,Yes,1,High,Low,Public,Neutral,4,No,High School,Moderate,Female,65,High_Risk,1.8,526.64,166,2.0
19,90,High,Low,No,7,81,Medium,Yes,4,High,High,Public,Neutral,4,Yes,College,Near,Female,71,Normal,0.8,1923.51,450,3.38
19,81,Medium,Medium,Yes,9,85,Medium,Yes,1,Low,Medium,Public,Neutral,1,No,High School,Moderate,Male,66,Normal,2.8,576.77,162,2.1
20,80,Medium,Low,Yes,8,99,Low,Yes,0,Low,High,Private,Positive,3,No,High School,Unknown,Male,67,Normal,1.8,1099.94,80,2.22
22,66,Medium,High,No,8,95,Low,Yes,3,Medium,Medium,Private,Positive,3,No,High School,Moderate,Female,67,Normal,1.8,1161.05,264,3.11
16,86,Low,Low,Yes,5,82,Low,Yes,0,Low,Medium,Public,Neutral,4,No,High School,Moderate,Female,63,High_Risk,2.8,468.55,86,2.67
26,63,High,High,No,5,81,Medium,Yes,0,Low,Medium,Public,Negative,2,No,High School,Moderate,Female,65,High_Risk,2.8,752.12,63,4.33
30,79,High,High,Yes,6,77,Medium,Yes,1,Low,Medium,Public,Positive,2,No,High School,Near,Male,72,Normal,1.8,1283.26,158,4.57
25,93,Medium,High,No,8,56,High,Yes,0,Low,Low,Private,Neutral,3,No,High School,Near,Male,69,Normal,1.8,777.73,93,2.78
19,97,High,High,No,5,78,Low,Yes,0,Medium,Low,Private,Negative,3,No,College,Moderate,Male,70,Normal,2.8,529.27,97,3.17
39,67,High,High,Yes,5,76,Medium,No,2,Medium,Medium,Private,Negative,4,No,Unknown,Near,Female,71,Normal,2.8,1058.53,201,7.17
21,79,Low,Medium,Yes,8,91,High,Yes,1,Low,Medium,Public,Positive,3,No,High School,Moderate,Male,67,Normal,1.8,1061.61,158,2.56
25,70,Low,Medium,Yes,6,57,Medium,Yes,4,Medium,Medium,Private,Neutral,3,No,High School,Near,Male,66,Normal,1.8,791.62,350,4.71
33,72,High,Medium,No,8,83,Low,Yes,3,Low,High,Private,Neutral,4,No,High School,Near,Male,71,Normal,1.8,1521.58,288,4.33
11,97,Medium,High,Yes,8,60,Medium,Yes,0,Medium,Low,Private,Positive,3,No,High School,Near,Male,67,Normal,1.8,366.65,97,1.22
17,94,Medium,Medium,No,10,92,Low,Yes,2,Low,Medium,Private,Negative,2,No,High School,Near,Male,68,Normal,3.8,411.57,282,1.91
11,81,Low,Medium,Yes,6,68,High,Yes,2,High,Medium,Private,Negative,3,No,Postgraduate,Far,Female,64,High_Risk,1.8,415.53,243,2.14
22,75,High,Medium,Yes,8,84,Low,Yes,3,High,Medium,Public,Negative,3,No,College,Near,Male,69,Normal,1.8,1026.61,300,3.11
22,65,Medium,Medium,Yes,7,64,High,Yes,1,Medium,High,Private,Negative,2,No,High School,Moderate,Male,64,High_Risk,0.8,1759.78,130,3.0
21,93,Low,High,Yes,9,78,Low,Yes,1,Medium,Low,Public,Neutral,2,Yes,High School,Far,Male,67,Normal,2.8,584.98,186,2.3
17,76,Medium,Medium,No,6,73,Medium,Yes,3,Low,High,Private,Neutral,3,No,Postgraduate,Near,Male,67,Normal,1.8,689.41,304,3.29
25,88,Low,High,Yes,6,53,Medium,Yes,2,Medium,High,Public,Negative,4,No,College,Near,Female,70,Normal,1.8,736.07,264,4.14
17,80,Medium,Medium,Yes,7,68,Medium,Yes,0,Medium,Medium,Private,Negative,5,Yes,College,Near,Female,65,High_Risk,0.8,1444.82,80,2.12
30,87,Medium,Medium,No,8,53,Low,Yes,1,Low,High,Private,Neutral,1,No,Postgraduate,Near,Male,70,Normal,1.8,883.28,174,3.56
24,91,Medium,Medium,No,7,52,Low,Yes,0,High,High,Public,Neutral,4,No,College,Near,Male,69,Normal,0.8,1559.81,91,3.0
28,96,High,Low,Yes,4,98,High,Yes,1,High,High,Public,Positive,3,No,High School,Near,Male,98,Normal,3.8,722.09,192,6.0
23,88,Low,High,No,8,84,High,Yes,2,Medium,Medium,Private,Positive,3,Yes,Postgraduate,Near,Female,71,Normal,1.8,1073.27,264,3.0
15,88,Low,Medium,Yes,4,67,Medium,Yes,1,Medium,High,Private,Positive,4,No,High School,Far,Female,66,Normal,3.8,264.47,176,3.4
20,87,Medium,Medium,No,10,56,Medium,Yes,2,Medium,Medium,Public,Neutral,2,No,College,Moderate,Female,67,Normal,3.8,294.73,261,2.18
27,94,Medium,High,No,9,63,High,Yes,0,Low,Medium,Public,Neutral,4,No,College,Near,Female,72,Normal,2.8,607.48,94,2.7
25,85,Low,Medium,No,5,55,Low,Yes,3,High,Medium,Public,Negative,3,No,High School,Moderate,Female,67,Normal,2.8,491.05,340,5.17
20,71,Medium,Medium,No,7,70,High,Yes,0,High,High,Public,Negative,4,No,High School,Near,Female,65,High_Risk,0.8,1749.78,71,2.5
25,63,High,Low,Yes,8,63,Medium,Yes,0,Medium,High,Private,Positive,1,Yes,Postgraduate,Near,Female,65,High_Risk,1.8,874.95,63,2.78
15,89,High,Low,No,9,73,High,Yes,2,Low,Low,Private,Neutral,2,No,High School,Near,Male,66,Normal,2.8,391.06,267,1.9
9,75,High,Low,No,8,61,High,Yes,3,Medium,Unknown,Public,Neutral,3,No,High School,Near,Male,63,High_Risk,1.8,304.98,300,1.67
19,65,High,Low,No,9,69,Medium,Yes,4,Low,High,Public,Neutral,2,No,College,Far,Male,64,High_Risk,2.8,468.2,325,2.7
22,86,Low,Medium,No,4,82,Low,Yes,1,Low,Low,Private,Positive,5,No,College,Moderate,Male,67,Normal,3.8,474.72,172,4.8
18,73,Medium,Low,Yes,5,88,Medium,Yes,1,Medium,Medium,Public,Positive,5,No,College,Near,Female,66,Normal,2.8,565.69,146,3.33
14,65,Low,High,No,7,82,Low,Yes,1,Low,Low,Public,Negative,3,No,High School,Near,Male,60,High_Risk,0.8,1434.82,130,2.0
19,91,High,Low,Yes,8,60,Medium,Yes,2,Low,Medium,Private,Neutral,4,No,High School,Moderate,Male,68,Normal,1.8,633.3,273,2.56
15,71,High,High,Yes,6,69,Low,Yes,2,Low,High,Private,Negative,4,No,College,Near,Female,65,High_Risk,1.8,574.97,213,2.71
9,60,Medium,Low,Yes,6,93,Medium,Yes,3,Low,High,Private,Neutral,2,No,High School,Moderate,Female,60,High_Risk,1.8,464.97,240,2.14
19,85,High,High,No,7,78,Low,Yes,2,Low,High,Private,Negative,3,No,College,Near,Male,69,Normal,0.8,1852.27,255,2.88
19,96,Low,Medium,No,7,71,Medium,Yes,2,Low,High,Private,Positive,3,No,Postgraduate,Moderate,Male,70,Normal,0.8,1686.04,288,2.88
20,100,Low,Medium,Yes,6,61,High,No,3,Medium,Medium,Public,Positive,4,No,College,Far,Male,70,Normal,1.8,677.74,400,3.71
15,72,High,High,No,8,50,Medium,Yes,2,Medium,Medium,Public,Neutral,4,No,High School,Near,Female,65,High_Risk,1.8,416.64,216,2.11
23,68,Medium,High,Yes,6,70,Medium,Yes,4,Medium,Medium,Public,Positive,2,No,High School,Near,Male,68,Normal,1.8,894.39,340,4.43
23,99,High,High,No,6,50,Medium,No,1,High,Medium,Private,Neutral,5,Yes,High School,Near,Male,71,Normal,1.8,638.85,198,3.57
22,60,Medium,Medium,No,6,92,Low,Yes,2,Low,High,Public,Negative,2,No,High School,Near,Male,63,High_Risk,1.8,1124.38,180,3.71
20,69,High,Medium,Yes,7,76,High,Yes,1,Medium,Medium,Public,Positive,3,No,High School,Near,Female,67,Normal,0.8,1899.76,138,2.75
20,90,High,High,No,9,79,Medium,Yes,2,Low,Medium,Public,Negative,2,No,High School,Near,Female,70,Normal,2.8,564.27,270,2.4
17,68,Medium,Low,Yes,5,78,Medium,Yes,4,Low,Low,Public,Positive,2,No,College,Near,Male,64,High_Risk,2.8,473.55,340,4.17
13,61,High,Low,No,7,68,Low,No,1,Medium,Medium,Public,Neutral,2,No,High School,Near,Male,58,High_Risk,0.8,1104.86,122,1.88
16,79,High,Medium,Yes,7,74,High,Yes,3,Medium,Medium,Private,Positive,2,No,Postgraduate,Far,Male,68,Normal,0.8,1479.82,316,2.75
16,66,Medium,Low,No,9,84,High,Yes,3,Low,Low,Public,Positive,4,No,High School,Near,Female,63,High_Risk,2.8,479.98,264,2.2
30,100,High,Medium,Yes,7,68,Low,Yes,2,Medium,Medium,Private,Neutral,2,No,Postgraduate,Near,Female,75,Normal,0.8,2549.68,300,4.25
20,80,Medium,High,Yes,7,58,Low,No,0,Medium,Medium,Public,Neutral,2,No,College,Near,Female,65,High_Risk,0.8,1449.82,80,2.5
21,63,High,Medium,No,7,100,Medium,Yes,1,High,Medium,Private,Neutral,2,No,Postgraduate,Moderate,Female,66,Normal,0.8,2624.67,126,2.88
22,78,Medium,High,Yes,5,70,Medium,Yes,2,Low,Medium,Public,Positive,1,No,College,Near,Male,68,Normal,2.8,549.98,234,4.33
28,67,High,High,No,8,82,Low,Yes,1,High,Low,Public,Neutral,4,No,High School,Near,Female,68,Normal,1.8,1275.48,134,3.33
23,84,Low,High,No,7,73,Low,Yes,0,Low,Medium,Public,Positive,3,No,High School,Near,Male,67,Normal,0.8,2098.49,84,2.88
17,65,High,High,Yes,8,72,Low,Yes,1,Low,Medium,Public,Positive,4,No,College,Moderate,Male,65,High_Risk,1.8,679.96,130,2.11
22,82,High,High,No,10,83,Medium,Yes,1,Low,High,Private,Neutral,2,Yes,College,Moderate,Male,69,Normal,3.8,480.51,164,2.18
36,76,Medium,Medium,No,6,96,Medium,Yes,1,Low,Medium,Private,Neutral,2,No,College,Near,Male,71,Normal,1.8,1919.89,152,5.43
15,79,High,Medium,No,8,62,Low,Yes,1,Low,Low,Public,Positive,3,No,College,Near,Male,65,High_Risk,1.8,516.64,158,1.89
26,100,Low,Medium,No,9,60,Medium,Yes,2,Medium,Medium,Public,Positive,4,No,High School,Near,Male,72,Normal,2.8,557.12,300,3.0
16,84,High,Low,No,6,68,Low,No,3,Medium,Medium,Private,Neutral,3,No,Unknown,Near,Male,65,High_Risk,1.8,604.41,336,3.14
13,60,High,Low,No,10,64,Low,Yes,1,Medium,Medium,Public,Neutral,4,No,College,Far,Male,59,High_Risk,3.8,218.94,120,1.36
11,77,Low,Low,Yes,6,92,Low,Yes,0,Low,Medium,Public,Neutral,5,No,High School,Near,Male,61,High_Risk,1.8,562.19,77,1.57
28,72,Low,Low,No,8,85,High,Yes,4,Low,Medium,Private,Negative,2,No,High School,Near,Female,66,Normal,1.8,1322.15,360,4.0
15,86,High,Low,No,8,79,Medium,Yes,3,Low,Medium,Public,Positive,3,No,College,Near,Female,68,Normal,1.8,658.3,344,2.33
20,76,Medium,High,Yes,7,86,Medium,Yes,2,Medium,Medium,Public,Negative,5,No,High School,Near,Female,68,Normal,0.8,2149.73,228,3.0
8,99,Medium,High,Yes,6,73,Medium,Yes,1,Medium,Unknown,Public,Positive,3,No,High School,Far,Female,68,Normal,1.8,324.43,198,1.43
28,65,Medium,Medium,No,8,78,High,No,1,High,Medium,Private,Positive,3,No,College,Near,Female,67,Normal,1.8,1213.27,130,3.33
19,84,High,Medium,Yes,7,67,Low,Yes,0,Medium,Low,Public,Positive,3,No,Postgraduate,Near,Female,68,Normal,0.8,1591.05,84,2.38
17,77,High,Medium,Yes,4,77,Low,Yes,0,Medium,Medium,Private,Positive,4,No,High School,Near,Female,66,Normal,3.8,344.46,77,3.4
22,89,Medium,High,No,5,59,High,Yes,5,Medium,Medium,Private,Positive,4,Yes,High School,Near,Male,71,Normal,2.8,463.55,534,5.33
23,71,Medium,Medium,Yes,5,50,Medium,Yes,1,Low,High,Public,Positive,1,No,College,Near,Female,65,High_Risk,2.8,410.7,142,4.17
22,63,Low,Low,Yes,7,53,Medium,Yes,1,High,Medium,Public,Neutral,4,No,High School,Near,Male,62,High_Risk,0.8,1457.32,126,3.0
13,100,Low,Low,Yes,4,54,Low,Yes,3,Low,Low,Public,Positive,2,No,High School,Near,Female,65,High_Risk,3.8,184.73,400,3.8
22,95,Medium,High,No,9,88,Low,Yes,0,Low,High,Public,Positive,2,No,Postgraduate,Near,Male,72,Normal,2.8,691.4,95,2.2
24,97,Medium,Medium,Yes,6,68,Low,Yes,1,Medium,High,Public,Neutral,4,No,College,Near,Male,72,Normal,1.8,906.62,194,3.71
21,79,Medium,Medium,Yes,8,95,High,Yes,0,Medium,Medium,Public,Neutral,2,No,Postgraduate,Near,Female,69,Normal,1.8,1108.27,79,2.33
18,79,Low,Medium,Yes,9,58,Medium,Yes,3,Medium,High,Public,Negative,3,No,High School,Near,Female,65,High_Risk,2.8,372.84,316,2.4
10,64,Medium,Low,No,9,76,Low,Yes,1,Low,Medium,Private,Positive,1,No,High School,Near,Female,58,High_Risk,2.8,271.42,128,1.2
20,84,High,Medium,Yes,6,79,Medium,Yes,3,Medium,Medium,Public,Negative,3,No,College,Moderate,Male,69,Normal,1.8,877.73,336,3.71
8,60,High,Medium,Yes,9,93,High,Yes,0,Low,High,Public,Neutral,3,No,Postgraduate,Near,Female,62,High_Risk,2.8,265.7,60,0.8
24,94,Low,Medium,No,9,86,High,Yes,2,Low,Medium,Public,Neutral,3,No,College,Near,Female,71,Normal,2.8,737.12,282,2.8
27,73,Medium,Medium,No,7,99,Low,Yes,1,Low,Medium,Public,Positive,4,No,College,Near,Male,68,Normal,0.8,3340.83,146,3.62
27,95,Medium,High,No,7,81,Low,Yes,3,Low,Medium,Public,Neutral,2,No,High School,Moderate,Male,72,Normal,0.8,2733.41,380,4.12
18,79,Medium,High,Yes,6,96,Medium,Yes,3,Medium,Low,Public,Positive,3,Yes,Postgraduate,Near,Male,69,Normal,1.8,959.95,316,3.43
21,64,High,Low,Yes,7,78,Low,Yes,1,Medium,Medium,Public,Positive,4,No,High School,Near,Male,64,High_Risk,0.8,2047.24,128,2.88
15,66,Low,High,No,6,80,Medium,No,1,Low,Medium,Private,Neutral,1,No,College,Near,Male,61,High_Risk,1.8,666.63,132,2.43
9,84,High,High,Yes,7,60,High,Yes,1,Low,Medium,Private,Positive,3,No,College,Moderate,Male,66,Normal,0.8,674.92,168,1.38
15,61,Medium,High,Yes,6,54,Medium,Yes,0,High,High,Private,Neutral,2,No,Postgraduate,Near,Male,63,High_Risk,1.8,449.98,61,2.14
25,77,High,Medium,Yes,7,70,Medium,Yes,0,Medium,Medium,Public,Neutral,5,No,High School,Near,Male,68,Normal,0.8,2187.23,77,3.12
27,68,Medium,Low,Yes,9,95,Medium,Yes,1,Low,Medium,Public,Positive,3,No,College,Moderate,Male,67,Normal,2.8,916.04,136,2.9
18,82,High,Medium,Yes,8,62,High,Yes,3,Low,Medium,Private,Neutral,4,No,High School,Near,Female,69,Normal,1.8,619.97,328,2.67
4,83,High,Medium,No,7,99,Low,Yes,1,Low,Low,Private,Neutral,3,No,College,Near,Female,64,High_Risk,0.8,494.94,166,0.75
31,73,High,Medium,Yes,8,57,Medium,Yes,2,Low,High,Public,Neutral,4,No,High School,Far,Male,69,Normal,1.8,981.61,219,3.89
19,88,High,High,No,6,66,Medium,Yes,3,Medium,Medium,Public,Positive,2,No,High School,Near,Female,70,Normal,1.8,696.63,352,3.57
22,97,Medium,High,Yes,6,54,Medium,Yes,1,Low,High,Public,Positive,3,No,Postgraduate,Near,Male,72,Normal,1.8,659.96,194,3.43
10,89,Medium,Medium,Yes,6,62,Medium,Yes,4,Low,Medium,Public,Positive,3,No,Postgraduate,Moderate,Male,67,Normal,1.8,344.43,445,2.57
17,85,Medium,Low,No,7,94,High,Yes,4,Low,Medium,Public,Positive,3,No,College,Near,Female,69,Normal,0.8,1997.25,425,3.12
13,87,High,Medium,Yes,4,96,Low,Yes,3,Low,Low,Public,Neutral,3,Yes,College,Near,Male,67,Normal,3.8,328.41,348,3.8
5,93,Low,Low,No,7,63,Medium,Yes,2,Medium,High,Public,Neutral,3,No,Postgraduate,Near,Male,64,High_Risk,0.8,393.7,279,1.12
26,66,Medium,Medium,Yes,7,67,High,Yes,3,Medium,Medium,Public,Negative,4,No,High School,Moderate,Female,66,Normal,0.8,2177.23,264,4.0
19,65,Medium,High,Yes,8,54,Medium,Yes,0,Low,High,Private,Neutral,3,No,High School,Far,Female,62,High_Risk,1.8,569.97,65,2.11
26,88,Low,Low,No,10,67,Low,Yes,0,Low,Low,Private,Positive,3,No,High School,Far,Male,65,High_Risk,3.8,458.41,88,2.36
25,76,Medium,Medium,Yes,9,53,Medium,Yes,0,High,High,Private,Positive,3,No,High School,Moderate,Male,67,Normal,2.8,473.2,76,2.5
19,60,Medium,High,No,10,51,Medium,Yes,0,Medium,Medium,Public,Positive,3,Yes,College,Near,Female,62,High_Risk,3.8,254.99,60,1.73
21,68,Medium,High,Yes,8,52,Medium,Yes,3,Low,Medium,Public,Neutral,2,No,College,Moderate,Male,65,High_Risk,1.8,606.63,272,3.0
20,66,Medium,High,No,8,83,Medium,Yes,1,Low,Unknown,Public,Neutral,2,Yes,College,Near,Male,64,High_Risk,1.8,922.17,132,2.44
20,87,Medium,Low,No,5,84,Medium,Yes,2,Medium,Medium,Private,Neutral,3,No,High School,Near,Male,68,Normal,2.8,599.98,261,4.0
25,99,Medium,High,No,6,58,High,Yes,0,Medium,Medium,Private,Positive,4,No,High School,Near,Male,72,Normal,1.8,805.51,99,3.57
22,74,Medium,Low,No,5,61,Medium,Yes,1,Low,Medium,Public,Positive,3,No,Postgraduate,Near,Female,65,High_Risk,2.8,479.27,148,4.0
20,63,Low,Medium,Yes,7,75,Low,Yes,2,Medium,High,Public,Neutral,2,No,High School,Near,Female,63,High_Risk,0.8,1874.77,189,3.0
29,66,High,High,No,6,66,Medium,Yes,0,Medium,Medium,Private,Negative,3,No,Postgraduate,Near,Male,68,Normal,1.8,1063.27,66,4.14
20,72,Medium,Low,Yes,6,89,Low,Yes,1,Low,Medium,Private,Negative,3,No,High School,Far,Male,62,High_Risk,1.8,988.83,144,3.14
14,96,Low,High,Yes,9,64,High,Yes,2,Low,High,Public,Neutral,3,No,Postgraduate,Moderate,Male,69,Normal,2.8,319.99,288,1.8
17,79,Medium,Low,Yes,6,75,Low,Yes,1,Medium,High,Public,Neutral,4,No,High School,Near,Male,65,High_Risk,1.8,708.29,158,2.71
25,72,Low,High,Yes,6,59,Medium,Yes,2,Low,Medium,Public,Negative,3,No,High School,Near,Male,66,Normal,1.8,819.4,216,4.14
20,86,Medium,Low,Yes,7,53,Medium,Yes,1,Low,High,Public,Negative,2,No,High School,Near,Male,65,High_Risk,0.8,1324.83,172,2.75
22,84,High,Medium,No,7,81,Medium,Yes,1,Medium,Low,Private,Positive,3,No,High School,Moderate,Male,69,Normal,0.8,2227.22,168,3.0
16,100,High,High,Yes,7,55,High,Yes,1,Low,Medium,Public,Negative,2,Yes,College,Moderate,Male,69,Normal,0.8,1099.86,200,2.25
19,71,High,Medium,Yes,7,99,Low,Yes,0,Low,High,Public,Negative,4,No,High School,Moderate,Female,65,High_Risk,0.8,2350.96,71,2.38
23,85,Low,High,No,8,77,Medium,Yes,0,High,Medium,Public,Positive,4,No,College,Near,Male,70,Normal,1.8,983.83,85,2.56
17,92,Low,Low,Yes,6,57,Medium,Yes,2,Medium,Medium,Private,Positive,2,Yes,High School,Moderate,Female,65,High_Risk,1.8,538.3,276,3.0
20,73,High,High,Yes,8,74,Low,Yes,1,Low,Low,Private,Negative,4,No,High School,Moderate,Male,65,High_Risk,1.8,822.18,146,2.44
13,91,Medium,Low,Yes,9,71,Low,Yes,1,Low,Medium,Public,Positive,2,No,College,Far,Male,64,High_Risk,2.8,329.63,182,1.5
21,67,Medium,Low,No,6,61,Medium,Yes,0,Low,Medium,Private,Positive,3,No,High School,Moderate,Female,61,High_Risk,1.8,711.63,67,3.0
19,79,Medium,Medium,No,4,76,High,Yes,1,Medium,Medium,Private,Neutral,3,No,Unknown,Near,Male,67,Normal,3.8,379.99,158,4.2
17,98,High,Low,Yes,10,71,Medium,Yes,0,Low,High,Private,Positive,3,No,Postgraduate,Moderate,Female,70,Normal,3.8,317.62,98,1.55
21,89,High,Medium,Yes,7,51,Low,Yes,1,Medium,Medium,Public,Positive,4,No,High School,Near,Female,69,Normal,0.8,1338.58,178,2.88
20,75,Low,Medium,No,7,76,Medium,Yes,3,High,High,Private,Negative,3,No,College,Near,Female,66,Normal,0.8,1899.76,300,3.25
29,95,High,Medium,Yes,7,91,Low,Yes,1,Low,Medium,Public,Neutral,3,No,High School,Moderate,Female,73,Normal,0.8,3298.34,190,3.88
23,72,Medium,Medium,Yes,7,78,Medium,Yes,1,Low,Medium,Private,Neutral,3,No,High School,Near,Male,66,Normal,0.8,2242.22,144,3.12
21,76,Medium,Medium,Yes,6,74,Medium,Yes,2,Medium,Medium,Private,Neutral,3,No,High School,Near,Male,67,Normal,1.8,863.29,228,3.57
29,75,Low,Medium,Yes,7,96,Low,Yes,2,Low,Unknown,Public,Positive,3,No,High School,Moderate,Male,68,Normal,0.8,3479.57,225,4.12
20,73,Medium,High,Yes,4,60,Medium,Yes,1,Low,Medium,Private,Positive,3,Yes,High School,Moderate,Male,64,High_Risk,3.8,315.78,146,4.4
21,75,Medium,Low,Yes,7,82,Medium,Yes,1,Medium,Medium,Public,Negative,4,No,High School,Near,Male,65,High_Risk,0.8,2152.23,150,2.88
22,88,Medium,Low,Yes,7,70,Medium,Yes,3,Low,Medium,Public,Positive,2,No,High School,Near,Female,69,Normal,0.8,1924.76,352,3.5
22,83,Medium,Medium,Yes,8,83,High,Yes,1,High,Medium,Private,Negative,3,Yes,Postgraduate,Moderate,Male,69,Normal,1.8,1014.39,166,2.67
23,90,High,Medium,Yes,5,51,Medium,Yes,0,Low,High,Public,Negative,1,No,High School,Near,Male,68,Normal,2.8,418.91,90,3.83
21,67,Medium,Medium,Yes,9,95,High,Yes,1,Medium,Medium,Private,Positive,4,No,High School,Near,Male,67,Normal,2.8,712.47,134,2.3
21,99,High,Medium,Yes,7,91,Medium,No,3,Medium,Medium,Public,Positive,4,No,College,Near,Male,74,Normal,0.8,2388.45,396,3.38
12,72,Medium,Low,Yes,6,72,High,Yes,2,Low,High,Private,Negative,2,No,High School,Moderate,Female,61,High_Risk,1.8,479.97,216,2.29
20,70,Medium,Medium,No,8,70,Medium,Yes,0,Low,Medium,Public,Neutral,5,No,Postgraduate,Near,Female,65,High_Risk,1.8,777.73,70,2.22
27,86,High,Medium,Yes,8,67,High,Yes,5,High,High,Public,Positive,2,Yes,Postgraduate,Near,Female,75,Normal,1.8,1004.94,516,4.11
12,90,Medium,High,Yes,9,77,Medium,Yes,3,Medium,Medium,Public,Positive,3,No,Postgraduate,Near,Male,70,Normal,2.8,329.99,360,1.8
30,78,Medium,High,Yes,8,84,Medium,Yes,1,High,Low,Private,Negative,1,No,College,Near,Male,71,Normal,1.8,1399.92,156,3.56
31,72,Low,High,Yes,5,94,High,Yes,2,Low,Low,Public,Positive,2,No,High School,Near,Male,70,Normal,2.8,1040.68,216,5.83
14,84,Medium,Medium,No,7,81,Medium,Yes,0,High,Medium,Public,Neutral,2,No,College,Near,Female,66,Normal,0.8,1417.32,84,1.75
21,79,Low,Medium,Yes,7,84,Low,Yes,2,Medium,Medium,Private,Neutral,3,No,High School,Near,Male,66,Normal,0.8,2204.72,237,3.12
19,91,Medium,Low,Yes,8,74,Low,Yes,4,Medium,Medium,Public,Neutral,2,Yes,Postgraduate,Near,Female,69,Normal,1.8,781.07,455,3.0
30,98,Low,Medium,Yes,10,61,Medium,Yes,0,Low,Medium,Public,Positive,3,No,Postgraduate,Moderate,Male,72,Normal,3.8,481.57,98,2.73
10,70,High,High,Yes,9,99,Medium,Yes,1,Medium,Medium,Public,Neutral,4,No,High School,Moderate,Female,65,High_Risk,2.8,353.56,140,1.2
24,86,High,Medium,No,7,89,Low,Yes,2,Low,Medium,Public,Negative,3,No,Postgraduate,Far,Female,69,Normal,0.8,2669.67,258,3.5
24,77,High,Low,Yes,9,82,Low,Yes,1,Medium,Medium,Private,Neutral,2,No,High School,Near,Male,67,Normal,2.8,702.83,154,2.6
13,84,Medium,Medium,Yes,9,94,Medium,Yes,3,Medium,Medium,Public,Negative,2,Yes,High School,Near,Male,66,Normal,2.8,436.41,336,1.9
20,80,Low,Medium,Yes,5,89,Medium,Yes,0,High,High,Public,Neutral,3,No,Postgraduate,Far,Male,67,Normal,2.8,635.69,80,3.33
21,81,High,Medium,Yes,4,51,Medium,Yes,0,Medium,Medium,Private,Positive,2,No,College,Moderate,Female,67,Normal,3.8,281.83,81,4.2
29,78,Medium,High,Yes,7,80,Medium,Yes,2,Medium,Medium,Public,Positive,4,No,Postgraduate,Near,Female,73,Normal,0.8,2899.64,234,4.12
20,93,High,Medium,Yes,4,51,Low,Yes,1,Medium,Medium,Public,Positive,3,No,High School,Near,Male,69,Normal,3.8,268.41,186,4.4
19,72,Medium,Medium,Yes,8,96,Low,Yes,1,Medium,High,Public,Positive,2,No,Postgraduate,Moderate,Female,67,Normal,1.8,1013.28,144,2.33
23,84,Medium,Medium,No,8,59,Low,Yes,1,Low,High,Public,Positive,4,Yes,Postgraduate,Far,Female,66,Normal,1.8,753.85,168,2.78
21,74,High,Medium,No,6,94,Medium,Yes,1,Low,High,Public,Positive,1,No,High School,Near,Male,97,Normal,1.8,1096.61,148,3.29
19,70,Medium,Medium,No,5,89,Medium,Yes,1,Low,High,Private,Neutral,2,No,High School,Near,Male,64,High_Risk,2.8,603.91,140,3.5
19,95,Low,High,Yes,9,97,Low,Yes,0,Medium,Medium,Public,Neutral,2,No,Postgraduate,Near,Male,71,Normal,2.8,658.19,95,1.9
18,74,Medium,Medium,No,6,85,Medium,Yes,4,Medium,Medium,Private,Negative,3,No,College,Moderate,Female,66,Normal,1.8,849.95,370,3.71
18,65,Medium,Medium,Yes,6,53,Medium,Yes,1,Medium,Medium,Private,Positive,3,Yes,Postgraduate,Near,Male,63,High_Risk,1.8,529.97,130,2.86
20,64,Medium,High,No,6,53,High,No,4,High,Medium,Private,Neutral,4,No,College,Moderate,Female,65,High_Risk,1.8,588.86,320,4.0
25,97,Medium,High,Yes,5,82,High,Yes,1,Low,High,Public,Negative,5,No,College,Moderate,Male,73,Normal,2.8,732.12,194,4.5
19,89,High,Medium,Yes,6,65,Low,Yes,2,Low,Medium,Public,Neutral,3,Yes,Postgraduate,Near,Male,68,Normal,1.8,686.07,267,3.29
21,74,Medium,Low,Yes,7,52,Low,Yes,1,High,Medium,Public,Negative,4,No,High School,Far,Male,62,High_Risk,0.8,1364.83,148,2.88
9,64,Medium,Medium,No,5,73,Medium,Yes,1,Medium,Medium,Public,Positive,4,No,College,Near,Male,61,High_Risk,2.8,234.63,128,1.83
18,97,High,Low,Yes,7,79,Medium,Yes,3,High,Medium,Private,Positive,3,No,High School,Far,Male,71,Normal,0.8,1777.28,388,3.0
16,75,Medium,Medium,Yes,8,94,Medium,Yes,0,Medium,Medium,Private,Positive,3,No,High School,Moderate,Male,65,High_Risk,1.8,835.51,75,1.78
19,70,High,Low,No,7,66,Medium,Yes,1,High,Low,Private,Neutral,4,No,College,Moderate,Male,64,High_Risk,0.8,1567.3,140,2.62
11,73,Medium,High,Yes,9,79,Medium,Yes,1,Low,High,Public,Neutral,2,No,High School,Near,Male,64,High_Risk,2.8,310.35,146,1.3
17,69,High,High,Yes,9,96,Medium,Yes,2,Low,Medium,Public,Negative,3,No,College,Far,Male,66,Normal,2.8,582.84,207,2.1
29,78,High,Medium,Yes,9,66,Medium,Yes,2,Low,Medium,Public,Neutral,4,No,High School,Moderate,Male,69,Normal,2.8,683.55,234,3.3
35,99,High,High,Yes,7,85,Low,Yes,2,Medium,High,Private,Neutral,2,No,Postgraduate,Near,Female,79,Normal,0.8,3718.29,297,4.88
28,78,High,Low,Yes,4,73,Low,No,3,Low,Medium,Private,Positive,4,No,High School,Moderate,Female,68,Normal,3.8,537.88,312,6.8
35,93,Medium,Medium,Yes,6,94,Medium,Yes,5,Medium,Medium,Public,Neutral,2,Yes,College,Near,Female,76,Normal,1.8,1827.68,558,6.43
22,71,Low,Medium,Yes,7,65,Low,Yes,1,Medium,Low,Public,Positive,4,No,College,Moderate,Male,64,High_Risk,0.8,1787.28,142,3.0
25,66,Medium,High,No,4,71,High,Yes,0,Medium,Medium,Public,Negative,3,Yes,High School,Near,Female,64,High_Risk,3.8,467.09,66,5.0
25,67,Medium,Medium,Yes,10,98,High,Yes,0,High,Medium,Public,Positive,2,No,High School,Near,Male,68,Normal,3.8,644.72,67,2.27
9,66,Low,Medium,No,9,100,Low,Yes,3,Medium,Medium,Public,Neutral,3,No,College,Near,Male,62,High_Risk,2.8,321.42,264,1.5
13,94,Low,High,Yes,6,65,High,Yes,2,Medium,Medium,Public,Neutral,2,No,Postgraduate,Moderate,Male,68,Normal,1.8,469.42,282,2.43
24,77,Medium,Medium,Yes,6,52,Medium,Yes,0,Medium,Medium,Private,Negative,4,No,High School,Near,Male,66,Normal,1.8,693.29,77,3.43
13,71,Medium,Medium,No,7,98,Medium,Yes,0,Medium,Medium,Public,Positive,3,No,College,Near,Male,64,High_Risk,0.8,1592.3,71,1.62
4,66,Low,High,No,8,84,Low,Yes,2,Low,High,Public,Neutral,3,No,Postgraduate,Near,Female,60,High_Risk,1.8,186.66,198,0.89
31,70,Medium,High,Yes,7,66,Medium,Yes,1,High,Medium,Public,Negative,3,No,College,Near,Male,69,Normal,0.8,2557.18,140,4.12
22,79,Medium,Medium,Yes,7,71,Medium,Yes,2,Low,Unknown,Private,Neutral,2,No,College,Moderate,Male,66,Normal,0.8,1952.26,237,3.25
26,82,Medium,Medium,Yes,7,86,Medium,Yes,0,Low,High,Public,Neutral,2,Yes,Postgraduate,Near,Male,69,Normal,0.8,2794.65,82,3.25
13,85,Low,Medium,No,6,96,Low,Yes,1,Low,High,Public,Positive,5,No,Postgraduate,Far,Male,66,Normal,1.8,693.29,170,2.14
21,88,High,Medium,Yes,6,91,Low,Yes,0,Low,Medium,Private,Neutral,4,No,Postgraduate,Moderate,Female,70,Normal,1.8,1061.61,88,3.0
26,62,Low,Medium,No,6,79,Medium,Yes,1,Low,Medium,Public,Positive,3,Yes,College,Near,Female,63,High_Risk,1.8,1141.05,124,4.0
30,70,Medium,High,Yes,9,83,Medium,Yes,1,High,Medium,Private,Neutral,2,No,Postgraduate,Near,Female,71,Normal,2.8,889.25,140,3.2
24,98,Low,Medium,Yes,6,53,Medium,Yes,1,Medium,Low,Public,Neutral,2,No,High School,Near,Female,69,Normal,1.8,706.63,196,3.71
23,81,Medium,Low,Yes,7,67,Medium,Yes,0,Medium,High,Private,Positive,5,No,Unknown,Moderate,Female,67,Normal,0.8,1926.01,81,2.88
22,62,High,Medium,No,9,51,Medium,Yes,2,Low,Medium,Public,Neutral,2,No,High School,Near,Male,63,High_Risk,2.8,400.7,186,2.6
15,99,High,Medium,No,7,73,Low,Yes,1,Low,Medium,Public,Positive,3,No,High School,Near,Male,69,Normal,0.8,1368.58,198,2.12
9,74,Medium,High,No,7,66,Low,Yes,1,High,High,Private,Neutral,3,No,High School,Far,Female,62,High_Risk,0.8,742.41,148,1.38
18,79,Medium,Medium,Yes,4,69,Medium,Yes,2,High,Low,Private,Positive,3,No,College,Near,Male,67,Normal,3.8,326.83,237,4.4
19,97,High,Medium,Yes,9,61,High,Yes,2,Medium,High,Public,Neutral,1,No,Postgraduate,Moderate,Male,72,Normal,2.8,413.91,291,2.3
7,86,Medium,Low,No,9,88,Medium,Yes,2,Low,Medium,Public,Negative,2,No,College,Near,Female,63,High_Risk,2.8,219.99,258,1.1
22,71,High,Medium,No,6,79,High,Yes,1,Low,Low,Public,Positive,3,No,High School,Near,Male,66,Normal,1.8,965.5,142,3.43
20,71,Low,Medium,No,5,72,Medium,Yes,4,Medium,Medium,Public,Positive,4,No,Postgraduate,Moderate,Male,66,Normal,2.8,514.27,355,4.67
11,95,Medium,Medium,Yes,7,78,Low,Yes,4,Medium,Medium,Private,Negative,4,No,High School,Near,Female,68,Normal,0.8,1072.37,475,2.38
29,74,High,Medium,Yes,6,91,High,Yes,3,Low,High,Public,Positive,4,No,College,Far,Female,72,Normal,1.8,1466.03,296,5.0
21,64,Medium,Medium,No,9,82,Medium,Yes,2,Low,Medium,Public,Neutral,3,No,College,Moderate,Male,64,High_Risk,2.8,614.98,192,2.5
15,65,High,Medium,No,5,93,Low,Yes,2,Low,Medium,Public,Neutral,4,Yes,High School,Near,Female,63,High_Risk,2.8,498.2,195,3.17
30,75,Medium,Low,Yes,9,95,Low,Yes,1,High,Medium,Public,Negative,5,No,Postgraduate,Near,Male,70,Normal,2.8,1017.82,150,3.2
24,77,Low,High,Yes,7,65,High,Yes,1,Medium,High,Private,Positive,4,No,Postgraduate,Near,Male,70,Normal,0.8,1949.76,154,3.25
22,87,High,High,Yes,8,64,Medium,No,2,Medium,High,Public,Negative,3,No,High School,Moderate,Female,70,Normal,1.8,782.18,261,2.89
16,100,Medium,Medium,Yes,8,65,High,Yes,1,High,Medium,Public,Positive,2,Yes,College,Moderate,Female,69,Normal,1.8,577.75,200,2.0
7,77,Low,Medium,Yes,7,53,High,Yes,4,Low,Medium,Private,Positive,2,No,College,Moderate,Female,62,High_Risk,0.8,463.69,385,1.88
21,94,Medium,High,No,9,95,Low,Yes,0,Medium,High,Private,Negative,3,No,High School,Near,Male,70,Normal,2.8,712.47,94,2.1
24,92,Low,High,Yes,6,71,Low,Yes,2,Low,High,Public,Positive,2,No,High School,Near,Male,71,Normal,1.8,946.61,276,4.0
13,66,High,Medium,Yes,6,90,Medium,Yes,2,Low,Medium,Public,Positive,3,Yes,High School,Moderate,Male,63,High_Risk,1.8,649.96,198,2.43
19,62,Medium,Medium,Yes,8,86,Low,Yes,1,High,Medium,Public,Positive,3,No,College,Near,Male,65,High_Risk,1.8,907.73,124,2.33
21,81,High,Medium,No,8,73,Medium,Yes,3,Low,Medium,Public,Positive,2,Yes,High School,Near,Male,67,Normal,1.8,851.62,324,3.0
26,88,Low,High,No,6,81,Medium,Yes,1,High,Medium,Public,Positive,2,No,High School,Near,Male,71,Normal,1.8,1169.94,176,4.0
17,97,Medium,High,No,7,77,Medium,Yes,0,Low,Medium,Private,Negative,4,No,College,Far,Male,68,Normal,0.8,1636.05,97,2.12
5,97,Medium,Low,Yes,7,87,Medium,Yes,2,Medium,Medium,Private,Neutral,3,Yes,High School,Far,Female,64,High_Risk,0.8,543.68,291,1.12
21,76,Low,Medium,No,6,50,Low,Yes,2,Low,Medium,Public,Negative,4,No,Postgraduate,Moderate,Female,63,High_Risk,1.8,583.3,228,3.57
14,94,High,Medium,No,7,74,Medium,Yes,1,High,Medium,Private,Positive,5,No,College,Near,Male,70,Normal,0.8,1294.84,188,2.0
22,81,Low,Low,No,5,90,Medium,Yes,0,High,Medium,Public,Positive,2,No,College,Moderate,Female,66,Normal,2.8,707.12,81,3.67
21,87,Medium,Medium,Yes,8,84,High,Yes,1,Low,Low,Private,Positive,2,No,College,Near,Male,69,Normal,1.8,979.95,174,2.56
30,93,High,High,Yes,7,53,Medium,Yes,3,Low,Medium,Private,Negative,2,No,Postgraduate,Moderate,Female,74,Normal,0.8,1987.25,372,4.5
11,91,Medium,Medium,No,5,53,Medium,Yes,0,Low,Medium,Private,Neutral,2,No,Postgraduate,Near,Female,64,High_Risk,2.8,208.21,91,1.83
18,91,Medium,Medium,No,7,94,Medium,Yes,3,Low,Medium,Private,Neutral,2,No,High School,Near,Female,69,Normal,0.8,2114.74,364,3.0
19,88,Medium,High,Yes,8,57,Low,No,1,Medium,Low,Private,Negative,4,No,College,Near,Male,66,Normal,1.8,601.63,176,2.33
11,79,Medium,Medium,Yes,7,81,Medium,Yes,1,High,Medium,Public,Neutral,2,No,High School,Moderate,Male,64,High_Risk,0.8,1113.61,158,1.62
14,77,Medium,Medium,Yes,6,77,Low,Yes,1,Low,High,Private,Neutral,2,No,College,Near,Male,64,High_Risk,1.8,598.86,154,2.29
26,64,Medium,High,No,6,91,Medium,Yes,1,Low,Medium,Private,Neutral,4,No,High School,Moderate,Male,66,Normal,1.8,1314.37,128,4.0
14,62,High,High,Yes,8,65,Low,Yes,3,Low,Medium,Public,Negative,2,No,High School,Far,Male,61,High_Risk,1.8,505.53,248,2.22
22,78,Medium,High,Yes,5,61,Low,Yes,2,Low,Medium,Public,Neutral,4,No,College,Near,Male,68,Normal,2.8,479.27,234,4.33
17,97,Medium,Medium,No,5,56,Low,Yes,2,High,Medium,Public,Positive,3,No,High School,Near,Female,69,Normal,2.8,339.99,291,3.5
27,99,Medium,High,No,5,63,Medium,Yes,0,Medium,High,Public,Neutral,4,No,High School,Near,Female,73,Normal,2.8,607.48,99,4.5
23,79,Medium,High,No,9,77,Medium,Yes,1,Low,High,Public,Neutral,3,No,High School,Near,Male,68,Normal,2.8,632.48,158,2.5
27,76,Low,High,Yes,8,67,Medium,Yes,1,Medium,Medium,Public,Positive,4,No,High School,Near,Male,69,Normal,1.8,1004.94,152,3.22
29,88,Medium,High,No,7,96,Low,Yes,2,Low,Low,Public,Positive,2,No,High School,Near,Female,72,Normal,0.8,3479.57,264,4.12
24,79,High,Medium,No,7,81,High,Yes,0,High,Medium,Public,Positive,2,No,High School,Moderate,Male,69,Normal,0.8,2429.7,79,3.0
18,87,Medium,Medium,No,5,61,High,Yes,2,Medium,Medium,Public,Positive,1,No,High School,Near,Male,68,Normal,2.8,392.13,261,3.67
24,95,Medium,High,Yes,8,77,Low,Yes,1,Low,Medium,Public,Positive,3,Yes,High School,Near,Male,71,Normal,1.8,1026.61,190,2.89
15,86,Medium,High,No,8,99,High,Yes,2,Medium,Medium,Public,Neutral,5,No,High School,Near,Male,70,Normal,1.8,824.95,258,2.11
1,81,Medium,Medium,Yes,8,66,Medium,Yes,1,Low,Medium,Public,Negative,2,No,College,Near,Male,60,High_Risk,1.8,36.66,162,0.33
27,86,Medium,Medium,No,7,72,Low,Yes,1,Medium,High,Public,Positive,4,No,High School,Far,Male,69,Normal,0.8,2429.7,172,3.62
23,83,High,High,Yes,4,89,Low,Yes,1,Medium,Medium,Public,Negative,3,No,High School,Far,Male,99,Normal,3.8,538.67,166,5.0
25,92,Medium,Medium,No,4,77,Medium,Yes,0,Low,Medium,Public,Positive,3,No,High School,Near,Male,70,Normal,3.8,506.57,92,5.0
22,72,Medium,Low,Yes,9,65,High,Yes,0,Medium,Medium,Public,Neutral,3,No,High School,Moderate,Male,64,High_Risk,2.8,510.7,72,2.2
27,78,High,Medium,No,7,61,Medium,No,1,Low,Medium,Public,Negative,3,No,High School,Moderate,Female,66,Normal,0.8,2058.49,156,3.62
19,61,Low,High,Yes,8,83,Low,Yes,1,Medium,Medium,Private,Negative,3,No,High School,Near,Male,62,High_Risk,1.8,876.06,122,2.33
19,72,Medium,Low,No,6,66,Medium,Yes,0,Medium,High,Private,Neutral,2,No,Postgraduate,Near,Male,64,High_Risk,1.8,696.63,72,2.71
9,77,Low,Low,No,7,80,Medium,Yes,3,Medium,Medium,Public,Positive,3,Yes,High School,Near,Male,61,High_Risk,0.8,899.89,308,1.88
12,63,Medium,High,Yes,5,69,Low,Yes,0,Medium,High,Public,Negative,2,No,College,Moderate,Female,60,High_Risk,2.8,295.7,63,2.0
13,66,High,Medium,Yes,6,71,Medium,Yes,3,Medium,Medium,Public,Neutral,3,No,High School,Near,Male,64,High_Risk,1.8,512.75,264,2.71
21,84,High,High,No,7,51,Medium,Yes,0,Medium,Medium,Public,Positive,3,No,High School,Moderate,Male,68,Normal,0.8,1338.58,84,2.62
18,90,Low,Medium,No,6,88,Low,Yes,1,Medium,Medium,Private,Negative,1,No,High School,Moderate,Female,65,High_Risk,1.8,879.95,180,2.86
30,98,Medium,Low,Yes,9,93,Medium,Yes,1,Low,Low,Private,Positive,3,No,High School,Near,Male,88,Normal,2.8,996.39,196,3.2
21,90,Low,Medium,Yes,8,62,Low,Yes,2,Medium,High,Public,Negative,5,Yes,High School,Near,Male,67,Normal,1.8,723.29,270,2.78
24,86,Medium,High,No,6,68,Low,Yes,3,Low,High,Public,Positive,3,Yes,College,Moderate,Female,70,Normal,1.8,906.62,344,4.29
20,74,Low,Medium,Yes,6,67,High,Yes,0,Medium,Medium,Private,Negative,4,Yes,College,Moderate,Female,63,High_Risk,1.8,744.4,74,2.86
24,100,Medium,Low,Yes,7,82,Low,Yes,1,Medium,High,Private,Positive,3,No,High School,Moderate,Male,71,Normal,0.8,2459.69,200,3.25
20,83,High,High,Yes,5,58,Medium,Yes,1,Medium,Medium,Public,Neutral,3,No,High School,Near,Male,68,Normal,2.8,414.27,166,3.67
7,96,Medium,High,No,9,91,Medium,Yes,0,Low,Medium,Public,Neutral,4,No,College,Near,Male,67,Normal,2.8,227.49,96,0.7
21,96,High,High,Yes,5,58,Medium,Yes,0,High,High,Public,Neutral,4,No,College,Far,Male,72,Normal,2.8,434.98,96,3.5
33,68,Medium,Low,Yes,5,88,Medium,Yes,2,Low,Medium,Public,Negative,1,No,College,Moderate,Male,67,Normal,2.8,1037.11,204,6.17
14,84,Medium,Medium,Yes,6,96,Medium,No,2,Low,Medium,Private,Neutral,2,No,Postgraduate,Far,Male,66,Normal,1.8,746.63,252,2.57
23,62,Medium,Low,Yes,4,70,High,Yes,3,Medium,High,Public,Positive,2,No,College,Moderate,Female,65,High_Risk,3.8,423.67,248,5.8
20,78,Medium,Low,No,8,61,Medium,Yes,0,Medium,Medium,Public,Neutral,2,Yes,High School,Moderate,Female,62,High_Risk,1.8,677.74,78,2.22
9,82,Medium,Medium,Yes,8,72,Medium,Yes,2,Medium,Medium,Private,Positive,3,No,Postgraduate,Near,Male,66,Normal,1.8,359.98,246,1.44
20,74,High,Medium,Yes,8,85,Medium,Yes,2,Low,Medium,Public,Positive,0,No,High School,Near,Male,67,Normal,1.8,944.39,222,2.67
19,98,High,Low,Yes,7,62,High,Yes,1,Low,High,Public,Neutral,2,No,High School,Near,Female,70,Normal,0.8,1472.32,196,2.62
22,88,Medium,Medium,Yes,5,87,Low,Yes,1,Low,High,Public,Neutral,3,No,Postgraduate,Near,Male,70,Normal,2.8,683.55,176,4.0
18,87,Medium,Medium,Yes,6,92,Low,Yes,1,Low,Medium,Private,Neutral,4,No,High School,Near,Female,68,Normal,1.8,919.95,174,2.86
15,78,High,High,Yes,10,89,Low,Yes,0,Medium,Medium,Public,Neutral,3,No,High School,Near,Male,67,Normal,3.8,351.31,78,1.36
20,92,Medium,High,Yes,4,61,Medium,Yes,2,High,Medium,Public,Neutral,4,No,College,Near,Male,71,Normal,3.8,321.04,276,4.8
24,62,Medium,Low,Yes,7,50,Medium,Yes,1,High,High,Private,Negative,2,No,Postgraduate,Near,Male,64,High_Risk,0.8,1499.81,124,3.25
21,80,High,High,Yes,9,85,Low,Yes,1,High,Medium,Public,Negative,3,No,College,Near,Female,70,Normal,2.8,637.48,160,2.3
21,73,High,High,No,5,90,Medium,Yes,0,Medium,Medium,Public,Neutral,2,No,College,Near,Female,68,Normal,2.8,674.98,73,3.5
18,94,Low,Medium,Yes,8,52,Medium,Yes,1,Medium,Medium,Private,Positive,4,No,College,Near,Female,68,Normal,1.8,519.97,188,2.22
15,88,High,High,Yes,6,95,Medium,Yes,2,Low,Medium,Public,Negative,4,No,High School,Near,Female,70,Normal,1.8,791.62,264,2.71
19,91,Low,High,Yes,7,91,Medium,Yes,1,High,High,Public,Neutral,3,No,High School,Near,Female,71,Normal,0.8,2160.98,182,2.62
23,87,High,Low,No,8,68,Medium,Yes,0,High,High,Private,Neutral,3,No,College,Far,Male,68,Normal,1.8,868.84,87,2.56
20,97,Medium,Medium,Yes,7,76,Low,Yes,2,Low,Low,Private,Positive,3,No,Postgraduate,Near,Male,71,Normal,0.8,1899.76,291,3.0
15,64,High,High,Yes,9,55,High,Yes,1,Medium,Low,Public,Neutral,3,No,College,Near,Female,64,High_Risk,2.8,294.63,128,1.7
19,93,High,Medium,Yes,8,68,Medium,Yes,1,High,High,Public,Positive,3,No,Postgraduate,Near,Female,72,Normal,1.8,717.74,186,2.33
23,66,Medium,High,Yes,7,93,High,Yes,1,High,High,Public,Positive,1,No,High School,Near,Female,69,Normal,0.8,2673.42,132,3.12
22,86,Medium,Low,No,9,85,Medium,Yes,1,Medium,Medium,Public,Negative,3,No,Postgraduate,Near,Female,68,Normal,2.8,667.83,172,2.4
23,95,Low,Medium,Yes,7,80,High,Yes,2,Low,Medium,Public,Neutral,4,No,High School,Moderate,Female,70,Normal,0.8,2299.71,285,3.38
21,99,Medium,High,No,7,51,High,Yes,2,Medium,Low,Private,Neutral,2,No,Postgraduate,Near,Female,72,Normal,0.8,1338.58,297,3.12
20,90,Low,Medium,No,5,56,Medium,No,3,Medium,Medium,Public,Positive,2,No,High School,Moderate,Male,66,Normal,2.8,399.99,360,4.33
27,68,Medium,Medium,Yes,5,97,Low,Yes,1,Medium,Medium,Public,Negative,4,No,College,Near,Male,68,Normal,2.8,935.32,136,4.83
10,95,Medium,High,Yes,5,93,High,Yes,0,Low,High,Public,Positive,3,No,High School,Moderate,Male,69,Normal,2.8,332.13,95,1.67
19,80,Medium,Medium,Yes,5,100,Medium,Yes,0,Medium,Medium,Public,Neutral,3,No,High School,Near,Female,67,Normal,2.8,678.55,80,3.17
28,97,Medium,Medium,Yes,7,88,High,Yes,2,Medium,Medium,Public,Neutral,2,No,High School,Moderate,Male,74,Normal,0.8,3079.62,291,4.0
17,64,Medium,Medium,Yes,6,60,Medium,Yes,1,Medium,Medium,Private,Positive,2,Yes,High School,Near,Male,61,High_Risk,1.8,566.64,128,2.71
15,64,Medium,Medium,No,6,92,Low,Yes,3,Low,Medium,Public,Negative,4,No,College,Near,Female,63,High_Risk,1.8,766.62,256,3.0
7,97,Low,High,No,6,97,Medium,Yes,3,Medium,High,Private,Positive,2,No,College,Moderate,Female,69,Normal,1.8,377.2,388,1.86
12,64,High,High,Yes,9,81,Medium,No,1,High,High,Public,Neutral,3,No,High School,Moderate,Male,63,High_Risk,2.8,347.13,128,1.4
25,94,Medium,Low,Yes,6,53,Low,Yes,1,Medium,Medium,Public,Negative,3,No,Unknown,Near,Female,69,Normal,1.8,736.07,188,3.86
23,86,Medium,Medium,Yes,8,71,High,Yes,3,Medium,Medium,Public,Neutral,4,No,College,Near,Female,71,Normal,1.8,907.17,344,3.22
34,68,Medium,Medium,No,7,67,High,Yes,0,Medium,Medium,Private,Neutral,2,No,High School,Moderate,Male,67,Normal,0.8,2847.14,68,4.25
17,81,Medium,High,No,6,78,Medium,Yes,2,Low,Medium,Private,Positive,2,No,High School,Moderate,Male,67,Normal,1.8,736.63,243,3.0
20,83,Medium,Low,Yes,5,85,Medium,Yes,1,High,High,Public,Neutral,2,No,College,Far,Male,67,Normal,2.8,607.12,166,3.67
24,62,Low,Medium,No,7,95,Medium,Yes,1,High,Low,Public,Positive,3,No,College,Far,Female,64,High_Risk,0.8,2849.64,124,3.25
12,74,High,Medium,No,7,73,Medium,Yes,1,Low,Medium,Public,Neutral,5,No,High School,Unknown,Male,64,High_Risk,0.8,1094.86,148,1.75
15,78,Low,Medium,Yes,8,100,Low,Yes,0,Low,Medium,Public,Negative,3,Yes,High School,Near,Female,62,High_Risk,1.8,833.29,78,1.67
23,86,Low,High,No,7,67,Low,Yes,2,Medium,High,Private,Neutral,3,Yes,College,Near,Female,68,Normal,0.8,1926.01,258,3.38
13,88,Medium,Medium,Yes,4,68,High,Yes,1,High,Medium,Public,Positive,2,No,High School,Near,Female,67,Normal,3.8,232.63,176,3.0
30,63,Medium,High,Yes,8,96,Medium,Yes,4,Low,Medium,Private,Positive,3,No,Postgraduate,Near,Female,71,Normal,1.8,1599.91,315,4.22
21,87,Low,Medium,No,7,65,High,Yes,2,Medium,Medium,Public,Negative,3,Yes,College,Near,Male,67,Normal,0.8,1706.04,261,3.12
18,74,Medium,Low,Yes,6,67,High,Yes,2,Low,High,Public,Neutral,2,No,High School,Near,Male,64,High_Risk,1.8,669.96,222,3.14
24,89,Low,High,Yes,6,60,Medium,Yes,1,Low,Medium,Private,Neutral,2,No,High School,Near,Male,68,Normal,1.8,799.96,178,3.71
27,78,Medium,Medium,No,10,53,Medium,Yes,3,Medium,Medium,Private,Neutral,4,Yes,Postgraduate,Moderate,Male,68,Normal,3.8,376.57,312,3.0
21,65,Medium,High,Yes,6,91,High,Yes,1,Medium,High,Public,Positive,3,No,High School,Moderate,Male,67,Normal,1.8,1061.61,130,3.29
30,71,High,Low,No,10,70,Low,Yes,3,Medium,Medium,Public,Neutral,4,Yes,High School,Near,Female,67,Normal,3.8,552.62,284,3.27
26,76,Medium,Medium,Yes,5,57,Medium,Yes,1,Medium,Medium,Public,Positive,4,No,High School,Near,Male,68,Normal,2.8,529.27,152,4.67
17,85,Low,Medium,Yes,7,84,Medium,Yes,3,Medium,Medium,Public,Positive,2,No,College,Far,Female,67,Normal,0.8,1784.78,340,2.88
17,73,High,Medium,Yes,7,85,Medium,Yes,2,Low,Medium,Public,Positive,2,No,High School,Moderate,Male,66,Normal,0.8,1806.02,219,2.62
10,94,High,Medium,Yes,7,74,High,Yes,3,High,Medium,Public,Positive,3,No,College,Moderate,Male,70,Normal,0.8,924.88,376,2.0
19,85,High,Medium,Yes,9,71,Low,Yes,1,Medium,High,Public,Positive,2,No,Postgraduate,Moderate,Female,69,Normal,2.8,481.77,170,2.1
14,89,Low,High,No,6,59,Low,Yes,2,Low,High,Public,Neutral,5,No,Postgraduate,Moderate,Male,66,Normal,1.8,458.86,267,2.57
26,64,Medium,Medium,Yes,7,62,High,Yes,3,Medium,High,Private,Negative,2,No,High School,Near,Male,66,Normal,0.8,2014.75,256,4.0
22,64,Low,Medium,Yes,8,91,Low,Yes,0,Low,Medium,Public,Neutral,4,No,College,Moderate,Female,63,High_Risk,1.8,1112.16,64,2.44
20,76,Medium,Medium,No,9,64,Low,Yes,2,Low,Medium,Public,Negative,2,No,College,Moderate,Male,64,High_Risk,2.8,457.13,228,2.4
24,82,Medium,Medium,No,4,85,Low,No,1,Low,Medium,Public,Negative,2,No,High School,Near,Male,66,Normal,3.8,536.83,164,5.2
14,74,High,High,Yes,6,96,Low,Yes,2,Low,High,Public,Neutral,4,No,College,Near,Male,68,Normal,1.8,746.63,222,2.57
16,64,Medium,Medium,No,7,65,Medium,Yes,2,Medium,High,Public,Neutral,4,No,High School,Near,Male,63,High_Risk,0.8,1299.84,192,2.5
19,60,High,High,Yes,6,60,High,Yes,1,Low,Medium,Public,Positive,2,No,College,Near,Male,65,High_Risk,1.8,633.3,120,3.0
29,81,High,Medium,No,7,68,Medium,Yes,2,Medium,Medium,Public,Neutral,4,No,Postgraduate,Near,Male,72,Normal,0.8,2464.69,243,4.12
21,81,Medium,Medium,Yes,7,85,Medium,Yes,1,Low,High,Public,Negative,3,No,Postgraduate,Moderate,Male,68,Normal,0.8,2230.97,162,2.88
20,90,Medium,Medium,Yes,4,83,High,Yes,1,Low,Low,Public,Positive,3,No,College,Near,Male,69,Normal,3.8,436.83,180,4.4
23,92,Medium,Low,Yes,6,54,High,Yes,3,Medium,Medium,Public,Positive,2,Yes,Postgraduate,Near,Male,70,Normal,1.8,689.96,368,4.14
23,87,Medium,Medium,No,8,79,High,Yes,2,Low,High,Public,Neutral,2,No,Postgraduate,Near,Male,71,Normal,1.8,1009.39,261,3.0
15,66,Low,High,Yes,7,75,Low,Yes,0,High,High,Public,Negative,3,No,College,Near,Male,62,High_Risk,0.8,1406.07,66,1.88
28,95,Low,Medium,No,8,52,High,Yes,3,High,High,Public,Negative,4,No,College,Near,Male,72,Normal,1.8,808.84,380,3.78
21,90,Low,Medium,Yes,10,95,High,Yes,2,High,High,Private,Neutral,4,No,College,Near,Male,72,Normal,3.8,524.99,270,2.27
26,80,Medium,Low,Yes,6,66,Medium,Yes,2,High,Medium,Public,Neutral,4,No,Postgraduate,Near,Male,70,Normal,1.8,953.28,240,4.29
35,86,Low,Medium,No,8,59,Medium,Yes,2,Low,Low,Public,Positive,2,No,College,Moderate,Female,70,Normal,1.8,1147.16,258,4.33
18,68,High,Medium,No,7,72,Medium,Yes,0,Medium,Medium,Public,Neutral,3,No,College,Near,Male,64,High_Risk,0.8,1619.8,68,2.25
16,73,High,High,Yes,7,65,Low,Yes,1,Medium,Medium,Private,Positive,4,No,College,Moderate,Male,66,Normal,0.8,1299.84,146,2.25
13,98,High,Low,Yes,6,56,Medium,Yes,1,High,Low,Public,Negative,3,No,College,Moderate,Female,67,Normal,1.8,404.42,196,2.14
23,84,Low,Low,Yes,9,56,Low,No,1,Medium,High,Public,Positive,4,No,High School,Near,Female,65,High_Risk,2.8,459.98,168,2.5
18,75,Low,Medium,Yes,7,59,Low,Yes,0,Medium,Medium,Public,Positive,2,Yes,High School,Near,Female,62,High_Risk,0.8,1327.33,75,2.25
15,64,High,Medium,No,9,65,Medium,Yes,2,Medium,Medium,Public,Neutral,2,No,High School,Near,Male,63,High_Risk,2.8,348.2,192,1.9
26,73,Medium,Medium,No,7,96,High,Yes,0,Medium,High,Private,Neutral,3,No,High School,Near,Female,68,Normal,0.8,3119.61,73,3.25
29,68,Medium,Medium,No,4,89,Medium,Yes,0,Medium,Medium,Private,Neutral,4,Yes,College,Near,Male,67,Normal,3.8,679.19,68,5.8
30,84,Low,Medium,No,6,95,Medium,Yes,2,High,High,Public,Negative,2,No,College,Near,Male,72,Normal,1.8,1583.25,252,4.86
18,79,High,High,Yes,6,74,Medium,Yes,3,Low,Medium,Public,Positive,4,No,High School,Near,Male,69,Normal,1.8,739.96,316,3.43
20,64,High,Low,No,4,95,Medium,Yes,4,Medium,Medium,Public,Neutral,4,No,High School,Near,Male,66,Normal,3.8,499.99,320,5.6
18,78,High,Low,Yes,7,85,High,Yes,3,Low,Low,Public,Negative,2,No,College,Near,Male,67,Normal,0.8,1912.26,312,3.0
22,72,Medium,Medium,No,5,78,High,Yes,1,Low,High,Public,Positive,3,No,High School,Near,Female,66,Normal,2.8,612.84,144,4.0
18,69,Medium,High,Yes,9,60,Medium,Yes,3,Low,Medium,Public,Negative,2,No,College,Far,Female,64,High_Risk,2.8,385.7,276,2.4
21,87,Medium,High,No,7,100,Low,Yes,1,Low,Medium,Public,Positive,3,No,High School,Near,Male,70,Normal,0.8,2624.67,174,2.88
16,66,Medium,Low,No,9,56,Medium,Yes,0,Low,High,Private,Positive,4,Yes,College,Near,Female,60,High_Risk,2.8,319.99,66,1.6
17,71,Medium,Low,No,8,57,Medium,Yes,3,Medium,High,Private,Positive,4,No,High School,Near,Female,64,High_Risk,1.8,538.3,284,2.56
9,88,Low,Medium,Yes,5,93,Low,Yes,2,Medium,Medium,Public,Neutral,4,No,Postgraduate,Near,Male,66,Normal,2.8,298.92,264,2.17
25,73,Low,Low,No,8,69,Medium,Yes,3,Medium,Medium,Private,Positive,3,No,High School,Near,Female,66,Normal,1.8,958.28,292,3.44
22,89,Medium,High,Yes,5,58,Medium,Yes,4,High,High,Public,Neutral,2,Yes,College,Near,Female,71,Normal,2.8,455.7,445,5.0
19,77,High,Low,No,8,53,Medium,Yes,1,Low,Medium,Private,Positive,3,No,High School,Near,Male,64,High_Risk,1.8,559.41,154,2.33
24,81,Low,Medium,Yes,6,67,High,Yes,0,Medium,High,Public,Negative,2,No,High School,Far,Male,66,Normal,1.8,893.28,81,3.43
21,95,Medium,High,No,9,75,Medium,Yes,1,Low,Medium,Public,Neutral,2,No,College,Far,Male,69,Normal,2.8,562.48,190,2.3
20,99,Low,Medium,No,6,91,Medium,Yes,2,Medium,Low,Public,Negative,4,No,High School,Near,Male,70,Normal,1.8,1011.05,297,3.43
20,97,High,Low,Yes,6,93,Low,Yes,1,High,High,Public,Positive,1,No,College,Far,Male,71,Normal,1.8,1033.28,194,3.14
7,77,High,Medium,No,9,76,Medium,Yes,2,Medium,High,Public,Negative,3,No,College,Moderate,Male,63,High_Risk,2.8,189.99,231,1.1
25,70,Medium,Medium,Yes,7,79,Low,Yes,3,High,Medium,Public,Neutral,3,No,High School,Near,Male,68,Normal,0.8,2468.44,280,3.88
26,92,Medium,Low,Yes,6,72,Medium,Yes,1,Low,Medium,Private,Neutral,3,No,High School,Moderate,Female,69,Normal,1.8,1039.94,184,4.0
24,72,High,High,No,7,61,Medium,Yes,3,Low,Medium,Private,Neutral,2,No,High School,Near,Female,67,Normal,0.8,1829.77,288,3.75
19,80,High,High,Yes,7,67,Medium,Yes,2,Low,High,Public,Neutral,2,Yes,Postgraduate,Near,Female,68,Normal,0.8,1591.05,240,2.88
28,73,Low,Low,Yes,7,93,High,Yes,2,Low,High,Private,Neutral,3,No,College,Near,Male,68,Normal,0.8,3254.59,219,4.0
22,84,Medium,Medium,Yes,6,92,Low,Yes,0,Medium,Medium,Public,Neutral,5,No,High School,Near,Female,69,Normal,1.8,1124.38,84,3.14
20,69,Medium,Low,No,10,59,Medium,Yes,2,High,High,Public,Positive,4,No,High School,Near,Female,65,High_Risk,3.8,310.52,207,2.18
17,91,Medium,High,No,8,85,High,Yes,3,Medium,High,Public,Neutral,4,No,College,Moderate,Female,71,Normal,1.8,802.73,364,2.56
14,94,Low,Medium,No,6,60,Medium,Yes,3,High,Medium,Public,Neutral,3,No,College,Unknown,Female,68,Normal,1.8,466.64,376,2.86
22,70,Low,Medium,Yes,5,61,High,Yes,1,Low,Medium,Public,Negative,3,No,College,Moderate,Male,63,High_Risk,2.8,479.27,140,4.0
27,91,Low,Medium,Yes,9,73,Low,Yes,0,Low,Medium,Private,Neutral,3,No,College,Near,Male,69,Normal,2.8,703.9,91,2.7
14,67,Medium,Medium,Yes,9,68,Low,Yes,1,Low,Medium,Public,Neutral,3,Yes,High School,Near,Male,60,High_Risk,2.8,339.99,134,1.6
8,89,High,High,No,8,62,Medium,Yes,2,Medium,Medium,Public,Positive,4,Yes,High School,Moderate,Male,66,Normal,1.8,275.54,267,1.33
23,79,High,Low,Yes,7,98,Low,Yes,0,Medium,High,Public,Neutral,4,No,College,Near,Female,69,Normal,0.8,2817.15,79,2.88
22,90,Low,Medium,No,7,62,Low,Yes,0,Medium,Medium,Public,Positive,3,No,College,Near,Male,67,Normal,0.8,1704.79,90,2.75
24,71,Low,High,Yes,6,91,Medium,Yes,3,High,Medium,Public,Neutral,2,No,High School,Far,Female,67,Normal,1.8,1213.27,284,4.29
13,94,High,High,Yes,7,70,Medium,Yes,1,Medium,Medium,Private,Negative,3,No,High School,Moderate,Male,68,Normal,0.8,1137.36,188,1.88
21,90,Medium,Low,No,7,55,Medium,Yes,2,Medium,Medium,Public,Neutral,2,No,College,Near,Female,68,Normal,0.8,1443.57,270,3.12
26,61,High,Low,Yes,7,95,Low,No,0,Medium,High,Public,Neutral,3,No,Postgraduate,Moderate,Male,65,High_Risk,0.8,3087.11,61,3.25
30,100,High,High,Yes,6,90,Low,Yes,0,Medium,Low,Public,Positive,2,Yes,High School,Near,Male,74,Normal,1.8,1499.92,100,4.29
11,64,Medium,Low,Yes,8,67,High,No,1,Medium,Medium,Public,Neutral,2,Yes,College,Near,Male,58,High_Risk,1.8,409.42,128,1.44
11,89,Medium,Medium,Yes,5,63,Medium,Yes,0,Medium,Medium,Public,Neutral,2,No,College,Near,Female,65,High_Risk,2.8,247.49,89,1.83
29,80,Medium,Medium,Yes,6,71,Medium,Yes,0,Medium,Medium,Public,Positive,3,No,College,Moderate,Female,70,Normal,1.8,1143.83,80,4.14
22,76,Medium,Medium,Yes,6,71,Medium,Yes,0,Low,High,Private,Neutral,2,No,High School,Moderate,Male,65,High_Risk,1.8,867.73,76,3.14
21,79,Low,High,Yes,7,82,Medium,Yes,1,High,Medium,Public,Negative,3,No,High School,Near,Female,67,Normal,0.8,2152.23,158,2.88
18,90,High,High,No,8,71,High,No,0,Low,Medium,Public,Neutral,3,No,High School,Near,Female,68,Normal,1.8,709.96,90,2.0
24,63,Medium,Medium,No,8,99,Low,Yes,2,Low,High,Public,Neutral,1,No,Postgraduate,Near,Female,66,Normal,1.8,1319.93,189,3.11
14,70,Medium,Medium,Yes,9,91,High,Yes,2,Medium,Medium,Public,Neutral,4,No,High School,Near,Female,65,High_Risk,2.8,454.98,210,1.8
9,76,Low,High,No,6,78,Low,No,0,Medium,Medium,Public,Negative,4,Yes,Postgraduate,Near,Male,60,High_Risk,1.8,389.98,76,1.29
28,86,Low,Medium,No,10,85,Medium,Yes,6,Low,High,Public,Neutral,2,No,High School,Near,Male,72,Normal,3.8,626.3,602,3.64
11,73,High,Low,Yes,7,68,High,Yes,3,Low,High,Private,Neutral,3,No,College,Moderate,Female,64,High_Risk,0.8,934.88,292,2.12
19,78,Low,High,Yes,9,78,Medium,Yes,2,Low,High,Public,Negative,2,No,College,Near,Female,67,Normal,2.8,529.27,234,2.3
8,73,Low,Medium,Yes,6,65,High,Yes,1,Low,Medium,Public,Neutral,4,No,College,Moderate,Male,61,High_Risk,1.8,288.87,146,1.43
21,89,Low,Medium,Yes,10,87,Low,Yes,3,Medium,Medium,Public,Positive,3,No,College,Near,Male,70,Normal,3.8,480.78,356,2.45
18,70,Medium,Medium,No,8,86,Medium,Yes,5,High,Medium,Public,Positive,2,No,High School,Near,Female,67,Normal,1.8,859.95,420,3.11
32,64,Low,High,Yes,9,53,Low,No,1,Low,Medium,Private,Positive,3,No,College,Near,Female,65,High_Risk,2.8,605.69,128,3.4
24,68,High,Medium,No,8,56,Low,Yes,3,High,High,Public,Neutral,1,No,College,Near,Male,67,Normal,1.8,746.63,272,3.33
24,88,Medium,Medium,Yes,6,51,High,Yes,4,Medium,Low,Public,Positive,4,No,High School,Near,Male,71,Normal,1.8,679.96,440,4.57
27,90,Medium,Low,No,8,67,Medium,Yes,2,Medium,Medium,Public,Negative,3,No,Postgraduate,Near,Male,70,Normal,1.8,1004.94,270,3.44
18,70,High,Low,No,6,79,Medium,Yes,1,Medium,High,Public,Positive,2,No,College,Near,Female,65,High_Risk,1.8,789.96,140,2.86
17,88,Medium,Medium,Yes,8,94,Medium,Yes,5,Medium,Medium,Public,Neutral,2,Yes,College,Near,Female,70,Normal,1.8,887.73,528,3.0
18,81,High,Low,Yes,9,73,High,Yes,1,Medium,High,Public,Neutral,2,No,High School,Near,Female,67,Normal,2.8,469.27,162,2.0
21,94,Medium,Low,Yes,8,90,Low,Yes,1,Medium,Medium,Public,Positive,4,No,Postgraduate,Near,Female,71,Normal,1.8,1049.94,188,2.56
26,63,Medium,High,Yes,9,74,Medium,Yes,1,Low,Medium,Private,Positive,4,No,High School,Near,Female,67,Normal,2.8,687.12,126,2.8
13,68,Low,Medium,Yes,6,79,Medium,Yes,1,High,Medium,Private,Negative,3,No,College,Near,Male,62,High_Risk,1.8,570.52,136,2.14
20,68,High,Low,Yes,7,99,High,Yes,0,Low,Medium,Public,Positive,2,Yes,College,Moderate,Female,64,High_Risk,0.8,2474.69,68,2.5
30,98,Medium,High,No,7,76,High,Yes,1,Low,Medium,Public,Neutral,3,No,College,Near,Male,74,Normal,0.8,2849.64,196,4.0
12,100,Medium,Medium,No,7,64,Medium,Yes,1,Medium,High,Public,Positive,6,No,High School,Near,Male,69,Normal,0.8,959.88,200,1.75
27,64,High,Medium,Yes,6,56,Low,Yes,0,Low,High,Public,Neutral,5,No,College,Moderate,Female,65,High_Risk,1.8,839.95,64,3.86
21,97,Medium,Low,No,7,99,Medium,Yes,1,High,Medium,Public,Negative,3,No,Postgraduate,Near,Female,71,Normal,0.8,2598.43,194,2.88
17,91,Medium,Medium,Yes,8,66,Medium,Yes,3,Medium,Low,Public,Positive,2,No,College,Near,Male,69,Normal,1.8,623.3,364,2.56
23,80,Low,High,No,6,63,Low,Yes,0,High,Medium,Private,Positive,2,No,High School,Near,Male,66,Normal,1.8,804.96,80,3.29
22,62,Medium,High,Yes,7,95,Medium,Yes,2,Medium,Medium,Public,Negative,2,No,High School,Near,Male,66,Normal,0.8,2612.17,186,3.25
21,98,High,Medium,No,5,66,Low,Yes,3,High,High,Public,Positive,5,No,High School,Near,Male,73,Normal,2.8,494.98,392,4.5
17,79,Low,High,Yes,7,82,Medium,Yes,0,Medium,High,Public,Negative,2,No,College,Near,Male,66,Normal,0.8,1742.28,79,2.12
24,79,Low,Low,No,7,60,Low,Yes,0,Low,High,Public,Neutral,3,No,Postgraduate,Near,Female,65,High_Risk,0.8,1799.78,79,3.0
18,90,Low,High,No,7,52,High,Yes,2,Medium,High,Public,Negative,2,No,High School,Near,Male,67,Normal,0.8,1169.85,270,2.75
14,77,Medium,Medium,Yes,5,60,Low,Yes,1,High,High,Private,Negative,3,No,Postgraduate,Far,Male,64,High_Risk,2.8,299.99,154,2.67
25,72,High,High,Yes,8,94,Low,Yes,2,Low,Medium,Private,Positive,4,No,College,Moderate,Female,70,Normal,1.8,1305.48,216,3.22
26,74,Medium,Low,Yes,6,77,Medium,Yes,3,Medium,Medium,Private,Negative,2,No,High School,Far,Male,66,Normal,1.8,1112.16,296,4.57
16,100,High,High,Yes,7,82,Medium,Yes,2,High,Medium,Public,Positive,2,No,High School,Near,Male,73,Normal,0.8,1639.8,300,2.5
16,95,Low,Low,No,10,86,Medium,Yes,4,High,Medium,Public,Positive,2,No,College,Near,Female,70,Normal,3.8,362.1,475,2.18
27,63,Medium,Medium,Yes,8,55,Low,Yes,1,Medium,Medium,Private,Neutral,3,No,Postgraduate,Near,Female,65,High_Risk,1.8,824.95,126,3.22
21,89,Medium,Medium,No,4,57,Medium,Yes,1,High,Medium,Private,Positive,2,No,High School,Near,Female,68,Normal,3.8,314.99,178,4.6
22,70,High,Low,No,10,83,Low,Yes,0,Medium,Unknown,Public,Positive,2,No,College,Moderate,Male,65,High_Risk,3.8,480.51,70,2.0
18,88,High,Low,Yes,6,84,Medium,Yes,1,Medium,High,Public,Positive,3,No,Postgraduate,Moderate,Female,70,Normal,1.8,839.95,176,2.86
31,73,Medium,High,Yes,6,68,High,Yes,1,Medium,Medium,Public,Positive,3,No,High School,Near,Female,70,Normal,1.8,1171.05,146,4.71
17,87,Medium,High,Yes,6,74,Low,Yes,1,Low,High,Private,Neutral,3,No,College,Moderate,Female,68,Normal,1.8,698.85,174,2.71
31,69,High,Low,Yes,7,60,Medium,Yes,1,Low,Medium,Public,Neutral,3,No,Postgraduate,Near,Female,68,Normal,0.8,2324.71,138,4.12
24,92,High,Low,No,8,57,Medium,Yes,3,Medium,Medium,Private,Positive,3,No,College,Near,Female,71,Normal,1.8,759.96,368,3.33
35,63,High,High,Yes,6,90,Low,Yes,0,Medium,Medium,Public,Positive,3,No,College,Near,Male,71,Normal,1.8,1749.9,63,5.0
14,96,Medium,Low,Yes,9,69,High,Yes,0,Medium,Medium,Private,Negative,3,Yes,College,Near,Female,66,Normal,2.8,344.99,96,1.4
28,70,Medium,Medium,Yes,9,87,Low,Yes,0,Low,Medium,Public,Neutral,3,No,High School,Moderate,Male,66,Normal,2.8,869.97,70,2.8
13,80,Medium,Medium,No,9,76,Medium,Yes,0,High,Medium,Public,Neutral,2,No,High School,Near,Female,64,High_Risk,2.8,352.84,80,1.3
18,83,Medium,High,Yes,5,66,Medium,Yes,0,High,Medium,Private,Positive,4,No,Postgraduate,Near,Male,69,Normal,2.8,424.27,83,3.0
16,70,Low,High,Yes,4,85,High,Yes,0,Medium,Medium,Private,Neutral,3,No,High School,Near,Male,64,High_Risk,3.8,357.89,70,3.2
13,77,Low,High,No,6,85,Low,Yes,2,Low,Medium,Public,Neutral,4,No,Postgraduate,Near,Female,65,High_Risk,1.8,613.85,231,2.43
16,72,Medium,High,No,5,53,Medium,Yes,1,High,High,Public,Positive,3,No,College,Near,Male,65,High_Risk,2.8,302.85,144,3.0
26,70,Medium,High,Yes,7,62,Medium,Yes,0,Low,Unknown,Private,Negative,1,No,College,Near,Female,66,Normal,0.8,2014.75,70,3.25
17,83,Medium,Low,Yes,8,69,Low,Yes,4,Low,High,Public,Neutral,3,No,College,Near,Male,67,Normal,1.8,651.63,415,2.78
24,76,Medium,Medium,No,9,92,Medium,Yes,1,Medium,Low,Public,Neutral,3,No,Postgraduate,Near,Female,68,Normal,2.8,788.54,152,2.6
29,97,High,Medium,Yes,7,74,Medium,Yes,1,Medium,Low,Public,Positive,4,Yes,High School,Near,Female,73,Normal,0.8,2682.16,194,3.88
24,83,Low,High,No,6,85,Low,Yes,1,Low,High,Public,Neutral,4,No,High School,Moderate,Female,68,Normal,1.8,1133.27,166,3.71
19,75,Medium,High,No,8,77,Medium,Yes,1,Low,Low,Public,Positive,4,No,High School,Moderate,Female,66,Normal,1.8,812.73,150,2.33
19,74,Medium,High,Yes,6,57,High,Yes,1,Medium,Medium,Private,Positive,2,No,High School,Near,Female,66,Normal,1.8,601.63,148,3.0
25,81,High,High,Yes,8,68,Low,Yes,0,Low,High,Public,Neutral,3,No,College,Moderate,Female,69,Normal,1.8,944.39,81,2.78
15,91,Medium,High,Yes,4,72,Low,Yes,1,High,High,Private,Neutral,2,No,High School,Near,Male,69,Normal,3.8,284.2,182,3.4
22,91,Low,Medium,Yes,10,51,High,Yes,2,High,Medium,Public,Neutral,3,No,High School,Near,Female,69,Normal,3.8,295.26,273,2.36
18,80,Low,Low,Yes,8,77,Medium,Yes,1,Low,High,Public,Negative,2,No,College,Near,Female,64,High_Risk,1.8,769.96,160,2.22
17,66,Medium,Medium,Yes,7,89,Medium,Yes,0,Medium,Medium,Private,Negative,3,No,College,Near,Male,63,High_Risk,0.8,1891.01,66,2.12
22,69,Low,Medium,No,9,84,Medium,Yes,0,Medium,Medium,Public,Neutral,3,No,College,Moderate,Male,64,High_Risk,2.8,659.98,69,2.2
30,99,Medium,Medium,Yes,5,70,Low,Yes,2,Medium,Medium,Public,Neutral,4,No,High School,Near,Female,74,Normal,2.8,749.97,297,5.67
17,93,Medium,Low,Yes,5,50,Low,Yes,3,High,Medium,Public,Positive,2,No,High School,Moderate,Male,67,Normal,2.8,303.56,372,3.83
23,78,Medium,Medium,Yes,5,83,Medium,Yes,1,Medium,Medium,Public,Positive,3,No,High School,Near,Male,68,Normal,2.8,681.76,156,4.17
18,78,Low,Medium,Yes,9,59,High,No,0,High,High,Private,Positive,1,No,High School,Moderate,Female,64,High_Risk,2.8,379.27,78,1.8
10,88,Low,Medium,No,9,60,Medium,Yes,1,Low,Medium,Public,Positive,3,No,High School,Moderate,Female,63,High_Risk,2.8,214.28,176,1.2
9,94,Medium,Medium,Yes,6,81,Low,Yes,0,Low,High,Public,Positive,3,No,High School,Near,Male,66,Normal,1.8,404.98,94,1.29
17,87,Medium,Medium,Yes,8,92,Medium,No,3,High,Low,Public,Negative,2,No,College,Near,Male,68,Normal,1.8,868.84,348,2.56
12,82,High,Medium,Yes,10,77,High,Yes,0,Medium,Medium,Public,Neutral,4,No,College,Far,Female,66,Normal,3.8,243.15,82,1.09
13,94,Medium,Medium,Yes,7,91,Low,Yes,3,Low,Medium,Public,Neutral,3,No,High School,Near,Male,68,Normal,0.8,1478.57,376,2.38
27,77,Medium,High,Yes,6,96,Low,Yes,0,Medium,High,Public,Positive,3,No,Postgraduate,Moderate,Male,71,Normal,1.8,1439.92,77,3.86
27,86,Medium,Medium,Yes,7,82,Low,Yes,2,Low,Medium,Public,Positive,3,No,High School,Moderate,Female,70,Normal,0.8,2767.15,258,3.88
26,64,Medium,High,No,7,56,Medium,Yes,3,Medium,Medium,Public,Positive,3,No,High School,Unknown,Male,66,Normal,0.8,1819.77,256,4.0
13,95,Medium,Medium,Yes,4,83,Low,No,1,Low,High,Public,Neutral,4,No,College,Moderate,Male,67,Normal,3.8,283.94,190,3.0
14,74,High,Medium,Yes,7,72,High,No,2,Medium,Medium,Private,Negative,3,No,College,Near,Male,65,High_Risk,0.8,1259.84,222,2.25
18,77,High,Medium,Yes,4,80,Medium,Yes,1,Medium,Low,Private,Negative,2,No,College,Near,Male,66,Normal,3.8,378.94,154,4.0
22,63,Medium,Medium,No,9,87,Low,Yes,0,High,High,Public,Negative,2,No,College,Moderate,Female,63,High_Risk,2.8,683.55,63,2.2
17,64,High,High,Yes,6,92,Medium,Yes,0,Medium,Medium,Private,Positive,1,No,Postgraduate,Near,Male,66,Normal,1.8,868.84,64,2.43
23,93,High,High,No,9,53,High,Yes,1,Low,Medium,Private,Neutral,4,No,College,Near,Female,72,Normal,2.8,435.34,186,2.5
19,73,Low,High,Yes,9,69,High,Yes,1,Low,Low,Public,Positive,4,No,Postgraduate,Near,Female,66,Normal,2.8,468.2,146,2.1
20,90,High,High,Yes,6,69,Medium,Yes,2,High,High,Public,Neutral,3,No,High School,Near,Female,72,Normal,1.8,766.62,270,3.43
36,96,Medium,Low,No,7,96,Medium,Yes,1,Low,High,Public,Positive,3,No,College,Moderate,Female,75,Normal,0.8,4319.46,192,4.75
23,64,Medium,Medium,Yes,7,59,High,Yes,3,Medium,Medium,Public,Positive,2,No,High School,Moderate,Female,65,High_Risk,0.8,1696.04,256,3.62
20,78,Low,Medium,No,8,89,High,No,0,Medium,Medium,Private,Neutral,4,No,College,Near,Female,66,Normal,1.8,988.83,78,2.22
26,88,Medium,High,Yes,5,79,Medium,Yes,1,Low,High,Private,Positive,4,No,College,Moderate,Male,72,Normal,2.8,733.55,176,4.67
24,93,Medium,Medium,Yes,7,96,Medium,No,5,High,Medium,Public,Negative,4,No,Postgraduate,Near,Female,74,Normal,0.8,2879.64,558,4.25
22,80,Medium,Medium,Yes,8,61,High,Yes,1,Low,Medium,Public,Positive,2,No,College,Moderate,Male,67,Normal,1.8,745.51,160,2.67
13,90,Medium,Medium,No,5,63,Medium,Yes,0,Low,Medium,Public,Neutral,4,No,High School,Moderate,Female,64,High_Risk,2.8,292.49,90,2.17
15,95,High,Low,No,8,70,Medium,Yes,2,High,High,Public,Neutral,3,Yes,High School,Near,Female,68,Normal,1.8,583.3,285,2.11
14,67,High,Medium,Yes,5,86,Medium,No,0,High,Medium,Public,Positive,4,No,College,Moderate,Female,64,High_Risk,2.8,429.98,67,2.33
14,75,Medium,Medium,Yes,6,75,Medium,Yes,0,Low,High,Public,Neutral,2,No,High School,Near,Male,64,High_Risk,1.8,583.3,75,2.0
28,92,Medium,Medium,Yes,7,87,Low,Yes,1,Low,Low,Public,Positive,1,No,High School,Near,Female,71,Normal,0.8,3044.62,184,3.75
25,77,Medium,High,No,7,56,Medium,Yes,1,Low,Medium,Public,Positive,3,No,Postgraduate,Near,Male,69,Normal,0.8,1749.78,154,3.38
21,66,Medium,Medium,Yes,5,70,Medium,Yes,1,Low,High,Private,Positive,5,No,High School,Near,Female,65,High_Risk,2.8,524.98,132,3.83
22,73,Low,High,Yes,4,92,Medium,Yes,0,Low,Medium,Public,Positive,4,No,Postgraduate,Moderate,Male,67,Normal,3.8,532.62,73,4.4
28,74,Medium,Low,Yes,4,62,Medium,Yes,1,Low,Medium,Private,Neutral,3,No,High School,Moderate,Male,65,High_Risk,3.8,456.83,148,6.0
18,99,Medium,High,Yes,7,81,Low,Yes,1,Medium,Medium,Public,Neutral,3,No,Postgraduate,Near,Male,72,Normal,0.8,1822.27,198,2.5
9,98,High,Medium,No,9,55,Low,Yes,3,Low,Medium,Public,Positive,2,No,High School,Unknown,Male,67,Normal,2.8,176.78,392,1.5
21,71,Medium,Medium,Yes,7,51,Medium,Yes,3,Medium,High,Private,Neutral,3,No,Postgraduate,Moderate,Female,66,Normal,0.8,1338.58,284,3.38
23,71,Low,Low,Yes,9,75,Low,Yes,1,Low,Medium,Public,Negative,2,No,College,Near,Male,63,High_Risk,2.8,616.05,142,2.5
26,71,Low,Medium,Yes,5,77,Low,Yes,0,Medium,Medium,Public,Neutral,5,No,Postgraduate,Near,Male,66,Normal,2.8,714.97,71,4.33
19,87,High,Medium,No,8,50,Low,Yes,0,High,High,Public,Neutral,2,No,High School,Near,Female,67,Normal,1.8,527.75,87,2.11
25,76,Medium,High,No,6,89,High,Yes,3,Low,Medium,Public,Neutral,3,No,College,Near,Male,70,Normal,1.8,1236.04,304,4.43
8,89,Medium,High,Yes,7,81,Low,Yes,4,Low,Medium,Public,Neutral,3,No,College,Near,Male,67,Normal,0.8,809.9,445,2.0
13,84,Medium,Medium,No,8,98,Low,No,2,Medium,Medium,Public,Positive,2,No,College,Moderate,Female,66,Normal,1.8,707.74,252,1.89
27,96,Medium,High,No,9,71,Low,Yes,0,Low,Medium,Private,Positive,4,No,College,Near,Female,72,Normal,2.8,684.62,96,2.7
15,74,Medium,Medium,Yes,4,92,Low,Yes,1,Medium,Medium,Private,Positive,3,No,Postgraduate,Near,Male,66,Normal,3.8,363.15,148,3.4
16,66,Medium,High,Yes,5,57,High,Yes,3,Medium,Medium,Public,Positive,3,No,High School,Moderate,Female,64,High_Risk,2.8,325.7,264,3.67
28,62,Medium,High,No,6,96,Medium,Yes,4,Medium,High,Public,Positive,3,No,High School,Near,Male,70,Normal,1.8,1493.25,310,5.14
23,75,Medium,Medium,Yes,8,87,Low,Yes,0,High,Low,Public,Positive,1,No,High School,Near,Female,66,Normal,1.8,1111.6,75,2.56
21,91,Medium,Medium,No,5,66,Low,Yes,1,High,Medium,Public,Positive,3,No,College,Near,Female,69,Normal,2.8,494.98,182,3.83
26,65,Medium,Medium,Yes,7,82,Low,Yes,1,Low,Medium,Public,Positive,1,No,Postgraduate,Far,Male,65,High_Risk,0.8,2664.67,130,3.5
19,72,Medium,High,No,5,52,Medium,Yes,2,Medium,Medium,Public,Neutral,3,No,Postgraduate,Near,Male,66,Normal,2.8,352.84,216,3.83
12,92,High,Low,Yes,7,89,Medium,Yes,1,Medium,High,Private,Neutral,2,No,Postgraduate,Moderate,Male,68,Normal,0.8,1334.83,184,1.75
18,86,Low,Medium,Yes,9,62,Medium,Yes,4,Medium,Medium,Public,Negative,2,Yes,Postgraduate,Near,Female,67,Normal,2.8,398.56,430,2.6
24,76,Low,High,No,6,72,High,Yes,3,Medium,High,Public,Neutral,3,Yes,High School,Moderate,Female,67,Normal,1.8,959.95,304,4.29
17,92,Medium,Medium,Yes,9,68,High,Yes,0,Medium,Low,Private,Positive,3,No,College,Near,Female,68,Normal,2.8,412.84,92,1.7
2,84,Low,High,No,8,54,Low,Yes,3,Low,Low,Public,Positive,4,No,Unknown,Near,Male,62,High_Risk,1.8,60.0,336,0.89
20,68,Medium,High,Yes,6,95,Medium,Yes,0,Low,Medium,Public,Positive,4,No,High School,Near,Female,66,Normal,1.8,1055.5,68,2.86
29,70,Medium,Low,Yes,7,72,Low,Yes,1,Medium,Medium,Public,Positive,4,No,College,Near,Male,67,Normal,0.8,2609.67,140,3.88
11,88,High,High,Yes,7,61,Low,Yes,2,Medium,Medium,Public,Neutral,3,No,Postgraduate,Near,Male,68,Normal,0.8,838.65,264,1.88
18,95,Medium,High,No,8,96,Medium,Yes,3,Medium,Low,Public,Negative,6,No,Postgraduate,Near,Male,73,Normal,1.8,959.95,380,2.67
20,84,Low,Medium,No,5,96,Low,Yes,1,Low,Medium,Public,Negative,2,No,High School,Near,Male,65,High_Risk,2.8,685.69,168,3.67
9,98,High,Medium,Yes,9,64,Medium,Yes,1,Low,Medium,Private,Negative,3,No,High School,Near,Male,67,Normal,2.8,205.71,196,1.1
26,84,Medium,High,Yes,7,71,Medium,Yes,0,Medium,Medium,Public,Neutral,2,No,High School,Near,Female,70,Normal,0.8,2307.21,84,3.25
29,78,High,Medium,No,6,92,Medium,Yes,2,Low,Medium,Private,Negative,4,No,High School,Near,Male,70,Normal,1.8,1482.14,234,4.71
18,94,Medium,Medium,Yes,8,51,Medium,Yes,0,High,Medium,Public,Positive,3,Yes,College,Moderate,Female,67,Normal,1.8,509.97,94,2.0
15,64,Medium,Medium,No,8,93,Medium,Yes,0,Low,Medium,Public,Negative,2,No,High School,Near,Female,61,High_Risk,1.8,774.96,64,1.67
30,79,Low,Medium,No,8,84,Medium,Yes,3,Low,Medium,Private,Negative,3,No,College,Moderate,Female,69,Normal,1.8,1399.92,316,4.0
24,65,Medium,Medium,No,7,55,Low,Yes,1,Low,High,Private,Positive,3,Yes,High School,Near,Female,63,High_Risk,0.8,1649.79,130,3.25
15,87,High,High,Yes,8,63,Medium,Yes,0,High,Medium,Public,Neutral,3,No,College,Near,Female,69,Normal,1.8,524.97,87,1.67
5,93,Medium,Medium,Yes,7,81,Medium,No,1,Low,High,Public,Neutral,2,No,College,Near,Female,65,High_Risk,0.8,506.19,186,0.88
11,97,Low,Medium,Yes,8,60,Low,Yes,2,Low,Medium,Public,Positive,3,No,College,Near,Female,66,Normal,1.8,366.65,291,1.67
25,79,High,Medium,Yes,7,52,Medium,Yes,1,Medium,Medium,Public,Negative,2,No,Postgraduate,Moderate,Female,68,Normal,0.8,1624.8,158,3.38
23,62,High,High,Yes,9,54,Low,Yes,3,Low,Medium,Private,Neutral,4,No,High School,Near,Male,65,High_Risk,2.8,443.56,248,2.9
22,82,Medium,High,Yes,7,58,Medium,Yes,0,Medium,Medium,Public,Negative,4,No,College,Near,Male,68,Normal,0.8,1594.8,82,2.75
27,88,Medium,Medium,Yes,7,90,Medium,Yes,3,Medium,Medium,Public,Positive,4,No,Postgraduate,Moderate,Female,74,Normal,0.8,3037.12,352,4.12
15,83,Medium,Medium,Yes,7,57,Low,Yes,0,Medium,Medium,Private,Positive,3,No,Postgraduate,Near,Male,65,High_Risk,0.8,1068.62,83,1.88
15,67,Low,Medium,Yes,5,65,Medium,Yes,4,Medium,Medium,Private,Negative,2,No,College,Near,Male,63,High_Risk,2.8,348.2,335,3.83
12,80,Medium,Low,No,7,90,Medium,Yes,3,Low,Medium,Public,Neutral,3,No,High School,Near,Female,64,High_Risk,0.8,1349.83,320,2.25
15,83,Medium,High,No,5,89,Low,No,1,Medium,High,Public,Neutral,2,Yes,High School,Near,Female,65,High_Risk,2.8,476.77,166,2.83
19,99,Medium,Medium,Yes,5,72,Low,Yes,3,Medium,High,Private,Neutral,4,No,Postgraduate,Near,Male,73,Normal,2.8,488.55,396,4.17
22,72,High,Medium,Yes,9,64,Low,Yes,1,Medium,Medium,Public,Negative,2,No,College,Near,Female,66,Normal,2.8,502.84,144,2.4
24,71,Medium,Medium,Yes,5,74,Medium,Yes,1,Medium,Medium,Private,Positive,3,No,High School,Near,Male,67,Normal,2.8,634.26,142,4.33
26,95,Medium,Medium,No,4,51,Medium,Yes,1,Low,Medium,Public,Positive,2,No,High School,Near,Male,70,Normal,3.8,348.94,190,5.6
18,85,Medium,Low,Yes,10,55,High,Yes,3,Medium,High,Public,Neutral,3,No,High School,Near,Male,67,Normal,3.8,260.52,340,2.18
8,71,High,Low,No,8,75,Medium,Yes,0,Medium,High,Public,Positive,3,No,High School,Near,Male,61,High_Risk,1.8,333.31,71,0.89
17,69,Medium,Medium,No,10,56,Medium,Yes,1,Medium,Medium,Public,Neutral,4,No,High School,Near,Female,63,High_Risk,3.8,250.52,138,1.73
30,87,High,Medium,Yes,9,61,High,Yes,2,Medium,High,Private,Neutral,4,No,High School,Moderate,Male,73,Normal,2.8,653.55,261,3.4
24,97,High,Medium,No,5,74,High,Yes,0,Medium,Low,Public,Neutral,5,No,High School,Near,Female,72,Normal,2.8,634.26,97,4.0
17,82,Medium,Low,Yes,6,84,High,Yes,2,Low,Low,Public,Negative,3,No,High School,Moderate,Female,65,High_Risk,1.8,793.29,246,3.0
29,65,Low,Medium,Yes,4,92,Medium,No,0,Medium,Medium,Private,Positive,4,No,High School,Near,Female,66,Normal,3.8,702.09,65,5.8
17,82,Medium,Medium,Yes,5,66,Medium,Yes,1,Medium,Low,Public,Positive,3,No,High School,Near,Female,66,Normal,2.8,400.7,164,3.17
3,92,High,Low,Yes,5,95,High,Yes,3,Medium,Medium,Public,Neutral,1,No,Postgraduate,Near,Female,67,Normal,2.8,101.78,368,1.5
24,85,Medium,Medium,Yes,10,83,Low,Yes,1,Medium,High,Public,Positive,4,No,College,Moderate,Female,70,Normal,3.8,524.2,170,2.36
19,93,Medium,High,No,6,65,Medium,Yes,0,Medium,High,Public,Neutral,3,No,High School,Near,Male,69,Normal,1.8,686.07,93,2.71
24,91,Low,Low,Yes,7,66,High,Yes,2,Low,High,Public,Neutral,3,No,High School,Near,Male,69,Normal,0.8,1979.75,273,3.5
30,94,Low,Medium,Yes,6,88,Low,Yes,2,Low,Medium,Private,Neutral,3,Yes,College,Near,Female,72,Normal,1.8,1466.59,282,4.86
27,69,Medium,Medium,No,8,51,Medium,Yes,1,High,Medium,Public,Negative,2,No,High School,Near,Male,65,High_Risk,1.8,764.96,138,3.22
30,71,High,Medium,Yes,9,95,High,No,1,Medium,Medium,Public,Neutral,4,No,College,Near,Male,70,Normal,2.8,1017.82,142,3.2
28,64,Medium,Medium,No,8,78,Low,Yes,2,Medium,Medium,Private,Negative,3,No,Postgraduate,Near,Male,66,Normal,1.8,1213.27,192,3.56
27,64,Medium,Medium,Yes,7,77,High,Yes,3,High,Medium,Public,Neutral,4,No,High School,Moderate,Male,68,Normal,0.8,2598.43,256,4.12
25,66,High,Medium,Yes,7,55,Medium,Yes,4,Medium,Medium,Public,Neutral,2,Yes,High School,Moderate,Female,84,Normal,0.8,1718.54,330,4.12
18,86,Medium,Medium,No,6,75,High,Yes,0,Low,High,Public,Neutral,4,No,High School,Near,Male,67,Normal,1.8,749.96,86,2.57
15,96,Medium,High,Yes,7,84,High,Yes,3,Medium,Low,Public,Positive,1,No,Postgraduate,Near,Male,72,Normal,0.8,1574.8,384,2.62
11,70,Medium,Low,Yes,7,66,Low,Yes,1,Medium,High,Public,Negative,3,No,High School,Near,Female,60,High_Risk,0.8,907.39,140,1.62
22,64,Low,Medium,Yes,9,60,Medium,Yes,1,High,High,Private,Neutral,2,No,High School,Near,Male,63,High_Risk,2.8,471.41,128,2.4
19,88,Medium,Low,No,7,59,Medium,Yes,2,Low,Medium,Public,Neutral,3,No,College,Near,Female,66,Normal,0.8,1401.07,264,2.88
9,78,Low,High,No,6,87,Medium,Yes,0,Medium,High,Private,Positive,3,No,Postgraduate,Near,Male,65,High_Risk,1.8,434.98,78,1.29
18,64,Medium,High,Yes,9,89,Low,Yes,1,Medium,High,Private,Neutral,3,No,High School,Moderate,Male,64,High_Risk,2.8,572.12,128,2.0
17,86,High,Low,Yes,4,60,High,Yes,2,High,Low,Private,Positive,3,Yes,College,Moderate,Female,67,Normal,3.8,268.41,258,4.2
20,70,Low,Medium,No,8,64,Low,Yes,0,Low,Low,Private,Positive,3,No,High School,Far,Male,61,High_Risk,1.8,711.07,70,2.22
17,73,Low,Medium,Yes,5,85,High,Yes,3,Medium,Medium,Public,Positive,1,No,College,Near,Female,66,Normal,2.8,516.05,292,3.83
23,74,Medium,Low,Yes,8,66,Low,Yes,0,High,Medium,Public,Negative,4,No,Postgraduate,Near,Female,65,High_Risk,1.8,843.29,74,2.56
28,73,High,Medium,Yes,6,71,Medium,Yes,0,Medium,High,Private,Positive,2,No,College,Moderate,Female,69,Normal,1.8,1104.38,73,4.0
21,62,Medium,Low,No,6,74,High,Yes,0,Low,High,Private,Positive,3,Yes,Postgraduate,Far,Male,62,High_Risk,1.8,863.29,62,3.0
31,92,Medium,Medium,Yes,9,54,Medium,No,1,Low,Medium,Private,Positive,3,No,College,Near,Male,71,Normal,2.8,597.84,184,3.3
14,65,Low,Medium,Yes,7,81,Medium,Yes,1,Low,Medium,Public,Positive,3,No,High School,Moderate,Female,61,High_Risk,0.8,1417.32,130,2.0
22,98,High,Medium,Yes,6,64,Low,Yes,0,Medium,High,Public,Positive,3,No,High School,Moderate,Female,71,Normal,1.8,782.18,98,3.14
22,70,Low,Medium,Yes,6,82,Medium,Yes,1,Low,High,Public,Neutral,3,No,High School,Near,Female,65,High_Risk,1.8,1002.17,140,3.43
24,71,High,Medium,Yes,9,90,Low,Yes,3,Medium,High,Private,Neutral,3,No,College,Near,Male,69,Normal,2.8,771.4,284,3.0
23,86,Medium,Medium,Yes,8,59,Low,Yes,1,Low,Medium,Public,Neutral,3,No,Postgraduate,Moderate,Female,68,Normal,1.8,753.85,172,2.78
17,81,Medium,Medium,No,5,87,High,Yes,0,Low,High,Private,Neutral,2,No,College,Near,Female,67,Normal,2.8,528.2,81,2.83
17,70,High,Medium,No,7,75,Medium,Yes,1,Low,Medium,Private,Neutral,4,Yes,College,Far,Male,63,High_Risk,0.8,1593.55,140,2.38
19,67,Medium,Medium,No,7,59,Low,Yes,3,Low,High,Private,Positive,3,No,Postgraduate,Near,Female,65,High_Risk,0.8,1401.07,268,3.12
23,80,Medium,Medium,No,7,67,Low,Yes,2,Low,High,Public,Neutral,4,No,High School,Near,Male,67,Normal,0.8,1926.01,240,3.38
23,78,High,Medium,No,8,94,Medium,Yes,1,High,Medium,Private,Neutral,2,Yes,High School,Moderate,Male,68,Normal,1.8,1201.04,156,2.78
21,98,Medium,High,No,5,63,Low,Yes,0,Low,High,Public,Neutral,2,No,Postgraduate,Near,Male,70,Normal,2.8,472.48,98,3.5
19,76,High,Low,No,7,76,Medium,Yes,0,High,High,Public,Neutral,2,No,Postgraduate,Near,Male,66,Normal,0.8,1804.77,76,2.38
10,76,Medium,Low,Yes,7,79,Low,Yes,3,Medium,Medium,Private,Neutral,4,No,High School,Far,Female,62,High_Risk,0.8,987.38,304,2.0
29,93,Medium,High,No,7,82,Medium,Yes,5,Low,Medium,Public,Negative,3,No,High School,Moderate,Male,73,Normal,0.8,2972.13,558,4.88
20,86,High,High,No,7,73,Medium,Yes,3,Low,Low,Public,Neutral,3,Yes,High School,Near,Male,69,Normal,0.8,1824.77,344,3.25
22,82,High,Medium,No,7,68,High,Yes,2,Low,Medium,Private,Neutral,4,No,Postgraduate,Near,Male,70,Normal,0.8,1869.77,246,3.25
16,74,High,Low,No,9,79,High,Yes,0,High,Medium,Public,Neutral,4,No,Postgraduate,Moderate,Female,65,High_Risk,2.8,451.41,74,1.6
24,99,High,Medium,No,4,92,Low,Yes,2,High,Medium,Private,Neutral,3,No,High School,Far,Male,72,Normal,3.8,581.04,297,5.6
12,77,Low,Medium,No,7,64,Low,Yes,2,High,High,Public,Positive,4,No,College,Moderate,Female,64,High_Risk,0.8,959.88,231,2.0
22,80,Medium,High,Yes,10,92,Medium,Yes,0,Medium,High,Public,Positive,2,No,High School,Near,Female,70,Normal,3.8,532.62,80,2.0
21,83,High,Medium,Yes,6,81,Low,Yes,3,High,Medium,Public,Negative,4,No,Postgraduate,Moderate,Male,71,Normal,1.8,944.95,332,3.86
24,72,High,High,No,6,78,High,Yes,0,Low,High,Public,Negative,6,No,High School,Near,Female,68,Normal,1.8,1039.94,72,3.43
19,70,Medium,Medium,No,7,63,Low,No,3,Low,Low,Public,Neutral,5,No,High School,Near,Male,63,High_Risk,0.8,1496.06,280,3.12
18,99,Medium,High,Yes,10,51,Medium,Yes,1,Medium,Low,Public,Neutral,4,No,Postgraduate,Near,Male,71,Normal,3.8,241.57,198,1.82
19,66,High,Low,No,9,99,Medium,Yes,1,Medium,Medium,Public,Positive,3,No,College,Near,Male,66,Normal,2.8,671.76,132,2.1
17,65,Medium,Medium,No,7,65,Medium,Yes,0,High,Medium,Private,Neutral,4,No,High School,Moderate,Male,62,High_Risk,0.8,1381.08,65,2.12
20,96,High,Medium,Yes,8,65,High,Yes,0,Medium,Low,Public,Neutral,2,No,High School,Near,Female,70,Normal,1.8,722.18,96,2.22
13,88,High,Medium,Yes,7,53,Medium,Yes,2,Medium,Medium,Private,Negative,4,No,College,Moderate,Male,66,Normal,0.8,861.14,264,2.12
20,71,High,Medium,No,6,93,High,Yes,2,Medium,High,Public,Negative,2,No,Postgraduate,Near,Male,68,Normal,1.8,1033.28,213,3.43
26,69,Low,Low,Yes,7,84,Medium,Yes,0,Medium,Medium,Private,Neutral,3,Yes,High School,Moderate,Male,63,High_Risk,0.8,2729.66,69,3.25
17,64,Low,Medium,No,7,68,Medium,Yes,5,Medium,Medium,Private,Neutral,3,No,High School,Near,Male,63,High_Risk,0.8,1444.82,384,3.38
29,99,Medium,Medium,Yes,7,55,Low,Yes,0,Medium,Medium,Private,Positive,3,No,High School,Moderate,Male,71,Normal,0.8,1993.5,99,3.62
17,96,Medium,Low,Yes,9,79,Low,No,3,Medium,Medium,Private,Neutral,2,No,Postgraduate,Moderate,Male,68,Normal,2.8,479.63,384,2.3
33,67,High,Medium,Yes,6,86,Medium,Yes,4,Medium,High,Public,Positive,3,Yes,High School,Near,Female,71,Normal,1.8,1576.58,335,5.86
20,90,Low,Medium,No,7,65,Low,No,4,Low,High,Public,Positive,4,No,College,Moderate,Female,68,Normal,0.8,1624.8,450,3.5
30,62,Medium,High,Yes,6,63,Medium,Yes,2,Low,High,Public,Positive,4,No,High School,Moderate,Male,68,Normal,1.8,1049.94,186,4.86
27,97,High,High,No,8,72,Medium,Yes,6,Low,Medium,Public,Neutral,2,No,College,Near,Female,76,Normal,1.8,1079.94,679,4.33
19,75,High,High,Yes,6,96,Medium,Yes,2,Medium,Medium,Public,Positive,4,No,High School,Near,Female,70,Normal,1.8,1013.28,225,3.29
16,99,Medium,Medium,No,6,76,Low,Yes,2,Medium,Medium,Private,Positive,4,No,College,Near,Female,70,Normal,1.8,675.52,297,2.86
25,98,Medium,Medium,Yes,7,90,High,Yes,1,High,Low,Public,Neutral,4,No,Postgraduate,Near,Male,94,Normal,0.8,2812.15,196,3.38
18,78,High,Medium,No,7,67,Low,No,0,High,Medium,Public,Negative,3,No,College,Moderate,Male,64,High_Risk,0.8,1507.31,78,2.25
27,83,Medium,Medium,Yes,8,66,Medium,Yes,3,Medium,Medium,Public,Positive,4,No,College,Far,Female,70,Normal,1.8,989.95,332,3.67
10,77,Low,High,Yes,10,64,High,Yes,1,Low,Medium,Private,Negative,3,Yes,College,Near,Female,62,High_Risk,3.8,168.42,154,1.09
31,84,Medium,Medium,No,5,50,Medium,No,2,Low,High,Private,Positive,3,No,High School,Near,Male,69,Normal,2.8,553.55,252,5.83
16,80,High,Medium,Yes,8,98,High,Yes,2,Medium,High,Private,Positive,4,No,Postgraduate,Near,Male,71,Normal,1.8,871.06,240,2.22
32,86,Medium,Medium,Yes,6,77,Medium,No,2,Medium,Low,Private,Negative,4,No,High School,Near,Male,71,Normal,1.8,1368.81,258,5.14
19,71,Medium,Medium,Yes,7,91,Medium,Yes,3,High,Medium,Public,Negative,1,No,High School,Moderate,Female,66,Normal,0.8,2160.98,284,3.12
20,74,Low,Medium,No,6,79,Medium,Yes,1,High,Unknown,Public,Neutral,2,Yes,College,Far,Male,64,High_Risk,1.8,877.73,148,3.14
24,72,Medium,Medium,No,7,75,Medium,Yes,3,High,Medium,Private,Neutral,2,No,College,Near,Female,68,Normal,0.8,2249.72,288,3.75
20,71,High,Medium,No,8,77,Medium,Yes,0,High,Unknown,Private,Neutral,4,No,High School,Moderate,Male,66,Normal,1.8,855.51,71,2.22
9,62,Low,High,Yes,5,58,Low,Yes,0,Medium,High,Private,Positive,5,No,College,Moderate,Female,59,High_Risk,2.8,186.42,62,1.5
17,61,Medium,High,No,7,72,Low,Yes,1,Medium,High,Public,Neutral,2,No,High School,Moderate,Male,62,High_Risk,0.8,1529.81,122,2.38
19,99,High,Medium,Yes,6,100,Medium,Yes,1,Low,Medium,Private,Positive,1,No,High School,Moderate,Male,72,Normal,1.8,1055.5,198,3.0
15,82,Medium,Medium,Yes,10,75,Medium,Yes,1,High,Medium,Public,Negative,1,No,College,Near,Female,66,Normal,3.8,296.04,164,1.55
21,88,Low,Medium,No,4,80,Low,Yes,1,Medium,Medium,Public,Positive,2,Yes,Postgraduate,Near,Male,67,Normal,3.8,442.09,176,4.6
14,78,High,Medium,Yes,6,69,High,Yes,0,Medium,Medium,Public,Positive,5,No,College,Moderate,Female,67,Normal,1.8,536.64,78,2.0
15,80,High,Low,No,9,56,High,Yes,3,Medium,Medium,Public,Neutral,3,Yes,High School,Near,Female,64,High_Risk,2.8,299.99,320,2.1
20,68,Medium,High,Yes,5,82,Medium,No,1,Low,High,Public,Positive,3,No,Postgraduate,Near,Female,67,Normal,2.8,585.69,136,3.67
12,85,Medium,High,Yes,6,82,Medium,Yes,1,High,Medium,Public,Neutral,2,No,High School,Far,Male,66,Normal,1.8,546.64,170,2.0
17,89,High,Low,Yes,9,79,Medium,No,0,Medium,Medium,Public,Positive,2,No,College,Near,Female,67,Normal,2.8,479.63,89,1.7
29,93,Medium,Medium,Yes,7,84,Medium,Yes,0,High,Medium,Public,Neutral,3,No,College,Moderate,Male,72,Normal,0.8,3044.62,93,3.62
14,83,Low,Low,Yes,9,79,Medium,Yes,1,Medium,Low,Public,Positive,3,No,High School,Near,Male,64,High_Risk,2.8,394.99,166,1.6
20,98,High,Low,Yes,9,95,Low,Yes,1,Low,Medium,Public,Positive,2,No,High School,Moderate,Female,70,Normal,2.8,678.55,196,2.2
19,98,Medium,High,No,9,90,Low,No,1,High,Medium,Private,Positive,2,No,College,Far,Female,70,Normal,2.8,610.69,196,2.1
15,78,Medium,Medium,No,5,73,Medium,Yes,0,High,High,Private,Positive,1,Yes,College,Near,Male,64,High_Risk,2.8,391.06,78,2.5
16,71,Low,Low,Yes,6,59,High,Yes,1,Low,High,Public,Positive,3,No,Postgraduate,Near,Male,82,Normal,1.8,524.42,142,2.57
20,64,High,Medium,Yes,8,86,Medium,Yes,1,Medium,Medium,Public,Neutral,2,No,Postgraduate,Near,Male,66,Normal,1.8,955.5,128,2.44
18,67,Medium,High,Yes,7,78,Low,Yes,2,Medium,Medium,Public,Negative,3,Yes,High School,Near,Female,63,High_Risk,0.8,1754.78,201,2.75
25,87,High,Low,No,6,51,Low,Yes,3,Medium,Medium,Public,Neutral,3,No,Postgraduate,Near,Male,70,Normal,1.8,708.29,348,4.43
15,83,Medium,Low,Yes,8,91,Medium,Yes,0,Low,Medium,Private,Neutral,3,No,College,Far,Male,64,High_Risk,1.8,758.29,83,1.67
9,90,High,Medium,Yes,9,65,Low,Yes,3,Medium,Medium,Public,Positive,3,No,High School,Near,Female,67,Normal,2.8,208.92,360,1.5
27,92,Low,Medium,No,10,96,Medium,Yes,0,Low,Medium,Public,Neutral,2,No,Postgraduate,Far,Male,70,Normal,3.8,682.09,92,2.45
26,90,Low,High,Yes,6,81,Medium,Yes,1,Low,Medium,Private,Neutral,3,No,Postgraduate,Near,Male,71,Normal,1.8,1169.94,180,4.0
14,63,High,High,No,8,74,Medium,Yes,1,Low,Medium,Private,Neutral,4,No,Postgraduate,Moderate,Female,63,High_Risk,1.8,575.52,126,1.78
30,84,High,Medium,Yes,9,94,Medium,Yes,1,Low,High,Private,Positive,2,Yes,High School,Near,Female,72,Normal,2.8,1007.11,168,3.2
10,94,Medium,High,No,5,73,Medium,Yes,1,Medium,Medium,Public,Negative,3,No,High School,Moderate,Male,66,Normal,2.8,260.7,188,2.0
23,99,Medium,High,No,7,89,High,Yes,1,Medium,Medium,Public,Neutral,3,No,High School,Near,Female,73,Normal,0.8,2558.43,198,3.12
22,91,Low,Medium,Yes,8,95,Medium,Yes,1,Low,High,Private,Neutral,2,No,High School,Near,Male,70,Normal,1.8,1161.05,182,2.67
22,79,Low,Medium,No,10,57,Low,Yes,1,Medium,High,Public,Positive,2,No,High School,Near,Male,65,High_Risk,3.8,329.99,158,2.18
14,92,Medium,High,Yes,9,58,High,Yes,1,High,Low,Public,Positive,2,No,High School,Near,Male,69,Normal,2.8,289.99,184,1.6
21,89,Low,Low,Yes,8,65,Medium,Yes,2,Low,Low,Public,Neutral,3,No,College,Near,Female,67,Normal,1.8,758.29,267,2.78
27,87,Medium,Medium,Yes,8,56,Medium,Yes,3,Medium,High,Public,Neutral,3,No,Postgraduate,Near,Male,72,Normal,1.8,839.95,348,3.67
31,91,Medium,Medium,Yes,6,82,Medium,Yes,2,Medium,High,Public,Positive,3,No,High School,Near,Male,74,Normal,1.8,1412.14,273,5.0
8,72,Low,Medium,Yes,5,72,Medium,Yes,3,High,Low,Private,Positive,4,No,High School,Near,Female,62,High_Risk,2.8,205.71,288,2.33
26,77,Low,Medium,Yes,6,63,Low,Yes,1,Low,High,Public,Negative,4,No,High School,Near,Male,66,Normal,1.8,909.95,154,4.0
22,77,High,Low,Yes,7,70,Medium,Yes,2,Medium,Medium,Private,Positive,4,No,Postgraduate,Near,Male,69,Normal,0.8,1924.76,231,3.25
11,78,High,High,No,8,63,Low,Yes,1,Low,Medium,Public,Neutral,3,No,High School,Near,Female,64,High_Risk,1.8,384.98,156,1.44
14,86,High,High,Yes,6,62,Medium,Yes,1,Medium,Medium,Private,Positive,2,No,High School,Near,Male,68,Normal,1.8,482.2,172,2.29
25,76,Medium,Low,Yes,7,96,Medium,Yes,3,Medium,Medium,Public,Positive,4,Yes,High School,Near,Female,68,Normal,0.8,2999.63,304,3.88
20,70,High,Medium,No,9,75,Low,Yes,3,Medium,Medium,Public,Neutral,4,No,College,Moderate,Male,66,Normal,2.8,535.7,280,2.6
27,89,Medium,Low,No,4,67,Medium,Yes,2,Low,Low,Private,Neutral,4,No,College,Near,Female,69,Normal,3.8,476.04,267,6.2
9,81,Medium,Medium,Yes,7,99,Medium,Yes,2,Low,Medium,Public,Neutral,3,No,High School,Moderate,Female,64,High_Risk,0.8,1113.61,243,1.62
29,89,Low,Medium,Yes,8,98,Medium,Yes,1,Medium,Medium,Public,Negative,4,No,High School,Moderate,Male,71,Normal,1.8,1578.8,178,3.44
20,65,High,Medium,No,7,58,Medium,No,3,Low,Medium,Private,Neutral,4,No,High School,Near,Male,63,High_Risk,0.8,1449.82,260,3.25
23,77,Low,High,Yes,8,94,Medium,Yes,0,High,Medium,Private,Positive,3,No,Postgraduate,Near,Male,70,Normal,1.8,1201.04,77,2.56
21,89,Medium,Low,Yes,9,80,Medium,Yes,0,Medium,Low,Public,Neutral,3,No,Postgraduate,Moderate,Male,68,Normal,2.8,599.98,89,2.1
15,87,Medium,High,Yes,10,52,Medium,Yes,2,Low,High,Private,Positive,3,No,College,Near,Male,68,Normal,3.8,205.26,261,1.73
26,98,Medium,Low,Yes,9,73,High,Yes,1,High,Low,Public,Neutral,6,No,Postgraduate,Moderate,Male,73,Normal,2.8,677.83,196,2.8
20,67,High,High,No,6,59,Low,Yes,1,Medium,Medium,Private,Negative,4,No,College,Near,Female,65,High_Risk,1.8,655.52,134,3.14
32,80,High,Medium,No,6,77,Low,Yes,0,Medium,Medium,Public,Neutral,5,No,College,Near,Male,71,Normal,1.8,1368.81,80,4.57
13,70,Medium,High,Yes,8,78,Medium,Yes,0,Low,Medium,Private,Negative,3,Yes,High School,Near,Male,61,High_Risk,1.8,563.3,70,1.44
27,79,Low,High,Yes,8,63,High,Yes,2,Low,Medium,Public,Negative,5,No,College,Moderate,Female,69,Normal,1.8,944.95,237,3.44
16,74,Low,High,No,8,76,Medium,Yes,5,Low,Medium,Public,Negative,3,No,College,Moderate,Male,65,High_Risk,1.8,675.52,444,2.89
28,86,Medium,Medium,Yes,7,52,Medium,Yes,0,Medium,Medium,Public,Positive,5,No,College,Near,Male,70,Normal,0.8,1819.77,86,3.5
19,99,Low,Low,No,8,79,High,Yes,3,Medium,Medium,Private,Positive,4,No,High School,Near,Male,70,Normal,1.8,833.84,396,2.78
21,71,High,Medium,Yes,8,57,Low,No,2,High,Medium,Public,Positive,1,No,Postgraduate,Near,Female,66,Normal,1.8,664.96,213,2.78
21,84,Medium,Medium,Yes,7,98,Medium,Yes,0,Medium,Medium,Public,Neutral,4,No,College,Near,Male,70,Normal,0.8,2572.18,84,2.62
16,93,Medium,High,No,10,55,Medium,No,2,Low,Medium,Public,Neutral,2,No,College,Near,Male,67,Normal,3.8,231.57,279,1.82
25,92,Medium,Medium,Yes,4,74,Medium,Yes,3,Low,High,Public,Positive,2,Yes,High School,Moderate,Female,71,Normal,3.8,486.83,368,6.2
26,83,Medium,Medium,No,10,79,Medium,Yes,1,High,Medium,Public,Neutral,2,No,High School,Moderate,Female,69,Normal,3.8,540.51,166,2.55
18,98,High,Low,No,7,64,Medium,Yes,0,Medium,Medium,Public,Positive,4,No,Postgraduate,Moderate,Male,70,Normal,0.8,1439.82,98,2.25
17,67,High,Low,No,10,71,Medium,Yes,1,Medium,Medium,Public,Positive,3,No,High School,Near,Male,63,High_Risk,3.8,317.62,134,1.73
27,61,Medium,Medium,No,5,70,Medium,Yes,2,Low,Low,Public,Neutral,2,No,College,Near,Male,64,High_Risk,2.8,674.98,183,5.17
26,94,Low,Low,Yes,9,55,Low,Yes,2,High,Medium,Public,Neutral,3,No,High School,Near,Male,69,Normal,2.8,510.7,282,3.0
24,66,Low,High,No,7,74,Medium,Yes,0,High,High,Public,Neutral,2,No,College,Moderate,Male,65,High_Risk,0.8,2219.72,66,3.0
15,72,Medium,Low,Yes,9,80,Medium,Yes,4,Medium,High,Private,Neutral,4,No,College,Moderate,Female,65,High_Risk,2.8,428.56,360,2.3
24,73,High,Medium,Yes,7,70,Medium,Yes,0,High,Medium,Public,Negative,3,No,Postgraduate,Near,Female,68,Normal,0.8,2099.74,73,3.0
18,97,Low,Medium,No,7,70,Low,Yes,0,High,Medium,Public,Neutral,2,Yes,High School,Near,Female,66,Normal,0.8,1574.8,97,2.25
23,90,Medium,Medium,No,7,89,Low,Yes,2,High,Medium,Public,Positive,4,No,College,Moderate,Female,71,Normal,0.8,2558.43,270,3.38
30,88,High,Medium,Yes,9,96,Medium,Yes,1,Medium,High,Private,Neutral,3,Yes,High School,Near,Male,73,Normal,2.8,1028.53,176,3.2
12,96,Low,Medium,Yes,7,71,High,Yes,2,Medium,Medium,Private,Positive,2,No,College,Near,Male,68,Normal,0.8,1064.87,288,2.0
28,78,High,Medium,Yes,7,86,Low,Yes,0,Low,High,Public,Neutral,2,No,College,Moderate,Male,69,Normal,0.8,3009.62,78,3.5
19,91,Medium,Medium,No,8,59,High,Yes,1,High,Medium,Public,Neutral,2,No,Postgraduate,Near,Male,69,Normal,1.8,622.74,182,2.33
22,81,Low,High,Yes,8,50,High,Yes,4,Medium,Medium,Private,Positive,5,No,High School,Far,Female,68,Normal,1.8,611.08,405,3.33
21,98,Low,Medium,No,6,88,Medium,Yes,1,Medium,Low,Public,Neutral,3,No,Postgraduate,Near,Male,71,Normal,1.8,1026.61,196,3.29
22,91,Medium,Medium,Yes,7,66,Medium,No,0,High,High,Public,Negative,3,No,College,Near,Female,69,Normal,0.8,1814.77,91,2.75
23,67,Low,Low,No,9,98,Medium,Yes,2,Low,High,Public,Negative,0,No,College,Near,Female,64,High_Risk,2.8,804.97,201,2.7
6,88,High,High,Yes,7,73,Medium,Yes,3,Low,Medium,Private,Neutral,3,No,College,Near,Male,67,Normal,0.8,547.43,352,1.5
31,85,High,Medium,No,8,53,Medium,Yes,2,Low,High,Public,Positive,3,No,High School,Near,Male,72,Normal,1.8,912.73,255,3.89
15,95,Low,Low,Yes,6,88,Low,Yes,1,Low,Medium,Public,Negative,5,No,High School,Near,Male,66,Normal,1.8,733.29,190,2.43
26,71,High,Medium,Yes,7,76,Medium,Yes,3,Low,Medium,Public,Positive,2,No,Postgraduate,Moderate,Male,69,Normal,0.8,2469.69,284,4.0
26,66,High,High,Yes,5,82,Medium,Yes,1,Low,Medium,Public,Neutral,3,No,High School,Near,Female,68,Normal,2.8,761.4,132,4.67
22,82,Medium,Low,No,5,54,Medium,Yes,2,Medium,Medium,Public,Neutral,2,No,College,Moderate,Male,66,Normal,2.8,424.27,246,4.33
21,99,Medium,High,Yes,7,53,Medium,Yes,0,Medium,Low,Public,Neutral,4,No,Postgraduate,Near,Female,71,Normal,0.8,1391.08,99,2.62
21,84,High,Low,No,6,66,High,Yes,2,High,Medium,Private,Positive,4,Yes,College,Far,Male,68,Normal,1.8,769.96,252,3.57
9,77,Medium,Medium,No,5,57,Medium,Yes,2,Medium,High,Public,Neutral,3,No,High School,Near,Male,63,High_Risk,2.8,183.21,231,2.17
15,74,Medium,High,No,6,80,Medium,Yes,2,High,Medium,Public,Negative,3,No,Postgraduate,Moderate,Male,66,Normal,1.8,666.63,222,2.71
27,74,Medium,High,Yes,9,84,Low,Yes,3,High,Medium,Private,Negative,3,No,College,Near,Female,70,Normal,2.8,809.97,296,3.3
16,90,High,Medium,No,7,66,Medium,Yes,0,High,High,Public,Negative,3,No,High School,Moderate,Male,67,Normal,0.8,1319.84,90,2.0
27,93,High,Low,Yes,7,84,Low,Yes,1,Medium,Medium,Private,Neutral,2,No,Postgraduate,Near,Male,72,Normal,0.8,2834.65,186,3.62
24,75,Medium,High,Yes,9,75,High,Yes,0,Medium,High,Public,Positive,3,No,College,Far,Male,69,Normal,2.8,642.83,75,2.4
17,66,Medium,Medium,Yes,8,83,Medium,Yes,4,Medium,High,Private,Negative,5,No,High School,Moderate,Male,65,High_Risk,1.8,783.85,330,2.78
29,85,High,Medium,Yes,9,65,High,No,4,Low,Medium,Private,Neutral,4,No,Postgraduate,Moderate,Male,72,Normal,2.8,673.19,425,3.7
20,67,High,Medium,No,9,96,High,Yes,1,High,High,Public,Positive,3,No,High School,Near,Female,68,Normal,2.8,685.69,134,2.2
21,67,Low,High,No,7,70,Low,Yes,2,Low,Medium,Private,Negative,2,No,Postgraduate,Moderate,Female,63,High_Risk,0.8,1837.27,201,3.12
19,81,Medium,High,Yes,9,53,Medium,Yes,2,High,Medium,Public,Positive,3,No,High School,Near,Male,68,Normal,2.8,359.63,243,2.3
23,90,High,High,No,7,87,High,Yes,1,Low,Medium,Public,Neutral,2,No,High School,Near,Female,72,Normal,0.8,2500.94,180,3.12
14,85,Medium,Low,Yes,5,53,Medium,Yes,4,Medium,Medium,Public,Neutral,3,No,High School,Near,Male,65,High_Risk,2.8,264.99,425,3.67
18,72,High,Medium,Yes,8,69,High,No,2,High,Medium,Public,Neutral,4,Yes,High School,Far,Female,64,High_Risk,1.8,689.96,216,2.44
13,63,High,Medium,Yes,5,65,Medium,Yes,2,High,Medium,Private,Neutral,2,No,High School,Far,Male,62,High_Risk,2.8,301.77,189,2.83
22,89,High,Medium,No,6,76,Medium,Yes,2,Low,Medium,Public,Neutral,4,No,High School,Near,Male,70,Normal,1.8,928.84,267,3.71
22,93,High,Medium,Yes,4,96,High,Yes,1,High,Low,Private,Positive,2,No,College,Near,Male,73,Normal,3.8,555.77,186,4.8
26,67,Medium,High,Yes,7,51,Low,Yes,2,High,High,Private,Neutral,4,Yes,Postgraduate,Far,Female,66,Normal,0.8,1657.29,201,3.75
25,98,Low,Medium,No,7,98,Medium,Yes,1,Medium,Medium,Public,Negative,4,No,Postgraduate,Near,Male,72,Normal,0.8,3062.12,196,3.38
14,77,Low,Low,No,7,99,Low,Yes,2,Medium,Medium,Public,Positive,2,No,Postgraduate,Moderate,Female,64,High_Risk,0.8,1732.28,231,2.25
16,77,Medium,High,Yes,8,74,Medium,Yes,0,High,Low,Private,Neutral,2,No,College,Moderate,Female,65,High_Risk,1.8,657.74,77,1.78
15,86,Medium,Low,No,6,90,Medium,Yes,0,Medium,High,Public,Neutral,3,No,Postgraduate,Far,Male,66,Normal,1.8,749.96,86,2.14
17,73,High,High,No,9,78,Medium,Yes,0,Low,High,Public,Negative,3,No,Postgraduate,Moderate,Female,66,Normal,2.8,473.55,73,1.7
9,93,High,Low,Yes,6,72,Low,Yes,1,Medium,Medium,Public,Positive,2,No,College,Near,Female,66,Normal,1.8,359.98,186,1.57
18,94,High,Medium,Yes,8,77,Medium,Yes,3,Medium,High,Public,Positive,4,No,Postgraduate,Near,Male,74,Normal,1.8,769.96,376,2.67
24,68,Medium,Low,Yes,7,70,Low,Yes,1,Low,Low,Public,Neutral,3,No,College,Near,Male,64,High_Risk,0.8,2099.74,136,3.25
22,96,Medium,High,No,7,70,Medium,No,2,Medium,Medium,Private,Negative,4,No,College,Moderate,Male,70,Normal,0.8,1924.76,288,3.25
20,89,Medium,High,No,8,67,Medium,Yes,2,Low,High,Public,Neutral,2,Yes,College,Near,Male,69,Normal,1.8,744.4,267,2.67
19,80,High,Low,No,6,63,Low,Yes,1,Low,Medium,Public,Neutral,3,No,High School,Near,Male,64,High_Risk,1.8,664.96,160,3.0
21,66,Medium,Medium,Yes,6,74,Medium,Yes,2,Medium,High,Private,Neutral,4,No,High School,Near,Female,66,Normal,1.8,863.29,198,3.57
27,69,Medium,Low,Yes,5,93,Medium,Yes,1,Medium,Medium,Public,Positive,4,No,College,Moderate,Male,67,Normal,2.8,896.75,138,4.83
10,76,Low,Medium,Yes,8,76,Medium,Yes,2,High,High,Private,Positive,3,Yes,Postgraduate,Moderate,Male,64,High_Risk,1.8,422.2,228,1.56
9,88,Medium,Medium,Yes,7,91,Medium,Yes,1,Low,Unknown,Public,Negative,3,No,College,Near,Female,66,Normal,0.8,1023.62,176,1.38
12,89,Low,Medium,Yes,7,63,Medium,Yes,4,Low,High,Public,Neutral,2,No,College,Near,Male,67,Normal,0.8,944.88,445,2.5
22,72,Low,High,No,6,78,Low,No,1,Low,High,Public,Neutral,3,No,Postgraduate,Near,Male,65,High_Risk,1.8,953.28,144,3.43
14,67,Medium,Low,No,4,71,Medium,Yes,0,High,Medium,Public,Neutral,4,No,College,Near,Female,62,High_Risk,3.8,261.57,67,2.8
33,89,Low,Medium,No,8,99,Medium,Yes,2,High,High,Private,Positive,4,No,College,Moderate,Male,75,Normal,1.8,1814.9,267,4.11
20,83,High,Medium,Yes,9,87,Low,Yes,0,High,Medium,Public,Neutral,2,No,High School,Near,Male,68,Normal,2.8,621.41,83,2.0
24,92,Low,High,Yes,5,81,Medium,Yes,2,Low,Medium,Private,Negative,3,Yes,High School,Near,Male,69,Normal,2.8,694.26,276,4.67
23,74,Medium,High,Yes,8,88,Low,Yes,0,Medium,High,Public,Negative,3,Yes,High School,Near,Male,66,Normal,1.8,1124.38,74,2.56
19,92,High,Medium,Yes,6,52,Medium,Yes,3,High,Medium,Public,Positive,1,No,High School,Near,Male,70,Normal,1.8,548.86,368,3.57
20,68,Medium,Low,No,9,65,Low,Yes,1,High,Medium,Public,Negative,5,No,College,Near,Male,63,High_Risk,2.8,464.27,136,2.2
11,99,High,Medium,Yes,7,52,Medium,Yes,0,High,High,Private,Neutral,5,No,College,Near,Female,69,Normal,0.8,714.91,99,1.38
4,84,Medium,Medium,Yes,6,70,Medium,Yes,5,Medium,High,Private,Neutral,4,No,High School,Near,Male,65,High_Risk,1.8,155.55,504,2.0
17,97,Low,High,Yes,6,90,Low,Yes,2,Medium,Low,Public,Negative,2,No,High School,Moderate,Male,69,Normal,1.8,849.95,291,3.0
24,60,Medium,Medium,Yes,10,60,Low,Yes,3,Low,High,Private,Neutral,2,No,Postgraduate,Near,Female,65,High_Risk,3.8,378.94,240,2.73
24,68,Low,Low,No,6,67,High,No,0,Low,High,Private,Positive,3,Yes,High School,Far,Female,60,High_Risk,1.8,893.28,68,3.43
21,62,High,Low,Yes,6,54,High,Yes,0,High,High,Public,Positive,3,No,Postgraduate,Far,Male,64,High_Risk,1.8,629.97,62,3.0
28,84,Medium,Medium,Yes,8,51,Medium,No,3,Medium,Medium,Public,Positive,4,No,Postgraduate,Near,Female,71,Normal,1.8,793.29,336,3.78
19,61,Medium,High,No,7,97,Low,Yes,0,Medium,High,Public,Negative,3,Yes,College,Far,Male,62,High_Risk,0.8,2303.46,61,2.38
21,91,Medium,High,Yes,8,74,Low,Yes,0,Medium,Medium,Public,Negative,2,No,Postgraduate,Near,Female,70,Normal,1.8,863.29,91,2.33
21,77,Low,Medium,Yes,7,65,Medium,Yes,2,Low,High,Public,Negative,2,No,High School,Moderate,Female,64,High_Risk,0.8,1706.04,231,3.12
25,88,High,Medium,Yes,8,63,Medium,Yes,2,High,Medium,Public,Positive,3,No,High School,Moderate,Female,71,Normal,1.8,874.95,264,3.22
22,86,High,Medium,No,6,55,Medium,Yes,5,High,Low,Private,Negative,3,No,Postgraduate,Near,Female,71,Normal,1.8,672.18,516,4.57
16,84,Medium,Medium,No,7,65,Low,Yes,1,High,High,Public,Negative,3,No,High School,Moderate,Male,65,High_Risk,0.8,1299.84,168,2.25
15,68,Medium,Medium,Yes,6,50,High,Yes,2,High,Low,Public,Neutral,3,No,High School,Moderate,Male,62,High_Risk,1.8,416.64,204,2.71
27,70,Medium,Medium,No,6,99,High,Yes,2,Low,Medium,Private,Neutral,2,No,High School,Near,Female,68,Normal,1.8,1484.92,210,4.43
23,91,Medium,Low,Yes,10,98,High,Yes,0,Low,High,Private,Negative,3,No,High School,Near,Female,70,Normal,3.8,593.14,91,2.09
29,93,Medium,Medium,No,5,93,Medium,Yes,2,Low,Medium,Public,Positive,3,No,Postgraduate,Near,Female,74,Normal,2.8,963.18,279,5.5
3,85,Low,High,No,8,73,Low,Yes,2,Low,Medium,Private,Neutral,3,No,High School,Near,Male,62,High_Risk,1.8,121.66,255,0.78
26,63,High,High,Yes,7,79,Medium,Yes,1,Low,High,Public,Negative,2,No,High School,Near,Male,67,Normal,0.8,2567.18,126,3.5
17,79,High,High,Yes,8,78,Medium,Yes,2,High,Medium,Public,Positive,5,No,High School,Near,Female,70,Normal,1.8,736.63,237,2.33
33,70,Medium,Medium,Yes,6,82,Low,Yes,1,Low,High,Public,Neutral,4,No,College,Near,Male,69,Normal,1.8,1503.25,140,5.0
16,95,High,High,No,9,63,Medium,No,0,Medium,Low,Private,Positive,3,No,High School,Near,Male,68,Normal,2.8,359.99,95,1.6
18,90,High,Medium,No,7,81,Medium,Yes,2,Medium,Low,Public,Negative,3,No,Postgraduate,Moderate,Male,69,Normal,0.8,1822.27,270,2.75
24,94,Low,Medium,No,8,60,Low,Yes,0,Medium,Medium,Public,Neutral,3,No,High School,Near,Male,68,Normal,1.8,799.96,94,2.67
20,66,Medium,Medium,Yes,6,55,Low,Yes,1,High,High,Public,Negative,3,No,Postgraduate,Moderate,Female,64,High_Risk,1.8,611.08,132,3.14
26,61,High,Medium,Yes,8,70,Low,Yes,1,Medium,Medium,Private,Neutral,4,Yes,Postgraduate,Moderate,Male,65,High_Risk,1.8,1011.05,122,3.11
17,72,Low,Medium,No,8,96,High,Yes,2,Low,High,Public,Neutral,3,No,High School,Near,Male,65,High_Risk,1.8,906.62,216,2.33
14,77,High,High,Yes,5,89,Low,Yes,0,Medium,Medium,Private,Positive,2,No,College,Near,Male,67,Normal,2.8,444.98,77,2.33
32,69,High,High,Yes,5,64,Medium,Yes,0,Medium,Medium,Public,Negative,3,No,Postgraduate,Near,Female,70,Normal,2.8,731.4,69,5.33
20,67,Low,Medium,Yes,7,76,Medium,Yes,0,Medium,Medium,Public,Neutral,4,No,High School,Near,Male,63,High_Risk,0.8,1899.76,67,2.5
22,71,Medium,Medium,No,7,65,Low,Yes,1,Low,Medium,Public,Neutral,3,No,College,Near,Male,64,High_Risk,0.8,1787.28,142,3.0
19,96,Medium,Medium,Yes,8,97,Medium,Yes,3,Medium,Medium,Public,Negative,2,No,High School,Near,Male,71,Normal,1.8,1023.83,384,2.78
20,65,Medium,Low,Yes,7,62,High,Yes,0,Medium,Medium,Public,Neutral,0,Yes,Postgraduate,Near,Male,80,Normal,0.8,1549.81,65,2.5
21,84,High,High,Yes,6,61,Low,Yes,1,Medium,High,Private,Negative,4,No,High School,Moderate,Female,68,Normal,1.8,711.63,168,3.29
24,75,Low,Medium,Yes,10,89,Low,Yes,0,Medium,High,Private,Positive,3,No,College,Near,Female,67,Normal,3.8,562.09,75,2.18
24,65,High,High,No,10,94,Medium,Yes,2,Medium,Medium,Public,Neutral,2,No,Postgraduate,Moderate,Male,68,Normal,3.8,593.67,195,2.55
31,91,High,Medium,Yes,8,84,Low,Yes,2,Low,Medium,Public,Negative,2,No,High School,Near,Male,72,Normal,1.8,1446.59,273,3.89
16,78,Medium,Low,No,7,85,Medium,Yes,4,Medium,Medium,Public,Neutral,2,Yes,High School,Near,Male,65,High_Risk,0.8,1699.79,390,3.0
18,63,High,High,No,9,55,Medium,Yes,2,High,High,Private,Positive,2,No,Postgraduate,Near,Female,66,Normal,2.8,353.56,189,2.2
16,95,Medium,Low,No,6,83,Low,Yes,2,Low,High,Private,Neutral,3,No,High School,Near,Female,68,Normal,1.8,737.74,285,2.86
20,96,Low,Medium,Yes,5,92,Medium,Yes,0,Medium,Medium,Public,Neutral,3,No,College,Near,Female,70,Normal,2.8,657.12,96,3.33
24,68,Medium,Medium,Yes,4,98,High,Yes,2,Medium,High,Public,Negative,2,No,High School,Near,Male,68,Normal,3.8,618.93,204,5.6
10,97,Low,High,No,8,72,High,Yes,0,Low,Medium,Public,Neutral,3,No,Postgraduate,Moderate,Female,67,Normal,1.8,399.98,97,1.11
20,67,Medium,High,No,10,53,High,Yes,1,Low,Medium,Private,Positive,2,No,Postgraduate,Near,Male,65,High_Risk,3.8,278.94,134,2.0
24,67,High,Medium,No,8,89,Medium,Yes,2,High,Low,Private,Positive,3,No,High School,Near,Female,68,Normal,1.8,1186.6,201,3.11
21,97,Medium,Medium,No,8,71,High,Yes,2,High,High,Public,Neutral,1,No,College,Moderate,Male,72,Normal,1.8,828.29,291,2.78
22,80,High,Medium,Yes,7,65,Medium,Yes,2,High,Medium,Private,Neutral,2,No,High School,Moderate,Female,68,Normal,0.8,1787.28,240,3.25
18,96,High,Low,No,7,57,Low,Yes,1,Low,Medium,Public,Negative,3,No,High School,Moderate,Female,66,Normal,0.8,1282.34,192,2.5
25,68,Low,Medium,No,6,62,Low,Yes,1,Low,High,Private,Negative,4,No,College,Moderate,Female,63,High_Risk,1.8,861.06,136,3.86
18,89,Medium,Medium,Yes,6,52,Medium,Yes,3,High,High,Public,Positive,3,No,High School,Moderate,Female,69,Normal,1.8,519.97,356,3.43
17,90,Low,High,Yes,5,88,Low,Yes,1,Medium,Medium,Public,Negative,1,No,College,Near,Female,68,Normal,2.8,534.27,180,3.17
24,90,Low,Medium,Yes,7,55,Medium,Yes,1,High,Medium,Public,Negative,2,No,Postgraduate,Far,Male,68,Normal,0.8,1649.79,180,3.25
18,63,High,High,No,8,62,Medium,Yes,2,High,Medium,Public,Positive,4,No,High School,Near,Female,65,High_Risk,1.8,619.97,189,2.44
28,91,Medium,High,Yes,6,69,High,Yes,1,Medium,High,Private,Neutral,4,No,High School,Far,Male,73,Normal,1.8,1073.27,182,4.29
21,72,Medium,Low,Yes,8,56,Medium,Yes,0,Low,Medium,Public,Neutral,4,No,High School,Near,Male,63,High_Risk,1.8,653.3,72,2.33
27,79,High,High,Yes,6,90,Low,Yes,3,Medium,High,Public,Positive,4,No,High School,Near,Male,73,Normal,1.8,1349.93,316,4.71
11,91,High,Medium,No,7,69,Medium,Yes,2,Low,Medium,Private,Positive,2,No,College,Near,Male,67,Normal,0.8,948.63,273,1.88
28,69,Low,Medium,No,8,77,Medium,Yes,3,Medium,Medium,Public,Neutral,4,No,College,Moderate,Female,67,Normal,1.8,1197.71,276,3.78
22,77,Medium,Medium,Yes,7,74,High,Yes,2,Low,Low,Private,Negative,4,No,College,Near,Male,67,Normal,0.8,2034.75,231,3.25
18,67,High,Low,No,4,73,Low,Yes,0,Medium,Medium,Private,Neutral,2,No,Postgraduate,Moderate,Male,62,High_Risk,3.8,345.78,67,3.6
19,93,Medium,High,No,7,95,Low,Yes,3,Medium,Medium,Private,Negative,3,No,High School,Near,Female,71,Normal,0.8,2255.97,372,3.12
19,62,Medium,High,Yes,6,82,Medium,Yes,0,Low,High,Public,Negative,3,Yes,College,Moderate,Male,62,High_Risk,1.8,865.51,62,2.71
12,72,Medium,Low,Yes,7,90,Medium,Yes,0,High,Medium,Public,Positive,3,No,Postgraduate,Far,Male,63,High_Risk,0.8,1349.83,72,1.5
22,60,Medium,Medium,Yes,5,52,Medium,Yes,0,Low,Medium,Public,Negative,2,No,High School,Near,Female,61,High_Risk,2.8,408.56,60,3.67
25,93,High,Medium,No,8,58,Medium,Yes,0,High,Medium,Private,Positive,4,No,High School,Moderate,Female,71,Normal,1.8,805.51,93,2.78
15,84,Low,Medium,Yes,6,92,Medium,Yes,3,Medium,Medium,Public,Positive,3,No,College,Near,Female,68,Normal,1.8,766.62,336,3.0
14,83,Medium,Low,Yes,6,82,Medium,Yes,0,Medium,Medium,Public,Positive,2,No,High School,Near,Female,65,High_Risk,1.8,637.74,83,2.0
13,84,Medium,Medium,No,5,78,Medium,Yes,1,Low,High,Public,Positive,2,No,High School,Near,Male,65,High_Risk,2.8,362.13,168,2.5
18,72,Medium,Medium,Yes,7,93,Medium,Yes,1,Medium,Medium,Public,Positive,3,No,College,Near,Female,66,Normal,0.8,2092.24,144,2.5
23,96,Medium,High,No,6,70,Medium,Yes,1,Medium,Medium,Public,Neutral,2,No,High School,Near,Male,71,Normal,1.8,894.39,192,3.57
21,63,High,Medium,No,7,63,Medium,Yes,2,Medium,Medium,Public,Neutral,2,No,High School,Far,Male,63,High_Risk,0.8,1653.54,189,3.12
14,70,High,Medium,Yes,9,54,Medium,No,3,Medium,Medium,Public,Positive,1,No,College,Near,Male,64,High_Risk,2.8,269.99,280,2.0
26,87,Medium,Medium,Yes,7,81,Medium,Yes,1,High,Medium,Public,Negative,2,No,High School,Near,Male,70,Normal,0.8,2632.17,174,3.5
7,75,Medium,Medium,No,7,98,Low,No,1,Low,High,Public,Positive,3,No,College,Near,Male,62,High_Risk,0.8,857.39,150,1.12
26,77,Low,Medium,No,4,70,Low,Yes,2,High,Low,Public,Neutral,3,Yes,College,Moderate,Female,65,High_Risk,3.8,478.93,231,6.0
22,76,Medium,Medium,Yes,10,57,Medium,Yes,1,Medium,High,Private,Neutral,3,No,High School,Far,Male,66,Normal,3.8,329.99,152,2.18
16,82,Medium,Medium,No,5,59,Medium,Yes,1,Medium,Medium,Public,Positive,3,No,High School,Near,Male,65,High_Risk,2.8,337.13,164,3.0
20,67,Medium,Medium,No,6,93,Low,No,1,Low,Medium,Public,Negative,3,Yes,College,Near,Male,62,High_Risk,1.8,1033.28,134,3.14
24,84,Medium,Medium,Yes,6,74,Medium,Yes,2,Medium,High,Public,Positive,2,No,High School,Far,Male,69,Normal,1.8,986.61,252,4.0
19,65,High,Medium,No,6,55,Medium,Yes,1,Low,High,Public,Positive,3,No,Postgraduate,Moderate,Male,64,High_Risk,1.8,580.52,130,3.0
21,95,Medium,Medium,No,5,62,High,Yes,1,Medium,Low,Public,Positive,4,No,High School,Near,Male,70,Normal,2.8,464.98,190,3.83
15,77,High,Medium,Yes,5,65,Low,No,2,Low,Medium,Public,Positive,4,Yes,Postgraduate,Near,Male,65,High_Risk,2.8,348.2,231,3.17
28,64,Low,Medium,Yes,6,89,Medium,Yes,0,Low,Low,Public,Neutral,4,No,College,Far,Male,64,High_Risk,1.8,1384.37,64,4.0
16,86,Medium,Medium,No,6,98,High,Yes,1,Low,Medium,Public,Neutral,3,No,Postgraduate,Near,Male,68,Normal,1.8,871.06,172,2.57
26,76,Medium,High,Yes,6,52,Medium,Yes,4,High,Low,Public,Neutral,3,No,High School,Near,Male,69,Normal,1.8,751.07,380,4.86
9,87,Low,Low,No,8,71,Low,No,0,Low,High,Public,Neutral,1,No,College,Moderate,Male,60,High_Risk,1.8,354.98,87,1.0
24,67,High,Medium,No,9,55,High,Yes,2,Low,Low,Public,Positive,2,No,College,Moderate,Male,65,High_Risk,2.8,471.41,201,2.8
26,93,High,High,Yes,6,94,Low,Yes,1,Medium,High,Public,Negative,2,No,High School,Near,Female,74,Normal,1.8,1357.7,186,4.0
26,76,High,Low,Yes,7,74,Medium,Yes,4,Medium,High,Public,Positive,3,No,High School,Moderate,Female,70,Normal,0.8,2404.7,380,4.25
24,74,High,Medium,Yes,6,78,Medium,Yes,3,Low,High,Public,Positive,3,No,College,Near,Female,70,Normal,1.8,1039.94,296,4.29
17,76,Medium,Medium,Yes,8,79,Low,No,1,Low,Medium,Public,Neutral,4,Yes,Postgraduate,Far,Female,63,High_Risk,1.8,746.07,152,2.11
20,93,Low,High,Yes,7,83,Medium,Yes,0,Medium,Medium,Private,Negative,2,Yes,High School,Near,Male,68,Normal,0.8,2074.74,93,2.5
23,78,Medium,Medium,Yes,10,50,Medium,Yes,1,Medium,Medium,Private,Positive,3,Yes,Postgraduate,Near,Female,67,Normal,3.8,302.62,156,2.27
14,96,Medium,High,Yes,4,97,Low,Yes,2,Medium,Medium,Public,Negative,3,No,High School,Near,Female,70,Normal,3.8,357.36,288,3.6
24,82,Medium,High,No,8,50,Medium,Yes,0,Medium,Medium,Public,Positive,2,No,Postgraduate,Moderate,Male,68,Normal,1.8,666.63,82,2.67
21,70,Medium,High,Yes,5,62,Medium,Yes,2,Low,High,Public,Neutral,2,No,Unknown,Near,Female,66,Normal,2.8,464.98,210,4.17
10,76,Medium,Low,No,4,68,Medium,Yes,1,High,Low,Private,Neutral,6,No,College,Near,Male,63,High_Risk,3.8,178.94,152,2.4
13,63,High,Medium,No,6,55,High,Yes,0,Medium,Low,Public,Positive,4,No,Postgraduate,Near,Male,62,High_Risk,1.8,397.2,63,1.86
28,68,Low,High,Yes,8,99,Medium,Yes,1,High,Medium,Public,Neutral,3,No,High School,Near,Female,69,Normal,1.8,1539.91,136,3.33
36,66,Low,High,Yes,8,58,High,Yes,1,Medium,Medium,Public,Positive,3,No,College,Far,Male,69,Normal,1.8,1159.94,132,4.22
22,95,High,Low,No,5,55,Medium,Yes,2,High,High,Public,Neutral,0,Yes,College,Near,Female,69,Normal,2.8,432.13,285,4.33
20,91,Medium,Medium,Yes,6,88,Medium,Yes,1,Low,Medium,Public,Positive,4,No,High School,Moderate,Male,69,Normal,1.8,977.72,182,3.14
25,93,Medium,Medium,Yes,10,60,Low,Yes,1,Medium,Medium,Public,Positive,3,No,College,Moderate,Male,70,Normal,3.8,394.73,186,2.45
22,61,High,Medium,No,8,88,Low,Yes,1,Medium,High,Public,Neutral,4,No,High School,Near,Female,65,High_Risk,1.8,1075.5,122,2.67
11,70,High,High,No,7,95,High,Yes,0,Low,High,Public,Negative,5,No,College,Moderate,Male,65,High_Risk,0.8,1306.09,70,1.38
20,83,Medium,Medium,Yes,7,68,High,Yes,1,Medium,Medium,Public,Positive,1,No,High School,Near,Female,67,Normal,0.8,1699.79,166,2.75
19,72,Medium,Medium,Yes,8,91,High,Yes,1,Low,Medium,Private,Positive,4,No,Unknown,Moderate,Male,67,Normal,1.8,960.5,144,2.33
16,76,Medium,Medium,Yes,7,95,Low,Yes,2,Medium,Medium,Public,Negative,3,No,High School,Unknown,Female,66,Normal,0.8,1899.76,228,2.5
22,96,High,Low,No,10,90,High,Yes,2,Low,Medium,Public,Neutral,3,Yes,College,Moderate,Male,71,Normal,3.8,521.04,288,2.36
18,98,High,Low,No,8,82,Medium,Yes,3,Medium,High,Public,Negative,3,No,College,Near,Male,71,Normal,1.8,819.95,392,2.67
17,93,Medium,Medium,No,6,87,Medium,Yes,1,Low,High,Private,Negative,2,No,High School,Moderate,Female,67,Normal,1.8,821.62,186,2.71
22,76,High,Low,Yes,7,83,Low,Yes,0,Low,Medium,Public,Positive,1,No,College,Near,Male,66,Normal,0.8,2282.21,76,2.75
14,66,Medium,Medium,Yes,10,63,Low,Yes,0,Low,Medium,Public,Positive,3,No,High School,Moderate,Male,60,High_Risk,3.8,232.1,66,1.27
12,71,Medium,Low,No,8,100,Medium,Yes,2,High,Medium,Public,Neutral,3,Yes,College,Near,Male,63,High_Risk,1.8,666.63,213,1.78
20,82,Low,Medium,No,8,85,Low,Yes,1,Medium,High,Private,Neutral,3,Yes,Postgraduate,Near,Female,66,Normal,1.8,944.39,164,2.44
23,66,Medium,Low,Yes,8,73,High,Yes,2,High,Medium,Public,Positive,2,No,College,Near,Female,66,Normal,1.8,932.73,198,3.0
25,66,Medium,High,Yes,7,91,Medium,Yes,2,Low,High,Public,Neutral,3,No,College,Near,Male,68,Normal,0.8,2843.39,198,3.62
20,71,Low,High,Yes,7,62,High,Yes,2,Medium,Medium,Public,Negative,5,No,College,Near,Male,66,Normal,0.8,1549.81,213,3.0
11,96,Medium,High,No,5,66,High,Yes,2,Low,Medium,Public,Neutral,4,No,High School,Moderate,Male,68,Normal,2.8,259.28,288,2.5
27,78,High,High,No,8,85,Medium,Yes,0,High,Medium,Public,Positive,3,No,College,Near,Male,72,Normal,1.8,1274.93,78,3.0
26,73,Medium,High,No,8,77,Medium,Yes,0,Medium,High,Private,Positive,2,No,College,Far,Male,68,Normal,1.8,1112.16,73,2.89
15,95,Medium,Medium,Yes,7,62,High,Yes,0,High,Medium,Public,Negative,3,No,College,Near,Female,68,Normal,0.8,1162.35,95,1.88
17,91,High,Low,Yes,10,84,Medium,Yes,7,Low,High,Public,Neutral,4,Yes,College,Moderate,Male,71,Normal,3.8,375.78,728,2.82
31,95,Medium,Medium,No,5,99,Medium,Yes,1,Medium,Medium,Private,Neutral,4,No,High School,Near,Female,74,Normal,2.8,1096.03,190,5.5
24,89,Medium,Low,Yes,9,53,Medium,Yes,1,Low,High,Private,Neutral,3,No,High School,Near,Male,68,Normal,2.8,454.27,178,2.6
34,77,Medium,High,No,9,52,Medium,Yes,0,Medium,Medium,Private,Neutral,4,No,High School,Moderate,Female,69,Normal,2.8,631.41,77,3.4
27,75,Medium,Medium,Yes,7,51,High,Yes,1,Medium,Low,Public,Negative,2,No,Postgraduate,Near,Male,67,Normal,0.8,1721.03,150,3.62
25,92,Medium,High,Yes,5,85,Low,Yes,1,Low,Medium,Public,Negative,1,No,College,Near,Male,71,Normal,2.8,758.9,184,4.5
11,95,Medium,Medium,Yes,9,64,High,Yes,4,Low,Medium,Public,Positive,4,No,High School,Moderate,Male,68,Normal,2.8,251.42,475,1.9
13,89,High,High,No,8,59,Low,Yes,0,Low,High,Public,Neutral,2,No,Postgraduate,Moderate,Male,66,Normal,1.8,426.09,89,1.44
25,74,Low,Medium,Yes,6,92,Low,Yes,4,Medium,Medium,Private,Positive,3,No,Postgraduate,Near,Male,70,Normal,1.8,1277.71,370,4.71
19,61,Medium,High,Yes,8,95,High,Yes,4,Medium,Medium,Private,Positive,3,No,College,Near,Male,68,Normal,1.8,1002.72,305,3.0
28,81,Medium,High,Yes,8,92,Medium,Yes,1,High,Medium,Public,Positive,3,No,College,Near,Female,73,Normal,1.8,1431.03,162,3.33
20,68,Medium,High,Yes,4,91,High,Yes,4,High,Medium,Private,Positive,4,No,College,Near,Male,70,Normal,3.8,478.93,340,5.6
18,66,Medium,Medium,No,6,86,Medium,Yes,0,High,Medium,Public,Positive,2,No,High School,Moderate,Female,63,High_Risk,1.8,859.95,66,2.57
13,66,Medium,Medium,Yes,7,66,Low,Yes,3,Medium,Medium,Public,Negative,2,No,College,Near,Female,62,High_Risk,0.8,1072.37,264,2.38
26,61,Medium,Low,Yes,5,87,Medium,Yes,3,High,High,Public,Positive,2,Yes,High School,Near,Male,66,Normal,2.8,807.83,244,5.33
24,63,Medium,Medium,No,6,90,Medium,No,2,Low,Medium,Private,Neutral,5,No,Postgraduate,Near,Female,66,Normal,1.8,1199.93,189,4.0
20,71,Low,Medium,No,8,70,Medium,Yes,0,Medium,High,Private,Neutral,3,No,High School,Far,Female,62,High_Risk,1.8,777.73,71,2.22
17,69,High,Medium,Yes,9,83,Medium,Yes,2,Medium,High,Private,Positive,4,Yes,College,Moderate,Female,66,Normal,2.8,503.91,207,2.1
14,76,High,Low,No,7,77,Low,No,2,High,Medium,Public,Positive,4,No,College,Near,Male,65,High_Risk,0.8,1347.33,228,2.25
25,69,High,Low,Yes,7,52,High,Yes,1,Low,Medium,Public,Positive,4,No,High School,Moderate,Male,65,High_Risk,0.8,1624.8,138,3.38
27,67,High,High,Yes,9,94,High,Yes,0,High,Low,Public,Positive,2,No,College,Near,Female,70,Normal,2.8,906.4,67,2.7
12,70,Medium,Medium,Yes,6,81,Low,Yes,1,Low,Medium,Public,Negative,2,Yes,High School,Far,Male,59,High_Risk,1.8,539.97,140,2.0
20,87,Low,Medium,Yes,7,75,High,Yes,1,Low,Medium,Public,Negative,3,No,Postgraduate,Near,Male,68,Normal,0.8,1874.77,174,2.75
13,77,Low,Medium,Yes,6,76,Low,No,1,Medium,Low,Private,Neutral,4,No,College,Moderate,Male,62,High_Risk,1.8,548.86,154,2.14
17,87,Medium,High,Yes,7,79,Medium,Yes,3,Low,Medium,Public,Neutral,4,Yes,High School,Near,Female,68,Normal,0.8,1678.54,348,2.88
31,76,Medium,High,Yes,7,70,Low,Yes,3,Low,Medium,Public,Neutral,3,No,College,Moderate,Male,70,Normal,0.8,2712.16,304,4.62
23,68,Medium,High,No,7,53,High,Yes,3,High,Medium,Public,Neutral,3,No,High School,Moderate,Female,66,Normal,0.8,1523.56,272,3.62
22,86,High,Medium,Yes,7,56,Medium,Yes,1,High,Medium,Private,Positive,4,No,High School,Moderate,Male,69,Normal,0.8,1539.81,172,3.0
26,86,Low,High,Yes,7,82,Medium,Yes,2,Low,Medium,Private,Positive,3,No,High School,Moderate,Female,70,Normal,0.8,2664.67,258,3.75
12,99,Low,Medium,No,6,94,Medium,Yes,2,Medium,Medium,Public,Neutral,3,No,Postgraduate,Moderate,Male,69,Normal,1.8,626.63,297,2.29
20,95,Medium,Medium,No,6,76,Medium,Yes,0,Low,High,Private,Positive,4,No,High School,Moderate,Female,69,Normal,1.8,844.4,95,2.86
10,92,Medium,Medium,No,4,60,High,Yes,3,Low,Low,Public,Positive,2,No,College,Near,Female,66,Normal,3.8,157.89,368,3.2
13,69,Medium,Low,Yes,5,68,Low,Yes,0,High,Medium,Public,Positive,1,Yes,High School,Moderate,Female,59,High_Risk,2.8,315.7,69,2.17
32,75,Medium,Low,Yes,6,56,Medium,Yes,3,Medium,Medium,Public,Neutral,2,No,College,Moderate,Female,68,Normal,1.8,995.5,300,5.43
12,90,Medium,Medium,Yes,8,93,Low,Yes,3,High,Medium,Public,Neutral,3,No,High School,Near,Female,68,Normal,1.8,619.97,360,2.0
26,74,Medium,Low,Yes,8,96,Medium,Yes,2,Medium,High,Private,Neutral,3,No,High School,Near,Female,68,Normal,1.8,1386.59,222,3.33
22,80,Medium,High,No,7,63,Medium,Yes,1,High,Medium,Public,Positive,3,No,College,Near,Male,69,Normal,0.8,1732.28,160,3.0
13,73,Medium,Medium,Yes,7,51,Medium,Yes,1,Low,Medium,Public,Positive,4,No,Postgraduate,Near,Male,63,High_Risk,0.8,828.65,146,1.88
16,61,Medium,High,No,6,92,High,Yes,4,High,High,Public,Neutral,3,No,High School,Near,Male,66,Normal,1.8,817.73,305,3.43
17,82,Medium,High,No,6,65,Low,Yes,4,Low,Medium,Private,Positive,3,No,High School,Moderate,Female,67,Normal,1.8,613.85,410,3.57
32,88,Medium,Low,Yes,7,83,Low,Yes,1,Low,High,Private,Positive,4,No,Postgraduate,Near,Male,73,Normal,0.8,3319.59,176,4.25
18,95,Medium,Medium,No,6,81,Medium,Yes,0,Low,Medium,Public,Positive,3,Yes,High School,Near,Female,68,Normal,1.8,809.96,95,2.57
11,68,Medium,Medium,No,6,80,Medium,Yes,2,Medium,Medium,Public,Positive,3,No,College,Moderate,Female,63,High_Risk,1.8,488.86,204,2.14
26,71,Low,High,No,8,100,Low,Yes,1,Low,High,Private,Positive,4,No,College,Near,Female,69,Normal,1.8,1444.36,142,3.11
23,71,Medium,High,No,8,50,Medium,Yes,0,High,Medium,Public,Positive,2,No,High School,Far,Female,64,High_Risk,1.8,638.85,71,2.56
19,68,High,High,No,6,66,Medium,Yes,2,Medium,Medium,Public,Neutral,3,No,High School,Far,Female,65,High_Risk,1.8,696.63,204,3.29
15,72,Medium,Medium,Yes,8,68,High,Yes,0,Medium,Medium,Public,Positive,2,No,High School,Near,Female,64,High_Risk,1.8,566.64,72,1.67
15,62,Low,High,No,10,96,Low,Yes,0,Medium,High,Private,Positive,4,No,High School,Far,Male,62,High_Risk,3.8,378.94,62,1.36
18,96,Medium,High,No,7,67,Medium,Yes,1,High,Medium,Public,Positive,2,No,High School,Near,Female,71,Normal,0.8,1507.31,192,2.5
23,89,High,High,Yes,6,66,Low,Yes,0,Low,High,Private,Positive,3,No,High School,Moderate,Male,70,Normal,1.8,843.29,89,3.29
23,94,High,Medium,Yes,6,84,High,Yes,0,Low,High,Public,Neutral,3,No,Postgraduate,Near,Male,73,Normal,1.8,1073.27,94,3.29
13,71,Medium,High,No,7,86,Low,Yes,2,Low,Medium,Public,Positive,3,No,Postgraduate,Near,Male,65,High_Risk,0.8,1397.33,213,2.12
15,74,Low,High,No,10,99,Low,No,0,Low,Medium,Private,Neutral,3,No,College,Moderate,Male,63,High_Risk,3.8,390.78,74,1.36
22,87,Medium,Medium,No,8,60,Low,Yes,2,Medium,High,Public,Negative,2,No,College,Moderate,Male,67,Normal,1.8,733.29,261,2.89
28,93,Low,High,Yes,6,90,Medium,Yes,1,Low,Medium,Public,Positive,2,Yes,High School,Near,Female,71,Normal,1.8,1399.92,186,4.29
11,83,Medium,Medium,Yes,5,63,Medium,Yes,2,Low,Medium,Public,Neutral,3,No,College,Near,Male,65,High_Risk,2.8,247.49,249,2.5
23,69,Medium,Low,Yes,8,66,Low,No,1,Medium,Medium,Public,Positive,3,No,College,Far,Male,63,High_Risk,1.8,843.29,138,2.78
20,92,Medium,Low,No,10,69,Medium,Yes,0,Low,Medium,Public,Positive,2,No,Postgraduate,Far,Male,67,Normal,3.8,363.15,92,1.82
12,90,Medium,Low,Yes,7,61,Medium,Yes,2,Low,High,Private,Positive,2,No,High School,Near,Male,66,Normal,0.8,914.89,270,2.0
26,88,Low,High,Yes,7,62,High,No,1,High,High,Private,Positive,2,No,High School,Near,Female,70,Normal,0.8,2014.75,176,3.5
13,70,Medium,Medium,No,8,56,Medium,Yes,2,Medium,High,Public,Neutral,0,No,High School,Near,Male,62,High_Risk,1.8,404.42,210,1.89
8,65,Medium,Medium,No,10,74,Medium,Yes,1,Medium,High,Private,Positive,5,No,High School,Near,Male,61,High_Risk,3.8,155.79,130,0.91
24,90,Medium,High,No,7,93,Low,Yes,1,Low,High,Public,Neutral,2,Yes,Postgraduate,Near,Male,71,Normal,0.8,2789.65,180,3.25
27,90,High,Medium,Yes,9,53,Medium,Yes,1,Medium,High,Public,Positive,2,No,Postgraduate,Near,Female,73,Normal,2.8,511.05,180,2.9
13,69,Medium,Low,No,5,70,Medium,Yes,0,Medium,High,Private,Negative,2,No,College,Near,Male,61,High_Risk,2.8,324.99,69,2.17
16,76,Medium,Medium,No,7,90,Medium,Yes,0,Low,Medium,Public,Neutral,3,No,Postgraduate,Moderate,Male,65,High_Risk,0.8,1799.78,76,2.0
14,62,Low,Medium,No,8,87,Medium,Yes,1,Medium,Medium,Public,Positive,1,No,High School,Moderate,Male,60,High_Risk,1.8,676.63,124,1.78
31,100,Medium,Medium,No,7,59,Medium,Yes,2,High,High,Public,Positive,5,No,Postgraduate,Moderate,Male,76,Normal,0.8,2285.96,300,4.38
15,68,Low,Medium,Yes,6,94,Low,Yes,0,Medium,High,Public,Neutral,5,No,Postgraduate,Near,Female,64,High_Risk,1.8,783.29,68,2.14
25,71,Medium,Medium,Yes,5,98,Low,Yes,0,Low,Medium,Public,Positive,1,No,Postgraduate,Far,Male,66,Normal,2.8,874.97,71,4.17
23,74,Medium,High,Yes,6,76,Medium,Yes,0,Medium,High,Private,Negative,4,No,High School,Near,Male,67,Normal,1.8,971.06,74,3.29
12,92,High,Medium,No,4,58,Low,Yes,2,Medium,Medium,Public,Positive,2,Yes,College,Moderate,Male,66,Normal,3.8,183.15,276,3.2
19,84,Medium,High,Yes,8,87,Low,Yes,2,Low,High,Public,Positive,3,No,High School,Moderate,Female,69,Normal,1.8,918.28,252,2.56
16,87,High,High,Yes,6,85,Medium,Yes,2,Medium,High,Public,Neutral,1,No,High School,Unknown,Female,69,Normal,1.8,755.51,261,2.86
28,78,High,Medium,No,8,87,Low,Yes,2,Low,Medium,Public,Positive,2,No,Postgraduate,Near,Male,71,Normal,1.8,1353.26,234,3.56
16,61,High,Medium,Yes,7,81,Low,Yes,2,Medium,Medium,Public,Neutral,1,No,High School,Near,Female,63,High_Risk,0.8,1619.8,183,2.5
30,72,High,Medium,Yes,8,82,High,Yes,1,Low,Medium,Public,Positive,1,No,College,Moderate,Female,70,Normal,1.8,1366.59,144,3.56
25,62,Medium,Low,Yes,8,77,Medium,Yes,0,Medium,Low,Public,Negative,4,No,College,Far,Female,62,High_Risk,1.8,1069.39,62,2.78
24,81,Medium,Low,No,9,61,Medium,Yes,1,Low,Low,Public,Positive,4,No,College,Near,Female,66,Normal,2.8,522.84,162,2.6
34,75,Low,Medium,Yes,5,66,Medium,Yes,0,Low,Medium,Private,Positive,3,No,High School,Near,Male,68,Normal,2.8,801.4,75,5.67
25,69,Medium,Medium,Yes,8,64,Medium,Yes,1,High,Low,Public,Negative,3,No,Postgraduate,Moderate,Female,66,Normal,1.8,888.84,138,3.0
16,99,Low,Medium,Yes,9,55,Medium,Yes,1,High,Medium,Public,Neutral,3,Yes,College,Far,Female,67,Normal,2.8,314.27,198,1.8
21,72,High,High,No,5,73,Medium,Yes,1,Medium,Medium,Public,Neutral,3,No,High School,Near,Male,67,Normal,2.8,547.48,144,3.83
27,88,Low,Medium,Yes,6,55,Low,No,2,Low,Medium,Public,Positive,5,No,High School,Far,Male,67,Normal,1.8,824.95,264,4.43
21,90,Medium,Low,No,7,70,Medium,Yes,2,Low,Medium,Public,Negative,2,No,Postgraduate,Near,Female,68,Normal,0.8,1837.27,270,3.12
19,71,High,High,No,5,96,High,Yes,2,Low,Medium,Private,Neutral,0,Yes,College,Near,Female,67,Normal,2.8,651.41,213,3.83
18,94,High,Low,No,7,79,High,Yes,2,High,Medium,Private,Neutral,4,No,High School,Near,Female,70,Normal,0.8,1777.28,282,2.75
17,60,Medium,Medium,Yes,5,97,Medium,Yes,1,Medium,Medium,Private,Negative,4,No,College,Far,Male,62,High_Risk,2.8,588.91,120,3.17
31,76,Medium,Medium,Yes,9,83,Medium,Yes,2,High,Medium,Private,Negative,3,No,High School,Moderate,Female,70,Normal,2.8,918.9,228,3.5
9,83,High,Low,Yes,7,86,Medium,Yes,0,Low,Medium,Public,Negative,1,No,College,Far,Female,62,High_Risk,0.8,967.38,83,1.12
30,77,Medium,Low,Yes,7,74,Medium,Yes,3,High,Medium,Private,Neutral,3,No,Postgraduate,Moderate,Male,70,Normal,0.8,2774.65,308,4.5
24,85,Low,Medium,Yes,7,54,Medium,No,2,Medium,Low,Public,Neutral,3,No,College,Moderate,Female,66,Normal,0.8,1619.8,255,3.5
9,65,Low,Medium,Yes,7,89,Medium,Yes,2,Low,Medium,Public,Positive,4,No,High School,Moderate,Male,61,High_Risk,0.8,1001.12,195,1.62
20,71,Medium,Medium,Yes,7,65,Medium,No,2,Medium,Medium,Public,Negative,4,No,High School,Moderate,Female,64,High_Risk,0.8,1624.8,213,3.0
17,84,Low,High,No,7,85,High,Yes,0,Medium,Medium,Private,Positive,2,No,College,Moderate,Male,67,Normal,0.8,1806.02,84,2.12
19,100,Low,High,Yes,7,89,High,Yes,2,High,Low,Private,Neutral,3,No,College,Moderate,Male,72,Normal,0.8,2113.49,300,2.88
25,73,Medium,High,No,8,53,High,No,0,Low,High,Private,Negative,5,No,Postgraduate,Near,Female,66,Normal,1.8,736.07,73,2.78
20,81,High,Medium,Yes,4,55,Medium,Yes,1,High,Medium,Private,Positive,2,No,Postgraduate,Moderate,Male,68,Normal,3.8,289.47,162,4.4
20,86,Medium,Medium,No,6,97,Low,Yes,1,Low,Medium,Private,Neutral,2,No,High School,Moderate,Male,67,Normal,1.8,1077.72,172,3.14
12,68,Medium,High,No,8,88,High,Yes,3,Low,Medium,Public,Negative,3,No,Postgraduate,Moderate,Female,64,High_Risk,1.8,586.63,272,2.0
29,77,Medium,Low,Yes,10,91,High,Yes,2,Low,Medium,Public,Negative,4,No,Postgraduate,Near,Female,70,Normal,3.8,694.46,231,3.0
16,91,Medium,High,No,9,94,Low,Yes,0,High,Medium,Public,Positive,3,No,Postgraduate,Near,Male,70,Normal,2.8,537.12,91,1.6
26,98,High,Low,No,8,90,Low,Yes,1,High,Low,Public,Positive,2,Yes,Postgraduate,Moderate,Female,72,Normal,1.8,1299.93,196,3.11
12,72,Medium,Medium,No,6,50,High,Yes,1,Low,Medium,Public,Positive,3,No,College,Near,Male,62,High_Risk,1.8,333.31,144,2.0
19,77,Medium,Low,Yes,7,54,Low,Yes,2,Low,Medium,Private,Positive,4,No,High School,Near,Female,64,High_Risk,0.8,1282.34,231,2.88
18,96,Medium,Medium,Yes,7,88,Medium,Yes,1,Medium,High,Private,Negative,3,No,High School,Moderate,Female,70,Normal,0.8,1979.75,192,2.5
29,72,Low,Medium,No,5,50,Low,Yes,0,Low,Medium,Public,Neutral,4,No,High School,Near,Female,64,High_Risk,2.8,517.84,72,4.83
17,61,Low,High,Yes,7,75,Medium,No,2,Medium,High,Public,Negative,4,No,College,Near,Female,62,High_Risk,0.8,1593.55,183,2.62
17,71,High,Medium,Yes,9,83,Low,Yes,2,Medium,Medium,Public,Neutral,5,No,High School,Near,Male,66,Normal,2.8,503.91,213,2.1
11,63,Medium,High,Yes,9,51,High,Yes,0,Low,Low,Public,Negative,3,Yes,College,Moderate,Male,58,High_Risk,2.8,200.35,63,1.1
21,87,Low,High,Yes,5,78,High,Yes,1,Low,Medium,Private,Positive,2,No,High School,Near,Female,69,Normal,2.8,584.98,174,3.83
14,69,Low,High,No,8,62,High,Yes,1,Medium,High,Private,Neutral,2,No,High School,Near,Male,63,High_Risk,1.8,482.2,138,1.78
25,98,Medium,Medium,Yes,9,84,Medium,Yes,1,Medium,High,Private,Neutral,2,No,Postgraduate,Near,Female,73,Normal,2.8,749.97,196,2.7
23,91,High,Medium,No,6,93,Medium,Yes,3,Low,Low,Public,Neutral,3,No,High School,Moderate,Female,71,Normal,1.8,1188.27,364,4.14
23,68,High,Low,Yes,8,68,Medium,Yes,1,Medium,Medium,Public,Neutral,2,No,College,Near,Male,65,High_Risk,1.8,868.84,136,2.78
26,60,Low,High,Yes,6,54,Low,Yes,1,Low,Medium,Private,Positive,1,No,Postgraduate,Moderate,Male,63,High_Risk,1.8,779.96,120,4.0
33,88,Medium,Low,No,9,84,Medium,Yes,1,Low,Medium,Public,Negative,3,No,High School,Near,Male,70,Normal,2.8,989.96,176,3.5
27,61,High,Low,No,5,51,High,Yes,1,Low,Medium,Private,Positive,1,No,College,Far,Male,63,High_Risk,2.8,491.77,122,4.83
7,88,Medium,High,Yes,7,64,Low,Yes,2,Medium,High,Public,Neutral,4,No,Postgraduate,Moderate,Male,66,Normal,0.8,559.93,264,1.38
29,96,High,Medium,No,8,85,Low,Yes,3,High,Medium,Public,Neutral,3,No,Postgraduate,Near,Male,76,Normal,1.8,1369.37,384,3.89
5,84,Medium,Medium,Yes,7,53,Low,No,1,Low,High,Public,Positive,3,No,Postgraduate,Moderate,Male,62,High_Risk,0.8,331.21,168,0.88
28,77,Low,High,Yes,7,89,Medium,Yes,3,Low,Medium,Public,Positive,3,Yes,High School,Far,Male,68,Normal,0.8,3114.61,308,4.25
16,64,High,Medium,Yes,7,79,Medium,Yes,3,Medium,Medium,Private,Positive,4,Yes,Postgraduate,Near,Female,66,Normal,0.8,1579.8,256,2.75
11,68,Medium,High,Yes,5,99,Medium,Yes,1,High,Medium,Public,Neutral,4,No,Postgraduate,Near,Female,66,Normal,2.8,388.91,136,2.17
19,64,Medium,High,Yes,4,71,Medium,Yes,1,High,Medium,Public,Neutral,3,No,High School,Near,Male,65,High_Risk,3.8,354.99,128,4.2
32,63,Medium,High,No,8,91,Medium,No,2,High,Low,Public,Positive,5,Yes,High School,Near,Female,68,Normal,1.8,1617.69,189,4.0
29,67,High,Low,No,7,75,Medium,No,3,Low,Medium,Public,Neutral,1,No,High School,Near,Female,65,High_Risk,0.8,2718.41,268,4.38
21,95,Medium,Low,Yes,7,67,Medium,Yes,3,Medium,Medium,Public,Positive,2,No,College,Far,Female,70,Normal,0.8,1758.53,380,3.38
30,73,High,Medium,Yes,8,100,Medium,Yes,2,High,High,Public,Neutral,2,No,High School,Near,Female,72,Normal,1.8,1666.57,219,3.78
17,92,Medium,Medium,No,7,99,Medium,Yes,1,Medium,Medium,Public,Neutral,2,No,College,Far,Female,68,Normal,0.8,2103.49,184,2.38
16,99,High,Medium,No,9,57,High,No,4,Medium,Medium,Public,Positive,3,No,College,Near,Female,71,Normal,2.8,325.7,495,2.4
27,98,High,Low,Yes,6,93,Low,Yes,0,Low,Medium,Private,Neutral,4,No,High School,Moderate,Male,72,Normal,1.8,1394.92,98,3.86
31,62,High,Medium,No,8,83,Medium,Yes,0,Medium,High,Private,Neutral,2,Yes,College,Near,Female,67,Normal,1.8,1429.37,62,3.44
21,64,High,Low,Yes,7,83,High,Yes,2,Low,Low,Public,Neutral,3,No,High School,Moderate,Female,64,High_Risk,0.8,2178.48,192,3.12
19,69,Medium,High,Yes,7,59,Low,Yes,2,Low,Low,Private,Neutral,2,No,Postgraduate,Moderate,Female,64,High_Risk,0.8,1401.07,207,2.88
14,77,High,Low,No,7,54,Medium,Yes,1,Medium,High,Public,Negative,2,No,High School,Moderate,Male,62,High_Risk,0.8,944.88,154,2.0
18,97,High,High,Yes,6,76,Medium,Yes,0,Medium,High,Public,Neutral,5,No,High School,Moderate,Male,72,Normal,1.8,759.96,97,2.57
20,94,Medium,High,Yes,10,81,Low,Yes,1,Medium,High,Public,Neutral,5,Yes,High School,Far,Female,69,Normal,3.8,426.3,188,2.0
6,71,Medium,High,Yes,5,85,Medium,Yes,1,Low,Medium,Public,Positive,2,No,High School,Moderate,Male,61,High_Risk,2.8,182.14,142,1.33
27,80,High,High,No,10,71,High,Yes,4,Low,Low,Public,Neutral,2,No,College,Near,Male,72,Normal,3.8,504.46,400,3.18
29,95,Medium,Low,No,9,64,Medium,Yes,1,Medium,High,Public,Positive,3,No,High School,Near,Female,72,Normal,2.8,662.83,190,3.1
20,99,Medium,Low,No,9,68,Low,Yes,1,Low,High,Public,Positive,3,No,Postgraduate,Far,Male,69,Normal,2.8,485.7,198,2.2
18,85,Medium,Medium,Yes,6,57,Low,Yes,2,Medium,High,Public,Neutral,2,No,Postgraduate,Moderate,Male,67,Normal,1.8,569.97,255,3.14
34,61,Medium,Medium,Yes,6,67,High,Yes,1,High,Medium,Private,Neutral,2,No,Postgraduate,Moderate,Male,68,Normal,1.8,1265.49,122,5.14
13,82,Medium,High,No,7,82,Medium,Yes,1,Low,Low,Public,Positive,3,No,High School,Near,Female,65,High_Risk,0.8,1332.33,164,1.88
25,99,High,Medium,Yes,7,88,Medium,Yes,3,Low,Medium,Private,Positive,4,No,College,Moderate,Female,75,Normal,0.8,2749.66,396,3.88
17,88,Medium,High,Yes,10,100,Medium,Yes,1,Low,High,Public,Positive,2,No,Postgraduate,Near,Female,71,Normal,3.8,447.36,176,1.73
21,92,High,Low,No,9,62,Medium,Yes,1,Medium,Low,Public,Positive,2,No,High School,Near,Female,68,Normal,2.8,464.98,184,2.3
31,72,Medium,Medium,No,8,98,High,Yes,0,Low,Medium,Public,Neutral,4,No,College,Far,Male,68,Normal,1.8,1687.68,72,3.44
18,75,High,Medium,Yes,5,80,Medium,Yes,2,Low,High,Public,Neutral,3,No,High School,Near,Female,67,Normal,2.8,514.27,225,3.67
14,68,Medium,Medium,Yes,8,53,High,Yes,1,Medium,High,Private,Positive,2,No,College,Near,Female,63,High_Risk,1.8,412.2,136,1.78
22,91,Medium,Medium,No,7,74,Medium,Yes,1,Medium,Medium,Private,Negative,2,Yes,College,Moderate,Female,67,Normal,0.8,2034.75,182,3.0
14,85,Medium,Medium,No,6,94,Low,Yes,0,High,Medium,Public,Positive,4,No,College,Near,Male,67,Normal,1.8,731.07,85,2.0
27,82,Medium,Medium,Yes,6,87,Low,No,2,Low,High,Public,Positive,2,No,High School,Near,Male,69,Normal,1.8,1304.93,246,4.43
18,65,Medium,High,Yes,8,63,Medium,Yes,1,Medium,Medium,Public,Positive,3,No,High School,Far,Male,63,High_Risk,1.8,629.97,130,2.22
10,98,Medium,High,No,7,80,Low,Yes,3,Medium,Medium,Private,Neutral,3,No,College,Near,Male,69,Normal,0.8,999.88,392,2.0
23,72,High,Medium,No,8,58,Medium,No,2,Low,High,Private,Positive,2,No,College,Near,Female,66,Normal,1.8,741.07,216,3.0
16,81,Medium,High,Yes,6,79,Medium,Yes,2,Low,High,Public,Positive,3,No,College,Moderate,Female,68,Normal,1.8,702.18,243,2.86
15,93,Medium,Medium,No,8,61,High,Yes,1,Medium,Medium,Public,Neutral,4,No,High School,Near,Female,67,Normal,1.8,508.31,186,1.89
16,93,Medium,Medium,Yes,8,55,Low,Yes,0,High,Medium,Public,Neutral,4,No,High School,Moderate,Male,67,Normal,1.8,488.86,93,1.78
22,71,High,Medium,No,8,58,Medium,No,2,Low,Medium,Public,Negative,4,No,College,Near,Female,65,High_Risk,1.8,708.85,213,2.89
23,87,Low,High,No,8,76,Medium,Yes,2,High,Medium,Public,Positive,5,Yes,Postgraduate,Near,Female,71,Normal,1.8,971.06,261,3.0
24,67,Medium,Medium,No,10,64,Low,Yes,1,Low,Medium,Public,Positive,2,Yes,College,Far,Female,62,High_Risk,3.8,404.2,134,2.36
28,98,Medium,High,Yes,7,72,Medium,Yes,1,Low,High,Private,Positive,2,No,College,Near,Male,74,Normal,0.8,2519.69,196,3.75
23,75,High,High,Yes,6,93,Medium,No,2,Medium,Low,Public,Neutral,3,No,Postgraduate,Moderate,Female,69,Normal,1.8,1188.27,225,3.86
27,85,Low,High,No,6,63,Low,Yes,1,Low,Medium,Public,Negative,2,No,College,Near,Male,68,Normal,1.8,944.95,170,4.14
23,90,Medium,High,Yes,5,78,High,No,1,Medium,Medium,Private,Neutral,3,No,High School,Moderate,Male,70,Normal,2.8,640.69,180,4.17
25,76,High,High,Yes,8,59,Medium,Yes,4,Medium,Medium,Private,Neutral,4,No,College,Near,Female,71,Normal,1.8,819.4,380,3.67
17,63,High,Medium,No,9,53,High,Yes,1,Low,High,Public,Neutral,4,No,College,Moderate,Male,63,High_Risk,2.8,321.77,126,1.9
16,71,Medium,High,No,9,69,Medium,Yes,1,Low,Medium,Public,Neutral,4,No,Postgraduate,Near,Female,65,High_Risk,2.8,394.27,142,1.8
23,91,High,High,No,10,67,High,Yes,2,Low,Medium,Public,Positive,2,No,College,Near,Male,72,Normal,3.8,405.52,273,2.45
22,74,Medium,High,Yes,9,64,High,Yes,3,Medium,Medium,Public,Neutral,3,No,High School,Near,Female,68,Normal,2.8,502.84,296,2.8
13,71,Medium,High,Yes,6,51,Low,Yes,4,High,Medium,Public,Positive,4,No,College,Moderate,Female,65,High_Risk,1.8,368.31,355,3.0
22,77,Medium,Medium,Yes,7,72,Medium,Yes,2,Medium,High,Public,Neutral,3,No,High School,Near,Male,67,Normal,0.8,1979.75,231,3.25
18,96,High,Low,Yes,7,52,Low,Yes,1,Low,Medium,Private,Neutral,4,No,College,Near,Female,68,Normal,0.8,1169.85,192,2.5
20,80,Medium,High,Yes,5,76,Medium,No,0,Low,Medium,Private,Negative,3,No,College,Near,Female,66,Normal,2.8,542.84,80,3.33
19,97,High,Medium,Yes,6,66,High,Yes,2,Medium,Medium,Private,Positive,2,No,College,Moderate,Female,72,Normal,1.8,696.63,291,3.29
25,73,Medium,Medium,Yes,7,56,Medium,Yes,2,High,Medium,Public,Neutral,4,No,High School,Near,Female,93,Normal,0.8,1749.78,219,3.62
10,81,Low,Medium,Yes,9,98,Medium,Yes,2,Low,Medium,Public,Neutral,2,No,College,Near,Male,65,High_Risk,2.8,349.99,243,1.4
21,78,High,Medium,Yes,6,97,Medium,Yes,0,Medium,Medium,Public,Positive,2,No,High School,Near,Female,69,Normal,1.8,1131.6,78,3.0
24,99,High,Medium,Yes,7,69,Medium,Yes,0,Medium,Medium,Private,Positive,3,No,High School,Near,Male,73,Normal,0.8,2069.74,99,3.0
29,74,Medium,High,Yes,6,69,Medium,Yes,1,Low,High,Private,Negative,1,No,College,Far,Female,67,Normal,1.8,1111.6,148,4.43
29,90,Medium,Medium,Yes,9,83,Medium,Yes,0,Medium,High,Private,Positive,3,No,High School,Near,Female,72,Normal,2.8,859.61,90,2.9
25,99,High,Medium,Yes,6,97,High,Yes,0,Medium,Medium,Public,Positive,3,No,College,Moderate,Male,75,Normal,1.8,1347.15,99,3.57
32,82,Low,Medium,Yes,8,88,Low,Yes,0,High,Medium,Public,Positive,2,No,College,Moderate,Male,71,Normal,1.8,1564.36,82,3.56
16,93,Low,High,No,6,77,High,Yes,2,Low,Medium,Public,Negative,1,No,High School,Moderate,Male,67,Normal,1.8,684.41,279,2.86
14,90,High,Medium,Yes,8,57,Medium,Yes,0,Medium,Medium,Public,Positive,3,Yes,College,Moderate,Male,66,Normal,1.8,443.31,90,1.56
15,80,High,Medium,Yes,5,90,Medium,Yes,4,Medium,High,Private,Neutral,3,No,High School,Near,Female,69,Normal,2.8,482.13,400,3.83
26,95,Medium,Low,Yes,8,61,Medium,Yes,2,Medium,Medium,Private,Neutral,2,No,Postgraduate,Near,Female,71,Normal,1.8,881.06,285,3.33
27,78,Medium,Medium,Yes,7,86,Medium,Yes,3,Medium,Unknown,Public,Positive,2,No,High School,Moderate,Female,70,Normal,0.8,2902.14,312,4.12
17,78,Medium,Medium,Yes,9,65,Low,Yes,1,Medium,High,Public,Neutral,4,No,High School,Moderate,Female,65,High_Risk,2.8,394.63,156,1.9
16,61,Medium,Medium,No,9,86,Low,Yes,2,Low,High,Public,Positive,2,No,High School,Near,Male,62,High_Risk,2.8,491.41,183,2.0
24,76,Medium,Medium,No,7,77,Medium,Yes,3,Medium,Medium,Private,Negative,4,No,Postgraduate,Moderate,Female,68,Normal,0.8,2309.71,304,3.75
31,62,Medium,Medium,Yes,8,91,High,Yes,4,High,High,Public,Positive,4,No,High School,Moderate,Male,71,Normal,1.8,1567.14,310,4.33
18,84,Low,Low,No,5,85,Medium,Yes,0,Medium,Medium,Public,Neutral,4,No,High School,Moderate,Male,64,High_Risk,2.8,546.41,84,3.0
18,88,High,High,Yes,8,96,Low,Yes,1,Low,Medium,Public,Positive,3,No,High School,Far,Female,69,Normal,1.8,959.95,176,2.22
24,76,High,High,Yes,9,85,Medium,Yes,2,Low,Medium,Private,Positive,2,No,Postgraduate,Near,Female,71,Normal,2.8,728.55,228,2.8
25,89,Medium,Medium,Yes,7,81,High,Yes,3,Medium,Medium,Public,Negative,0,No,College,Near,Male,71,Normal,0.8,2530.93,356,3.88
12,72,Low,High,Yes,8,56,High,Yes,3,Low,Medium,Public,Positive,1,Yes,High School,Moderate,Male,62,High_Risk,1.8,373.31,288,2.0
21,70,Low,Low,Yes,8,84,Medium,Yes,1,High,High,Public,Positive,3,Yes,Postgraduate,Near,Male,65,High_Risk,1.8,979.95,140,2.56
25,91,Medium,Medium,No,8,74,High,Yes,1,Medium,High,Private,Positive,3,No,College,Moderate,Male,71,Normal,1.8,1027.72,182,3.0
15,74,High,Medium,Yes,8,79,Medium,Yes,0,High,Medium,Public,Negative,3,No,College,Near,Male,65,High_Risk,1.8,658.3,74,1.67
29,100,Medium,Low,Yes,8,100,Low,Yes,0,Low,Medium,Private,Neutral,5,Yes,High School,Near,Male,72,Normal,1.8,1611.02,100,3.22
20,76,Low,Medium,Yes,5,95,Medium,Yes,4,Low,High,Public,Positive,3,No,High School,Near,Male,68,Normal,2.8,678.55,380,4.67
19,96,Medium,Low,Yes,5,86,Medium,No,3,Medium,Medium,Public,Positive,3,No,High School,Moderate,Male,69,Normal,2.8,583.55,384,4.17
29,80,Medium,Low,Yes,5,90,Medium,Yes,2,Medium,Low,Public,Positive,1,No,College,Near,Female,70,Normal,2.8,932.11,240,5.5
22,79,Medium,Medium,Yes,7,98,High,Yes,0,High,Medium,Public,Neutral,3,No,High School,Near,Male,69,Normal,0.8,2694.66,79,2.75
17,99,Medium,High,No,6,59,Medium,Yes,0,Medium,Medium,Public,Neutral,3,No,High School,Moderate,Male,68,Normal,1.8,557.19,99,2.43
28,66,Medium,Medium,No,10,52,Low,Yes,0,Low,High,Public,Positive,3,No,High School,Near,Male,64,High_Risk,3.8,383.15,66,2.55
21,84,High,Low,Yes,8,87,Low,Yes,2,High,Medium,Public,Positive,1,No,Postgraduate,Far,Female,69,Normal,1.8,1014.94,252,2.78
18,87,Low,Low,No,8,57,Medium,No,3,High,High,Public,Positive,4,No,High School,Near,Male,66,Normal,1.8,569.97,348,2.67
20,87,Medium,High,No,10,75,Low,Yes,3,Medium,Medium,Private,Neutral,2,No,College,Near,Female,70,Normal,3.8,394.73,348,2.36
13,70,Medium,Medium,No,5,59,Medium,Yes,0,Medium,High,Private,Positive,2,No,Postgraduate,Near,Female,63,High_Risk,2.8,273.92,70,2.17
23,97,Low,High,Yes,7,81,Low,Yes,2,Medium,High,Public,Neutral,3,No,High School,Near,Male,72,Normal,0.8,2328.46,291,3.38
24,71,Medium,Medium,Yes,7,96,Medium,Yes,2,Low,Unknown,Public,Negative,2,No,High School,Near,Male,67,Normal,0.8,2879.64,213,3.5
26,90,High,High,Yes,8,91,Medium,Yes,1,High,High,Private,Neutral,4,Yes,High School,Near,Male,74,Normal,1.8,1314.37,180,3.11
18,66,High,Medium,Yes,5,96,Medium,Yes,0,Low,Medium,Public,Neutral,5,No,High School,Moderate,Female,64,High_Risk,2.8,617.12,66,3.0
13,75,Medium,High,Yes,7,76,High,Yes,1,Medium,High,Public,Negative,1,No,Unknown,Moderate,Male,64,High_Risk,0.8,1234.85,150,1.88
29,68,Medium,High,Yes,4,53,Medium,Yes,1,Medium,Medium,Private,Negative,4,No,High School,Far,Male,66,Normal,3.8,404.46,136,6.2
19,65,Medium,Low,Yes,6,96,Medium,Yes,2,Medium,High,Private,Neutral,2,No,Postgraduate,Near,Male,65,High_Risk,1.8,1013.28,195,3.29
20,66,Medium,High,Yes,8,59,Low,Yes,4,Medium,Medium,Public,Positive,3,No,College,Near,Male,66,Normal,1.8,655.52,330,3.11
9,76,Medium,Medium,Yes,7,79,Medium,Yes,1,Low,Medium,Public,Neutral,3,No,High School,Near,Female,62,High_Risk,0.8,888.64,152,1.38
13,92,Medium,High,No,6,74,High,Yes,2,Low,Medium,Private,Neutral,2,No,College,Near,Male,68,Normal,1.8,534.41,276,2.43
22,73,Low,Medium,No,5,79,Medium,Yes,4,Medium,Low,Public,Negative,1,No,Postgraduate,Moderate,Female,65,High_Risk,2.8,620.69,365,5.0
21,95,Low,Medium,Yes,9,70,Medium,Yes,3,High,Medium,Public,Positive,3,No,High School,Near,Female,71,Normal,2.8,524.98,380,2.7
18,75,Medium,Low,Yes,6,100,High,Yes,2,Low,Medium,Public,Positive,3,No,High School,Near,Female,67,Normal,1.8,999.94,225,3.14
23,84,High,High,Yes,8,93,Medium,Yes,1,High,Medium,Public,Positive,3,No,Postgraduate,Far,Male,72,Normal,1.8,1188.27,168,2.78
13,84,High,Medium,No,7,98,Medium,No,0,Low,Low,Public,Neutral,4,Yes,High School,Near,Male,64,High_Risk,0.8,1592.3,84,1.62
20,72,Medium,Medium,No,9,90,Low,Yes,1,Medium,Medium,Private,Neutral,2,No,Postgraduate,Moderate,Male,65,High_Risk,2.8,642.83,144,2.2
12,97,High,Low,Yes,6,96,Medium,Yes,2,Low,High,Public,Positive,2,No,Postgraduate,Near,Female,71,Normal,1.8,639.96,291,2.29
25,95,Medium,High,Yes,6,75,Medium,Yes,1,Medium,Medium,Private,Positive,4,No,High School,Moderate,Male,73,Normal,1.8,1041.61,190,3.86
30,61,Low,High,Yes,8,82,Low,Yes,2,Low,High,Public,Neutral,3,No,Postgraduate,Near,Female,68,Normal,1.8,1366.59,183,3.78
16,88,Medium,High,Yes,7,51,Medium,Yes,0,Medium,Medium,Public,Positive,3,No,College,Near,Female,68,Normal,0.8,1019.87,88,2.0
29,69,Medium,Medium,Yes,7,58,Medium,Yes,1,Low,Low,Public,Positive,2,No,College,Near,Male,66,Normal,0.8,2102.24,138,3.88
24,89,High,Medium,No,8,69,Low,No,3,High,Medium,Public,Neutral,2,No,College,Near,Male,70,Normal,1.8,919.95,356,3.33
20,93,Medium,Medium,Yes,6,95,Low,Yes,1,Medium,High,Public,Negative,4,No,College,Moderate,Male,70,Normal,1.8,1055.5,186,3.14
18,82,High,High,No,6,60,Medium,Yes,5,Medium,High,Public,Negative,3,No,College,Unknown,Male,69,Normal,1.8,599.97,492,4.0
22,72,Medium,High,Yes,7,62,Low,Yes,5,High,Medium,Private,Neutral,2,No,College,Moderate,Female,68,Normal,0.8,1704.79,432,4.0
15,79,High,Medium,Yes,6,88,Medium,Yes,3,High,Medium,Public,Neutral,3,No,Postgraduate,Moderate,Male,69,Normal,1.8,733.29,316,3.0
23,72,Medium,High,Yes,10,99,Medium,Yes,2,Medium,High,Private,Neutral,4,No,Postgraduate,Near,Female,71,Normal,3.8,599.19,216,2.45
24,85,High,Low,Yes,9,89,Medium,Yes,1,Low,Medium,Public,Positive,2,No,Postgraduate,Moderate,Male,70,Normal,2.8,762.83,170,2.6
28,83,Medium,High,No,6,98,Medium,Yes,1,Low,High,Private,Neutral,2,No,Postgraduate,Moderate,Male,72,Normal,1.8,1524.36,166,4.29
17,67,Low,Medium,No,9,63,High,Yes,1,Low,High,Public,Negative,4,No,College,Far,Male,61,High_Risk,2.8,382.49,134,1.9
30,97,High,High,No,5,70,Medium,Yes,0,High,Medium,Public,Positive,2,No,Postgraduate,Near,Male,76,Normal,2.8,749.97,97,5.0
18,78,Low,Medium,No,8,96,Medium,Yes,4,High,Medium,Public,Positive,4,Yes,College,Near,Male,68,Normal,1.8,959.95,390,2.89
6,85,High,Medium,Yes,9,70,High,Yes,0,Low,Medium,Public,Positive,3,Yes,Postgraduate,Near,Female,64,High_Risk,2.8,149.99,85,0.6
32,94,Medium,High,Yes,9,55,High,Yes,4,Medium,Medium,Private,Positive,2,Yes,High School,Near,Male,75,Normal,2.8,628.55,470,4.0
19,68,Low,High,No,10,97,Low,No,0,Low,Medium,Public,Positive,3,No,College,Far,Female,62,High_Risk,3.8,484.99,68,1.73
16,91,High,Medium,Yes,6,72,High,Yes,0,High,High,Public,Negative,2,No,Postgraduate,Near,Female,70,Normal,1.8,639.96,91,2.29
19,80,High,Medium,Yes,7,66,Low,Yes,4,Medium,Medium,Public,Negative,4,No,College,Near,Female,69,Normal,0.8,1567.3,400,3.38
30,77,Medium,Low,Yes,8,83,Medium,Yes,1,Low,Low,Public,Positive,3,No,College,Near,Male,69,Normal,1.8,1383.26,154,3.56
33,61,Low,Low,Yes,5,96,Medium,Yes,2,Medium,Unknown,Public,Negative,3,No,High School,Near,Male,67,Normal,2.8,1131.39,183,6.17
20,90,High,Medium,Yes,4,56,Medium,Yes,0,Low,High,Private,Positive,1,No,High School,Moderate,Male,68,Normal,3.8,294.73,90,4.0
32,72,High,Medium,Yes,8,93,Low,Yes,1,Low,Medium,Private,Neutral,4,No,Postgraduate,Near,Female,71,Normal,1.8,1653.24,144,3.78
26,81,Low,Medium,No,7,65,Low,Yes,1,Medium,Medium,Public,Neutral,3,No,High School,Far,Male,65,High_Risk,0.8,2112.24,162,3.5
17,80,High,High,No,9,57,Medium,Yes,4,Low,Medium,Public,Positive,2,No,College,Near,Male,68,Normal,2.8,346.06,400,2.5
16,99,Low,High,Yes,6,100,High,Yes,1,High,High,Public,Positive,3,No,High School,Far,Female,72,Normal,1.8,888.84,198,2.57
15,71,Low,Medium,No,8,60,High,No,5,Low,High,Public,Positive,4,No,High School,Far,Female,63,High_Risk,1.8,499.97,426,2.78
15,84,Medium,High,Yes,7,79,Medium,Yes,1,Medium,High,Public,Neutral,4,No,High School,Near,Female,68,Normal,0.8,1481.06,168,2.12
23,93,Medium,Medium,Yes,6,97,Low,No,1,Medium,Medium,Public,Positive,2,No,College,Moderate,Male,70,Normal,1.8,1239.38,186,3.57
23,65,Low,Medium,Yes,6,81,Low,Yes,2,Low,Medium,Public,Neutral,2,No,High School,Near,Female,63,High_Risk,1.8,1034.94,195,3.86
15,73,Medium,Medium,Yes,7,60,High,Yes,3,Medium,Medium,Public,Neutral,4,No,College,Near,Female,66,Normal,0.8,1124.86,292,2.62
23,80,High,High,Yes,6,97,Medium,Yes,0,Medium,Medium,Private,Neutral,3,No,High School,Near,Male,70,Normal,1.8,1239.38,80,3.29
15,70,Low,Medium,No,8,63,Low,Yes,0,Medium,Medium,Private,Positive,4,No,High School,Moderate,Female,61,High_Risk,1.8,524.97,70,1.67
19,74,High,High,Yes,6,96,Medium,Yes,2,High,Medium,Public,Neutral,3,No,College,Unknown,Male,69,Normal,1.8,1013.28,222,3.29
31,85,Medium,Medium,Yes,9,71,Low,Yes,0,Medium,High,Public,Negative,2,Yes,College,Moderate,Female,69,Normal,2.8,786.04,85,3.1
12,72,Low,Low,Yes,6,99,High,Yes,0,Low,Medium,Public,Positive,4,No,College,Far,Female,62,High_Risk,1.8,659.96,72,1.71
19,93,Medium,Medium,No,7,84,High,No,0,Medium,Low,Public,Neutral,2,No,College,Near,Male,68,Normal,0.8,1994.75,93,2.38
26,81,High,Low,No,8,60,High,Yes,2,Low,High,Public,Positive,5,No,Postgraduate,Near,Female,71,Normal,1.8,866.62,243,3.33
28,68,High,Medium,Yes,7,63,Medium,Yes,0,Low,High,Public,Negative,2,No,College,Near,Male,67,Normal,0.8,2204.72,68,3.5
14,73,High,Medium,Yes,5,98,Medium,Yes,2,Low,Medium,Public,Negative,4,No,High School,Moderate,Female,65,High_Risk,2.8,489.98,219,3.0
18,64,Low,Low,Yes,7,97,Low,Yes,2,Medium,Low,Private,Neutral,4,No,College,Near,Male,62,High_Risk,0.8,2182.23,192,2.75
12,72,Medium,Medium,No,7,67,Low,Yes,0,Low,Medium,Public,Positive,2,No,High School,Near,Female,61,High_Risk,0.8,1004.87,72,1.5
13,68,Medium,Medium,Yes,8,95,Medium,Yes,2,Low,Low,Private,Positive,4,No,High School,Moderate,Male,63,High_Risk,1.8,686.07,204,1.89
17,75,High,Medium,Yes,8,81,Low,Yes,3,High,Medium,Public,Neutral,3,Yes,Postgraduate,Near,Male,67,Normal,1.8,764.96,300,2.56
18,89,Medium,High,Yes,5,72,Low,Yes,4,Medium,Low,Public,Neutral,2,No,High School,Near,Female,69,Normal,2.8,462.84,445,4.33
18,75,Medium,Medium,Yes,6,88,Low,Yes,2,Medium,High,Public,Negative,1,Yes,Postgraduate,Near,Female,66,Normal,1.8,879.95,225,3.14
22,65,Medium,Medium,Yes,9,66,High,Yes,2,Medium,Medium,Public,Negative,4,No,High School,Near,Male,65,High_Risk,2.8,518.55,195,2.6
19,77,High,Low,No,6,97,Low,Yes,4,Low,Medium,Public,Negative,2,No,High School,Near,Male,66,Normal,1.8,1023.83,385,3.86
18,97,Low,High,No,5,79,Low,Yes,2,Low,High,Public,Positive,3,No,College,Moderate,Male,70,Normal,2.8,507.84,291,3.67
22,62,High,Low,No,8,76,Medium,Yes,1,Medium,Low,Public,Neutral,3,No,High School,Near,Male,63,High_Risk,1.8,928.84,124,2.67
24,76,High,Medium,No,10,55,Low,Yes,2,Low,Medium,Public,Positive,4,No,High School,Near,Male,67,Normal,3.8,347.36,228,2.55
21,65,Low,High,No,6,83,Medium,Yes,3,Low,High,Public,Neutral,5,No,High School,Near,Male,65,High_Risk,1.8,968.28,260,3.86
12,81,Medium,High,No,10,97,Low,Yes,1,Low,Unknown,Private,Positive,5,No,High School,Near,Female,66,Normal,3.8,306.31,162,1.27
18,73,Medium,High,No,8,53,Medium,No,1,Low,High,Public,Neutral,3,No,Postgraduate,Moderate,Male,64,High_Risk,1.8,529.97,146,2.22
14,67,Medium,Medium,No,10,53,Medium,Yes,2,High,Medium,Public,Neutral,3,No,College,Near,Male,62,High_Risk,3.8,195.26,201,1.64
25,75,Medium,Medium,Yes,6,63,Low,Yes,3,High,Medium,Private,Neutral,4,No,High School,Near,Male,68,Normal,1.8,874.95,300,4.43
14,98,Medium,Medium,No,7,76,Medium,Yes,0,Medium,High,Private,Positive,4,No,College,Moderate,Female,69,Normal,0.8,1329.83,98,1.75
17,87,Medium,Medium,Yes,9,53,Low,Yes,3,Low,Medium,Public,Positive,3,No,Postgraduate,Moderate,Female,67,Normal,2.8,321.77,348,2.3
11,84,Medium,Medium,Yes,7,85,High,Yes,3,Medium,Medium,Public,Neutral,4,No,College,Moderate,Female,67,Normal,0.8,1168.6,336,2.12
17,87,Low,Low,Yes,9,71,Medium,Yes,2,Low,Medium,Public,Neutral,3,No,College,Moderate,Female,65,High_Risk,2.8,431.06,261,2.1
10,92,High,Low,Yes,6,59,High,Yes,0,Low,Medium,Public,Negative,2,No,High School,Moderate,Female,64,High_Risk,1.8,327.76,92,1.43
9,73,Medium,Medium,Yes,6,96,Low,Yes,0,Low,High,Public,Positive,2,No,High School,Near,Male,62,High_Risk,1.8,479.97,73,1.29
27,92,Medium,Low,Yes,9,100,High,Yes,2,Medium,High,Public,Positive,0,No,Postgraduate,Moderate,Female,73,Normal,2.8,964.25,276,3.1
13,65,Medium,High,No,7,75,Low,Yes,2,Medium,High,Private,Neutral,4,No,High School,Moderate,Male,63,High_Risk,0.8,1218.6,195,2.12
20,95,Low,Low,No,8,83,High,Yes,1,Medium,Medium,Private,Positive,3,No,High School,Near,Female,69,Normal,1.8,922.17,190,2.44
7,96,High,Low,No,6,50,Medium,Yes,1,High,Medium,Private,Negative,3,No,College,Near,Male,65,High_Risk,1.8,194.43,192,1.29
18,73,Medium,Medium,Yes,8,74,Low,No,3,Medium,High,Private,Neutral,2,No,Postgraduate,Near,Male,66,Normal,1.8,739.96,292,2.67
33,66,Medium,Medium,No,8,77,Medium,Yes,2,Medium,Low,Public,Neutral,3,No,High School,Near,Male,68,Normal,1.8,1411.59,198,4.11
33,74,Medium,Low,No,8,64,Medium,Yes,0,Medium,Medium,Public,Negative,3,Yes,High School,Near,Male,66,Normal,1.8,1173.27,74,3.67
23,66,Medium,High,No,6,90,Medium,Yes,2,Low,Medium,Public,Neutral,3,No,High School,Near,Male,66,Normal,1.8,1149.94,198,3.86
14,81,Medium,Medium,Yes,5,58,High,Yes,3,Low,High,Public,Negative,4,No,Postgraduate,Moderate,Male,66,Normal,2.8,289.99,324,3.33
29,96,Low,Low,No,4,89,Medium,Yes,2,Low,High,Public,Neutral,2,No,High School,Far,Female,70,Normal,3.8,679.19,288,6.6
28,81,Medium,High,No,6,96,Medium,Yes,0,Medium,Medium,Public,Neutral,2,No,High School,Near,Male,70,Normal,1.8,1493.25,81,4.0
17,85,High,Medium,Yes,10,66,Medium,Yes,1,High,Medium,Public,Neutral,1,Yes,Postgraduate,Moderate,Male,67,Normal,3.8,295.26,170,1.73
23,99,Low,Medium,No,9,73,Medium,Yes,0,Low,Medium,Public,Negative,4,No,College,Near,Male,69,Normal,2.8,599.62,99,2.3
15,98,Low,High,Yes,8,69,Low,Yes,2,Low,Medium,Public,Neutral,4,No,High School,Moderate,Female,68,Normal,1.8,574.97,294,2.11
26,96,Medium,Medium,Yes,5,63,Medium,No,1,High,Medium,Private,Positive,2,No,Postgraduate,Near,Male,72,Normal,2.8,584.98,192,4.67
19,95,Low,High,Yes,8,99,Medium,Yes,0,Low,Medium,Public,Neutral,2,No,Postgraduate,Moderate,Male,70,Normal,1.8,1044.94,95,2.11
23,87,High,Low,No,6,81,Low,Yes,5,Medium,High,Private,Neutral,2,No,High School,Far,Female,70,Normal,1.8,1034.94,522,4.71
19,69,Medium,Medium,Yes,7,82,Low,No,2,Low,Unknown,Public,Neutral,3,No,College,Near,Male,64,High_Risk,0.8,1947.26,207,2.88
26,71,High,Medium,Yes,6,51,Low,No,1,High,Medium,Private,Positive,3,No,Postgraduate,Moderate,Male,67,Normal,1.8,736.63,142,4.0
25,91,Medium,Medium,No,8,72,Low,Yes,2,Medium,High,Public,Positive,0,No,Postgraduate,Near,Male,71,Normal,1.8,999.94,273,3.22
18,61,Medium,Medium,Yes,6,96,Medium,Yes,0,Medium,Medium,Public,Negative,3,No,High School,Near,Male,63,High_Risk,1.8,959.95,61,2.57
28,99,Medium,Medium,Yes,6,61,Medium,No,1,Low,Medium,Public,Positive,3,No,High School,Near,Male,71,Normal,1.8,948.84,198,4.29
11,64,High,Medium,Yes,5,78,Low,Yes,2,Low,High,Private,Neutral,4,No,College,Moderate,Male,62,High_Risk,2.8,306.42,192,2.5
31,83,Low,High,Yes,6,70,Medium,Yes,3,Low,Medium,Private,Negative,3,No,College,Near,Male,71,Normal,1.8,1205.49,332,5.29
20,71,Low,Medium,Yes,9,68,Medium,Yes,1,Low,Medium,Private,Positive,3,No,High School,Far,Male,63,High_Risk,2.8,485.7,142,2.2
21,69,High,Low,Yes,7,63,Medium,Yes,0,Medium,Medium,Public,Positive,3,No,High School,Moderate,Male,64,High_Risk,0.8,1653.54,69,2.62
16,76,Low,High,Yes,8,56,Medium,No,1,Low,Medium,Public,Positive,1,No,High School,Near,Male,62,High_Risk,1.8,497.75,152,2.0
8,71,High,Medium,Yes,5,77,Medium,No,0,High,Medium,Public,Neutral,4,No,High School,Moderate,Female,61,High_Risk,2.8,219.99,71,1.33
23,91,Medium,Low,Yes,6,71,Medium,Yes,5,Low,High,Public,Neutral,3,No,High School,Moderate,Female,70,Normal,1.8,907.17,546,4.71
18,74,Medium,Medium,No,6,78,High,Yes,0,High,Medium,Public,Positive,2,No,High School,Moderate,Female,65,High_Risk,1.8,779.96,74,2.57
10,81,High,Medium,Yes,8,99,Medium,No,2,Medium,Medium,Public,Positive,4,No,Postgraduate,Moderate,Female,67,Normal,1.8,549.97,243,1.56
21,68,High,High,Yes,6,50,High,Yes,3,Medium,Low,Private,Neutral,4,No,High School,Near,Male,67,Normal,1.8,583.3,272,3.86
25,83,Medium,High,Yes,6,97,Low,Yes,0,Low,Low,Public,Neutral,4,No,High School,Near,Male,69,Normal,1.8,1347.15,83,3.57
18,83,Medium,High,No,4,65,Low,Yes,3,Low,Medium,Public,Positive,4,No,College,Moderate,Male,68,Normal,3.8,307.89,332,4.8
23,64,High,Medium,Yes,9,72,Medium,Yes,0,Low,High,Public,Positive,3,No,College,Near,Male,66,Normal,2.8,591.41,64,2.3
29,61,Medium,High,Yes,7,52,Low,Yes,3,Low,Medium,Private,Positive,3,No,College,Near,Female,67,Normal,0.8,1884.76,244,4.38
20,97,High,Medium,Yes,6,81,High,Yes,2,Low,Low,Public,Neutral,3,No,High School,Moderate,Male,71,Normal,1.8,899.95,291,3.43
20,98,Low,Medium,Yes,7,96,Low,No,1,Low,High,Public,Positive,3,No,College,Near,Female,70,Normal,0.8,2399.7,196,2.75
21,72,High,High,Yes,8,100,Medium,Yes,3,Low,High,Private,Positive,3,No,College,Far,Male,70,Normal,1.8,1166.6,288,3.0
12,67,Medium,Medium,Yes,8,65,Low,Yes,1,High,Medium,Public,Neutral,3,No,High School,Moderate,Male,61,High_Risk,1.8,433.31,134,1.56
15,89,Medium,High,Yes,8,74,Low,Yes,2,Medium,High,Public,Positive,2,No,College,Near,Male,69,Normal,1.8,616.63,267,2.11
22,70,Medium,Low,Yes,6,58,Low,Yes,4,High,Medium,Public,Positive,2,No,Postgraduate,Moderate,Male,66,Normal,1.8,708.85,350,4.29
15,78,Medium,High,Yes,9,63,Medium,No,2,Medium,Medium,Private,Positive,3,No,Postgraduate,Far,Female,65,High_Risk,2.8,337.49,234,1.9
12,80,Medium,High,Yes,6,61,Medium,Yes,0,High,High,Private,Neutral,2,No,High School,Near,Male,65,High_Risk,1.8,406.64,80,1.71
28,93,Medium,Medium,No,7,79,High,Yes,0,Medium,Medium,Public,Positive,4,No,Postgraduate,Near,Male,74,Normal,0.8,2764.65,93,3.5
12,94,Medium,High,Yes,7,91,Low,Yes,3,Medium,Medium,Private,Positive,3,No,Postgraduate,Near,Female,71,Normal,0.8,1364.83,376,2.25
24,96,High,High,No,8,75,Low,Yes,1,Medium,Medium,Public,Positive,1,No,College,Moderate,Female,72,Normal,1.8,999.94,192,2.89
17,63,Medium,Medium,Yes,10,93,Medium,Yes,0,Low,Medium,Public,Positive,2,Yes,Postgraduate,Near,Female,63,High_Risk,3.8,416.04,63,1.55
24,96,Medium,High,Yes,5,69,Medium,Yes,1,Low,Medium,Public,Positive,4,No,High School,Near,Male,72,Normal,2.8,591.41,192,4.33
20,85,Medium,Low,No,6,81,Low,Yes,1,High,High,Private,Positive,3,No,College,Near,Male,68,Normal,1.8,899.95,170,3.14
14,61,Low,High,No,10,62,Medium,Yes,0,High,Medium,Public,Negative,4,No,College,Moderate,Female,60,High_Risk,3.8,228.42,61,1.27
18,84,High,Low,No,6,64,Medium,Yes,2,Low,High,Public,Positive,2,No,High School,Near,Female,67,Normal,1.8,639.96,252,3.14
26,82,High,Low,No,7,79,Medium,Yes,1,Medium,Medium,Public,Positive,2,Yes,Postgraduate,Near,Female,69,Normal,0.8,2567.18,164,3.5
18,91,Low,Medium,No,7,95,Medium,Yes,2,Low,High,Public,Positive,2,No,Postgraduate,Near,Male,70,Normal,0.8,2137.23,273,2.75
31,68,Low,High,Yes,7,66,Low,Yes,0,Low,Medium,Public,Positive,3,No,High School,Near,Male,66,Normal,0.8,2557.18,68,3.88
25,64,Medium,Low,Yes,6,82,Low,Yes,2,Low,Medium,Public,Negative,3,No,High School,Moderate,Female,63,High_Risk,1.8,1138.83,192,4.14
8,78,High,High,No,7,94,Low,Yes,1,High,High,Public,Neutral,3,Yes,High School,Near,Female,65,High_Risk,0.8,939.88,156,1.25
24,99,Medium,Medium,No,10,51,Low,Yes,1,Low,Medium,Public,Neutral,3,No,Unknown,Near,Male,70,Normal,3.8,322.1,198,2.36
18,93,Medium,Medium,No,7,76,Low,Yes,2,Medium,Medium,Private,Neutral,4,No,High School,Near,Female,96,Normal,0.8,1709.79,279,2.75
21,88,Medium,Medium,No,8,94,Medium,Yes,0,Medium,High,Public,Neutral,3,No,College,Near,Male,70,Normal,1.8,1096.61,88,2.33
12,68,Medium,High,No,7,98,Medium,Yes,1,Medium,High,Private,Neutral,4,No,High School,Near,Male,65,High_Risk,0.8,1469.82,136,1.75
17,80,Medium,Medium,Yes,5,92,Medium,Yes,0,Low,Medium,Private,Negative,4,No,Postgraduate,Near,Female,67,Normal,2.8,558.55,80,2.83
13,62,Low,Medium,Yes,9,87,Medium,Yes,1,Low,Medium,Public,Negative,1,No,College,Moderate,Male,60,High_Risk,2.8,403.91,124,1.5
27,83,Medium,Medium,No,10,95,Medium,Yes,0,High,Low,Private,Neutral,4,No,High School,Moderate,Female,69,Normal,3.8,674.98,83,2.45
27,89,Medium,Medium,No,5,62,Medium,Yes,0,Low,Medium,Public,Neutral,3,No,High School,Near,Male,69,Normal,2.8,597.84,89,4.5
23,96,Low,Medium,Yes,10,80,Low,Yes,3,Low,High,Public,Positive,3,No,High School,Near,Male,71,Normal,3.8,484.2,384,2.64
22,93,High,Low,Yes,9,97,Medium,Yes,2,Medium,Medium,Public,Neutral,3,Yes,High School,Near,Male,71,Normal,2.8,762.12,279,2.6
18,62,Medium,Medium,Yes,7,62,Medium,Yes,1,Medium,Medium,Public,Positive,5,No,College,Moderate,Male,63,High_Risk,0.8,1394.83,124,2.5
17,75,Medium,Low,No,5,73,High,Yes,0,Low,Medium,Private,Neutral,4,No,High School,Near,Female,63,High_Risk,2.8,443.2,75,2.83
18,76,Medium,Medium,No,9,66,High,Yes,1,High,High,Public,Positive,3,No,High School,Near,Female,66,Normal,2.8,424.27,152,2.0
17,88,Medium,Medium,Yes,10,75,Medium,Yes,2,Medium,Medium,Public,Neutral,3,No,High School,Near,Male,68,Normal,3.8,335.52,264,1.91
14,68,High,High,No,5,51,High,Yes,1,High,Medium,Public,Neutral,5,Yes,High School,Moderate,Male,63,High_Risk,2.8,254.99,136,2.67
26,63,Medium,Medium,Yes,5,76,Medium,Yes,3,Medium,High,Public,Neutral,5,Yes,High School,Near,Female,66,Normal,2.8,705.69,252,5.33
21,85,Medium,Low,Yes,7,52,Medium,Yes,3,Low,Medium,Private,Neutral,3,No,High School,Near,Male,66,Normal,0.8,1364.83,340,3.38
15,89,Medium,Medium,Yes,6,55,High,Yes,1,Low,Medium,Private,Positive,3,No,High School,Near,Male,66,Normal,1.8,458.31,178,2.43
15,78,Medium,Medium,Yes,6,63,High,Yes,1,Medium,Medium,Private,Neutral,2,Yes,College,Moderate,Male,64,High_Risk,1.8,524.97,156,2.43
23,94,Medium,High,Yes,9,61,Medium,No,0,Medium,Medium,Public,Negative,1,Yes,Postgraduate,Moderate,Female,68,Normal,2.8,501.05,94,2.3
26,100,High,High,No,7,74,Low,Yes,1,Medium,Medium,Public,Neutral,2,No,High School,Far,Female,72,Normal,0.8,2404.7,200,3.5
19,79,Low,Medium,No,9,82,Medium,Yes,1,Low,Medium,Private,Neutral,4,No,High School,Near,Male,65,High_Risk,2.8,556.41,158,2.1
17,83,Medium,Medium,No,8,96,Medium,Yes,1,Low,Medium,Public,Positive,3,No,College,Moderate,Male,67,Normal,1.8,906.62,166,2.11
20,93,High,Medium,No,7,60,High,Yes,0,Low,High,Public,Neutral,3,No,High School,Near,Male,69,Normal,0.8,1499.81,93,2.5
20,61,High,High,No,9,68,Medium,Yes,1,High,Low,Private,Positive,3,No,High School,Near,Female,65,High_Risk,2.8,485.7,122,2.2
21,82,Medium,High,No,7,95,High,Yes,1,High,Medium,Public,Negative,3,No,High School,Near,Male,70,Normal,0.8,2493.44,164,2.88
27,91,Medium,Low,No,8,57,Medium,Yes,0,Low,Low,Private,Neutral,4,No,Postgraduate,Moderate,Male,68,Normal,1.8,854.95,91,3.0
16,63,High,High,No,9,70,Low,Yes,2,Medium,High,Private,Negative,5,No,College,Moderate,Female,64,High_Risk,2.8,399.99,189,2.0
21,98,High,Medium,Yes,10,95,Medium,Yes,0,Medium,Medium,Public,Neutral,1,No,High School,Unknown,Male,71,Normal,3.8,524.99,98,1.91
24,80,Medium,Medium,Yes,7,53,Medium,Yes,2,Low,Medium,Public,Positive,4,Yes,High School,Near,Female,67,Normal,0.8,1589.8,240,3.5
20,98,Medium,Medium,Yes,8,89,High,Yes,3,High,Medium,Public,Negative,2,Yes,College,Near,Male,72,Normal,1.8,988.83,392,2.89
22,75,Medium,Medium,Yes,10,77,High,Yes,2,Low,Low,Public,Neutral,2,No,High School,Near,Male,66,Normal,3.8,445.78,225,2.36
30,63,Medium,Medium,No,10,76,Medium,Yes,1,Medium,Medium,Public,Neutral,4,No,Postgraduate,Moderate,Female,67,Normal,3.8,599.98,126,2.91
32,68,Low,Medium,Yes,7,54,Medium,Yes,1,Low,Medium,Private,Neutral,1,No,Postgraduate,Near,Male,66,Normal,0.8,2159.73,136,4.25
27,80,Low,Low,Yes,7,84,Low,Yes,4,Low,Medium,Public,Positive,3,No,College,Moderate,Male,68,Normal,0.8,2834.65,400,4.38
19,79,Medium,Medium,Yes,9,60,Low,Yes,1,Low,Medium,Public,Neutral,3,Yes,High School,Near,Female,63,High_Risk,2.8,407.13,158,2.1
26,67,Low,Medium,Yes,8,71,Medium,Yes,2,High,Medium,Private,Negative,3,No,High School,Near,Male,65,High_Risk,1.8,1025.5,201,3.33
10,75,Medium,High,Yes,8,90,Medium,Yes,2,Low,Medium,Public,Positive,2,No,Postgraduate,Moderate,Male,65,High_Risk,1.8,499.97,225,1.56
15,99,Medium,Medium,Yes,5,71,Medium,Yes,0,Medium,Medium,Public,Neutral,2,No,College,Moderate,Male,68,Normal,2.8,380.34,99,2.5
20,66,Low,Low,Yes,7,79,Medium,Yes,2,Medium,Medium,Private,Positive,2,No,High School,Moderate,Female,63,High_Risk,0.8,1974.75,198,3.0
19,79,High,High,Yes,9,85,Medium,Yes,0,Medium,Medium,Public,Positive,2,No,High School,Moderate,Male,68,Normal,2.8,576.77,79,1.9
25,73,Medium,High,Yes,7,70,Low,Yes,0,Low,Medium,Private,Neutral,4,No,Postgraduate,Moderate,Male,67,Normal,0.8,2187.23,73,3.12
12,94,High,High,No,5,68,High,Yes,1,High,Medium,Public,Neutral,2,No,High School,Near,Male,69,Normal,2.8,291.42,188,2.33
27,74,High,Medium,No,8,99,High,No,3,Medium,Medium,Public,Positive,4,No,High School,Near,Male,71,Normal,1.8,1484.92,296,3.67
16,82,Medium,Medium,Yes,7,85,Medium,Yes,1,High,Medium,Public,Neutral,4,No,High School,Near,Male,67,Normal,0.8,1699.79,164,2.25
8,98,Low,Medium,Yes,7,60,Medium,Yes,1,High,High,Private,Negative,3,No,Postgraduate,Near,Female,67,Normal,0.8,599.93,196,1.25
14,75,High,Medium,No,8,52,Medium,Yes,3,Medium,Medium,Public,Neutral,1,No,Postgraduate,Near,Male,65,High_Risk,1.8,404.42,300,2.22
14,73,Medium,High,Yes,9,82,Medium,Yes,1,Medium,Medium,Public,Negative,3,No,High School,Near,Female,64,High_Risk,2.8,409.99,146,1.6
15,94,Medium,Low,No,8,60,Medium,Yes,2,Medium,Medium,Public,Neutral,4,No,High School,Far,Male,66,Normal,1.8,499.97,282,2.11
21,66,High,Medium,No,7,61,Medium,Yes,2,High,High,Public,Neutral,2,No,College,Near,Male,66,Normal,0.8,1601.05,198,3.12
21,85,High,Medium,No,10,61,High,Yes,2,Medium,Medium,Public,Neutral,2,Yes,High School,Near,Male,68,Normal,3.8,337.1,255,2.27
15,91,Medium,Medium,No,6,72,Low,Yes,0,Medium,Medium,Public,Neutral,2,No,High School,Moderate,Female,65,High_Risk,1.8,599.97,91,2.14
13,63,Medium,Medium,No,10,73,Low,Yes,2,Low,High,Public,Negative,3,No,Postgraduate,Moderate,Male,61,High_Risk,3.8,249.73,189,1.55
21,96,Medium,Medium,No,8,64,High,Yes,2,Medium,High,Public,Neutral,0,No,College,Near,Male,71,Normal,1.8,746.63,288,2.78
30,68,Medium,High,No,7,59,Medium,Yes,3,Low,Medium,Public,Positive,3,No,College,Moderate,Male,68,Normal,0.8,2212.22,272,4.5
30,85,High,Low,Yes,7,65,High,Yes,2,Low,Medium,Public,Negative,3,No,High School,Near,Female,70,Normal,0.8,2437.2,255,4.25
21,94,Medium,High,No,6,99,Medium,Yes,1,Medium,High,Private,Neutral,2,No,High School,Near,Male,72,Normal,1.8,1154.94,188,3.29
18,85,Low,Medium,No,7,56,Low,Yes,0,Low,Medium,Private,Positive,4,No,High School,Moderate,Male,64,High_Risk,0.8,1259.84,85,2.25
25,74,Low,High,Yes,8,94,High,Yes,0,Low,Medium,Public,Positive,4,No,High School,Moderate,Female,68,Normal,1.8,1305.48,74,2.78
22,61,Low,Low,Yes,10,76,High,Yes,1,High,High,Public,Positive,2,No,College,Near,Male,64,High_Risk,3.8,439.99,122,2.18
22,96,Low,Low,Yes,5,59,Medium,Yes,0,Medium,High,Private,Positive,2,No,High School,Far,Female,67,Normal,2.8,463.55,96,3.67
26,91,High,Medium,Yes,7,57,Low,Yes,3,Medium,Medium,Public,Negative,3,No,College,Near,Male,72,Normal,0.8,1852.27,364,4.0
22,77,Low,Low,No,10,66,Medium,Yes,2,Low,Medium,Public,Positive,3,No,College,Moderate,Male,64,High_Risk,3.8,382.1,231,2.36
16,77,Medium,Medium,Yes,7,92,High,Yes,5,Low,High,Public,Positive,3,No,Postgraduate,Near,Female,70,Normal,0.8,1839.77,462,3.25
21,86,Low,Medium,Yes,5,51,Medium,Yes,2,Low,High,Public,Positive,2,No,High School,Moderate,Female,67,Normal,2.8,382.49,258,4.17
21,94,High,Medium,Yes,8,100,Low,Yes,0,Low,Medium,Public,Neutral,3,No,Postgraduate,Near,Male,72,Normal,1.8,1166.6,94,2.33
21,74,Medium,High,Yes,6,77,High,No,0,Medium,Medium,Public,Neutral,3,No,College,Near,Male,66,Normal,1.8,898.28,74,3.0
31,88,Low,Medium,Yes,6,99,Low,Yes,2,High,Low,Public,Negative,3,No,Postgraduate,Near,Male,73,Normal,1.8,1704.91,264,5.0
20,73,Medium,Medium,Yes,7,84,Medium,Yes,0,Medium,Medium,Public,Neutral,4,No,Postgraduate,Moderate,Female,66,Normal,0.8,2099.74,73,2.5
23,67,High,Medium,No,6,94,Low,Yes,1,Medium,Medium,Public,Positive,2,No,College,Far,Male,66,Normal,1.8,1201.04,134,3.57
31,63,Low,High,Yes,7,74,Low,Yes,3,Medium,Medium,Public,Negative,2,No,College,Moderate,Male,66,Normal,0.8,2867.14,252,4.62
20,69,Medium,Medium,Yes,8,96,Medium,Yes,2,Medium,High,Public,Positive,3,No,High School,Near,Male,67,Normal,1.8,1066.61,207,2.67
14,89,Medium,High,Yes,6,94,Low,Yes,0,Low,Medium,Private,Neutral,2,No,Postgraduate,Near,Male,68,Normal,1.8,731.07,89,2.0
30,67,Medium,Medium,No,7,97,High,Yes,2,High,Medium,Public,Neutral,3,Yes,Unknown,Near,Male,69,Normal,0.8,3637.05,201,4.25
25,67,High,Medium,Yes,6,65,Medium,Yes,1,Low,Medium,Public,Negative,3,No,High School,Near,Male,65,High_Risk,1.8,902.73,134,3.86
23,91,High,Medium,No,5,53,Low,Yes,3,Medium,High,Private,Negative,3,No,High School,Near,Male,70,Normal,2.8,435.34,364,4.83
23,82,Low,Medium,Yes,8,54,Medium,Yes,0,Medium,High,Public,Negative,1,No,High School,Near,Female,65,High_Risk,1.8,689.96,82,2.56
2,98,Low,High,Yes,7,80,High,Yes,2,Low,High,Public,Neutral,1,No,High School,Near,Male,66,Normal,0.8,199.98,294,0.75
21,62,Medium,Low,No,6,58,Medium,Yes,2,Low,High,Private,Neutral,3,No,College,Moderate,Female,62,High_Risk,1.8,676.63,186,3.57
23,67,Medium,Medium,Yes,9,89,Medium,Yes,2,Low,High,Public,Neutral,2,No,High School,Near,Female,66,Normal,2.8,731.05,201,2.7
29,70,Medium,Low,No,6,59,High,Yes,2,Medium,Medium,Private,Neutral,4,No,Postgraduate,Far,Male,67,Normal,1.8,950.5,210,4.71
17,86,Medium,High,No,5,97,High,Yes,3,High,Medium,Public,Neutral,3,No,College,Near,Male,71,Normal,2.8,588.91,344,3.83
16,82,Medium,Medium,Yes,8,65,High,Yes,2,Low,Medium,Private,Positive,5,Yes,Postgraduate,Near,Male,67,Normal,1.8,577.75,246,2.22
17,71,Low,Medium,Yes,6,62,Medium,Yes,2,Low,Medium,Public,Neutral,3,Yes,College,Near,Male,62,High_Risk,1.8,585.52,213,3.0
11,97,Low,Low,Yes,7,69,Medium,Yes,3,Low,Medium,Public,Positive,2,No,High School,Near,Female,66,Normal,0.8,948.63,388,2.12
13,60,Low,High,Yes,7,95,Medium,Yes,1,Low,Medium,Private,Positive,1,No,High School,Near,Female,61,High_Risk,0.8,1543.56,120,1.88
12,70,High,Medium,No,5,85,High,Yes,1,High,Medium,Public,Positive,3,No,Postgraduate,Near,Female,66,Normal,2.8,364.27,140,2.33
25,96,Medium,Low,Yes,9,55,High,Yes,2,Medium,High,Public,Neutral,4,No,High School,Moderate,Male,71,Normal,2.8,491.05,288,2.9
24,76,Low,High,No,9,75,Low,Yes,0,Low,Medium,Private,Positive,5,No,High School,Near,Male,66,Normal,2.8,642.83,76,2.4
12,65,Medium,High,Yes,5,75,High,Yes,0,High,Medium,Private,Negative,2,No,High School,Moderate,Male,62,High_Risk,2.8,321.42,65,2.0
12,98,High,Medium,Yes,8,51,Medium,Yes,0,Medium,Low,Public,Positive,5,No,Postgraduate,Moderate,Male,68,Normal,1.8,339.98,98,1.33
23,93,Medium,Low,No,6,87,Medium,Yes,2,Medium,Medium,Private,Neutral,3,No,High School,Moderate,Male,70,Normal,1.8,1111.6,279,3.86
18,92,Medium,Medium,Yes,6,73,Low,Yes,1,Medium,High,Public,Neutral,5,Yes,High School,Moderate,Female,67,Normal,1.8,729.96,184,2.86
24,66,High,Low,Yes,8,81,High,Yes,1,Medium,Medium,Public,Neutral,4,No,High School,Far,Male,65,High_Risk,1.8,1079.94,132,2.89
23,78,Medium,High,No,7,89,Medium,Yes,1,Medium,Low,Public,Neutral,3,No,High School,Far,Male,67,Normal,0.8,2558.43,156,3.12
23,81,High,Medium,No,8,69,Medium,Yes,5,Medium,Medium,Public,Negative,2,No,High School,Moderate,Male,69,Normal,1.8,881.62,486,3.67
16,62,Medium,Medium,Yes,7,79,Low,Yes,2,Medium,Medium,Public,Neutral,3,No,High School,Near,Male,63,High_Risk,0.8,1579.8,186,2.5
23,87,High,High,Yes,10,87,Medium,Yes,1,Medium,Medium,Private,Positive,3,No,College,Near,Male,73,Normal,3.8,526.57,174,2.27
19,88,Medium,Medium,Yes,9,76,Low,Yes,1,Medium,High,Public,Positive,3,No,High School,Far,Male,68,Normal,2.8,515.7,176,2.1
20,73,Medium,Medium,Yes,7,91,Low,Yes,1,Medium,High,Public,Neutral,2,No,Postgraduate,Moderate,Male,66,Normal,0.8,2274.72,146,2.75
20,62,Low,Medium,No,8,79,High,Yes,2,Low,Medium,Public,Positive,1,No,High School,Near,Female,62,High_Risk,1.8,877.73,186,2.67
17,86,Medium,Medium,No,7,61,Medium,No,2,High,Medium,Public,Positive,3,No,High School,Moderate,Male,66,Normal,0.8,1296.09,258,2.62
23,90,Medium,Medium,Yes,10,90,Low,Yes,3,Low,Medium,Public,Positive,5,No,High School,Near,Male,72,Normal,3.8,544.72,360,2.64
27,89,Medium,High,Yes,6,89,Medium,Yes,3,Medium,Medium,Private,Positive,3,No,High School,Near,Male,74,Normal,1.8,1334.93,356,4.71
16,89,Medium,Medium,Yes,9,74,Medium,No,1,Low,Medium,Public,Neutral,3,No,High School,Far,Male,65,High_Risk,2.8,422.84,178,1.8
23,75,Medium,Medium,No,7,64,High,Yes,1,Low,Medium,Public,Negative,3,Yes,High School,Moderate,Male,64,High_Risk,0.8,1839.77,150,3.12
24,68,Medium,High,Yes,9,92,Low,Yes,1,Low,High,Public,Positive,2,No,High School,Near,Male,67,Normal,2.8,788.54,136,2.6
21,88,High,Low,No,6,58,Medium,Yes,3,High,Medium,Private,Neutral,4,No,College,Near,Male,70,Normal,1.8,676.63,352,3.86
33,95,Low,Low,Yes,6,77,Low,Yes,2,High,High,Private,Positive,3,No,High School,Moderate,Female,73,Normal,1.8,1411.59,285,5.29
20,89,Low,Medium,Yes,7,95,Low,Yes,3,Low,Medium,Private,Neutral,2,No,High School,Near,Male,69,Normal,0.8,2374.7,356,3.25
16,76,Low,Medium,No,6,87,Medium,Yes,3,Low,Medium,Private,Neutral,4,No,College,Near,Female,65,High_Risk,1.8,773.29,304,3.14
27,92,High,High,Yes,5,61,Medium,Yes,0,Medium,High,Private,Positive,3,No,Postgraduate,Near,Male,74,Normal,2.8,588.19,92,4.5
22,87,Medium,High,Yes,6,58,Medium,Yes,0,Low,Medium,Private,Neutral,4,No,High School,Near,Female,68,Normal,1.8,708.85,87,3.14
20,75,Medium,Medium,Yes,9,82,High,Yes,0,Low,Low,Public,Positive,5,No,College,Moderate,Female,66,Normal,2.8,585.69,75,2.0
26,86,Medium,Low,No,5,67,Medium,Yes,2,Low,High,Private,Positive,1,No,High School,Moderate,Female,68,Normal,2.8,622.12,258,5.0
20,84,High,Low,No,7,71,Medium,Yes,5,Low,High,Private,Positive,2,No,High School,Far,Female,68,Normal,0.8,1774.78,504,3.75
24,81,Low,High,Yes,7,69,Medium,Yes,3,Low,Medium,Public,Negative,3,No,College,Unknown,Male,67,Normal,0.8,2069.74,324,3.75
19,83,Low,Medium,No,7,78,High,No,2,Low,High,Public,Positive,4,No,Postgraduate,Moderate,Male,67,Normal,0.8,1852.27,249,2.88
15,76,High,High,Yes,9,76,Medium,Yes,1,Medium,High,Public,Neutral,2,No,Postgraduate,Far,Female,67,Normal,2.8,407.13,152,1.7
17,93,Low,Medium,Yes,7,93,Low,Yes,2,Medium,Medium,Private,Positive,4,No,High School,Near,Male,69,Normal,0.8,1976.0,279,2.62
31,96,Medium,Low,Yes,8,67,Medium,Yes,2,Medium,Medium,Private,Neutral,3,No,College,Near,Male,73,Normal,1.8,1153.82,288,3.89
20,60,Medium,Medium,Yes,4,80,Low,Yes,2,High,Medium,Private,Positive,3,Yes,College,Moderate,Male,63,High_Risk,3.8,421.04,180,4.8
13,73,Medium,Low,No,9,59,Medium,Yes,0,Medium,High,Public,Neutral,4,No,Postgraduate,Near,Male,63,High_Risk,2.8,273.92,73,1.3
21,99,High,Low,Yes,4,67,Medium,Yes,1,Medium,Medium,Private,Negative,4,No,College,Near,Female,71,Normal,3.8,370.25,198,4.6
26,78,High,High,Yes,5,67,Low,Yes,1,High,High,Private,Negative,3,No,High School,Moderate,Male,69,Normal,2.8,622.12,156,4.67
16,82,Medium,High,Yes,6,81,Medium,Yes,1,Medium,Medium,Private,Neutral,4,No,College,Near,Male,68,Normal,1.8,719.96,164,2.57
20,73,High,Medium,Yes,5,89,Medium,Yes,2,Medium,High,Public,Positive,5,Yes,High School,Moderate,Female,68,Normal,2.8,635.69,219,4.0
15,91,Low,High,No,8,75,Medium,Yes,4,Medium,Medium,Public,Neutral,1,No,High School,Near,Female,68,Normal,1.8,624.97,455,2.56
24,76,High,Low,No,7,73,Medium,Yes,4,Medium,Medium,Public,Neutral,2,No,High School,Near,Female,68,Normal,0.8,2189.73,380,4.0
31,96,Medium,Low,No,5,96,Low,Yes,3,Low,High,Private,Neutral,2,No,College,Unknown,Female,74,Normal,2.8,1062.82,384,6.17
13,76,Medium,High,No,5,99,Low,Yes,2,Medium,Medium,Private,Positive,4,No,High School,Near,Female,66,Normal,2.8,459.63,228,2.83
16,83,Low,Low,Yes,6,61,Medium,Yes,0,Medium,High,Public,Neutral,4,No,College,Near,Male,64,High_Risk,1.8,542.19,83,2.29
27,74,Medium,High,No,6,51,High,Yes,2,Medium,Medium,Private,Positive,4,No,High School,Far,Male,68,Normal,1.8,764.96,222,4.43
21,77,Low,Medium,No,7,99,High,Yes,3,Medium,High,Public,Neutral,3,No,Postgraduate,Near,Male,69,Normal,0.8,2598.43,308,3.38
18,99,Medium,Medium,No,8,56,Medium,No,2,Low,High,Private,Negative,3,No,High School,Unknown,Male,67,Normal,1.8,559.97,297,2.44
22,77,Low,Medium,Yes,8,68,Medium,Yes,3,High,High,Public,Positive,4,No,High School,Moderate,Male,68,Normal,1.8,831.06,308,3.11
12,75,Medium,High,Yes,7,58,Medium,Yes,3,Medium,Medium,Private,Positive,4,No,College,Near,Male,66,Normal,0.8,869.89,300,2.25
31,94,Low,Medium,No,5,92,Low,Yes,1,High,Low,Private,Neutral,4,No,High School,Near,Male,72,Normal,2.8,1018.54,188,5.5
21,95,High,Medium,Yes,6,66,High,Yes,1,Medium,High,Public,Positive,4,No,College,Near,Male,73,Normal,1.8,769.96,190,3.29
21,65,Low,Medium,No,9,56,High,Yes,1,Medium,Medium,Public,Positive,5,No,High School,Moderate,Male,63,High_Risk,2.8,419.99,130,2.3
26,99,Medium,High,Yes,10,74,Medium,Yes,1,Medium,Medium,Private,Neutral,2,No,College,Near,Male,74,Normal,3.8,506.3,198,2.55
23,76,High,Medium,No,7,82,High,Yes,0,Medium,High,Private,Neutral,1,No,College,Near,Male,68,Normal,0.8,2357.21,76,2.88
19,98,Medium,Medium,Yes,8,87,Medium,Yes,0,Medium,Medium,Private,Negative,6,No,High School,Near,Male,70,Normal,1.8,918.28,98,2.11
24,64,Medium,Medium,Yes,8,90,High,Yes,0,Low,High,Public,Negative,3,No,High School,Near,Male,65,High_Risk,1.8,1199.93,64,2.67
16,97,High,Low,Yes,8,60,Medium,Yes,0,Low,High,Public,Positive,3,No,High School,Near,Male,69,Normal,1.8,533.3,97,1.78
15,73,Medium,High,No,5,56,Medium,Yes,1,Medium,Medium,Public,Positive,2,No,Postgraduate,Near,Female,65,High_Risk,2.8,299.99,146,2.83
32,85,Medium,Low,Yes,9,63,Low,No,2,High,Medium,Public,Neutral,3,No,High School,Moderate,Male,69,Normal,2.8,719.97,255,3.6
18,95,Low,High,Yes,6,54,High,Yes,0,Medium,High,Private,Negative,3,No,College,Moderate,Male,68,Normal,1.8,539.97,95,2.57
22,89,Medium,High,No,8,93,Medium,Yes,2,High,Low,Private,Neutral,5,No,High School,Near,Male,72,Normal,1.8,1136.6,267,2.89
29,73,High,Medium,No,7,68,Low,Yes,1,Low,High,Private,Positive,4,Yes,High School,Moderate,Male,67,Normal,0.8,2464.69,146,3.88
21,67,High,Medium,Yes,7,76,Medium,Yes,1,Medium,High,Private,Neutral,2,Yes,High School,Near,Male,65,High_Risk,0.8,1994.75,134,2.88
26,74,Medium,Medium,No,6,69,Medium,Yes,2,Low,High,Public,Positive,4,No,Postgraduate,Moderate,Male,68,Normal,1.8,996.61,222,4.29
23,76,Medium,Medium,No,7,66,Medium,Yes,2,Medium,Medium,Public,Neutral,3,No,College,Near,Male,67,Normal,0.8,1897.26,228,3.38
16,98,High,Medium,No,6,88,Medium,Yes,1,Low,Medium,Public,Neutral,3,No,Postgraduate,Moderate,Female,70,Normal,1.8,782.18,196,2.57
24,85,Medium,Medium,Yes,7,87,High,Yes,2,Medium,Medium,Private,Neutral,2,No,High School,Near,Female,71,Normal,0.8,2609.67,255,3.5
33,92,High,High,Yes,7,67,Low,Yes,6,High,Medium,Public,Positive,5,No,High School,Near,Female,78,Normal,0.8,2763.4,644,5.62
19,79,Medium,High,Yes,7,90,Medium,Yes,1,High,Medium,Public,Negative,4,No,College,Far,Female,68,Normal,0.8,2137.23,158,2.62
24,60,Low,Low,No,7,66,Medium,Yes,1,Medium,High,Public,Neutral,4,No,College,Near,Female,62,High_Risk,0.8,1979.75,120,3.25
16,79,High,Medium,Yes,6,64,Medium,Yes,4,Low,Low,Public,Positive,4,Yes,College,Near,Male,67,Normal,1.8,568.86,395,3.43
23,87,Medium,High,No,6,95,High,Yes,3,High,Medium,Private,Positive,0,No,High School,Near,Female,73,Normal,1.8,1213.82,348,4.14
12,74,Low,Medium,No,8,54,Medium,Yes,2,Medium,Medium,Private,Positive,5,No,Postgraduate,Moderate,Female,63,High_Risk,1.8,359.98,222,1.78
26,67,Low,High,No,8,86,Medium,Yes,2,Low,Medium,Public,Negative,2,Yes,High School,Near,Female,64,High_Risk,1.8,1242.15,201,3.33
22,69,High,Medium,No,7,86,Low,Yes,0,Medium,Medium,Public,Neutral,1,No,High School,Near,Female,65,High_Risk,0.8,2364.7,69,2.75
20,70,Medium,High,Yes,6,92,Medium,Yes,2,Medium,Low,Public,Positive,3,No,High School,Near,Male,67,Normal,1.8,1022.17,210,3.43
21,96,Medium,High,No,8,100,Medium,Yes,1,High,Medium,Private,Positive,2,No,College,Near,Female,73,Normal,1.8,1166.6,192,2.56
5,75,Medium,Low,Yes,10,84,Medium,Yes,0,High,Medium,Private,Neutral,4,No,Postgraduate,Moderate,Female,62,High_Risk,3.8,110.52,75,0.45
18,67,High,Medium,Yes,7,62,High,Yes,1,Low,Low,Private,Positive,2,No,High School,Far,Male,63,High_Risk,0.8,1394.83,134,2.5
25,73,Low,Medium,Yes,5,79,Medium,Yes,1,Low,Medium,Private,Neutral,5,No,High School,Moderate,Female,65,High_Risk,2.8,705.33,146,4.5
21,76,High,High,Yes,9,72,Low,Yes,1,Low,High,Public,Neutral,3,No,High School,Moderate,Female,67,Normal,2.8,539.98,152,2.3
12,73,Low,Medium,No,7,82,Medium,No,1,Low,Medium,Public,Positive,3,No,High School,Far,Male,60,High_Risk,0.8,1229.85,146,1.75
13,80,Medium,High,No,9,88,Medium,Yes,1,High,High,Public,Positive,3,No,Postgraduate,Near,Male,68,Normal,2.8,408.56,160,1.5
18,97,Medium,Low,No,9,88,Medium,Yes,0,Low,Medium,Public,Neutral,4,No,High School,Moderate,Female,67,Normal,2.8,565.69,97,1.8
19,84,High,Medium,No,10,63,Medium,Yes,0,Low,Medium,Public,Negative,3,No,College,Far,Female,65,High_Risk,3.8,314.99,84,1.73
18,63,High,High,No,8,82,Medium,Yes,1,High,Medium,Private,Negative,1,No,High School,Near,Male,64,High_Risk,1.8,819.95,126,2.22
20,83,Low,High,Yes,10,58,Medium,Yes,0,Low,High,Public,Neutral,1,No,High School,Near,Female,66,Normal,3.8,305.26,83,1.82
23,76,Medium,Low,Yes,5,85,Medium,Yes,1,Medium,Low,Public,Neutral,3,No,High School,Near,Female,66,Normal,2.8,698.19,152,4.17
20,63,Low,Low,Yes,8,76,Medium,Yes,3,Medium,Medium,Public,Neutral,4,No,Postgraduate,Near,Female,64,High_Risk,1.8,844.4,252,2.89
30,87,High,Medium,Yes,8,58,High,Yes,1,Low,Medium,Public,Negative,1,No,College,Near,Male,71,Normal,1.8,966.61,174,3.56
23,79,Low,Medium,Yes,7,66,High,Yes,1,High,Medium,Private,Positive,3,No,Postgraduate,Near,Male,68,Normal,0.8,1897.26,158,3.12
20,65,Medium,High,Yes,6,100,Medium,Yes,2,Low,High,Public,Neutral,5,No,High School,Moderate,Male,67,Normal,1.8,1111.05,195,3.43
22,63,Medium,Medium,Yes,8,97,Medium,Yes,1,High,High,Public,Neutral,3,No,High School,Moderate,Female,66,Normal,1.8,1185.49,126,2.67
23,98,Medium,Low,Yes,7,54,Low,Yes,0,Medium,Medium,Public,Negative,3,No,College,Near,Female,68,Normal,0.8,1552.31,98,2.88
24,99,High,Medium,No,8,53,High,Yes,1,Low,Medium,Private,Neutral,3,Yes,High School,Near,Male,70,Normal,1.8,706.63,198,2.89
17,68,Medium,Medium,Yes,6,97,High,Yes,2,High,Low,Public,Negative,3,No,High School,Moderate,Male,65,High_Risk,1.8,916.06,204,3.0
22,63,Medium,High,Yes,8,97,High,Yes,5,Medium,Medium,Private,Neutral,3,No,High School,Near,Male,69,Normal,1.8,1185.49,378,3.56
19,78,Medium,Low,Yes,5,56,Low,Yes,3,High,Medium,Public,Neutral,4,No,College,Moderate,Female,65,High_Risk,2.8,379.99,312,4.17
14,78,High,Medium,No,6,55,Low,Yes,2,Low,Medium,Private,Neutral,2,No,High School,Near,Female,63,High_Risk,1.8,427.75,234,2.57
27,68,Medium,Medium,Yes,7,95,Low,Yes,0,Medium,Medium,Public,Positive,4,No,High School,Near,Male,67,Normal,0.8,3205.85,68,3.38
24,91,High,High,Yes,7,51,High,Yes,2,Medium,Medium,Public,Neutral,3,No,High School,Moderate,Male,72,Normal,0.8,1529.81,273,3.5
22,91,High,High,Yes,7,50,Medium,Yes,2,Low,Unknown,Public,Positive,5,No,Postgraduate,Moderate,Male,72,Normal,0.8,1374.83,273,3.25
20,80,Medium,Medium,No,10,84,Medium,Yes,1,Medium,Medium,Public,Positive,4,No,College,Near,Male,68,Normal,3.8,442.09,160,2.0
22,97,Medium,High,Yes,8,59,Medium,Yes,1,Low,Medium,Public,Negative,3,No,High School,Near,Male,70,Normal,1.8,721.07,194,2.67
17,67,High,Medium,Yes,10,51,Medium,Yes,3,Low,Medium,Public,Positive,5,No,High School,Near,Male,65,High_Risk,3.8,228.15,268,2.09
11,79,Medium,Medium,No,8,71,Low,Yes,1,Medium,Medium,Private,Positive,2,No,College,Moderate,Female,63,High_Risk,1.8,433.86,158,1.44
6,69,High,Medium,Yes,10,94,Medium,No,1,Medium,Medium,Private,Neutral,4,No,Postgraduate,Near,Female,63,High_Risk,3.8,148.42,138,0.73
31,90,High,High,No,7,61,Low,Yes,0,Low,Medium,Public,Positive,3,No,High School,Near,Male,72,Normal,0.8,2363.45,90,3.88
17,64,Medium,High,No,8,80,Medium,Yes,0,High,High,Public,Positive,2,No,Postgraduate,Near,Female,65,High_Risk,1.8,755.51,64,1.89
25,72,Medium,Medium,Yes,8,52,Low,Yes,0,Medium,Medium,Private,Positive,2,No,Postgraduate,Near,Male,66,Normal,1.8,722.18,72,2.78
26,72,Medium,Low,No,8,82,Medium,Yes,2,Medium,Low,Public,Negative,2,No,Postgraduate,Far,Female,65,High_Risk,1.8,1184.38,216,3.33
18,68,Medium,High,Yes,10,85,High,Yes,3,Low,Medium,Public,Neutral,3,No,High School,Near,Male,66,Normal,3.8,402.62,272,2.18
23,100,Medium,Medium,Yes,9,68,Medium,Yes,4,High,High,Private,Negative,3,No,Postgraduate,Near,Male,74,Normal,2.8,558.55,500,3.1
17,64,Medium,Low,No,7,73,High,Yes,1,Low,Medium,Public,Neutral,4,No,College,Near,Male,62,High_Risk,0.8,1551.06,128,2.38
19,64,Low,Medium,Yes,9,81,High,Yes,0,Medium,High,Public,Neutral,3,Yes,High School,Near,Male,62,High_Risk,2.8,549.62,64,1.9
7,62,High,Medium,Yes,8,51,Low,Yes,0,Medium,Low,Public,Positive,3,No,College,Moderate,Male,58,High_Risk,1.8,198.32,62,0.78
20,72,Medium,High,No,7,84,Low,Yes,2,Medium,High,Public,Negative,2,No,High School,Moderate,Female,65,High_Risk,0.8,2099.74,216,3.0
17,98,Medium,Medium,No,9,87,Low,Yes,0,High,Medium,Private,Positive,3,No,High School,Moderate,Female,69,Normal,2.8,528.2,98,1.7
27,91,Low,High,Yes,9,82,Medium,Yes,0,Low,Low,Public,Neutral,1,No,High School,Far,Male,69,Normal,2.8,790.69,91,2.7
10,98,Low,Medium,Yes,6,65,Medium,Yes,1,Low,High,Private,Positive,2,No,High School,Near,Male,66,Normal,1.8,361.09,196,1.71
21,88,Medium,High,No,7,93,Medium,Yes,4,Low,Medium,Public,Positive,3,No,High School,Near,Female,72,Normal,0.8,2440.94,440,3.62
14,86,Medium,Low,Yes,8,90,Medium,No,3,Medium,Unknown,Public,Negative,3,Yes,Postgraduate,Near,Male,65,High_Risk,1.8,699.96,344,2.22
23,74,High,Low,No,6,100,Low,Yes,2,High,Low,Private,Positive,3,No,High School,Near,Male,68,Normal,1.8,1277.71,222,3.86
15,84,Medium,Medium,No,10,82,Medium,Yes,1,High,Low,Private,Negative,2,Yes,High School,Near,Male,64,High_Risk,3.8,323.68,168,1.55
14,80,High,Medium,No,6,62,Medium,Yes,0,High,Medium,Private,Negative,2,No,Postgraduate,Near,Male,65,High_Risk,1.8,482.2,80,2.0
16,83,Medium,Medium,No,6,72,Medium,Yes,1,Low,High,Public,Positive,2,No,College,Near,Male,66,Normal,1.8,639.96,166,2.57
25,65,Medium,High,Yes,8,93,Low,No,2,Medium,Medium,Public,Negative,3,No,College,Moderate,Female,66,Normal,1.8,1291.59,195,3.22
7,92,High,Medium,No,8,64,High,Yes,1,Low,Low,Public,Neutral,4,No,Postgraduate,Near,Male,66,Normal,1.8,248.88,184,1.0
9,61,Low,High,Yes,7,53,Medium,Yes,0,Medium,Medium,Public,Positive,2,Yes,Postgraduate,Far,Male,58,High_Risk,0.8,596.18,61,1.12
24,91,Low,Medium,Yes,8,52,Medium,Yes,1,Low,Medium,Public,Neutral,5,No,High School,Near,Male,68,Normal,1.8,693.29,182,2.89
21,63,Medium,Low,Yes,7,54,Low,Yes,1,Medium,Medium,Private,Positive,3,No,College,Moderate,Female,62,High_Risk,0.8,1417.32,126,2.88
14,97,Medium,Low,No,7,72,High,Yes,1,Low,Low,Public,Neutral,3,No,High School,Near,Female,66,Normal,0.8,1259.84,194,2.0
21,71,Medium,High,Yes,8,90,Medium,Yes,3,Low,Medium,Public,Neutral,4,No,High School,Moderate,Female,67,Normal,1.8,1049.94,284,3.0
18,68,High,High,No,6,82,Low,Yes,0,Medium,High,Public,Positive,3,No,High School,Near,Male,66,Normal,1.8,819.95,68,2.57
17,62,Medium,Medium,No,7,66,High,Yes,2,High,Medium,Public,Neutral,4,No,High School,Moderate,Male,63,High_Risk,0.8,1402.32,186,2.62
28,87,Low,Low,Yes,7,57,Medium,Yes,2,Medium,High,Private,Negative,4,No,High School,Moderate,Male,68,Normal,0.8,1994.75,261,4.0
14,65,Medium,High,Yes,5,72,Low,Yes,3,Low,High,Private,Negative,2,No,High School,Near,Male,62,High_Risk,2.8,359.99,260,3.33
20,71,High,Medium,No,5,52,High,Yes,1,Medium,High,Public,Neutral,3,No,High School,Moderate,Male,65,High_Risk,2.8,371.42,142,3.67
15,91,Medium,Low,Yes,6,91,Low,Yes,0,Medium,Medium,Public,Positive,3,No,College,Moderate,Female,67,Normal,1.8,758.29,91,2.14
21,98,Medium,High,Yes,9,70,Medium,Yes,0,Low,High,Public,Positive,1,No,College,Near,Male,72,Normal,2.8,524.98,98,2.1
30,83,Low,Medium,Yes,4,77,Medium,Yes,0,Low,Medium,Public,Neutral,4,No,High School,Near,Female,69,Normal,3.8,607.88,83,6.0
19,73,Low,Medium,Yes,9,86,High,Yes,0,Medium,High,Public,Positive,3,No,College,Near,Female,66,Normal,2.8,583.55,73,1.9
30,68,High,High,Yes,6,61,High,Yes,1,Medium,Medium,Public,Positive,3,No,Postgraduate,Unknown,Female,70,Normal,1.8,1016.61,136,4.57
12,86,High,Medium,Yes,5,76,Low,No,2,High,Medium,Public,Positive,3,No,Postgraduate,Near,Female,68,Normal,2.8,325.7,258,2.67
25,84,Medium,Low,No,8,64,Medium,Yes,2,Low,Medium,Private,Neutral,4,No,High School,Unknown,Male,67,Normal,1.8,888.84,252,3.22
17,96,High,Medium,No,6,60,Medium,Yes,1,Low,Medium,Public,Neutral,3,No,College,Near,Female,69,Normal,1.8,566.64,192,2.71
22,68,High,High,Yes,8,56,Medium,No,3,Medium,Medium,Private,Positive,1,No,Postgraduate,Near,Male,67,Normal,1.8,684.41,272,3.11
23,99,Low,Low,No,6,59,Medium,Yes,1,Medium,Medium,Public,Positive,3,No,High School,Far,Male,68,Normal,1.8,753.85,198,3.57
12,89,Medium,Low,Yes,7,72,Medium,Yes,1,High,High,Public,Neutral,5,No,College,Near,Male,67,Normal,0.8,1079.87,178,1.75
18,78,High,Medium,Yes,5,77,Medium,No,2,Medium,Medium,Public,Neutral,4,No,High School,Far,Male,66,Normal,2.8,494.98,234,3.67
16,60,Medium,Low,No,8,87,Low,Yes,0,Low,Low,Public,Positive,5,No,High School,Near,Male,60,High_Risk,1.8,773.29,60,1.78
18,70,Medium,Medium,Yes,4,56,Medium,Yes,1,High,High,Public,Neutral,4,No,High School,Near,Male,65,High_Risk,3.8,265.26,140,4.0
21,66,Medium,Medium,Yes,7,52,High,Yes,1,Medium,Medium,Public,Neutral,3,No,High School,Far,Female,63,High_Risk,0.8,1364.83,132,2.88
34,65,Medium,Medium,Yes,6,62,High,Yes,0,Medium,High,Public,Negative,3,No,High School,Near,Male,67,Normal,1.8,1171.05,65,4.86
20,70,High,Low,No,8,82,Medium,Yes,2,Low,High,Private,Positive,3,No,High School,Moderate,Male,65,High_Risk,1.8,911.06,210,2.67
12,82,High,Medium,Yes,6,96,High,Yes,0,Low,Low,Private,Positive,4,Yes,College,Near,Male,66,Normal,1.8,639.96,82,1.71
25,88,Low,Medium,Yes,8,98,Low,No,1,Low,Low,Private,Neutral,4,No,Postgraduate,Near,Male,69,Normal,1.8,1361.04,176,3.0
24,76,High,Low,Yes,8,69,Low,Yes,3,Low,Medium,Private,Negative,1,No,High School,Unknown,Male,65,High_Risk,1.8,919.95,304,3.33
23,98,Medium,High,Yes,7,52,Low,Yes,2,Low,High,Private,Positive,4,Yes,High School,Near,Female,71,Normal,0.8,1494.81,294,3.38
13,79,Medium,High,No,7,70,High,Yes,4,Low,Medium,Public,Positive,3,Yes,High School,Near,Female,66,Normal,0.8,1137.36,395,2.62
25,71,Medium,High,Yes,6,73,Medium,Yes,1,Low,Medium,Private,Neutral,4,No,High School,Near,Female,67,Normal,1.8,1013.83,142,3.86
38,86,High,Medium,No,6,88,High,Yes,1,Low,High,Public,Negative,4,No,High School,Moderate,Female,74,Normal,1.8,1857.67,172,5.71
12,89,Medium,High,No,8,91,Medium,No,1,Low,High,Public,Neutral,2,No,High School,Near,Male,66,Normal,1.8,606.63,178,1.56
17,60,Medium,Low,No,6,66,Medium,Yes,0,Low,Medium,Public,Positive,2,No,High School,Far,Female,58,High_Risk,1.8,623.3,60,2.43
25,75,Medium,Low,Yes,8,75,High,Yes,2,High,High,Private,Negative,4,Yes,Postgraduate,Near,Male,68,Normal,1.8,1041.61,225,3.22
20,95,Low,Medium,No,4,89,Medium,Yes,3,Low,Medium,Public,Negative,3,Yes,High School,Near,Male,68,Normal,3.8,468.41,380,5.2
16,66,Medium,Medium,Yes,7,53,High,Yes,2,Medium,Medium,Public,Negative,2,No,Postgraduate,Moderate,Male,62,High_Risk,0.8,1059.87,198,2.5
16,62,Medium,Medium,No,7,73,Low,Yes,3,High,Medium,Public,Negative,3,No,High School,Near,Female,62,High_Risk,0.8,1459.82,248,2.75
27,93,Medium,Low,Yes,6,66,Medium,Yes,2,Medium,Medium,Public,Negative,3,No,College,Moderate,Female,70,Normal,1.8,989.95,279,4.43
13,82,High,Medium,No,6,56,High,Yes,2,Low,High,Public,Neutral,4,No,Postgraduate,Near,Male,67,Normal,1.8,404.42,246,2.43
23,97,Medium,Low,Yes,9,62,Medium,Yes,0,Low,Medium,Private,Positive,2,No,Postgraduate,Near,Male,70,Normal,2.8,509.27,97,2.3
24,90,Low,Low,No,7,83,Medium,Yes,0,Low,Medium,Private,Positive,3,No,College,Unknown,Male,68,Normal,0.8,2489.69,90,3.0
12,99,Medium,Medium,Yes,7,66,Low,Yes,3,Medium,Low,Private,Negative,1,No,Postgraduate,Moderate,Female,67,Normal,0.8,989.88,396,2.25
8,66,High,High,Yes,8,83,Medium,Yes,0,Low,Medium,Private,Positive,4,No,College,Unknown,Male,63,High_Risk,1.8,368.87,66,0.89
19,74,Medium,High,Yes,7,68,Medium,Yes,2,Low,High,Public,Negative,2,No,High School,Near,Female,66,Normal,0.8,1614.8,222,2.88
21,97,Medium,High,Yes,6,53,Low,Yes,0,Low,Medium,Public,Negative,3,Yes,High School,Moderate,Male,67,Normal,1.8,618.3,97,3.0
16,82,Low,Medium,Yes,8,70,High,Yes,4,Low,High,Public,Neutral,4,No,College,Near,Female,68,Normal,1.8,622.19,410,2.67
22,78,Medium,Low,No,9,63,High,Yes,2,Medium,High,Public,Neutral,4,No,High School,Near,Male,67,Normal,2.8,494.98,234,2.6
12,97,Low,Medium,Yes,6,79,Medium,No,1,Medium,Medium,Public,Negative,2,No,High School,Near,Male,65,High_Risk,1.8,526.64,194,2.0
19,84,Medium,Medium,Yes,6,84,Medium,Yes,3,Medium,High,Public,Neutral,2,No,Postgraduate,Moderate,Male,69,Normal,1.8,886.62,336,3.57
20,73,Medium,Medium,No,8,99,Low,Yes,1,Medium,Medium,Private,Positive,3,No,High School,Near,Male,66,Normal,1.8,1099.94,146,2.44
15,65,Medium,Medium,Yes,7,69,Medium,Yes,1,High,Medium,Public,Neutral,3,No,Postgraduate,Near,Female,64,High_Risk,0.8,1293.59,130,2.12
15,67,Medium,High,Yes,4,94,High,Yes,1,Medium,Medium,Private,Positive,5,No,High School,Far,Male,65,High_Risk,3.8,371.04,134,3.4
23,96,Medium,Medium,Yes,8,62,Medium,Yes,0,Low,High,Public,Neutral,4,No,High School,Moderate,Female,69,Normal,1.8,792.18,96,2.56
22,91,High,High,Yes,6,73,Low,Yes,3,High,Medium,Public,Positive,4,No,Postgraduate,Near,Male,74,Normal,1.8,892.17,364,4.0
12,70,Low,Medium,Yes,8,55,Medium,Yes,2,Medium,High,Public,Negative,4,No,High School,Near,Female,61,High_Risk,1.8,366.65,210,1.78
28,80,Low,Medium,No,8,65,Low,Yes,2,Low,Medium,Private,Neutral,2,No,College,Near,Male,67,Normal,1.8,1011.05,240,3.56
18,65,High,Medium,Yes,5,96,Medium,Yes,1,High,Medium,Private,Neutral,2,No,High School,Near,Female,66,Normal,2.8,617.12,130,3.33
23,89,High,High,Yes,7,58,Medium,Yes,2,Medium,High,Private,Positive,3,No,Postgraduate,Moderate,Male,73,Normal,0.8,1667.29,267,3.38
23,87,Medium,Medium,Yes,6,98,Medium,Yes,3,Medium,Medium,Public,Neutral,3,No,College,Near,Male,72,Normal,1.8,1252.15,348,4.14
14,62,Medium,High,Yes,7,79,Low,Yes,2,Medium,Medium,Private,Positive,2,No,High School,Moderate,Female,62,High_Risk,0.8,1382.33,186,2.25
21,63,Medium,Medium,Yes,7,64,Medium,Yes,0,Low,Medium,Public,Negative,3,No,High School,Near,Female,62,High_Risk,0.8,1679.79,63,2.62
9,67,Medium,High,Yes,8,54,Medium,Yes,3,Medium,High,Private,Positive,5,No,College,Moderate,Male,63,High_Risk,1.8,269.99,268,1.67
19,72,Low,High,Yes,5,96,Low,No,3,Low,Low,Public,Positive,2,No,High School,Moderate,Female,64,High_Risk,2.8,651.41,288,4.17
19,63,High,Medium,Yes,8,55,Low,Yes,0,Medium,Medium,Private,Positive,4,No,College,Moderate,Female,63,High_Risk,1.8,580.52,63,2.11
28,69,Medium,Medium,No,10,82,High,Yes,0,Medium,Medium,Private,Neutral,2,No,High School,Near,Female,67,Normal,3.8,604.19,69,2.55
27,69,Medium,High,Yes,7,89,Low,Yes,2,High,High,Private,Neutral,1,No,High School,Moderate,Male,69,Normal,0.8,3003.37,207,3.88
20,71,Medium,Medium,Yes,7,88,Medium,Yes,1,Low,Low,Public,Neutral,4,No,College,Near,Female,65,High_Risk,0.8,2199.73,142,2.75
27,73,Low,Medium,No,7,91,Medium,Yes,2,High,Medium,Public,Neutral,4,No,College,Far,Female,68,Normal,0.8,3070.87,219,3.88
21,69,Medium,Medium,Yes,5,62,High,Yes,2,Low,Medium,Public,Positive,3,No,High School,Near,Male,65,High_Risk,2.8,464.98,207,4.17
23,89,Medium,Low,No,7,82,Medium,Yes,2,High,High,Public,Positive,1,No,College,Near,Male,70,Normal,0.8,2357.21,267,3.38
26,86,Low,Low,No,8,65,Low,Yes,0,Low,High,Public,Neutral,4,No,High School,Near,Female,66,Normal,1.8,938.84,86,2.89
20,90,Medium,Medium,Yes,7,58,High,Yes,1,High,High,Private,Neutral,4,No,High School,Near,Male,70,Normal,0.8,1449.82,180,2.75
14,79,High,Medium,No,5,81,High,Yes,3,High,Medium,Public,Negative,3,No,High School,Near,Female,67,Normal,2.8,404.99,316,3.33
29,77,Low,High,No,6,85,Medium,Yes,1,Medium,Medium,Public,Positive,1,No,College,Near,Male,69,Normal,1.8,1369.37,154,4.43
19,82,Low,Low,No,6,74,Medium,Yes,1,Medium,High,Public,Neutral,2,No,High School,Moderate,Male,64,High_Risk,1.8,781.07,164,3.0
16,73,Medium,Medium,No,7,95,Medium,Yes,1,Low,Medium,Public,Negative,4,No,College,Near,Male,65,High_Risk,0.8,1899.76,146,2.25
24,65,Low,High,No,6,79,Low,Yes,1,Medium,High,Public,Neutral,2,No,Postgraduate,Near,Male,66,Normal,1.8,1053.27,130,3.71
24,77,Medium,High,No,8,80,High,Yes,1,Low,High,Public,Positive,2,Yes,High School,Moderate,Female,68,Normal,1.8,1066.61,154,2.89
20,91,High,Medium,Yes,6,64,High,Yes,0,High,Medium,Private,Positive,3,Yes,High School,Moderate,Female,69,Normal,1.8,711.07,91,2.86
34,77,Medium,Low,Yes,7,80,Low,Yes,0,Medium,Medium,Public,Positive,3,No,High School,Near,Male,69,Normal,0.8,3399.58,77,4.25
22,98,Medium,Medium,Yes,6,93,Medium,Yes,4,Low,Medium,Public,Neutral,4,No,High School,Near,Female,73,Normal,1.8,1136.6,490,4.29
18,83,High,Medium,No,5,80,High,Yes,1,High,High,Public,Positive,2,No,College,Near,Male,70,Normal,2.8,514.27,166,3.33
9,79,Medium,Low,No,7,90,High,Yes,1,High,Low,Public,Neutral,3,No,High School,Near,Male,63,High_Risk,0.8,1012.37,158,1.38
26,84,Medium,Medium,No,7,64,Low,Yes,2,High,High,Public,Neutral,3,No,High School,Near,Male,69,Normal,0.8,2079.74,252,3.75
38,86,Low,High,Yes,7,79,Low,Yes,3,Low,Medium,Public,Negative,3,No,High School,Near,Male,73,Normal,0.8,3752.03,344,5.5
24,63,Medium,Medium,Yes,8,85,High,Yes,1,Low,Medium,Private,Positive,3,No,High School,Far,Female,65,High_Risk,1.8,1133.27,126,2.89
22,95,Medium,High,Yes,6,69,Medium,Yes,1,Low,Medium,Public,Positive,3,No,College,Near,Female,72,Normal,1.8,843.29,190,3.43
13,86,Medium,Low,Yes,5,54,Medium,Yes,3,High,High,Public,Neutral,3,Yes,College,Near,Male,66,Normal,2.8,250.71,344,3.17
17,96,High,High,Yes,8,88,Medium,Yes,4,Low,Low,Private,Positive,4,No,Postgraduate,Near,Male,74,Normal,1.8,831.06,480,2.78
18,95,Low,Low,Yes,7,50,Low,Yes,3,Medium,Medium,Private,Neutral,3,No,High School,Moderate,Female,66,Normal,0.8,1124.86,380,3.0
15,76,High,High,No,8,53,Medium,Yes,1,Low,Medium,Public,Neutral,4,No,College,Near,Male,65,High_Risk,1.8,441.64,152,1.89
17,93,High,Low,No,6,95,Medium,Yes,1,Low,Medium,Public,Neutral,4,No,High School,Near,Male,69,Normal,1.8,897.17,186,2.71
21,96,High,Medium,Yes,6,71,High,No,3,Medium,Medium,Public,Negative,3,No,High School,Near,Female,71,Normal,1.8,828.29,384,3.86
16,90,Medium,Medium,No,5,100,Medium,Yes,1,Low,Medium,Public,Positive,3,No,High School,Moderate,Female,68,Normal,2.8,571.41,180,3.0
18,80,Medium,Low,Yes,8,92,High,Yes,0,Medium,High,Private,Positive,1,No,College,Near,Male,67,Normal,1.8,919.95,80,2.0
19,100,High,Low,Yes,5,55,Low,Yes,2,Low,Medium,Public,Positive,4,No,High School,Moderate,Male,69,Normal,2.8,373.2,300,3.83
18,94,Low,Medium,Yes,9,53,Medium,Yes,3,Low,Medium,Public,Negative,3,No,College,Moderate,Female,67,Normal,2.8,340.7,376,2.4
24,84,High,Low,No,7,65,Low,Yes,3,Medium,High,Public,Positive,3,No,High School,Near,Female,69,Normal,0.8,1949.76,336,3.75
20,69,Medium,Medium,Yes,8,81,High,Yes,2,Medium,Medium,Public,Positive,4,No,High School,Near,Male,67,Normal,1.8,899.95,207,2.67
15,99,Low,Medium,Yes,5,75,Low,Yes,2,Medium,Low,Public,Neutral,1,No,College,Moderate,Male,67,Normal,2.8,401.77,297,3.17
22,63,Medium,Low,Yes,7,80,Medium,Yes,2,High,High,Private,Negative,2,No,College,Moderate,Female,64,High_Risk,0.8,2199.73,189,3.25
20,99,Medium,Low,Yes,5,97,Low,Yes,4,High,Medium,Public,Neutral,3,No,College,Near,Female,73,Normal,2.8,692.83,495,4.67
28,81,Medium,Low,Yes,6,65,Medium,Yes,1,Low,Medium,Public,Positive,2,No,High School,Moderate,Male,67,Normal,1.8,1011.05,162,4.29
14,99,High,Medium,No,6,86,Low,Yes,2,High,High,Private,Negative,4,No,College,Near,Male,71,Normal,1.8,668.85,297,2.57
18,84,Medium,Medium,Yes,7,65,Medium,Yes,2,Medium,Medium,Public,Negative,3,No,High School,Near,Female,66,Normal,0.8,1462.32,252,2.75
9,82,High,Medium,No,8,78,Medium,Yes,0,High,Medium,Public,Neutral,0,No,Unknown,Moderate,Female,64,High_Risk,1.8,389.98,82,1.0
17,81,Medium,Medium,Yes,4,100,Low,Yes,2,Medium,High,Private,Neutral,2,No,College,Near,Male,68,Normal,3.8,447.36,243,4.2
19,79,Medium,High,Yes,8,55,Medium,Yes,3,Medium,Medium,Private,Neutral,4,Yes,Postgraduate,Near,Male,68,Normal,1.8,580.52,316,2.78
25,62,High,Medium,No,5,71,Medium,Yes,0,Low,High,Private,Positive,4,No,High School,Moderate,Male,65,High_Risk,2.8,633.91,62,4.17
20,98,High,Medium,Yes,7,69,High,No,2,High,High,Public,Negative,2,No,College,Near,Female,72,Normal,0.8,1724.78,294,3.0
28,69,Low,High,Yes,6,93,Low,Yes,0,High,Low,Public,Negative,3,No,College,Near,Male,67,Normal,1.8,1446.59,69,4.0
27,98,High,High,No,7,58,Medium,Yes,1,High,Medium,Public,Positive,3,No,Postgraduate,Far,Female,74,Normal,0.8,1957.26,196,3.62
28,76,Medium,High,Yes,6,75,High,Yes,3,High,Medium,Public,Positive,3,No,High School,Near,Male,72,Normal,1.8,1166.6,304,4.86
19,81,Medium,Low,Yes,8,96,High,Yes,1,Low,Medium,Private,Negative,4,No,Postgraduate,Near,Male,67,Normal,1.8,1013.28,162,2.33
19,79,Medium,High,Yes,8,63,Medium,Yes,4,Low,High,Public,Neutral,2,No,High School,Moderate,Male,68,Normal,1.8,664.96,395,3.0
28,64,Medium,High,Yes,6,84,Low,Yes,2,Medium,Medium,Private,Positive,2,No,Postgraduate,Near,Male,69,Normal,1.8,1306.59,192,4.57
12,97,Medium,Low,Yes,7,69,Low,Yes,0,Low,High,Public,Positive,5,No,High School,Near,Female,67,Normal,0.8,1034.87,97,1.5
23,60,Low,Medium,No,7,72,Low,Yes,3,High,Medium,Public,Neutral,2,No,College,Near,Female,64,High_Risk,0.8,2069.74,240,3.62
30,79,High,Medium,No,6,65,Medium,Yes,1,Low,Medium,Public,Negative,4,No,Postgraduate,Near,Female,70,Normal,1.8,1083.27,158,4.57
27,91,Medium,High,Yes,5,75,Low,Yes,1,High,High,Public,Neutral,4,No,College,Near,Male,74,Normal,2.8,723.19,182,4.83
24,88,High,Medium,Yes,6,87,Medium,Yes,1,High,Low,Private,Positive,3,No,High School,Near,Female,72,Normal,1.8,1159.94,176,3.71
19,73,Medium,Medium,Yes,9,94,Medium,Yes,1,High,Low,Public,Positive,1,No,College,Near,Female,67,Normal,2.8,637.83,146,2.1
17,79,Medium,Medium,No,7,67,Low,Yes,1,Low,Medium,Private,Positive,3,No,High School,Near,Female,64,High_Risk,0.8,1423.57,158,2.38
25,65,High,Medium,No,5,90,Medium,Yes,2,Medium,Medium,Public,Positive,3,No,College,Moderate,Female,68,Normal,2.8,803.54,195,4.83
12,74,Medium,Medium,No,6,98,High,Yes,2,Low,Medium,Public,Neutral,3,No,College,Near,Male,65,High_Risk,1.8,653.3,222,2.29
14,85,Medium,Medium,Yes,8,54,Low,Yes,1,High,Medium,Private,Negative,4,No,Postgraduate,Moderate,Male,65,High_Risk,1.8,419.98,170,1.78
26,74,Low,Medium,No,8,57,Medium,Yes,0,Medium,Medium,Private,Positive,1,No,High School,Near,Male,65,High_Risk,1.8,823.29,74,2.89
32,97,High,Medium,Yes,8,73,Medium,Yes,0,High,Medium,Public,Negative,3,No,College,Near,Female,75,Normal,1.8,1297.71,97,3.56
20,66,Medium,Medium,Yes,8,93,Medium,Yes,2,Low,High,Public,Neutral,3,No,High School,Near,Male,65,High_Risk,1.8,1033.28,198,2.67
19,83,Medium,Medium,Yes,7,70,Medium,Yes,2,Low,Medium,Public,Negative,4,Yes,Postgraduate,Near,Female,67,Normal,0.8,1662.29,249,2.88
8,77,Medium,Low,Yes,7,90,Low,Yes,1,Medium,Medium,Public,Neutral,0,No,High School,Moderate,Male,61,High_Risk,0.8,899.89,154,1.25
26,72,Medium,Medium,Yes,8,76,Medium,Yes,1,Medium,Medium,Public,Negative,3,No,Postgraduate,Near,Male,68,Normal,1.8,1097.72,144,3.11
15,89,Medium,Low,No,6,55,Medium,Yes,1,Medium,Medium,Public,Positive,4,No,Postgraduate,Moderate,Male,66,Normal,1.8,458.31,178,2.43
19,78,Medium,Medium,No,7,55,Low,Yes,0,Medium,Medium,Public,Positive,3,No,College,Near,Male,65,High_Risk,0.8,1306.09,78,2.38
17,68,Low,Medium,Yes,9,100,High,Yes,1,Medium,High,Public,Negative,3,No,High School,Moderate,Male,64,High_Risk,2.8,607.12,136,1.9
29,86,Medium,High,No,10,84,Low,Yes,1,Low,High,Private,Positive,4,No,High School,Near,Female,72,Normal,3.8,641.04,172,2.82
34,97,Medium,Medium,No,8,60,Medium,Yes,2,Medium,Medium,Private,Neutral,4,No,High School,Near,Male,74,Normal,1.8,1133.27,291,4.22
23,91,High,Low,No,6,57,Medium,Yes,2,Low,Medium,Private,Positive,3,No,High School,Near,Male,69,Normal,1.8,728.29,273,3.86
16,91,Medium,Medium,No,8,63,High,Yes,2,Medium,High,Public,Neutral,3,No,College,Near,Female,69,Normal,1.8,559.97,273,2.22
27,92,Medium,Medium,Yes,10,86,High,Yes,0,Low,Low,Private,Positive,3,No,High School,Moderate,Male,71,Normal,3.8,611.04,92,2.45
18,62,Medium,Low,Yes,8,87,Medium,Yes,4,Low,Medium,Public,Positive,4,No,College,Near,Female,64,High_Risk,1.8,869.95,310,2.89
24,67,Low,High,No,8,84,High,Yes,0,Low,Medium,Public,Neutral,1,No,College,Near,Female,65,High_Risk,1.8,1119.94,67,2.67
19,61,Medium,Medium,No,7,74,Low,Yes,2,High,Medium,Public,Negative,3,No,Postgraduate,Far,Male,62,High_Risk,0.8,1757.28,183,2.88
18,93,Low,High,No,7,75,High,Yes,1,High,Medium,Private,Positive,1,No,College,Moderate,Female,69,Normal,0.8,1687.29,186,2.5
12,83,High,Low,Yes,5,64,Medium,Yes,1,High,Medium,Private,Negative,2,No,Postgraduate,Near,Female,65,High_Risk,2.8,274.28,166,2.33
19,91,Medium,Low,No,9,67,Medium,Yes,0,Medium,Medium,Private,Negative,3,No,College,Near,Female,66,Normal,2.8,454.63,91,1.9
18,71,High,Medium,No,9,71,Medium,Yes,1,Medium,High,Public,Positive,3,No,High School,Moderate,Female,65,High_Risk,2.8,456.41,142,2.0
21,88,Medium,Low,No,9,75,High,No,1,Medium,High,Private,Neutral,2,No,Postgraduate,Moderate,Female,67,Normal,2.8,562.48,176,2.3
23,64,Medium,Low,Yes,6,95,High,Yes,1,Low,Medium,Public,Positive,2,Yes,College,Far,Female,63,High_Risk,1.8,1213.82,128,3.57
18,100,High,Medium,Yes,10,86,Medium,Yes,1,Medium,Medium,Public,Neutral,3,No,High School,Near,Male,72,Normal,3.8,407.36,200,1.82
26,77,Medium,Low,No,7,53,High,No,3,Medium,High,Private,Positive,3,No,High School,Near,Female,67,Normal,0.8,1722.28,308,4.0
24,88,High,High,No,9,71,Medium,Yes,2,High,High,Public,Negative,3,No,High School,Near,Female,72,Normal,2.8,608.55,264,2.8
7,69,Low,Medium,Yes,6,88,Medium,Yes,0,Low,High,Private,Negative,4,No,Postgraduate,Near,Female,61,High_Risk,1.8,342.2,69,1.0
25,92,High,Medium,No,4,93,High,Yes,3,High,Medium,Public,Neutral,2,No,High School,Near,Female,74,Normal,3.8,611.83,368,6.2
17,94,Low,Medium,Yes,8,65,Low,Yes,4,Medium,Medium,Public,Neutral,6,No,High School,Far,Female,68,Normal,1.8,613.85,470,2.78
13,66,High,Medium,Yes,9,51,Low,Yes,3,Medium,Medium,Private,Positive,2,No,Postgraduate,Moderate,Male,63,High_Risk,2.8,236.78,264,1.9
13,78,Medium,Low,Yes,5,54,Low,Yes,2,Low,High,Public,Positive,3,Yes,College,Near,Male,62,High_Risk,2.8,250.71,234,2.83
16,89,High,Medium,No,9,96,Medium,Yes,2,Medium,Low,Public,Positive,3,No,College,Far,Male,69,Normal,2.8,548.55,267,2.0
19,99,Low,High,No,8,69,Low,Yes,0,High,Medium,Private,Negative,2,No,High School,Moderate,Male,68,Normal,1.8,728.29,99,2.11
27,67,Low,Medium,No,6,54,Medium,Yes,0,Medium,Low,Private,Negative,2,No,High School,Far,Male,61,High_Risk,1.8,809.96,67,3.86
27,74,Medium,Low,Yes,9,64,High,No,1,Low,Medium,Public,Neutral,3,No,High School,Near,Male,65,High_Risk,2.8,617.12,148,2.9
19,82,Medium,Medium,Yes,8,82,High,Yes,2,Medium,Medium,Private,Positive,3,No,College,Moderate,Female,69,Normal,1.8,865.51,246,2.56
13,83,High,Medium,No,7,89,Medium,Yes,1,Low,Medium,Public,Neutral,4,No,Postgraduate,Near,Female,68,Normal,0.8,1446.07,166,1.88
29,97,Medium,Medium,No,8,58,Medium,Yes,1,High,Medium,Private,Negative,4,No,College,Moderate,Female,72,Normal,1.8,934.39,194,3.44
17,100,Medium,Medium,No,5,76,Low,Yes,3,Low,High,Private,Neutral,3,No,Postgraduate,Moderate,Female,70,Normal,2.8,461.41,400,3.83
21,96,Medium,High,Yes,4,78,Low,Yes,2,High,Medium,Private,Positive,2,No,High School,Near,Male,72,Normal,3.8,431.04,288,5.0
35,77,High,High,Yes,8,89,Medium,Yes,5,High,Medium,Public,Positive,4,No,College,Near,Female,77,Normal,1.8,1730.46,462,5.0
22,69,Medium,Medium,No,8,89,Low,No,0,Low,High,Public,Positive,5,No,High School,Moderate,Female,64,High_Risk,1.8,1087.72,69,2.44
14,66,High,Low,No,7,96,Medium,Yes,3,Low,High,Public,Negative,3,No,High School,Near,Male,63,High_Risk,0.8,1679.79,264,2.5
22,72,Low,Low,Yes,9,96,High,Yes,1,Low,Medium,Private,Positive,3,No,College,Near,Male,66,Normal,2.8,754.26,144,2.4
21,81,High,Medium,Yes,7,94,Medium,Yes,3,Medium,Medium,Public,Neutral,1,No,Postgraduate,Moderate,Male,70,Normal,0.8,2467.19,324,3.38
20,86,High,Low,No,8,60,Medium,Yes,1,Medium,Medium,Public,Neutral,4,Yes,College,Far,Female,66,Normal,1.8,666.63,172,2.44
25,82,Medium,Medium,No,6,86,Medium,No,3,Low,High,Public,Positive,3,No,High School,Near,Female,69,Normal,1.8,1194.38,328,4.43
24,77,High,High,Yes,9,99,Medium,Yes,1,Low,Medium,Public,Positive,1,No,High School,Near,Male,70,Normal,2.8,848.54,154,2.6
27,72,Low,Low,Yes,7,79,Medium,Yes,2,High,High,Public,Positive,2,No,Postgraduate,Moderate,Female,68,Normal,0.8,2665.92,216,3.88
17,95,Medium,Low,Yes,8,85,Low,No,1,Low,High,Private,Negative,2,No,College,Moderate,Female,66,Normal,1.8,802.73,190,2.11
23,78,Low,Medium,No,7,84,High,Yes,0,Low,Medium,Private,Neutral,3,No,College,Near,Male,66,Normal,0.8,2414.7,78,2.88
22,80,Low,Low,No,9,79,High,Yes,0,Medium,Medium,Private,Neutral,3,No,College,Moderate,Female,66,Normal,2.8,620.69,80,2.2
26,65,Low,Medium,No,7,53,Low,Yes,3,High,Medium,Public,Positive,2,No,High School,Near,Female,64,High_Risk,0.8,1722.28,260,4.0
6,84,Medium,Medium,Yes,6,88,Medium,Yes,1,Low,Medium,Private,Positive,5,No,Postgraduate,Moderate,Male,65,High_Risk,1.8,293.32,168,1.14
13,60,Low,Medium,No,5,67,High,Yes,1,Low,Medium,Public,Positive,4,Yes,High School,Far,Male,58,High_Risk,2.8,311.06,120,2.5
19,85,High,Medium,No,4,71,Low,Yes,1,Medium,High,Public,Negative,3,No,High School,Far,Female,66,Normal,3.8,354.99,170,4.2
19,76,High,Low,Yes,9,78,Low,Yes,1,Low,Medium,Public,Negative,1,No,Postgraduate,Near,Female,65,High_Risk,2.8,529.27,152,2.1
12,88,Low,Medium,No,6,72,Low,Yes,2,Medium,Medium,Public,Positive,2,No,College,Far,Male,64,High_Risk,1.8,479.97,264,2.29
32,61,High,High,Yes,7,80,Medium,Yes,0,Low,Medium,Public,Positive,4,Yes,College,Moderate,Female,68,Normal,0.8,3199.6,61,4.0
26,69,High,Medium,No,9,55,Low,Yes,1,Low,Medium,Public,Neutral,3,No,College,Near,Male,66,Normal,2.8,510.7,138,2.8
18,77,Medium,High,Yes,7,55,High,No,3,High,Medium,Private,Neutral,3,Yes,High School,Near,Female,66,Normal,0.8,1237.35,308,3.0
18,89,Medium,Low,Yes,4,90,Low,Yes,1,High,Medium,Public,Positive,2,Yes,Postgraduate,Near,Female,68,Normal,3.8,426.3,178,4.0
21,89,Low,Medium,No,7,90,Low,Yes,4,High,Medium,Public,Neutral,5,No,Postgraduate,Far,Male,70,Normal,0.8,2362.2,445,3.62
26,67,Medium,Medium,No,9,75,Medium,Yes,2,Medium,Medium,Public,Positive,3,No,High School,Near,Male,67,Normal,2.8,696.4,201,3.0
25,82,Medium,Medium,Yes,8,65,Medium,Yes,0,High,Medium,Private,Neutral,4,No,High School,Near,Male,69,Normal,1.8,902.73,82,2.78
27,72,Medium,Medium,No,6,63,Medium,Yes,1,High,Medium,Private,Negative,5,No,College,Moderate,Female,67,Normal,1.8,944.95,144,4.14
20,79,High,Medium,Yes,5,74,Medium,Yes,1,Low,Medium,Public,Neutral,5,No,High School,Far,Male,67,Normal,2.8,528.55,158,3.67
4,60,Medium,Medium,Yes,7,55,Medium,Yes,2,Low,Medium,Private,Neutral,2,No,Postgraduate,Near,Male,58,High_Risk,0.8,274.97,180,1.0
17,99,Medium,Medium,No,8,76,Low,No,2,High,Medium,Public,Positive,4,No,Postgraduate,Near,Male,70,Normal,1.8,717.74,297,2.33
24,67,Low,Medium,Yes,10,53,Medium,Yes,0,Medium,Medium,Public,Positive,3,Yes,College,Near,Female,63,High_Risk,3.8,334.73,67,2.18
31,77,High,Medium,No,5,84,Medium,Yes,2,High,High,Public,Positive,5,No,Unknown,Near,Male,73,Normal,2.8,929.97,231,5.83
22,63,Low,High,Yes,4,86,Low,Yes,0,Low,High,Public,Neutral,4,No,College,Near,Female,64,High_Risk,3.8,497.88,63,4.4
19,97,Medium,High,No,7,53,Medium,Yes,2,Low,Low,Private,Neutral,3,No,College,Moderate,Male,69,Normal,0.8,1258.59,291,2.88
19,82,High,Medium,No,9,69,Low,Yes,2,Medium,Medium,Private,Neutral,3,No,College,Moderate,Male,68,Normal,2.8,468.2,246,2.3
25,65,Low,Medium,No,6,64,Medium,Yes,1,Medium,Medium,Private,Negative,4,No,College,Near,Male,64,High_Risk,1.8,888.84,130,3.86
20,92,Medium,High,Yes,4,82,High,Yes,0,Medium,Medium,Public,Neutral,4,No,Postgraduate,Near,Male,72,Normal,3.8,431.57,92,4.0
23,68,High,Medium,No,6,60,Medium,Yes,1,Low,Medium,Public,Neutral,3,No,High School,Near,Female,64,High_Risk,1.8,766.62,136,3.57
11,79,Medium,Medium,Yes,8,98,Medium,Yes,2,Low,Medium,Public,Neutral,4,No,High School,Near,Female,65,High_Risk,1.8,598.86,237,1.67
12,67,High,High,No,6,76,High,Yes,1,Low,Medium,Public,Negative,2,No,High School,Moderate,Male,62,High_Risk,1.8,506.64,134,2.0
19,80,Low,Low,No,8,82,Medium,Yes,5,Low,Low,Public,Positive,3,No,College,Near,Male,67,Normal,1.8,865.51,480,3.22
20,75,Medium,Low,Yes,6,59,Medium,Yes,2,Medium,Medium,Public,Negative,1,No,Postgraduate,Moderate,Male,64,High_Risk,1.8,655.52,225,3.43
25,91,Medium,High,Yes,7,73,Medium,Yes,2,Low,Medium,Public,Positive,3,No,High School,Near,Female,72,Normal,0.8,2280.96,273,3.62
19,62,Medium,Medium,No,5,90,Low,Yes,2,Low,High,Public,Positive,3,No,College,Moderate,Male,64,High_Risk,2.8,610.69,186,3.83
20,88,Medium,Medium,No,4,54,Low,Yes,0,High,Low,Public,Negative,4,No,High School,Near,Male,66,Normal,3.8,284.2,88,4.0
29,80,Low,Medium,Yes,10,91,High,No,1,High,Medium,Public,Positive,3,No,College,Moderate,Male,70,Normal,3.8,694.46,160,2.82
11,95,Medium,Medium,Yes,6,92,Medium,No,2,Medium,Low,Public,Neutral,3,No,Postgraduate,Moderate,Female,68,Normal,1.8,562.19,285,2.14
28,97,High,Low,Yes,9,53,Low,Yes,0,Low,Medium,Private,Negative,3,No,College,Moderate,Female,70,Normal,2.8,529.98,97,2.8
11,75,High,High,Yes,9,77,Medium,No,1,High,High,Private,Neutral,2,Yes,College,Moderate,Male,64,High_Risk,2.8,302.49,150,1.3
26,97,Medium,Medium,No,8,85,Low,No,2,High,Low,Public,Neutral,3,No,High School,Near,Male,71,Normal,1.8,1227.71,291,3.33
14,94,High,High,Yes,8,83,Medium,Yes,4,Medium,Low,Public,Negative,5,Yes,Postgraduate,Near,Female,71,Normal,1.8,645.52,470,2.44
21,89,High,High,Yes,7,76,Medium,Yes,1,Medium,Medium,Public,Positive,2,No,High School,Near,Male,71,Normal,0.8,1994.75,178,2.88
23,95,Medium,Medium,Yes,7,86,Medium,Yes,3,Low,Medium,Public,Positive,4,Yes,Postgraduate,Far,Male,72,Normal,0.8,2472.19,380,3.62
13,97,High,High,Yes,5,87,Low,Yes,1,Medium,High,Public,Neutral,2,No,Postgraduate,Unknown,Female,71,Normal,2.8,403.91,194,2.5
15,63,Medium,High,No,8,66,High,Yes,1,Low,Medium,Private,Negative,4,No,College,Near,Male,62,High_Risk,1.8,549.97,126,1.89
15,73,Medium,High,No,7,96,Low,Yes,1,Low,Medium,Public,Negative,2,No,College,Unknown,Male,64,High_Risk,0.8,1799.78,146,2.12
26,61,Medium,Medium,Yes,8,69,High,Yes,2,Medium,High,Public,Positive,3,No,High School,Near,Male,66,Normal,1.8,996.61,183,3.33
29,83,High,High,Yes,8,64,Medium,Yes,2,Medium,High,Public,Neutral,1,No,High School,Far,Male,71,Normal,1.8,1031.05,249,3.67
14,69,Medium,High,Yes,6,93,Low,No,2,Low,Medium,Private,Neutral,0,No,High School,Near,Male,63,High_Risk,1.8,723.29,207,2.57
13,97,High,Medium,No,8,65,High,Yes,1,Low,Medium,Private,Positive,2,No,High School,Near,Female,69,Normal,1.8,469.42,194,1.67
12,74,Low,High,Yes,6,55,High,Yes,0,Medium,Low,Public,Positive,3,No,Postgraduate,Near,Male,63,High_Risk,1.8,366.65,74,1.71
12,65,Medium,High,No,7,71,Medium,Yes,1,Low,High,Public,Neutral,4,No,High School,Moderate,Male,62,High_Risk,0.8,1064.87,130,1.75
15,94,Medium,Medium,No,7,84,Medium,Yes,0,Medium,High,Public,Positive,2,No,High School,Moderate,Male,68,Normal,0.8,1574.8,94,1.88
18,91,High,Medium,No,7,73,Low,Yes,0,Low,Medium,Public,Negative,4,No,College,Near,Male,68,Normal,0.8,1642.29,91,2.25
14,83,High,Medium,Yes,7,95,Low,Yes,1,Low,Medium,Private,Neutral,2,Yes,High School,Near,Female,65,High_Risk,0.8,1662.29,166,2.0
20,61,High,Medium,Yes,8,80,Medium,Yes,1,Low,High,Public,Positive,3,No,High School,Near,Male,65,High_Risk,1.8,888.84,122,2.44
23,100,High,Low,Yes,4,59,Medium,Yes,2,Medium,Medium,Public,Positive,4,No,High School,Near,Female,72,Normal,3.8,357.1,300,5.4
19,69,Medium,Medium,Yes,6,67,Medium,No,4,High,High,Private,Positive,4,No,Postgraduate,Moderate,Male,66,Normal,1.8,707.18,345,3.86
31,67,Medium,Low,No,7,92,High,Yes,2,Medium,Medium,Public,Negative,3,No,High School,Far,Female,66,Normal,0.8,3564.55,201,4.38
17,97,Medium,High,Yes,9,88,Medium,No,0,Medium,Medium,Public,Positive,2,No,High School,Near,Male,70,Normal,2.8,534.27,97,1.7
9,81,High,Medium,Yes,9,73,Medium,Yes,1,Medium,Medium,Public,Negative,1,No,Postgraduate,Near,Male,65,High_Risk,2.8,234.63,162,1.1
11,61,Low,Medium,Yes,7,90,High,Yes,0,Medium,High,Public,Neutral,3,No,High School,Near,Female,61,High_Risk,0.8,1237.35,61,1.38
23,99,Low,Low,Yes,6,68,High,Yes,1,Medium,Medium,Public,Neutral,3,Yes,College,Far,Male,68,Normal,1.8,868.84,198,3.57
11,62,High,Medium,Yes,7,76,High,Yes,3,High,Medium,Private,Neutral,3,Yes,High School,Moderate,Male,88,Normal,0.8,1044.87,248,2.12
25,70,Low,Medium,Yes,9,94,Medium,Yes,1,Medium,Unknown,Public,Neutral,4,No,High School,Moderate,Male,67,Normal,2.8,839.26,140,2.7
19,74,Medium,Low,Yes,5,65,High,No,1,Low,High,Public,Positive,3,No,High School,Near,Male,64,High_Risk,2.8,441.06,148,3.5
21,62,Low,High,Yes,7,50,Low,No,1,High,Medium,Public,Negative,2,No,High School,Moderate,Female,60,High_Risk,0.8,1312.34,124,2.88
16,67,Medium,Medium,No,7,95,Low,Yes,2,Medium,Medium,Public,Neutral,5,Yes,High School,Near,Male,63,High_Risk,0.8,1899.76,201,2.5
24,99,Medium,Medium,Yes,5,99,Medium,Yes,0,Low,Medium,Public,Positive,3,No,High School,Moderate,Female,72,Normal,2.8,848.54,99,4.0
22,79,High,Medium,Yes,6,63,Medium,Yes,1,Medium,High,Public,Neutral,4,No,High School,Near,Female,68,Normal,1.8,769.96,158,3.43
24,62,High,Low,Yes,7,53,Medium,Yes,0,Medium,Medium,Public,Positive,6,No,Postgraduate,Near,Female,65,High_Risk,0.8,1589.8,62,3.0
25,97,Low,High,Yes,5,85,Medium,Yes,2,High,Medium,Public,Positive,2,No,Unknown,Near,Male,74,Normal,2.8,758.9,291,4.83
27,76,High,High,Yes,9,55,Medium,Yes,3,Low,Medium,Private,Neutral,0,No,High School,Moderate,Female,69,Normal,2.8,530.34,304,3.3
22,92,Medium,High,No,6,99,Low,Yes,1,Medium,Medium,Public,Negative,4,No,College,Near,Female,71,Normal,1.8,1209.93,184,3.43
12,96,Low,High,Yes,8,62,Medium,Yes,2,Medium,High,Public,Negative,3,No,College,Near,Female,68,Normal,1.8,413.31,288,1.78
23,73,High,Medium,Yes,9,75,Medium,Yes,0,High,High,Private,Positive,3,No,High School,Moderate,Female,68,Normal,2.8,616.05,73,2.3
8,82,Medium,High,Yes,5,86,Medium,No,0,Low,Medium,Public,Negative,3,No,Postgraduate,Near,Female,64,High_Risk,2.8,245.71,82,1.33
24,72,High,Low,Yes,8,88,High,Yes,3,Low,Medium,Public,Positive,2,No,High School,Near,Female,68,Normal,1.8,1173.27,288,3.33
18,97,Medium,High,Yes,7,93,Medium,Yes,5,High,Medium,Public,Positive,4,No,College,Near,Female,75,Normal,0.8,2092.24,582,3.5
26,89,Medium,Low,No,7,100,Low,Yes,0,Medium,Low,Public,Neutral,3,No,High School,Near,Female,69,Normal,0.8,3249.59,89,3.25
32,95,Medium,Medium,Yes,7,66,High,Yes,5,High,Medium,Private,Negative,3,No,College,Near,Male,76,Normal,0.8,2639.67,570,5.25
18,78,Medium,Medium,Yes,6,69,Medium,Yes,1,Medium,Medium,Public,Negative,4,No,Postgraduate,Moderate,Female,66,Normal,1.8,689.96,156,2.86
20,95,High,Low,Yes,7,93,Low,No,0,Low,High,Public,Neutral,2,No,High School,Near,Male,68,Normal,0.8,2324.71,95,2.5
9,62,High,High,Yes,9,90,High,Yes,4,High,Medium,Public,Neutral,4,No,College,Far,Male,65,High_Risk,2.8,289.28,310,1.7
12,84,High,High,Yes,6,71,Medium,No,2,Medium,Medium,Public,Positive,3,No,College,Moderate,Male,67,Normal,1.8,473.31,252,2.29
24,86,Low,High,No,9,60,Medium,Yes,0,Low,High,Private,Positive,3,No,College,Far,Male,68,Normal,2.8,514.27,86,2.4
21,90,High,Medium,Yes,7,55,High,Yes,1,Low,High,Public,Neutral,4,No,High School,Near,Female,70,Normal,0.8,1443.57,180,2.88
16,99,Medium,Medium,No,5,99,Low,No,0,Low,Medium,Private,Neutral,5,No,College,Moderate,Female,68,Normal,2.8,565.69,99,2.67
11,94,Medium,Medium,No,5,67,Medium,Yes,2,High,Medium,Public,Neutral,5,No,High School,Near,Female,67,Normal,2.8,263.2,282,2.5
14,78,High,High,Yes,8,80,Low,Yes,1,Medium,Medium,Public,Neutral,1,No,High School,Near,Female,66,Normal,1.8,622.19,156,1.78
30,67,Medium,Medium,Yes,8,94,Medium,Yes,1,Medium,Medium,Public,Neutral,2,No,College,Near,Female,69,Normal,1.8,1566.58,134,3.56
33,64,Medium,Low,Yes,10,76,Low,Yes,2,High,High,Private,Neutral,3,No,High School,Near,Male,68,Normal,3.8,659.98,192,3.36
39,75,Medium,High,Yes,6,82,High,Yes,1,High,Low,Public,Negative,3,No,College,Near,Male,73,Normal,1.8,1776.57,150,5.86
24,77,High,Low,No,8,96,Medium,Yes,0,Medium,Medium,Public,Neutral,3,No,High School,Near,Female,67,Normal,1.8,1279.93,77,2.67
21,79,Medium,Low,Yes,8,78,Low,Yes,1,Low,High,Public,Positive,4,No,College,Moderate,Female,66,Normal,1.8,909.95,158,2.56
26,73,High,Medium,No,8,91,Medium,Yes,4,Low,Low,Public,Neutral,5,No,High School,Moderate,Male,69,Normal,1.8,1314.37,365,3.78
26,67,High,Low,Yes,8,97,Medium,Yes,2,Medium,Medium,Public,Neutral,0,No,High School,Moderate,Female,66,Normal,1.8,1401.03,201,3.33
19,99,Medium,Low,Yes,7,87,Low,Yes,1,Medium,Medium,Public,Positive,4,No,High School,Moderate,Female,70,Normal,0.8,2065.99,198,2.62
27,61,High,High,Yes,10,86,Medium,Yes,3,Medium,High,Private,Positive,3,No,High School,Near,Female,70,Normal,3.8,611.04,244,3.0
21,63,Low,Medium,Yes,6,77,Low,Yes,3,Medium,High,Public,Negative,1,No,High School,Near,Male,63,High_Risk,1.8,898.28,252,3.86
17,97,Medium,Medium,Yes,8,84,Medium,No,3,Low,Low,Private,Neutral,3,No,Postgraduate,Near,Female,70,Normal,1.8,793.29,388,2.56
18,95,High,Medium,Yes,7,87,High,Yes,5,Medium,Medium,Public,Neutral,2,No,College,Near,Male,74,Normal,0.8,1957.26,570,3.5
23,64,Medium,Low,Yes,6,83,Medium,Yes,0,Medium,Medium,Public,Neutral,3,No,High School,Moderate,Male,63,High_Risk,1.8,1060.5,64,3.29
35,64,Medium,Medium,Yes,8,51,Medium,Yes,2,Medium,Medium,Public,Negative,5,Yes,High School,Near,Male,66,Normal,1.8,991.61,192,4.33
29,69,Medium,High,No,6,96,Low,Yes,1,High,Medium,Public,Positive,4,No,High School,Near,Female,70,Normal,1.8,1546.58,138,4.43
28,72,High,Medium,Yes,5,78,Low,No,5,Medium,Low,Private,Negative,2,No,College,Far,Male,67,Normal,2.8,779.97,432,6.33
35,83,Medium,Low,No,6,53,Medium,Yes,1,Low,Medium,Private,Neutral,2,No,High School,Near,Female,69,Normal,1.8,1030.5,166,5.29
21,96,High,Low,No,10,86,Low,Yes,1,Low,High,Public,Neutral,3,No,College,Near,Male,71,Normal,3.8,475.25,192,2.09
17,93,Low,Medium,Yes,9,57,High,Yes,3,Low,High,Private,Neutral,2,No,College,Near,Male,69,Normal,2.8,346.06,372,2.3
20,95,Medium,Medium,No,6,65,High,Yes,2,Low,Medium,Public,Neutral,3,No,College,Near,Female,70,Normal,1.8,722.18,285,3.43
9,97,Low,Medium,Yes,7,57,Medium,Yes,4,Medium,High,Public,Neutral,5,No,High School,Far,Female,67,Normal,0.8,641.17,485,2.12
13,91,Low,Medium,No,6,90,Medium,Yes,1,High,Medium,Public,Negative,2,Yes,High School,Moderate,Female,65,High_Risk,1.8,649.96,182,2.14
15,100,High,High,No,8,94,High,Yes,2,Medium,High,Public,Negative,3,No,College,Near,Male,73,Normal,1.8,783.29,300,2.11
26,93,Medium,Medium,No,8,88,Medium,Yes,1,Medium,High,Public,Neutral,4,Yes,College,Near,Male,72,Normal,1.8,1271.04,186,3.11
25,70,Medium,Medium,No,7,52,Medium,Yes,1,Medium,Medium,Public,Positive,3,No,Postgraduate,Near,Female,66,Normal,0.8,1624.8,140,3.38
14,69,Medium,Medium,Yes,6,89,High,Yes,2,High,High,Private,Positive,5,No,High School,Moderate,Female,66,Normal,1.8,692.18,207,2.57
24,87,Low,Medium,No,6,78,High,Yes,0,Low,Low,Public,Neutral,2,Yes,Postgraduate,Near,Male,67,Normal,1.8,1039.94,87,3.43
19,91,Low,High,Yes,9,84,High,Yes,2,High,High,Public,Positive,3,Yes,High School,Near,Male,71,Normal,2.8,569.98,273,2.3
18,73,Medium,Medium,No,5,65,Medium,Yes,1,Low,High,Public,Negative,3,No,College,Moderate,Female,63,High_Risk,2.8,417.84,146,3.33
24,68,Medium,Medium,Yes,6,74,Medium,Yes,1,Medium,Medium,Public,Neutral,3,No,High School,Near,Female,65,High_Risk,1.8,986.61,136,3.71
7,73,High,Medium,Yes,6,75,Medium,Yes,3,Low,Medium,Public,Neutral,3,No,College,Near,Female,64,High_Risk,1.8,291.65,292,1.86
16,92,Medium,Medium,Yes,7,76,High,No,0,High,Medium,Private,Neutral,2,No,Postgraduate,Far,Male,68,Normal,0.8,1519.81,92,2.0
28,91,High,Medium,Yes,4,78,Low,Yes,1,Medium,Low,Public,Positive,3,No,High School,Moderate,Male,72,Normal,3.8,574.72,182,6.0
22,82,Medium,Medium,Yes,9,93,Low,Yes,2,Low,Medium,Public,Neutral,2,No,High School,Near,Male,68,Normal,2.8,730.69,246,2.6
19,96,Medium,Medium,Yes,7,95,High,Yes,3,Medium,High,Private,Negative,3,No,College,Near,Female,73,Normal,0.8,2255.97,384,3.12
23,66,Medium,High,No,6,83,Medium,Yes,0,High,Medium,Public,Positive,2,No,High School,Near,Female,66,Normal,1.8,1060.5,66,3.29
17,66,High,Medium,No,6,54,Medium,Yes,2,High,Low,Public,Positive,3,Yes,High School,Near,Female,63,High_Risk,1.8,509.97,198,3.0
25,84,Medium,Low,Yes,6,84,Low,Yes,2,Medium,High,Public,Positive,3,No,High School,Near,Male,70,Normal,1.8,1166.6,252,4.14
23,76,Medium,Medium,Yes,7,61,Medium,Yes,3,Medium,Low,Public,Positive,4,No,High School,Near,Male,68,Normal,0.8,1753.53,304,3.62
21,94,Medium,Medium,Yes,7,73,Medium,Yes,1,Medium,Medium,Private,Positive,5,No,College,Near,Female,71,Normal,0.8,1916.01,188,2.88
27,62,High,Low,No,7,96,Medium,Yes,2,Low,Medium,Public,Neutral,4,No,High School,Near,Male,66,Normal,0.8,3239.6,186,3.88
33,66,Medium,Medium,Yes,6,59,Medium,Yes,3,High,Medium,Public,Positive,2,No,Postgraduate,Near,Female,70,Normal,1.8,1081.61,264,5.57
19,90,High,Medium,Yes,6,77,Medium,Yes,0,High,Medium,Public,Neutral,4,No,Postgraduate,Near,Male,71,Normal,1.8,812.73,90,2.71
21,67,Medium,Medium,Yes,6,88,Medium,Yes,1,Low,Medium,Private,Positive,5,No,Postgraduate,Near,Female,95,Normal,1.8,1026.61,134,3.29
10,63,Medium,Medium,No,4,80,Medium,Yes,0,Low,Medium,Public,Positive,3,No,College,Near,Male,60,High_Risk,3.8,210.52,63,2.0
22,75,High,Medium,No,7,52,High,Yes,0,Low,Medium,Private,Neutral,3,No,College,Near,Female,66,Normal,0.8,1429.82,75,2.75
18,69,Medium,Medium,Yes,6,84,Medium,Yes,2,Low,Medium,Public,Positive,4,No,High School,Near,Male,65,High_Risk,1.8,839.95,207,3.14
21,67,Medium,Medium,No,7,96,Low,Yes,3,Low,Medium,Public,Neutral,2,No,High School,Far,Female,64,High_Risk,0.8,2519.69,268,3.38
30,72,High,High,Yes,6,63,Medium,Yes,1,Low,Medium,Public,Neutral,3,No,Postgraduate,Near,Female,70,Normal,1.8,1049.94,144,4.57
29,83,Medium,Low,No,8,62,Low,Yes,4,High,Medium,Public,Negative,5,No,College,Near,Male,70,Normal,1.8,998.83,415,4.11
20,60,Medium,Medium,Yes,6,70,Medium,Yes,2,Low,Medium,Public,Neutral,3,Yes,Postgraduate,Near,Female,63,High_Risk,1.8,777.73,180,3.43
14,65,Medium,Medium,Yes,5,94,Medium,Yes,5,Low,Medium,Private,Negative,3,No,Postgraduate,Moderate,Male,65,High_Risk,2.8,469.98,390,4.0
21,91,Medium,High,Yes,9,66,Low,Yes,3,Low,Medium,Public,Neutral,4,No,College,Moderate,Female,70,Normal,2.8,494.98,364,2.7
22,98,Medium,Low,Yes,7,52,Medium,No,3,Medium,Medium,Public,Positive,3,No,College,Near,Female,70,Normal,0.8,1429.82,392,3.5
14,93,Medium,Medium,No,8,80,Low,Yes,2,Low,Medium,Private,Positive,4,No,Postgraduate,Near,Male,69,Normal,1.8,622.19,279,2.0
11,82,Medium,Medium,Yes,8,88,Medium,No,1,Low,Medium,Private,Negative,2,No,Postgraduate,Moderate,Female,64,High_Risk,1.8,537.75,164,1.44
12,88,Medium,Medium,Yes,7,86,High,Yes,3,Medium,High,Public,Positive,3,Yes,High School,Moderate,Male,68,Normal,0.8,1289.84,352,2.25
24,72,Medium,High,Yes,10,76,High,No,1,Low,Medium,Public,Negative,3,No,High School,Near,Male,66,Normal,3.8,479.99,144,2.36
24,94,High,Low,No,7,70,Medium,Yes,1,High,Medium,Public,Neutral,1,No,High School,Near,Male,70,Normal,0.8,2099.74,188,3.25
23,62,High,Low,No,5,87,Medium,Yes,1,High,Low,Private,Positive,3,No,High School,Near,Male,65,High_Risk,2.8,714.62,124,4.17
11,89,Medium,Low,Yes,9,76,Medium,Yes,1,Medium,High,Public,Neutral,3,No,Postgraduate,Far,Male,66,Normal,2.8,298.56,178,1.3
31,68,High,Medium,No,7,86,Low,Yes,1,Low,Medium,Private,Positive,3,No,High School,Moderate,Female,68,Normal,0.8,3332.08,136,4.12
25,84,Medium,Medium,Yes,10,57,Low,Yes,4,Medium,Medium,Public,Positive,2,No,College,Near,Male,70,Normal,3.8,374.99,420,3.0
29,90,High,Low,Yes,7,76,Low,Yes,1,Medium,Low,Public,Positive,3,No,High School,Moderate,Female,71,Normal,0.8,2754.66,180,3.88
13,96,Medium,Medium,No,6,70,Medium,Yes,1,Low,High,Public,Neutral,3,No,College,Near,Female,68,Normal,1.8,505.53,192,2.14
19,99,Low,Low,No,6,100,Medium,Yes,0,High,Low,Private,Negative,3,No,Postgraduate,Near,Male,69,Normal,1.8,1055.5,99,2.71
17,92,Medium,Medium,Yes,8,79,Medium,Yes,1,Low,Medium,Public,Positive,3,No,Postgraduate,Near,Male,70,Normal,1.8,746.07,184,2.11
28,73,Medium,Low,No,7,62,Medium,Yes,3,High,Medium,Public,Neutral,3,No,Postgraduate,Moderate,Female,68,Normal,0.8,2169.73,292,4.25
20,68,High,Medium,Yes,7,55,High,Yes,0,Low,Low,Public,Positive,3,Yes,High School,Near,Female,63,High_Risk,0.8,1374.83,68,2.5
22,70,Medium,High,Yes,8,74,Low,Yes,2,Low,High,Public,Negative,2,No,Unknown,Moderate,Male,65,High_Risk,1.8,904.39,210,2.89
22,70,High,Low,No,7,99,Medium,Yes,1,Low,High,Private,Positive,2,No,High School,Moderate,Male,66,Normal,0.8,2722.16,140,3.0
25,61,Medium,High,No,9,65,Medium,Yes,2,Medium,Medium,Private,Neutral,4,Yes,High School,Moderate,Female,64,High_Risk,2.8,580.34,183,2.9
18,93,Low,Low,Yes,8,93,Medium,Yes,3,Low,High,Public,Negative,3,No,Postgraduate,Moderate,Male,69,Normal,1.8,929.95,372,2.67
15,73,Medium,Medium,No,8,68,Medium,Yes,1,High,Medium,Public,Neutral,3,No,Unknown,Near,Female,64,High_Risk,1.8,566.64,146,1.89
26,84,Medium,High,Yes,10,89,Medium,Yes,0,Low,High,Private,Positive,1,No,High School,Far,Female,70,Normal,3.8,608.93,84,2.36
30,94,Medium,Medium,No,8,52,Medium,Yes,1,Medium,Low,Public,Neutral,4,No,High School,Near,Female,71,Normal,1.8,866.62,188,3.56
18,98,Low,Low,Yes,7,90,Low,Yes,0,High,High,Private,Positive,1,No,High School,Moderate,Male,68,Normal,0.8,2024.75,98,2.25
15,91,Low,Medium,No,6,64,Low,Yes,1,Low,High,Public,Positive,3,Yes,High School,Near,Male,64,High_Risk,1.8,533.3,182,2.43
24,60,High,High,No,6,73,Medium,Yes,1,Low,Medium,Private,Positive,5,No,Postgraduate,Moderate,Male,66,Normal,1.8,973.28,120,3.71
21,76,Low,Medium,Yes,7,80,High,Yes,3,Low,Medium,Public,Negative,2,Yes,College,Near,Male,65,High_Risk,0.8,2099.74,304,3.38
16,76,Medium,Low,No,7,88,High,Yes,0,Low,Medium,Public,Positive,2,No,Postgraduate,Near,Male,65,High_Risk,0.8,1759.78,76,2.0
16,77,Medium,Low,Yes,7,69,Low,Yes,1,Low,High,Public,Neutral,4,No,High School,Near,Female,63,High_Risk,0.8,1379.83,154,2.25
10,82,High,Medium,No,7,82,Low,Yes,2,Low,High,Private,Neutral,4,No,High School,Near,Male,65,High_Risk,0.8,1024.87,246,1.75
27,93,High,Low,No,6,59,High,Yes,2,Low,Medium,Private,Negative,4,No,High School,Near,Female,70,Normal,1.8,884.95,279,4.43
26,67,Low,Medium,No,8,57,Medium,Yes,0,Medium,Medium,Public,Negative,4,No,College,Far,Female,62,High_Risk,1.8,823.29,67,2.89
21,79,High,High,Yes,8,52,Medium,Yes,1,Low,Unknown,Public,Neutral,3,Yes,High School,Near,Female,66,Normal,1.8,606.63,158,2.56
16,67,Low,High,Yes,8,98,Medium,Yes,0,High,Low,Private,Negative,3,No,High School,Moderate,Male,63,High_Risk,1.8,871.06,67,1.78
26,94,Low,Medium,No,8,56,Low,Yes,1,High,Medium,Public,Negative,2,No,College,Near,Female,69,Normal,1.8,808.84,188,3.11
28,64,High,Medium,No,7,83,Low,Yes,2,High,Medium,Private,Neutral,4,No,High School,Moderate,Male,67,Normal,0.8,2904.64,192,4.0
34,72,Medium,High,Yes,9,88,Low,Yes,1,High,Medium,Private,Positive,3,No,Postgraduate,Near,Male,73,Normal,2.8,1068.53,144,3.6
11,82,High,High,No,8,81,High,Yes,2,Low,High,Public,Positive,2,No,High School,Moderate,Female,67,Normal,1.8,494.97,246,1.67
24,65,Medium,Low,No,7,64,Low,Yes,1,High,Medium,Public,Neutral,1,No,Postgraduate,Near,Male,64,High_Risk,0.8,1919.76,130,3.25
15,84,Medium,Low,Yes,9,67,Medium,Yes,1,Medium,High,Private,Negative,3,No,College,Moderate,Male,65,High_Risk,2.8,358.92,168,1.7
22,76,Low,High,No,5,65,Low,Yes,0,Medium,High,Public,Neutral,3,No,High School,Far,Female,64,High_Risk,2.8,510.7,76,3.67
21,92,High,Medium,Yes,4,85,Low,Yes,1,High,Medium,Public,Negative,3,No,High School,Far,Male,69,Normal,3.8,469.72,184,4.6
19,94,Low,High,No,5,53,Medium,Yes,1,Medium,Medium,Public,Neutral,3,No,High School,Near,Female,68,Normal,2.8,359.63,188,3.5
31,66,Low,High,Yes,8,80,Low,Yes,0,Low,Low,Private,Negative,4,No,High School,Near,Female,65,High_Risk,1.8,1377.7,66,3.44
21,93,Low,Medium,No,9,70,Medium,Yes,0,Medium,High,Public,Neutral,1,No,Postgraduate,Far,Female,68,Normal,2.8,524.98,93,2.1
23,79,Medium,Medium,No,5,81,Medium,Yes,1,Medium,Medium,Private,Neutral,3,No,High School,Near,Female,67,Normal,2.8,665.33,158,4.17
26,79,Medium,Low,No,7,97,Medium,Yes,1,High,Medium,Private,Positive,2,No,High School,Near,Male,69,Normal,0.8,3152.11,158,3.5
16,61,Medium,Low,No,4,86,Medium,Yes,3,Medium,High,Public,Positive,4,No,High School,Near,Female,63,High_Risk,3.8,362.1,244,4.4
18,68,Medium,High,Yes,8,83,Low,Yes,1,Low,Medium,Public,Positive,2,No,College,Near,Male,65,High_Risk,1.8,829.95,136,2.22
18,71,Medium,Medium,Yes,7,72,Low,Yes,0,Low,Medium,Public,Neutral,4,No,High School,Unknown,Female,63,High_Risk,0.8,1619.8,71,2.25
18,65,Medium,High,Yes,6,91,Medium,No,5,Low,Medium,Private,Neutral,3,No,College,Near,Male,66,Normal,1.8,909.95,390,4.0
15,95,Medium,Medium,Yes,6,59,Low,Yes,0,Medium,Unknown,Private,Positive,5,No,High School,Far,Female,66,Normal,1.8,491.64,95,2.14
28,98,Medium,Medium,Yes,7,59,Medium,Yes,1,Low,Medium,Public,Positive,3,No,High School,Near,Male,72,Normal,0.8,2064.74,196,3.75
20,97,Medium,Medium,Yes,8,56,Low,Yes,1,Low,Medium,Private,Neutral,2,No,High School,Near,Female,68,Normal,1.8,622.19,194,2.44
21,74,Medium,High,No,6,66,Low,Yes,1,Medium,High,Private,Negative,4,No,High School,Near,Male,66,Normal,1.8,769.96,148,3.29
21,98,High,Low,Yes,6,55,Low,Yes,1,Medium,Medium,Public,Positive,3,No,High School,Near,Male,70,Normal,1.8,641.63,196,3.29
12,94,Low,High,Yes,6,61,Medium,Yes,3,High,High,Public,Neutral,4,No,College,Near,Male,69,Normal,1.8,406.64,376,2.57
16,63,Low,Medium,Yes,6,57,Medium,Yes,2,Low,Low,Public,Neutral,3,No,Postgraduate,Near,Male,61,High_Risk,1.8,506.64,189,2.86
17,65,Medium,Medium,Yes,5,96,Low,Yes,2,Medium,High,Public,Positive,3,No,College,Moderate,Male,65,High_Risk,2.8,582.84,195,3.5
19,64,Medium,Medium,Yes,9,56,Low,Yes,2,Low,Medium,Public,Positive,4,No,Postgraduate,Far,Female,63,High_Risk,2.8,379.99,192,2.3
19,84,Medium,Medium,Yes,5,63,Medium,Yes,1,High,Medium,Private,Positive,2,No,High School,Near,Male,67,Normal,2.8,427.48,168,3.5
20,67,Low,Low,Yes,7,98,Medium,Yes,1,Medium,Medium,Public,Neutral,4,No,College,Near,Male,64,High_Risk,0.8,2449.69,134,2.75
32,84,Medium,Medium,Yes,8,87,Medium,No,2,Medium,Medium,Public,Positive,1,No,High School,Far,Male,70,Normal,1.8,1546.58,252,4.0
22,68,Medium,Medium,No,4,87,High,Yes,2,Medium,Medium,Public,Neutral,3,No,Postgraduate,Far,Female,66,Normal,3.8,503.67,204,5.2
10,60,Medium,Medium,No,7,72,Low,No,3,Medium,Low,Public,Positive,3,No,High School,Near,Male,59,High_Risk,0.8,899.89,240,2.0
19,86,Medium,Medium,Yes,9,93,Low,Yes,1,Low,High,Public,Positive,3,No,College,Near,Male,69,Normal,2.8,631.05,172,2.1
24,70,Medium,High,Yes,9,52,High,Yes,1,Low,Medium,Public,Positive,2,No,Postgraduate,Moderate,Male,85,Normal,2.8,445.7,140,2.6
7,84,Medium,High,No,7,67,Medium,Yes,1,Medium,Medium,Private,Neutral,3,No,College,Near,Male,64,High_Risk,0.8,586.18,168,1.12
22,87,Low,Medium,No,8,83,Low,Yes,1,Low,Medium,Public,Neutral,1,No,College,Far,Male,66,Normal,1.8,1014.39,174,2.67
16,92,Medium,Medium,Yes,4,90,High,Yes,6,High,Medium,Private,Neutral,3,No,High School,Near,Male,72,Normal,3.8,378.94,644,5.6
19,80,Low,Medium,Yes,10,63,High,No,1,Medium,Medium,Public,Neutral,2,No,College,Near,Female,65,High_Risk,3.8,314.99,160,1.91
19,96,Medium,Medium,No,7,82,Medium,Yes,1,High,Medium,Public,Neutral,4,No,Postgraduate,Near,Male,71,Normal,0.8,1947.26,192,2.62
23,63,Medium,Low,Yes,6,87,Low,Yes,1,Medium,Medium,Public,Neutral,2,No,Postgraduate,Near,Male,64,High_Risk,1.8,1111.6,126,3.57
19,82,Medium,Medium,No,10,67,Medium,Yes,0,Low,Low,Public,Positive,2,No,Postgraduate,Far,Male,65,High_Risk,3.8,334.99,82,1.73
11,70,Medium,High,Yes,6,89,Low,Yes,2,Medium,Medium,Public,Positive,4,No,High School,Near,Female,64,High_Risk,1.8,543.86,210,2.14
26,67,Medium,Low,Yes,10,71,High,Yes,3,Low,Medium,Public,Neutral,3,No,Postgraduate,Near,Male,67,Normal,3.8,485.78,268,2.91
12,64,Medium,Low,No,5,67,Medium,Yes,3,Low,Medium,Private,Positive,2,Yes,High School,Near,Male,59,High_Risk,2.8,287.13,256,3.0
20,78,Medium,Medium,No,5,73,Low,Yes,1,Low,Medium,Public,Negative,3,No,College,Near,Female,65,High_Risk,2.8,521.41,156,3.67
19,85,High,High,No,7,92,Medium,Yes,3,Medium,Medium,Public,Neutral,2,No,College,Near,Female,71,Normal,0.8,2184.73,340,3.12
20,80,High,Low,Yes,6,53,Medium,Yes,0,Low,Medium,Public,Neutral,2,No,College,Moderate,Male,65,High_Risk,1.8,588.86,80,2.86
17,87,High,High,Yes,6,94,Medium,Yes,2,Low,Medium,Private,Neutral,3,No,High School,Moderate,Male,70,Normal,1.8,887.73,261,3.0
20,72,Medium,Medium,No,8,90,High,No,2,Low,Low,Private,Neutral,2,No,College,Near,Female,65,High_Risk,1.8,999.94,216,2.67
23,69,Medium,Medium,Yes,6,59,Medium,Yes,3,High,Medium,Public,Neutral,3,No,Postgraduate,Moderate,Male,67,Normal,1.8,753.85,276,4.14
21,79,Medium,High,No,4,92,Low,Yes,0,Low,Medium,Public,Negative,2,No,Postgraduate,Near,Female,67,Normal,3.8,508.41,79,4.2
20,67,High,Low,No,8,82,Medium,Yes,3,Low,High,Public,Neutral,4,Yes,High School,Near,Male,65,High_Risk,1.8,911.06,268,2.89
35,94,High,Medium,Yes,7,63,Medium,Yes,1,Low,High,Public,Positive,2,No,College,Near,Female,75,Normal,0.8,2755.91,188,4.62
36,68,Medium,Medium,Yes,8,74,High,Yes,2,Medium,Medium,Public,Negative,3,No,High School,Near,Male,70,Normal,1.8,1479.92,204,4.44
23,79,Medium,Medium,Yes,6,87,Medium,No,2,Low,High,Public,Neutral,4,No,College,Moderate,Male,68,Normal,1.8,1111.6,237,3.86
15,89,High,Low,Yes,7,58,Low,Yes,2,Low,Medium,Public,Negative,3,No,High School,Moderate,Male,65,High_Risk,0.8,1087.36,267,2.38
26,98,Medium,Medium,Yes,7,68,Medium,Yes,4,Low,Medium,Public,Positive,1,No,High School,Near,Female,73,Normal,0.8,2209.72,490,4.25
16,96,High,Medium,Yes,9,97,Medium,Yes,0,Medium,High,Private,Neutral,5,No,College,Near,Male,72,Normal,2.8,554.27,96,1.6
21,85,Medium,Medium,No,8,80,Medium,Yes,3,Low,High,Public,Positive,3,Yes,College,Moderate,Female,68,Normal,1.8,933.28,340,3.0
14,99,High,Medium,Yes,6,74,Medium,Yes,2,Medium,Medium,Public,Neutral,3,No,College,Near,Male,71,Normal,1.8,575.52,297,2.57
22,88,Medium,Medium,Yes,10,72,Medium,Yes,2,Low,High,Public,Neutral,2,No,High School,Moderate,Female,69,Normal,3.8,416.83,264,2.36
19,64,Medium,Medium,No,4,87,High,Yes,2,Medium,Medium,Private,Positive,4,No,High School,Moderate,Male,65,High_Risk,3.8,434.99,192,4.6
27,91,Low,High,No,5,87,Medium,No,0,Medium,Medium,Public,Negative,3,No,High School,Near,Female,69,Normal,2.8,838.9,91,4.5
13,79,Medium,Low,No,5,68,Medium,No,2,High,Medium,Private,Positive,3,No,High School,Near,Female,63,High_Risk,2.8,315.7,237,2.83
27,93,Medium,Medium,Yes,9,78,Low,Yes,1,Low,Medium,Public,Positive,2,No,Postgraduate,Near,Female,72,Normal,2.8,752.12,186,2.9
18,79,Medium,Medium,Yes,7,79,Medium,Yes,0,Low,High,Private,Neutral,3,No,College,Far,Male,65,High_Risk,0.8,1777.28,79,2.25
15,64,High,Medium,Yes,7,67,Medium,Yes,2,Low,High,Public,Positive,3,No,High School,Near,Male,64,High_Risk,0.8,1256.09,192,2.38
23,76,High,High,No,7,93,Medium,Yes,0,Medium,Medium,Private,Negative,6,No,High School,Moderate,Male,68,Normal,0.8,2673.42,76,2.88
27,100,Low,Low,Yes,7,78,Low,Yes,2,Medium,Medium,Public,Negative,2,No,High School,Near,Male,70,Normal,0.8,2632.17,300,3.88
29,82,Medium,High,No,7,84,Low,Yes,1,Low,Medium,Private,Positive,2,No,High School,Near,Male,70,Normal,0.8,3044.62,164,3.88
25,100,High,Low,No,6,85,Low,Yes,1,Medium,Medium,Public,Positive,3,No,High School,Near,Male,72,Normal,1.8,1180.49,200,3.86
22,97,Low,Medium,No,8,75,Medium,Yes,1,Medium,Medium,Private,Positive,4,No,Postgraduate,Near,Male,71,Normal,1.8,916.62,194,2.67
25,86,Medium,Medium,Yes,7,81,Low,Yes,1,High,Low,Public,Positive,1,No,High School,Near,Male,69,Normal,0.8,2530.93,172,3.38
26,68,Medium,High,Yes,8,90,Medium,Yes,4,Low,High,Private,Neutral,3,No,High School,Near,Male,70,Normal,1.8,1299.93,340,3.78
14,61,Medium,Medium,No,5,82,Low,No,0,Low,Medium,Public,Neutral,0,No,High School,Near,Female,58,High_Risk,2.8,409.99,61,2.33
12,72,Low,Medium,Yes,6,60,High,Yes,0,Low,Medium,Public,Neutral,4,No,Postgraduate,Near,Male,62,High_Risk,1.8,399.98,72,1.71
20,89,Medium,High,Yes,7,84,Low,Yes,1,High,High,Public,Neutral,4,No,High School,Moderate,Male,70,Normal,0.8,2099.74,178,2.75
15,74,Low,High,Yes,4,68,Low,Yes,3,Low,Medium,Public,Positive,3,No,High School,Near,Female,64,High_Risk,3.8,268.41,296,4.2
10,82,Medium,Low,No,8,70,Medium,Yes,3,Low,High,Public,Positive,1,Yes,Postgraduate,Near,Female,64,High_Risk,1.8,388.87,328,1.78
16,85,High,Low,Yes,6,86,Low,Yes,3,High,High,Private,Neutral,2,No,High School,Far,Male,67,Normal,1.8,764.4,340,3.14
14,84,High,Medium,Yes,9,86,High,Yes,1,Low,Medium,Private,Positive,4,No,High School,Near,Female,68,Normal,2.8,429.98,168,1.6
21,90,Low,Medium,No,8,60,Medium,Yes,1,Low,Medium,Public,Negative,2,No,College,Near,Female,66,Normal,1.8,699.96,180,2.56
21,80,Medium,High,No,7,75,High,Yes,3,Medium,High,Private,Neutral,2,No,High School,Far,Male,69,Normal,0.8,1968.5,320,3.38
30,92,Low,Medium,Yes,7,52,Medium,Yes,3,High,Medium,Private,Positive,4,No,College,Near,Male,73,Normal,0.8,1949.76,368,4.5
18,99,Medium,High,Yes,4,54,Low,Yes,0,Medium,Medium,Public,Positive,3,No,Postgraduate,Moderate,Male,70,Normal,3.8,255.78,99,3.6
26,68,Medium,High,No,8,96,High,Yes,1,Medium,High,Public,Neutral,2,No,High School,Near,Male,69,Normal,1.8,1386.59,136,3.11
14,97,Medium,Medium,Yes,5,54,Medium,Yes,3,Medium,Medium,Public,Negative,2,No,College,Near,Female,68,Normal,2.8,269.99,388,3.33
13,70,Medium,High,Yes,6,66,Medium,Yes,1,Medium,Medium,Public,Negative,4,No,High School,Near,Male,63,High_Risk,1.8,476.64,140,2.14
19,63,Medium,Low,Yes,6,51,High,Yes,2,Medium,Medium,Public,Neutral,4,No,High School,Near,Male,62,High_Risk,1.8,538.3,189,3.29
16,73,Medium,Medium,Yes,4,61,Low,Yes,4,Low,High,Private,Neutral,5,No,High School,Moderate,Male,64,High_Risk,3.8,256.84,365,4.8
13,92,High,Medium,No,9,93,High,Yes,2,High,Medium,Public,Negative,2,No,College,Moderate,Male,69,Normal,2.8,431.77,276,1.7
18,71,High,High,Yes,9,93,Medium,Yes,1,Low,High,Private,Neutral,4,No,College,Moderate,Male,68,Normal,2.8,597.84,142,2.0
24,93,High,Medium,Yes,8,96,Medium,Yes,0,Medium,Medium,Public,Positive,1,No,Postgraduate,Moderate,Male,73,Normal,1.8,1279.93,93,2.67
17,92,High,High,No,6,93,Medium,Yes,4,Medium,Low,Private,Neutral,4,No,College,Moderate,Female,72,Normal,1.8,878.28,460,3.57
19,90,Medium,Medium,No,8,68,Low,Yes,0,High,Medium,Public,Negative,4,No,High School,Moderate,Male,66,Normal,1.8,717.74,90,2.11
26,64,Medium,Medium,No,5,64,Medium,Yes,2,High,Medium,Public,Negative,1,No,High School,Near,Male,64,High_Risk,2.8,594.26,192,5.0
8,97,High,Medium,Yes,10,70,High,Yes,0,Low,Low,Public,Neutral,1,No,High School,Near,Male,66,Normal,3.8,147.36,97,0.73
19,89,Low,Medium,No,8,71,Medium,Yes,2,Low,High,Public,Positive,4,No,High School,Near,Male,68,Normal,1.8,749.4,267,2.56
26,70,Medium,Low,Yes,8,75,Medium,Yes,1,Medium,Low,Private,Neutral,4,Yes,High School,Far,Female,63,High_Risk,1.8,1083.27,140,3.11
11,81,Medium,High,Yes,5,76,Medium,Yes,1,Low,Unknown,Public,Neutral,3,No,Postgraduate,Far,Male,65,High_Risk,2.8,298.56,162,2.17
23,77,Medium,High,Yes,6,69,Low,Yes,1,Medium,Medium,Private,Positive,2,No,High School,Moderate,Female,67,Normal,1.8,881.62,154,3.57
12,98,Low,Medium,No,7,63,Medium,Yes,0,High,Medium,Private,Neutral,3,Yes,High School,Near,Female,65,High_Risk,0.8,944.88,98,1.5
26,60,Medium,Medium,Yes,7,94,High,Yes,3,High,Medium,Public,Positive,2,No,High School,Moderate,Female,68,Normal,0.8,3054.62,240,4.0
14,75,Low,Low,No,10,88,Medium,Yes,2,Low,Medium,Private,Negative,3,No,College,Moderate,Female,62,High_Risk,3.8,324.2,225,1.64
14,86,Low,Low,Yes,8,90,Low,Yes,0,Low,Medium,Private,Neutral,1,No,High School,Near,Male,63,High_Risk,1.8,699.96,86,1.56
21,69,Low,Medium,No,7,59,Medium,Yes,3,Low,Medium,Public,Neutral,3,No,Postgraduate,Near,Male,64,High_Risk,0.8,1548.56,276,3.38
19,85,Medium,Medium,Yes,9,53,High,Yes,1,Medium,Medium,Public,Neutral,3,No,College,Far,Male,66,Normal,2.8,359.63,170,2.1
24,93,Medium,Low,Yes,7,77,Medium,Yes,0,Low,Medium,Private,Negative,3,No,High School,Near,Female,68,Normal,0.8,2309.71,93,3.0
27,94,High,High,Yes,7,70,Low,Yes,1,Medium,High,Public,Neutral,2,No,High School,Moderate,Female,73,Normal,0.8,2362.2,188,3.62
18,77,Medium,Medium,Yes,7,62,Low,Yes,2,High,Medium,Private,Neutral,4,No,College,Near,Male,66,Normal,0.8,1394.83,231,2.75
17,69,Medium,Medium,Yes,7,54,High,Yes,1,High,Low,Public,Neutral,2,No,High School,Near,Male,63,High_Risk,0.8,1147.36,138,2.38
10,94,High,Low,No,5,71,Medium,Yes,1,High,Medium,Public,Positive,3,No,High School,Moderate,Male,67,Normal,2.8,253.56,188,2.0
19,71,Medium,High,Yes,9,94,High,Yes,1,High,Medium,Private,Positive,4,No,High School,Near,Male,68,Normal,2.8,637.83,142,2.1
12,63,Medium,Medium,No,8,56,Low,Yes,4,Medium,Medium,Public,Positive,4,No,College,Moderate,Male,61,High_Risk,1.8,373.31,315,2.22
10,89,High,High,Yes,7,88,Medium,Yes,2,High,Medium,Private,Positive,2,No,Postgraduate,Near,Female,71,Normal,0.8,1099.86,267,1.75
24,72,Medium,Low,Yes,9,53,Medium,Yes,0,Low,High,Private,Neutral,4,Yes,High School,Moderate,Male,62,High_Risk,2.8,454.27,72,2.4
16,67,Medium,High,Yes,9,94,High,Yes,1,Medium,Medium,Private,Neutral,2,No,Postgraduate,Near,Female,66,Normal,2.8,537.12,134,1.8
19,64,Low,Medium,No,8,62,Medium,Yes,0,High,Medium,Public,Positive,4,Yes,College,Near,Male,61,High_Risk,1.8,654.41,64,2.11
24,84,Low,High,Yes,6,93,High,Yes,2,Low,Medium,Public,Neutral,1,No,High School,Near,Female,70,Normal,1.8,1239.93,252,4.0
32,76,Medium,Medium,No,7,63,Medium,Yes,0,Medium,Low,Public,Positive,3,No,High School,Near,Female,68,Normal,0.8,2519.69,76,4.0
9,76,Medium,Medium,No,7,79,Medium,Yes,1,Medium,Medium,Public,Negative,3,No,College,Near,Male,63,High_Risk,0.8,888.64,152,1.38
9,77,Medium,Medium,No,7,57,Low,Yes,2,Medium,Low,Public,Negative,3,No,High School,Near,Male,61,High_Risk,0.8,641.17,231,1.62
20,89,High,Medium,Yes,6,74,Medium,Yes,1,Low,High,Private,Neutral,2,No,High School,Moderate,Male,69,Normal,1.8,822.18,178,3.14
16,78,High,Low,Yes,8,57,High,Yes,1,Medium,Medium,Public,Negative,3,No,College,Near,Male,65,High_Risk,1.8,506.64,156,2.0
15,69,Low,Medium,No,8,73,Medium,Yes,2,Medium,Medium,Public,Neutral,2,No,High School,Moderate,Male,61,High_Risk,1.8,608.3,207,2.11
17,78,Medium,High,No,7,64,Medium,Yes,0,Low,Medium,Private,Neutral,3,No,High School,Near,Female,65,High_Risk,0.8,1359.83,78,2.12
21,80,High,Low,Yes,6,52,Medium,Yes,1,Low,Medium,Public,Negative,4,No,High School,Near,Male,65,High_Risk,1.8,606.63,160,3.29
19,94,Medium,High,Yes,6,91,Medium,Yes,1,Low,Medium,Public,Negative,3,No,High School,Moderate,Male,70,Normal,1.8,960.5,188,3.0
21,95,Low,Low,No,10,84,Low,Yes,0,High,Medium,Public,Neutral,4,Yes,High School,Near,Male,67,Normal,3.8,464.2,95,1.91
16,69,High,High,Yes,7,85,Medium,Yes,0,High,High,Private,Negative,3,No,High School,Near,Female,66,Normal,0.8,1699.79,69,2.0
20,61,Medium,High,No,5,89,Medium,Yes,1,Medium,Medium,Public,Neutral,2,No,Postgraduate,Far,Female,64,High_Risk,2.8,635.69,122,3.67
14,79,Medium,Medium,No,9,74,Medium,Yes,1,Medium,Medium,Public,Neutral,4,No,High School,Near,Male,64,High_Risk,2.8,369.99,158,1.6
5,65,Medium,High,Yes,7,98,Low,Yes,1,Low,Low,Private,Positive,3,No,High School,Far,Male,59,High_Risk,0.8,612.42,130,0.88
25,89,Medium,High,No,7,59,Medium,Yes,1,Low,Medium,Public,Neutral,4,Yes,High School,Near,Male,68,Normal,0.8,1843.52,178,3.38
25,73,High,Medium,Yes,6,80,Medium,Yes,3,High,Medium,Public,Positive,2,No,High School,Far,Female,69,Normal,1.8,1111.05,292,4.43
20,63,Low,Low,No,9,53,Low,Yes,1,Medium,Medium,Public,Positive,4,No,High School,Near,Male,60,High_Risk,2.8,378.56,126,2.2
15,67,Medium,Medium,Yes,7,94,Low,Yes,0,High,Low,Private,Positive,2,No,Postgraduate,Moderate,Male,63,High_Risk,0.8,1762.28,67,1.88
23,74,High,Medium,No,8,95,Medium,Yes,2,Low,Medium,Public,Negative,2,No,College,Far,Female,67,Normal,1.8,1213.82,222,3.0
21,94,Medium,Medium,No,7,96,Low,Yes,0,Medium,Medium,Private,Neutral,2,Yes,Postgraduate,Moderate,Male,69,Normal,0.8,2519.69,94,2.62
17,76,Medium,High,No,7,87,High,Yes,1,Medium,High,Public,Positive,4,No,High School,Near,Female,68,Normal,0.8,1848.52,152,2.38
13,76,Low,Medium,Yes,10,97,High,Yes,4,Low,Low,Public,Neutral,3,No,College,Moderate,Male,65,High_Risk,3.8,331.83,380,1.91
18,70,Medium,Medium,Yes,8,51,Medium,Yes,1,Low,Medium,Private,Negative,3,No,College,Moderate,Male,62,High_Risk,1.8,509.97,140,2.22
33,77,Low,High,Yes,5,85,Medium,Yes,0,Low,Medium,Private,Neutral,5,No,High School,Far,Female,69,Normal,2.8,1001.75,77,5.5
25,94,High,High,No,8,96,High,Yes,6,Medium,Medium,Public,Negative,3,Yes,High School,Far,Female,74,Normal,1.8,1333.26,658,4.11
20,64,Medium,Low,Yes,6,73,High,Yes,3,Medium,High,Public,Negative,5,No,Postgraduate,Far,Female,65,High_Risk,1.8,811.07,256,3.71
27,83,Medium,Low,No,5,91,Medium,Yes,3,Low,Unknown,Public,Neutral,2,No,Postgraduate,Near,Male,70,Normal,2.8,877.47,332,5.5
27,90,Medium,High,No,7,86,High,Yes,2,Medium,Medium,Public,Positive,3,No,College,Moderate,Male,74,Normal,0.8,2902.14,270,3.88
11,86,Medium,High,Yes,6,84,Medium,Yes,0,High,High,Private,Neutral,3,No,High School,Near,Male,67,Normal,1.8,513.3,86,1.57
18,96,Medium,High,Yes,6,92,Medium,Yes,2,Medium,Medium,Public,Positive,3,No,High School,Far,Male,71,Normal,1.8,919.95,288,3.14
13,64,Medium,High,Yes,5,72,Medium,Yes,2,Medium,Medium,Private,Neutral,2,No,Postgraduate,Moderate,Male,63,High_Risk,2.8,334.27,192,2.83
22,82,High,Medium,Yes,7,71,Low,Yes,1,High,Unknown,Private,Positive,3,No,High School,Near,Female,69,Normal,0.8,1952.26,164,3.0
21,74,Medium,High,Yes,10,83,Low,Yes,1,High,Medium,Public,Neutral,3,No,High School,Moderate,Female,67,Normal,3.8,458.67,148,2.09
29,70,Low,High,No,8,97,Low,Yes,3,Low,High,Public,Positive,3,No,Postgraduate,Moderate,Male,70,Normal,1.8,1562.69,280,3.89
20,72,High,Medium,Yes,7,90,High,Yes,2,Medium,Medium,Public,Neutral,3,No,High School,Near,Male,68,Normal,0.8,2249.72,216,3.0
10,76,Medium,Low,No,6,76,Medium,Yes,1,High,High,Public,Negative,2,No,Postgraduate,Near,Male,80,Normal,1.8,422.2,152,1.71
24,67,Medium,High,Yes,6,87,Low,Yes,0,Medium,Medium,Public,Positive,4,No,College,Near,Male,67,Normal,1.8,1159.94,67,3.43
21,95,Medium,Medium,No,7,63,Medium,Yes,1,Low,Medium,Private,Positive,4,No,Postgraduate,Near,Male,70,Normal,0.8,1653.54,190,2.88
30,70,Low,Medium,No,8,75,Medium,Yes,1,Medium,Unknown,Private,Positive,2,No,High School,Near,Female,67,Normal,1.8,1249.93,140,3.56
16,67,High,Medium,No,9,80,Medium,Yes,1,Low,High,Public,Neutral,3,No,High School,Near,Female,64,High_Risk,2.8,457.13,134,1.8
11,75,Low,High,No,8,64,Medium,Yes,3,Low,Medium,Public,Neutral,3,Yes,College,Moderate,Female,62,High_Risk,1.8,391.09,300,1.89
29,84,High,Medium,Yes,10,56,High,Yes,3,Low,High,Public,Neutral,4,No,Postgraduate,Far,Female,72,Normal,3.8,427.36,336,3.18
18,90,High,High,Yes,6,54,Low,Yes,1,Medium,High,Public,Negative,3,No,High School,Near,Female,95,Normal,1.8,539.97,180,2.86
11,74,Medium,High,Yes,7,98,Low,Yes,1,Low,Medium,Public,Positive,2,No,High School,Near,Male,65,High_Risk,0.8,1347.33,148,1.62
17,86,High,High,Yes,7,94,Medium,Yes,2,Medium,Medium,Public,Neutral,3,No,High School,Moderate,Male,70,Normal,0.8,1997.25,258,2.62
16,84,Medium,High,Yes,8,51,Low,Yes,0,Medium,Medium,Public,Negative,3,No,Postgraduate,Near,Female,66,Normal,1.8,453.31,84,1.78
8,94,High,Low,No,8,89,High,Yes,0,Medium,Medium,Public,Neutral,2,No,High School,Near,Female,66,Normal,1.8,395.53,94,0.89
23,85,High,Low,Yes,7,76,High,Yes,2,Low,Medium,Public,Neutral,3,No,College,Unknown,Female,69,Normal,0.8,2184.73,255,3.38
19,75,Medium,High,Yes,5,61,High,Yes,0,Medium,Medium,Public,Negative,3,No,High School,Near,Female,65,High_Risk,2.8,413.91,75,3.17
8,64,Medium,Medium,Yes,7,66,Medium,Yes,1,Low,Medium,Private,Positive,3,No,College,Near,Male,60,High_Risk,0.8,659.92,128,1.25
14,65,High,Medium,No,5,59,Low,Yes,1,High,Medium,Public,Positive,4,No,Postgraduate,Far,Male,63,High_Risk,2.8,294.99,130,2.67
17,61,High,Medium,Yes,9,69,High,Yes,1,Medium,High,Public,Positive,3,No,High School,Far,Male,64,High_Risk,2.8,418.91,122,1.9
7,79,Low,High,Yes,9,85,Medium,Yes,0,Medium,Medium,Public,Negative,2,No,High School,Near,Male,62,High_Risk,2.8,212.49,79,0.7
18,92,Medium,Medium,No,4,88,Medium,Yes,3,High,Medium,Public,Neutral,2,No,High School,Moderate,Male,69,Normal,3.8,416.83,368,4.8
21,99,Medium,Medium,Yes,5,54,High,Yes,1,Low,Medium,Public,Neutral,4,No,College,Moderate,Male,70,Normal,2.8,404.99,198,3.83
26,61,Low,Medium,Yes,5,51,High,Yes,0,Low,Medium,Private,Neutral,5,No,High School,Moderate,Female,62,High_Risk,2.8,473.55,61,4.33
21,84,Medium,Medium,Yes,6,52,Medium,Yes,2,High,High,Public,Negative,5,No,High School,Moderate,Male,68,Normal,1.8,606.63,252,3.57
10,61,High,Low,Yes,10,79,Medium,Yes,4,High,High,Public,Positive,2,Yes,College,Moderate,Male,62,High_Risk,3.8,207.89,305,1.64
17,82,Medium,High,Yes,10,82,High,Yes,1,Medium,Medium,Private,Positive,2,No,High School,Moderate,Male,68,Normal,3.8,366.83,164,1.73
15,64,Medium,Medium,Yes,6,76,High,Yes,2,Medium,Medium,Private,Positive,4,Yes,High School,Unknown,Female,63,High_Risk,1.8,633.3,192,2.71
27,95,Medium,Medium,No,5,66,Low,Yes,3,Medium,Medium,Public,Neutral,4,No,High School,Near,Male,72,Normal,2.8,636.41,380,5.5
24,75,Medium,Low,No,7,94,Medium,Yes,2,Medium,High,Public,Negative,4,No,High School,Near,Male,67,Normal,0.8,2819.65,225,3.5
2,67,Medium,Medium,No,6,73,Low,Yes,1,Low,Medium,Private,Positive,2,No,College,Moderate,Male,58,High_Risk,1.8,81.11,134,0.57
28,60,Medium,High,Yes,7,53,Low,Yes,3,Low,Medium,Private,Neutral,3,No,High School,Near,Female,65,High_Risk,0.8,1854.77,240,4.25
29,82,High,High,No,5,95,Medium,Yes,2,Medium,High,Public,Neutral,3,No,College,Near,Male,74,Normal,2.8,983.89,246,5.5
14,72,Medium,High,No,9,53,Medium,Yes,4,Medium,Medium,Public,Negative,3,No,Postgraduate,Near,Male,65,High_Risk,2.8,264.99,360,2.2
13,98,High,Medium,Yes,5,89,High,Yes,1,High,Medium,Public,Negative,3,No,High School,Near,Male,70,Normal,2.8,413.2,196,2.5
22,71,Medium,Low,Yes,8,57,Medium,Yes,1,Low,High,Public,Negative,4,No,High School,Moderate,Male,63,High_Risk,1.8,696.63,142,2.67
26,98,Medium,Medium,No,10,54,Medium,Yes,0,Low,High,Private,Neutral,1,No,Postgraduate,Near,Male,71,Normal,3.8,369.46,98,2.36
4,76,Medium,Medium,Yes,8,90,Medium,Yes,2,High,Medium,Public,Positive,2,No,High School,Moderate,Female,63,High_Risk,1.8,199.99,228,0.89
19,75,Medium,High,Yes,10,79,Medium,Yes,1,Medium,Medium,Public,Neutral,2,No,High School,Near,Female,66,Normal,3.8,394.99,150,1.91
14,62,Medium,Medium,No,9,73,Medium,Yes,1,Low,Medium,Public,Neutral,6,No,High School,Near,Male,61,High_Risk,2.8,364.99,124,1.6
19,76,Medium,Low,Yes,6,66,Medium,Yes,1,High,Medium,Public,Positive,3,No,High School,Near,Male,65,High_Risk,1.8,696.63,152,3.0
27,74,Medium,High,No,7,71,Medium,Yes,1,Medium,Medium,Public,Positive,3,No,High School,Near,Female,69,Normal,0.8,2395.95,148,3.62
16,76,Medium,High,Yes,6,63,High,Yes,0,Low,Medium,Public,Positive,1,No,High School,Near,Female,86,Normal,1.8,559.97,76,2.29
26,69,High,Low,No,10,87,Low,Yes,2,Medium,Low,Public,Positive,2,No,Postgraduate,Near,Male,67,Normal,3.8,595.25,207,2.73
20,84,Low,Low,No,8,72,Medium,Yes,3,High,Medium,Public,Neutral,3,No,High School,Near,Male,66,Normal,1.8,799.96,336,2.89
18,68,Medium,Medium,Yes,8,76,High,Yes,2,High,Medium,Public,Neutral,3,No,Postgraduate,Near,Male,66,Normal,1.8,759.96,204,2.44
19,95,Low,High,Yes,6,91,High,Yes,1,Medium,High,Public,Neutral,4,No,College,Near,Male,72,Normal,1.8,960.5,190,3.0
19,89,Medium,Medium,Yes,6,88,Low,Yes,1,Medium,High,Public,Positive,2,No,High School,Near,Female,69,Normal,1.8,928.84,178,3.0
18,85,Medium,Medium,No,8,96,Medium,Yes,0,High,High,Public,Negative,3,No,College,Moderate,Male,68,Normal,1.8,959.95,85,2.0
17,96,Medium,Medium,Yes,7,50,Low,Yes,1,Medium,Medium,Private,Negative,4,No,High School,Near,Female,67,Normal,0.8,1062.37,192,2.38
23,94,Medium,High,Yes,8,94,Low,Yes,2,Medium,High,Public,Positive,2,No,High School,Near,Male,73,Normal,1.8,1201.04,282,3.0
19,85,Medium,Medium,Yes,7,98,High,Yes,2,Medium,Medium,Public,Negative,3,Yes,High School,Moderate,Female,68,Normal,0.8,2327.21,255,2.88
19,87,High,High,No,10,60,High,Yes,2,Medium,Low,Private,Positive,3,No,High School,Moderate,Male,69,Normal,3.8,299.99,261,2.09
37,96,Medium,Medium,No,7,77,Medium,Yes,2,Medium,Medium,Public,Positive,3,No,High School,Moderate,Female,75,Normal,0.8,3560.8,288,5.12
21,70,Medium,High,No,6,78,Medium,Yes,3,Medium,Low,Public,Neutral,2,No,College,Far,Male,65,High_Risk,1.8,909.95,280,3.86
21,99,Medium,Low,Yes,9,59,Low,Yes,1,High,High,Public,Negative,2,No,College,Moderate,Female,69,Normal,2.8,442.48,198,2.3
24,92,High,Medium,Yes,5,94,Low,Yes,1,Medium,Medium,Public,Neutral,2,No,Postgraduate,Near,Female,73,Normal,2.8,805.69,184,4.33
16,92,High,Low,Yes,6,58,Low,Yes,0,High,Medium,Private,Positive,4,No,High School,Near,Female,67,Normal,1.8,515.53,92,2.29
7,89,High,Low,Yes,6,53,Medium,Yes,3,Low,High,Private,Neutral,2,No,High School,Moderate,Male,64,High_Risk,1.8,206.1,356,1.86
23,94,Medium,Low,Yes,4,78,Medium,Yes,2,High,High,Public,Neutral,4,No,High School,Moderate,Male,71,Normal,3.8,472.09,282,5.4
20,88,Medium,High,Yes,5,50,Medium,No,2,Low,Medium,Public,Neutral,5,No,High School,Moderate,Male,67,Normal,2.8,357.13,264,4.0
28,70,High,Low,Yes,8,87,High,Yes,3,Low,Medium,Public,Neutral,3,No,Postgraduate,Moderate,Male,70,Normal,1.8,1353.26,280,3.78
24,71,Low,Medium,No,8,52,Medium,No,2,Medium,Medium,Public,Negative,3,No,College,Unknown,Female,63,High_Risk,1.8,693.29,213,3.11
24,80,Medium,Medium,No,9,85,Low,Yes,3,Low,Medium,Public,Positive,4,No,High School,Near,Male,69,Normal,2.8,728.55,320,3.0
28,79,Medium,High,Yes,9,94,Low,Yes,2,Low,Medium,Private,Positive,5,No,College,Near,Male,72,Normal,2.8,939.97,237,3.2
10,93,Low,Medium,Yes,7,90,Medium,Yes,0,Low,Medium,Private,Positive,2,No,High School,Near,Female,66,Normal,0.8,1124.86,93,1.25
26,84,Medium,Medium,No,8,76,Medium,Yes,5,Medium,High,Public,Neutral,2,No,High School,Moderate,Male,71,Normal,1.8,1097.72,504,4.0
15,62,Low,High,No,8,64,High,Yes,2,Low,Medium,Public,Neutral,4,No,College,Near,Female,62,High_Risk,1.8,533.3,186,2.11
13,97,Medium,Medium,Yes,8,81,Medium,Yes,3,Low,Medium,Public,Neutral,1,No,High School,Far,Male,68,Normal,1.8,584.97,388,2.11
25,91,Medium,High,No,7,92,Medium,Yes,3,Low,Medium,Public,Negative,5,No,High School,Near,Male,72,Normal,0.8,2874.64,364,3.88
11,90,Medium,Medium,Yes,7,72,High,Yes,3,Medium,Medium,Public,Negative,3,No,High School,Near,Female,67,Normal,0.8,989.88,360,2.12
18,74,High,Medium,No,8,75,High,Yes,1,High,High,Public,Positive,3,No,Postgraduate,Moderate,Male,68,Normal,1.8,749.96,148,2.22
22,71,Medium,Medium,Yes,8,56,Low,Yes,0,Medium,High,Public,Neutral,2,No,Postgraduate,Near,Male,65,High_Risk,1.8,684.41,71,2.44
17,81,Low,Medium,Yes,9,77,Medium,Yes,3,Low,Medium,Public,Neutral,4,No,College,Far,Male,66,Normal,2.8,467.48,324,2.3
12,71,Medium,High,Yes,8,78,Low,Yes,2,Medium,Medium,Public,Negative,2,No,Postgraduate,Near,Female,64,High_Risk,1.8,519.97,213,1.78
13,85,High,High,Yes,7,61,High,Yes,3,Medium,High,Public,Positive,2,No,High School,Moderate,Female,69,Normal,0.8,991.13,340,2.38
24,98,Medium,Low,Yes,9,99,High,Yes,2,Low,High,Public,Neutral,2,No,Postgraduate,Far,Female,73,Normal,2.8,848.54,294,2.8
13,90,Medium,High,No,4,99,High,Yes,1,High,Medium,Public,Neutral,4,Yes,College,Moderate,Male,69,Normal,3.8,338.68,180,3.0
18,91,High,Medium,No,8,86,High,Yes,1,Medium,Medium,Public,Neutral,4,Yes,High School,Moderate,Male,69,Normal,1.8,859.95,182,2.22
18,90,High,Medium,Yes,5,52,Low,Yes,5,Medium,Medium,Private,Positive,3,Yes,High School,Moderate,Male,68,Normal,2.8,334.27,540,4.67
18,64,Medium,Medium,Yes,8,90,Medium,Yes,1,Low,Medium,Public,Neutral,3,No,High School,Near,Male,63,High_Risk,1.8,899.95,128,2.22
15,86,Medium,High,Yes,8,97,Medium,Yes,4,High,Medium,Public,Positive,3,No,High School,Near,Male,71,Normal,1.8,808.29,430,2.56
22,84,Medium,Medium,Yes,8,90,Medium,Yes,2,Medium,Medium,Public,Positive,2,No,College,Near,Female,70,Normal,1.8,1099.94,252,2.89
27,68,Low,High,No,4,56,Medium,Yes,0,Low,High,Public,Neutral,1,No,Unknown,Near,Female,64,High_Risk,3.8,397.88,68,5.4
21,84,Medium,Medium,Yes,6,52,Low,Yes,1,Medium,High,Public,Neutral,2,Yes,College,Far,Female,65,High_Risk,1.8,606.63,168,3.29
14,80,Low,Medium,Yes,8,93,Medium,Yes,3,Low,High,Private,Positive,4,No,High School,Near,Female,67,Normal,1.8,723.29,320,2.22
23,96,Medium,High,Yes,5,86,Medium,Yes,3,Medium,High,Public,Neutral,3,Yes,Unknown,Near,Male,74,Normal,2.8,706.4,384,4.83
31,76,Medium,High,Yes,9,91,Medium,Yes,1,Low,Medium,Private,Neutral,4,No,Postgraduate,Near,Male,72,Normal,2.8,1007.46,152,3.3
19,77,High,Medium,Yes,6,54,Low,Yes,3,High,Medium,Private,Negative,2,No,College,Moderate,Male,66,Normal,1.8,569.97,308,3.57
30,73,High,Low,No,4,60,Medium,Yes,0,Low,Low,Private,Positive,4,No,High School,Moderate,Female,66,Normal,3.8,473.67,73,6.0
27,63,Medium,Medium,Yes,6,86,Medium,Yes,1,Medium,Medium,Public,Positive,4,No,Postgraduate,Near,Female,68,Normal,1.8,1289.93,126,4.14
23,86,Low,Medium,Yes,4,100,Medium,Yes,0,Low,High,Public,Negative,3,No,Postgraduate,Near,Male,69,Normal,3.8,605.25,86,4.6
17,77,Medium,Medium,Yes,6,67,Low,Yes,1,Low,Medium,Public,Positive,1,No,College,Near,Male,64,High_Risk,1.8,632.74,154,2.71
19,82,Low,High,No,8,95,Medium,Yes,2,Low,High,Public,Neutral,4,Yes,Postgraduate,Moderate,Female,68,Normal,1.8,1002.72,246,2.56
17,94,Medium,High,No,6,80,High,Yes,0,Medium,Low,Private,Neutral,1,No,College,Near,Male,69,Normal,1.8,755.51,94,2.43
18,71,Low,Low,No,7,80,Medium,Yes,1,Medium,Low,Public,Neutral,4,No,Postgraduate,Moderate,Female,63,High_Risk,0.8,1799.78,142,2.5
24,72,Low,High,Yes,5,73,Low,Yes,2,Medium,High,Public,Positive,2,No,High School,Near,Male,67,Normal,2.8,625.69,216,4.67
25,76,High,High,Yes,6,57,Low,No,0,Medium,Medium,Public,Positive,3,No,Postgraduate,Moderate,Male,68,Normal,1.8,791.62,76,3.57
11,69,Medium,Medium,No,5,93,Medium,Yes,0,Medium,High,Public,Negative,4,No,College,Near,Male,63,High_Risk,2.8,365.34,69,1.83
24,63,Medium,Low,Yes,6,57,Medium,Yes,1,Low,High,Private,Neutral,5,No,College,Near,Female,64,High_Risk,1.8,759.96,126,3.71
10,72,Medium,Low,No,7,89,Medium,Yes,3,Medium,Medium,Public,Negative,4,No,College,Near,Female,63,High_Risk,0.8,1112.36,288,2.0
30,64,Medium,Medium,No,7,86,Low,Yes,1,Medium,Medium,Private,Positive,3,No,Postgraduate,Far,Female,66,Normal,0.8,3224.6,128,4.0
22,71,Medium,Medium,Yes,8,60,Low,Yes,1,Medium,High,Public,Neutral,4,No,High School,Moderate,Female,65,High_Risk,1.8,733.29,142,2.67
16,63,Medium,High,Yes,6,73,Medium,Yes,0,Medium,Medium,Public,Neutral,4,No,College,Near,Male,63,High_Risk,1.8,648.85,63,2.29
16,61,High,Medium,Yes,7,82,Medium,Yes,2,Low,Medium,Public,Negative,3,No,High School,Near,Female,63,High_Risk,0.8,1639.8,183,2.5
29,96,Medium,Medium,Yes,9,55,Low,No,0,Medium,Medium,Public,Neutral,2,No,Postgraduate,Far,Female,70,Normal,2.8,569.62,96,2.9
26,83,Medium,Medium,No,4,97,Low,Yes,2,Low,High,Public,Negative,4,No,College,Moderate,Male,70,Normal,3.8,663.67,249,6.0
14,69,High,Medium,Yes,4,71,Medium,Yes,1,Medium,Medium,Public,Positive,4,No,High School,Unknown,Female,64,High_Risk,3.8,261.57,138,3.2
26,89,Medium,Low,Yes,7,92,Medium,Yes,2,Low,High,Public,Positive,2,No,Postgraduate,Moderate,Male,72,Normal,0.8,2989.63,267,3.75
26,65,Medium,Medium,Yes,10,84,Medium,Yes,1,Low,High,Public,Positive,4,No,Postgraduate,Near,Male,68,Normal,3.8,574.72,130,2.55
26,77,High,Medium,Yes,5,90,Medium,Yes,1,Medium,Medium,Private,Neutral,2,No,High School,Far,Female,68,Normal,2.8,835.68,154,4.67
25,96,Low,High,Yes,6,69,Low,Yes,3,High,Medium,Public,Positive,2,No,Postgraduate,Near,Male,74,Normal,1.8,958.28,384,4.43
18,87,Low,Low,No,8,79,High,Yes,1,Low,High,Public,Negative,4,No,College,Near,Male,82,Normal,1.8,789.96,174,2.22
17,87,Medium,Medium,No,7,96,Medium,Yes,1,High,Medium,Public,Negative,5,No,Postgraduate,Near,Female,70,Normal,0.8,2039.75,174,2.38
28,95,High,Medium,No,9,67,Low,Yes,2,Medium,Medium,Public,Neutral,3,No,High School,Near,Male,73,Normal,2.8,669.98,285,3.2
16,76,High,High,Yes,6,55,Medium,No,1,Low,Unknown,Public,Positive,1,No,Postgraduate,Unknown,Male,65,High_Risk,1.8,488.86,152,2.57
25,69,High,Low,Yes,5,68,Medium,Yes,2,High,High,Public,Positive,4,No,College,Far,Male,68,Normal,2.8,607.12,207,4.83
14,83,Medium,Medium,Yes,10,80,Medium,Yes,1,Medium,High,Private,Neutral,3,Yes,College,Near,Female,66,Normal,3.8,294.73,166,1.45
23,91,Low,Medium,No,9,77,High,Yes,1,Low,Medium,Public,Positive,5,No,High School,Near,Male,70,Normal,2.8,632.48,182,2.5
33,78,Low,Low,No,7,86,Medium,Yes,1,Low,High,Public,Positive,4,No,High School,Near,Male,69,Normal,0.8,3547.06,156,4.38
30,96,Medium,Low,Yes,4,74,High,No,0,Low,Low,Public,Negative,3,No,High School,Moderate,Male,69,Normal,3.8,584.2,96,6.0
24,62,High,Medium,Yes,5,90,Low,Yes,0,High,Medium,Private,Positive,3,No,College,Near,Male,67,Normal,2.8,771.4,62,4.0
15,94,High,Medium,Yes,8,52,Low,Yes,1,Medium,Medium,Private,Positive,2,No,College,Far,Female,67,Normal,1.8,433.31,188,1.89
19,91,Medium,Low,No,6,58,High,Yes,2,Low,High,Public,Positive,3,No,College,Moderate,Male,68,Normal,1.8,612.19,273,3.29
15,95,Low,Medium,Yes,7,99,Low,Yes,0,High,High,Public,Neutral,2,No,High School,Near,Female,68,Normal,0.8,1856.02,95,1.88
13,96,Medium,Medium,No,10,51,Medium,Yes,1,Low,Low,Public,Positive,3,No,Postgraduate,Near,Female,67,Normal,3.8,174.47,192,1.36
26,76,Medium,Medium,No,7,59,Low,Yes,0,Medium,Medium,Public,Neutral,1,Yes,Postgraduate,Near,Male,65,High_Risk,0.8,1917.26,76,3.25
24,90,Medium,Medium,Yes,6,97,Low,Yes,1,High,High,Public,Positive,4,No,High School,Near,Male,72,Normal,1.8,1293.26,180,3.71
22,99,High,High,Yes,7,51,Medium,Yes,2,High,High,Public,Negative,4,Yes,High School,Moderate,Male,72,Normal,0.8,1402.32,297,3.25
27,80,Medium,Low,Yes,9,80,Medium,Yes,0,High,Medium,Public,Neutral,2,Yes,High School,Moderate,Male,66,Normal,2.8,771.4,80,2.7
18,94,Medium,Medium,Yes,4,71,Medium,Yes,3,High,Low,Public,Positive,3,No,College,Near,Female,71,Normal,3.8,336.31,376,4.8
15,86,High,Medium,Yes,8,77,Medium,Yes,0,Medium,Medium,Public,Positive,3,No,Postgraduate,Near,Male,69,Normal,1.8,641.63,86,1.67
23,86,High,Medium,No,7,54,Low,Yes,2,Medium,Medium,Public,Negative,2,Yes,High School,Near,Female,67,Normal,0.8,1552.31,258,3.38
16,81,Medium,High,Yes,5,85,High,No,2,Low,Medium,Public,Positive,3,No,College,Near,Male,68,Normal,2.8,485.7,243,3.33
17,61,Medium,High,Yes,7,58,Low,Yes,2,Low,Medium,Public,Positive,3,Yes,High School,Near,Female,61,High_Risk,0.8,1232.35,183,2.62
29,74,High,Medium,Yes,7,57,Medium,No,3,Medium,Medium,Private,Positive,2,No,High School,Moderate,Male,68,Normal,0.8,2065.99,296,4.38
20,73,Medium,Low,Yes,8,93,High,Yes,1,Low,High,Public,Negative,4,No,High School,Far,Male,65,High_Risk,1.8,1033.28,146,2.44
18,64,Medium,High,Yes,5,76,Low,Yes,1,Low,Medium,Public,Positive,4,No,High School,Moderate,Male,64,High_Risk,2.8,488.55,128,3.33
21,83,High,Medium,No,6,78,Medium,Yes,2,High,High,Public,Positive,3,Yes,High School,Near,Female,69,Normal,1.8,909.95,249,3.57
13,82,Medium,High,No,8,56,Low,Yes,2,Low,High,Private,Neutral,3,No,Postgraduate,Near,Male,66,Normal,1.8,404.42,246,1.89
22,93,High,Medium,No,8,77,Medium,Yes,0,High,Medium,Public,Neutral,1,No,High School,Unknown,Female,70,Normal,1.8,941.06,93,2.44
21,79,High,Low,Yes,7,98,High,Yes,2,Low,Medium,Public,Positive,1,No,High School,Near,Male,69,Normal,0.8,2572.18,237,3.12
19,79,Medium,Medium,No,8,92,High,Yes,1,Medium,High,Public,Positive,2,No,High School,Near,Male,68,Normal,1.8,971.06,158,2.33
10,81,Medium,High,No,8,63,Medium,Yes,1,Low,Low,Public,Neutral,2,No,Unknown,Near,Male,64,High_Risk,1.8,349.98,162,1.33
16,92,Medium,High,Yes,5,85,Low,Yes,1,Low,Medium,Public,Neutral,2,No,High School,Moderate,Male,68,Normal,2.8,485.7,184,3.0
24,80,Low,High,Yes,9,83,Medium,Yes,1,Low,Low,Public,Negative,1,No,High School,Near,Male,67,Normal,2.8,711.4,160,2.6
17,86,Medium,High,No,7,98,Medium,Yes,2,Low,High,Public,Positive,5,No,Postgraduate,Moderate,Male,71,Normal,0.8,2082.24,258,2.62
8,82,High,Low,No,4,59,Medium,Yes,1,Medium,Medium,Public,Neutral,2,No,College,Near,Male,62,High_Risk,3.8,124.21,164,2.0
21,88,High,Low,No,7,86,Medium,Yes,1,Low,Medium,Private,Positive,2,No,High School,Moderate,Male,68,Normal,0.8,2257.22,176,2.88
20,98,Medium,Medium,Yes,6,64,Medium,Yes,1,High,High,Private,Positive,3,No,Postgraduate,Moderate,Male,72,Normal,1.8,711.07,196,3.14
17,98,High,High,No,9,94,Low,Yes,0,High,Low,Public,Negative,3,No,College,Near,Male,71,Normal,2.8,570.69,98,1.7
13,64,Medium,Low,Yes,6,77,Medium,Yes,0,Low,High,Public,Neutral,4,No,High School,Near,Male,60,High_Risk,1.8,556.08,64,1.86
21,78,Medium,Medium,No,4,72,Medium,Yes,1,Medium,High,Public,Neutral,4,No,Postgraduate,Near,Male,68,Normal,3.8,397.88,156,4.6
18,81,Medium,Medium,No,8,65,Low,Yes,2,Low,Medium,Public,Neutral,4,No,Postgraduate,Near,Male,66,Normal,1.8,649.96,243,2.44
14,87,Medium,Medium,No,6,76,Medium,Yes,1,Low,Medium,Private,Positive,4,No,College,Far,Female,66,Normal,1.8,591.08,174,2.29
32,83,Medium,Medium,Yes,6,92,Low,Yes,1,High,Medium,Public,Neutral,3,No,High School,Near,Male,72,Normal,1.8,1635.46,166,4.86
10,96,Medium,Medium,No,4,99,Medium,Yes,1,Medium,Medium,Private,Negative,5,No,College,Near,Female,68,Normal,3.8,260.52,192,2.4
19,97,High,Low,Yes,8,64,Medium,Yes,2,Low,High,Public,Positive,3,No,High School,Near,Male,71,Normal,1.8,675.52,291,2.56
17,87,Medium,Medium,No,6,99,Medium,Yes,2,Low,Medium,Private,Neutral,2,No,Postgraduate,Near,Male,69,Normal,1.8,934.95,261,3.0
19,92,Medium,Medium,Yes,6,65,Medium,Yes,3,Medium,High,Public,Neutral,4,No,College,Near,Female,70,Normal,1.8,686.07,368,3.57
19,68,Medium,Low,Yes,8,75,Low,Yes,1,Medium,Medium,Private,Neutral,4,No,Postgraduate,Near,Male,64,High_Risk,1.8,791.62,136,2.33
29,96,Medium,High,Yes,8,95,Medium,Yes,0,High,Medium,Private,Positive,2,No,High School,Near,Female,75,Normal,1.8,1530.47,96,3.22
20,61,Medium,High,No,9,81,Medium,Yes,0,High,High,Public,Neutral,2,Yes,High School,Near,Male,63,High_Risk,2.8,578.55,61,2.0
14,79,Medium,Low,Yes,5,60,Medium,Yes,3,Low,Medium,Public,Negative,5,No,High School,Near,Male,64,High_Risk,2.8,299.99,316,3.33
17,97,Medium,Medium,Yes,8,61,Low,Yes,2,Low,Medium,Public,Neutral,2,No,High School,Near,Male,68,Normal,1.8,576.08,291,2.33
21,72,High,Medium,No,7,60,Low,Yes,0,Low,Medium,Private,Neutral,4,No,Postgraduate,Near,Male,65,High_Risk,0.8,1574.8,72,2.62
25,70,Medium,Medium,No,7,85,Medium,Yes,1,Medium,Medium,Public,Negative,4,No,High School,Near,Male,66,Normal,0.8,2655.92,140,3.38
28,65,Medium,Medium,Yes,4,64,Medium,Yes,6,Medium,High,Public,Neutral,3,No,Postgraduate,Near,Male,70,Normal,3.8,471.57,455,8.0
23,73,Low,High,No,5,60,High,Yes,1,Medium,Medium,Private,Positive,2,No,Postgraduate,Near,Female,67,Normal,2.8,492.84,146,4.17
18,69,High,Medium,Yes,7,100,Medium,Yes,3,Medium,High,Public,Negative,2,No,High School,Near,Male,67,Normal,0.8,2249.72,276,3.0
15,67,Medium,Medium,Yes,7,86,High,Yes,1,High,Medium,Private,Positive,3,No,Postgraduate,Near,Male,66,Normal,0.8,1612.3,134,2.12
18,89,High,Low,Yes,7,52,Medium,Yes,1,High,High,Public,Positive,3,No,Postgraduate,Near,Female,69,Normal,0.8,1169.85,178,2.5
21,69,Medium,Medium,Yes,9,80,High,Yes,2,Medium,High,Public,Positive,5,No,College,Near,Male,68,Normal,2.8,599.98,207,2.5
15,87,Low,Medium,No,4,54,Medium,Yes,1,Medium,Medium,Public,Neutral,6,No,Unknown,Moderate,Male,65,High_Risk,3.8,213.15,174,3.4
15,83,Medium,Medium,No,7,97,Medium,Yes,2,Low,High,Private,Neutral,2,No,High School,Near,Female,97,Normal,0.8,1818.52,249,2.38
22,94,Low,Medium,Yes,7,75,High,Yes,2,High,Medium,Public,Neutral,2,No,College,Near,Female,71,Normal,0.8,2062.24,282,3.25
10,92,Low,High,Yes,6,51,Low,Yes,1,Medium,Medium,Private,Neutral,3,No,High School,Near,Female,65,High_Risk,1.8,283.32,184,1.71
20,75,Medium,Medium,No,8,63,Medium,Yes,4,Medium,Low,Public,Neutral,3,No,Postgraduate,Near,Male,67,Normal,1.8,699.96,375,3.11
15,63,Medium,Medium,Yes,6,86,Low,Yes,4,High,Medium,Public,Positive,5,No,High School,Near,Male,65,High_Risk,1.8,716.63,315,3.29
17,89,Medium,Medium,Yes,6,82,Medium,Yes,3,Medium,Medium,Private,Positive,3,No,College,Near,Female,70,Normal,1.8,774.4,356,3.29
21,63,Medium,Medium,Yes,6,64,Low,Yes,1,High,High,Public,Negative,3,No,High School,Near,Male,63,High_Risk,1.8,746.63,126,3.29
12,96,High,High,Yes,5,84,Low,Yes,3,High,Medium,Public,Positive,4,No,Postgraduate,Near,Female,73,Normal,2.8,359.99,384,3.0
23,90,Medium,High,No,5,53,Medium,Yes,2,Medium,High,Private,Positive,2,No,High School,Near,Female,70,Normal,2.8,435.34,270,4.5
23,87,Low,Medium,No,8,88,High,Yes,2,Medium,High,Public,Neutral,3,No,High School,Near,Male,70,Normal,1.8,1124.38,261,3.0
21,60,Medium,Medium,Yes,6,71,Low,Yes,0,Medium,Low,Public,Negative,4,Yes,High School,Far,Male,59,High_Risk,1.8,828.29,60,3.0
21,93,Medium,Low,Yes,7,80,Medium,Yes,3,High,Medium,Public,Neutral,1,No,High School,Moderate,Male,70,Normal,0.8,2099.74,372,3.38
19,66,Medium,Low,No,7,58,Medium,Yes,5,Medium,Low,Public,Positive,4,No,College,Moderate,Female,64,High_Risk,0.8,1377.33,396,3.62
24,89,Low,Medium,No,5,58,Medium,Yes,3,High,Unknown,Public,Positive,3,No,High School,Near,Female,69,Normal,2.8,497.13,356,5.0
7,99,Low,High,Yes,7,67,Low,No,1,High,High,Private,Neutral,4,No,High School,Near,Female,66,Normal,0.8,586.18,198,1.12
28,83,Medium,Medium,Yes,7,76,Medium,Yes,1,Medium,Medium,Public,Positive,3,No,College,Near,Male,71,Normal,0.8,2659.67,166,3.75
12,65,Medium,Medium,No,8,57,Medium,Yes,1,High,High,Private,Positive,5,Yes,High School,Near,Female,61,High_Risk,1.8,379.98,130,1.56
23,91,Medium,High,Yes,7,75,Low,Yes,2,Low,High,Public,Negative,2,No,High School,Far,Male,69,Normal,0.8,2155.98,273,3.38
19,65,Medium,High,Yes,9,60,Low,Yes,1,Low,Medium,Public,Neutral,3,No,Postgraduate,Moderate,Male,63,High_Risk,2.8,407.13,130,2.1
21,68,Medium,Low,No,8,100,Low,Yes,0,Medium,Medium,Public,Positive,4,No,High School,Far,Male,63,High_Risk,1.8,1166.6,68,2.33
21,95,High,Medium,Yes,7,81,Medium,Yes,0,Medium,Medium,Public,Neutral,3,No,High School,Near,Male,71,Normal,0.8,2125.98,95,2.62
24,80,Medium,High,No,6,66,High,Yes,1,Medium,Medium,Public,Neutral,3,No,College,Moderate,Male,69,Normal,1.8,879.95,160,3.71
17,81,Medium,High,No,7,80,High,Yes,1,Low,Medium,Public,Negative,3,No,Postgraduate,Near,Female,67,Normal,0.8,1699.79,162,2.38
28,77,High,Medium,No,6,85,High,Yes,0,Low,Medium,Public,Negative,1,No,Postgraduate,Near,Female,69,Normal,1.8,1322.15,77,4.0
24,60,Medium,Medium,Yes,8,99,Medium,Yes,2,Low,Low,Public,Neutral,1,No,High School,Moderate,Male,64,High_Risk,1.8,1319.93,180,3.11
26,68,High,Low,Yes,10,70,Medium,Yes,1,Low,Medium,Public,Positive,3,No,College,Near,Male,67,Normal,3.8,478.93,136,2.55
5,65,Low,High,No,7,71,Medium,Yes,0,Low,Medium,Private,Negative,2,No,College,Far,Male,56,High_Risk,0.8,443.69,65,0.62
17,93,Medium,Medium,Yes,9,64,Medium,Yes,1,Medium,Medium,Public,Neutral,3,No,High School,Moderate,Female,67,Normal,2.8,388.56,186,1.9
13,82,Medium,Medium,Yes,7,88,Medium,Yes,0,Low,Medium,Public,Neutral,2,No,High School,Near,Female,65,High_Risk,0.8,1429.82,82,1.62
24,70,High,High,No,6,63,Low,No,0,Low,Medium,Public,Neutral,3,No,High School,Near,Male,65,High_Risk,1.8,839.95,70,3.43
17,97,Medium,High,Yes,6,87,Low,Yes,2,Low,High,Private,Neutral,2,No,High School,Near,Male,71,Normal,1.8,821.62,291,3.0
20,97,Low,Medium,Yes,9,83,High,Yes,3,Medium,High,Public,Positive,3,No,Postgraduate,Near,Female,73,Normal,2.8,592.84,388,2.6
21,73,High,Medium,No,7,98,High,Yes,0,High,High,Public,Positive,4,Yes,Postgraduate,Near,Male,69,Normal,0.8,2572.18,73,2.62
22,65,Medium,Low,Yes,7,88,Low,No,2,Medium,Medium,Public,Positive,4,No,College,Near,Male,64,High_Risk,0.8,2419.7,195,3.25
22,67,Low,Medium,No,7,86,Low,Yes,1,Low,Medium,Public,Positive,3,No,High School,Moderate,Female,63,High_Risk,0.8,2364.7,134,3.0
7,74,Medium,Medium,Yes,6,66,Low,Yes,1,Low,High,Private,Positive,2,No,High School,Near,Female,61,High_Risk,1.8,256.65,148,1.29
20,84,High,Medium,Yes,8,68,Medium,Yes,0,Low,Medium,Private,Positive,4,No,Postgraduate,Near,Male,69,Normal,1.8,755.51,84,2.22
16,68,Medium,High,Yes,8,71,Medium,Yes,1,High,High,Private,Neutral,3,No,High School,Moderate,Male,65,High_Risk,1.8,631.08,136,2.0
23,72,Medium,Medium,Yes,8,64,Low,Yes,1,Low,Medium,Public,Neutral,4,No,Postgraduate,Near,Female,66,Normal,1.8,817.73,144,2.78
7,88,High,High,Yes,6,71,Medium,Yes,0,Low,Medium,Public,Positive,3,No,High School,Moderate,Female,65,High_Risk,1.8,276.1,88,1.0
24,81,Medium,Medium,Yes,6,85,Medium,No,1,Medium,High,Public,Neutral,4,No,College,Moderate,Male,68,Normal,1.8,1133.27,162,3.71
23,85,Low,High,Yes,8,60,High,Yes,2,Medium,Medium,Public,Positive,1,Yes,College,Moderate,Female,68,Normal,1.8,766.62,255,3.0
25,94,High,High,No,5,71,Low,Yes,4,Medium,High,Public,Negative,4,No,College,Near,Female,74,Normal,2.8,633.91,470,5.5
26,68,Medium,High,No,6,98,Low,Yes,2,Medium,Medium,Private,Neutral,3,No,College,Far,Female,67,Normal,1.8,1415.48,204,4.29
28,99,Medium,Medium,Yes,6,88,Medium,Yes,3,Low,Medium,Public,Positive,4,No,High School,Near,Female,75,Normal,1.8,1368.81,396,4.86
22,62,High,Medium,Yes,9,69,Low,Yes,1,High,Low,Private,Negative,3,No,College,Near,Male,64,High_Risk,2.8,542.12,124,2.4
25,99,Medium,Medium,No,8,83,Medium,Yes,1,Medium,Medium,Public,Neutral,2,No,College,Near,Female,72,Normal,1.8,1152.71,198,3.0
18,66,Medium,Medium,Yes,7,90,Medium,Yes,0,Medium,Medium,Public,Negative,4,No,Postgraduate,Near,Male,64,High_Risk,0.8,2024.75,66,2.25
27,70,Low,Low,Yes,7,88,Medium,No,1,High,Medium,Public,Neutral,3,No,High School,Near,Male,65,High_Risk,0.8,2969.63,140,3.62
21,91,Medium,High,Yes,9,92,Medium,Yes,5,Low,Medium,Private,Negative,2,No,High School,Near,Male,72,Normal,2.8,689.98,546,3.1
25,76,Medium,High,Yes,4,78,Medium,Yes,2,Medium,Medium,Private,Negative,3,No,High School,Moderate,Female,68,Normal,3.8,513.14,228,5.8
20,85,High,Low,Yes,9,80,Medium,Yes,3,Low,Medium,Private,Neutral,3,No,Postgraduate,Moderate,Male,69,Normal,2.8,571.41,340,2.6
25,67,High,Medium,No,9,93,High,Yes,2,Low,High,Public,Positive,3,Yes,High School,Near,Female,68,Normal,2.8,830.33,201,2.9
15,79,High,Medium,Yes,4,80,Medium,Yes,1,High,Medium,Private,Negative,4,No,High School,Far,Male,66,Normal,3.8,315.78,158,3.4
21,94,Medium,Medium,No,7,73,Low,Yes,2,Low,Medium,Private,Positive,3,No,Postgraduate,Near,Female,71,Normal,0.8,1916.01,282,3.12
14,91,Medium,Medium,Yes,8,93,Medium,Yes,0,Medium,Medium,Public,Neutral,3,No,High School,Moderate,Male,67,Normal,1.8,723.29,91,1.56
24,63,High,Medium,No,8,59,Low,Yes,1,Low,Medium,Public,Neutral,3,Yes,High School,Near,Male,62,High_Risk,1.8,786.62,126,2.89
27,67,Low,Medium,Yes,6,90,Medium,Yes,2,High,High,Private,Neutral,3,No,High School,Moderate,Male,67,Normal,1.8,1349.93,201,4.43
21,93,Medium,High,Yes,6,67,High,Yes,1,Medium,High,Public,Positive,3,No,Postgraduate,Near,Female,73,Normal,1.8,781.62,186,3.29
23,97,Medium,High,Yes,6,80,Low,Yes,1,Low,Low,Public,Negative,2,No,College,Moderate,Male,70,Normal,1.8,1022.17,194,3.57
12,85,Medium,Medium,Yes,6,78,High,Yes,3,Medium,Medium,Public,Neutral,4,No,College,Near,Male,68,Normal,1.8,519.97,340,2.57
23,87,Medium,High,No,5,59,Medium,Yes,1,High,Low,Public,Neutral,4,No,College,Near,Male,70,Normal,2.8,484.63,174,4.17
9,71,Low,High,Yes,7,89,Medium,Yes,0,Low,Medium,Public,Negative,2,No,High School,Near,Male,61,High_Risk,0.8,1001.12,71,1.12
16,69,Medium,Medium,Yes,5,68,Medium,Yes,0,Medium,High,Public,Neutral,4,No,College,Moderate,Male,63,High_Risk,2.8,388.56,69,2.67
16,85,Low,High,Yes,8,86,Low,Yes,2,High,Medium,Private,Neutral,4,No,High School,Near,Female,68,Normal,1.8,764.4,255,2.22
23,64,High,Medium,Yes,5,80,Low,Yes,3,Medium,High,Public,Negative,2,Yes,College,Moderate,Female,65,High_Risk,2.8,657.12,256,4.83
22,91,High,Medium,No,6,85,Low,Yes,2,Medium,Medium,Private,Positive,2,No,High School,Moderate,Female,71,Normal,1.8,1038.83,273,3.71
24,100,High,High,Yes,6,86,Low,Yes,2,Medium,Medium,Private,Positive,5,No,High School,Near,Male,75,Normal,1.8,1146.6,300,4.0
25,95,Low,Medium,No,7,78,Medium,Yes,7,Low,Medium,Public,Positive,4,No,High School,Near,Male,73,Normal,0.8,2437.2,760,4.88
28,73,High,Medium,Yes,7,70,Low,No,0,Low,Medium,Private,Negative,6,No,College,Moderate,Female,66,Normal,0.8,2449.69,73,3.5
23,94,Medium,Low,Yes,8,62,Medium,Yes,2,Low,Medium,Public,Positive,0,No,Postgraduate,Moderate,Female,69,Normal,1.8,792.18,282,3.0
20,97,High,High,Yes,7,97,Low,Yes,2,Medium,High,Private,Neutral,4,No,High School,Moderate,Female,74,Normal,0.8,2424.7,291,3.0
25,87,Medium,High,No,4,76,Low,Yes,1,Low,High,Public,Positive,4,No,College,Far,Male,70,Normal,3.8,499.99,174,5.4
19,65,Low,High,No,9,58,Low,Yes,3,Medium,Medium,Public,Negative,4,No,High School,Moderate,Female,62,High_Risk,2.8,393.56,260,2.5
23,92,Medium,High,No,9,52,High,Yes,1,High,Medium,Private,Positive,2,No,High School,Near,Female,71,Normal,2.8,427.13,184,2.5
25,82,High,Low,No,8,68,Medium,Yes,1,Low,High,Public,Neutral,3,No,College,Near,Male,68,Normal,1.8,944.39,164,3.0
27,64,Low,Medium,Yes,5,70,Medium,Yes,0,Low,High,Public,Positive,4,No,High School,Near,Female,65,High_Risk,2.8,674.98,64,4.5
26,80,Medium,Medium,No,4,91,Low,Yes,1,Low,Medium,Private,Neutral,3,No,High School,Far,Male,67,Normal,3.8,622.62,160,5.6
20,74,Medium,High,Yes,9,60,Medium,No,1,Low,Medium,Public,Positive,3,No,High School,Moderate,Female,64,High_Risk,2.8,428.56,148,2.2
28,87,High,Medium,Yes,4,62,High,Yes,2,Low,High,Public,Positive,4,No,High School,Near,Female,73,Normal,3.8,456.83,261,6.4
18,77,Medium,Low,No,6,66,High,Yes,3,Medium,High,Public,Positive,3,No,College,Moderate,Male,66,Normal,1.8,659.96,308,3.43
18,76,Medium,High,No,5,56,Medium,Yes,1,Low,Low,Public,Negative,2,No,College,Moderate,Male,63,High_Risk,2.8,359.99,152,3.33
17,83,High,Medium,No,7,70,Low,Yes,3,Low,Medium,Private,Neutral,5,No,Postgraduate,Near,Female,68,Normal,0.8,1487.31,332,2.88
15,87,High,Low,Yes,4,80,High,Yes,0,Low,Medium,Private,Positive,3,No,College,Near,Male,67,Normal,3.8,315.78,87,3.0
28,61,Low,Medium,Yes,7,80,Low,Yes,2,Medium,Medium,Public,Positive,4,No,Postgraduate,Near,Female,67,Normal,0.8,2799.65,183,4.0
23,61,High,Low,Yes,6,73,Medium,Yes,1,Medium,Medium,Public,Positive,3,No,College,Near,Male,65,High_Risk,1.8,932.73,122,3.57
9,65,Medium,Medium,No,4,88,Low,Yes,1,Low,Medium,Public,Positive,3,No,College,Near,Male,61,High_Risk,3.8,208.42,130,2.2
9,90,High,High,Yes,7,79,Low,Yes,4,High,High,Public,Positive,4,No,High School,Unknown,Male,70,Normal,0.8,888.64,450,2.12
23,77,Medium,Medium,Yes,5,72,Medium,Yes,2,High,High,Public,Negative,5,No,College,Moderate,Female,69,Normal,2.8,591.41,231,4.5
19,85,High,Medium,No,7,59,Low,Yes,0,Medium,High,Private,Negative,4,No,College,Moderate,Male,67,Normal,0.8,1401.07,85,2.38
23,78,High,High,Yes,6,60,Medium,Yes,2,High,High,Public,Positive,4,No,High School,Far,Male,70,Normal,1.8,766.62,234,3.86
24,78,High,Low,Yes,9,94,Low,Yes,0,Low,High,Public,Neutral,4,No,High School,Moderate,Female,67,Normal,2.8,805.69,78,2.4
19,65,Medium,High,Yes,7,68,Low,Yes,1,Low,Low,Public,Neutral,4,No,College,Near,Female,63,High_Risk,0.8,1614.8,130,2.62
21,69,Medium,Medium,Yes,6,85,Medium,Yes,3,Low,Low,Public,Neutral,1,No,College,Far,Female,64,High_Risk,1.8,991.61,276,3.86
16,68,Medium,High,No,7,83,High,Yes,2,Low,High,Public,Positive,2,No,High School,Near,Female,65,High_Risk,0.8,1659.79,204,2.5
4,100,High,Low,No,8,71,Low,Yes,2,Low,Medium,Private,Negative,4,No,High School,Moderate,Female,64,High_Risk,1.8,157.77,300,0.89
15,71,High,Medium,No,6,69,High,No,3,Medium,High,Public,Positive,3,No,Postgraduate,Moderate,Female,66,Normal,1.8,574.97,284,3.0
18,63,High,Low,No,6,94,Medium,Yes,2,Medium,High,Public,Neutral,2,Yes,High School,Near,Male,63,High_Risk,1.8,939.95,189,3.14
13,70,High,High,Yes,8,75,High,Yes,1,High,Medium,Public,Positive,2,Yes,Postgraduate,Moderate,Male,66,Normal,1.8,541.64,140,1.67
26,86,Medium,Low,Yes,7,65,Medium,Yes,2,High,High,Private,Neutral,4,No,Postgraduate,Moderate,Male,71,Normal,0.8,2112.24,258,3.75
16,66,Low,Medium,Yes,8,87,High,Yes,3,Medium,Medium,Public,Positive,2,No,High School,Moderate,Female,64,High_Risk,1.8,773.29,264,2.44
10,85,High,Medium,Yes,8,64,Low,Yes,2,High,Medium,Public,Neutral,3,No,Postgraduate,Near,Female,67,Normal,1.8,355.54,255,1.56
19,75,Medium,Low,No,6,64,High,Yes,2,Low,Medium,Public,Neutral,3,No,High School,Near,Female,64,High_Risk,1.8,675.52,225,3.29
11,94,Medium,Medium,No,9,66,Medium,No,2,Low,High,Private,Positive,2,No,High School,Moderate,Male,65,High_Risk,2.8,259.28,282,1.5
16,92,Medium,Medium,Yes,7,66,High,Yes,2,Medium,Medium,Public,Positive,4,No,Postgraduate,Moderate,Female,70,Normal,0.8,1319.84,276,2.5
23,65,High,Medium,Yes,9,74,Medium,Yes,2,Medium,High,Private,Neutral,3,No,College,Moderate,Male,67,Normal,2.8,607.84,195,2.7
18,84,Medium,Low,Yes,6,50,Medium,Yes,4,High,High,Private,Negative,3,No,Postgraduate,Near,Male,68,Normal,1.8,499.97,420,3.71
33,74,Medium,Medium,Yes,6,88,Medium,Yes,2,Medium,Medium,Private,Neutral,3,No,College,Near,Male,71,Normal,1.8,1613.24,222,5.29
17,91,Medium,Medium,No,6,66,High,Yes,1,High,Medium,Private,Positive,3,No,High School,Near,Male,69,Normal,1.8,623.3,182,2.71
23,89,High,High,No,6,87,Medium,Yes,4,Medium,High,Private,Neutral,3,No,College,Near,Female,74,Normal,1.8,1111.6,445,4.43
22,60,Low,Low,No,7,83,Medium,No,3,Medium,Medium,Public,Positive,1,No,College,Near,Female,62,High_Risk,0.8,2282.21,240,3.5
17,99,Medium,Medium,No,5,67,Low,Yes,2,Medium,Medium,Private,Neutral,4,No,Postgraduate,Far,Male,69,Normal,2.8,406.77,297,3.5
22,93,High,Medium,No,9,79,Medium,Yes,2,Medium,High,Public,Positive,2,No,Postgraduate,Near,Female,73,Normal,2.8,620.69,279,2.6
16,61,Low,Medium,Yes,4,51,Low,Yes,1,Low,Medium,Public,Neutral,3,No,High School,Near,Male,59,High_Risk,3.8,214.73,122,3.6
13,85,High,Medium,No,6,89,Medium,Yes,0,High,Medium,Private,Neutral,1,Yes,High School,Near,Male,65,High_Risk,1.8,642.74,85,1.86
19,92,Medium,Medium,Yes,7,90,Medium,Yes,1,Low,High,Public,Positive,2,No,High School,Near,Female,70,Normal,0.8,2137.23,184,2.62
15,86,High,High,Yes,10,68,Medium,Yes,0,High,Medium,Public,Neutral,5,No,College,Near,Male,69,Normal,3.8,268.41,86,1.36
20,75,Medium,Medium,No,7,78,Medium,Yes,0,Low,Medium,Public,Negative,2,No,College,Near,Female,64,High_Risk,0.8,1949.76,75,2.5
24,79,Low,High,Yes,5,88,Medium,Yes,0,Medium,Medium,Public,Neutral,3,No,High School,Moderate,Female,67,Normal,2.8,754.26,79,4.0
13,77,High,High,No,7,58,Medium,Yes,2,Low,Medium,Public,Positive,3,No,High School,Near,Male,66,Normal,0.8,942.38,231,2.12
23,68,Medium,Medium,Yes,9,55,Medium,Yes,0,Low,Medium,Public,Positive,3,No,College,Moderate,Male,64,High_Risk,2.8,451.77,68,2.3
11,60,Medium,High,No,7,59,High,Yes,2,Low,Medium,Public,Positive,1,No,College,Moderate,Male,60,High_Risk,0.8,811.15,180,1.88
17,77,Medium,Medium,Yes,6,54,Low,Yes,3,Low,Medium,Public,Neutral,4,No,High School,Moderate,Male,64,High_Risk,1.8,509.97,308,3.29
30,61,High,High,No,10,64,Low,Yes,4,Medium,Medium,Public,Positive,2,No,Postgraduate,Moderate,Male,69,Normal,3.8,505.25,305,3.45
22,91,High,Medium,Yes,8,76,Low,Yes,2,Medium,Medium,Public,Neutral,3,No,College,Moderate,Female,71,Normal,1.8,928.84,273,2.89
11,97,Medium,Medium,No,7,91,Medium,Yes,1,Medium,Medium,Public,Positive,4,No,High School,Near,Male,69,Normal,0.8,1251.09,194,1.62
21,90,Medium,Medium,Yes,6,99,Low,Yes,2,Low,High,Public,Positive,2,No,Unknown,Moderate,Male,71,Normal,1.8,1154.94,270,3.57
15,62,Medium,High,No,8,70,Medium,Yes,1,Low,Medium,Private,Positive,3,No,College,Near,Male,62,High_Risk,1.8,583.3,124,1.89
20,94,Low,Medium,Yes,6,99,Medium,Yes,0,Medium,Medium,Public,Negative,4,No,College,Near,Female,70,Normal,1.8,1099.94,94,2.86
23,88,Medium,Medium,No,6,82,Medium,Yes,0,Medium,Medium,Private,Negative,3,No,College,Near,Male,69,Normal,1.8,1047.72,88,3.29
17,61,High,Medium,Yes,7,55,High,Yes,1,Medium,Medium,Private,Negative,2,Yes,College,Near,Male,62,High_Risk,0.8,1168.6,122,2.38
22,67,Medium,Medium,Yes,7,59,High,Yes,2,Low,High,Public,Positive,3,No,Postgraduate,Near,Male,67,Normal,0.8,1622.3,201,3.25
6,66,High,Medium,Yes,7,62,Low,Yes,2,Low,Medium,Public,Neutral,4,No,Postgraduate,Near,Male,61,High_Risk,0.8,464.94,198,1.25
21,90,Medium,High,Yes,8,74,Medium,Yes,4,Low,Medium,Private,Neutral,3,No,High School,Near,Male,71,Normal,1.8,863.29,450,3.22
17,96,Medium,Medium,Yes,6,54,Medium,Yes,1,Medium,Medium,Private,Positive,4,No,High School,Near,Male,69,Normal,1.8,509.97,192,2.71
26,83,High,Low,No,6,52,Medium,Yes,0,Low,High,Public,Negative,3,No,High School,Near,Male,67,Normal,1.8,751.07,83,3.71
21,84,High,High,No,4,90,Medium,Yes,2,Medium,Low,Public,Neutral,3,No,High School,Far,Male,69,Normal,3.8,497.36,252,5.0
14,82,Medium,Medium,Yes,4,67,Medium,Yes,1,High,Medium,Public,Neutral,4,No,High School,Moderate,Female,65,High_Risk,3.8,246.84,164,3.2
33,87,Medium,High,No,8,77,Low,Yes,0,Low,Medium,Private,Positive,3,Yes,High School,Near,Male,71,Normal,1.8,1411.59,87,3.67
20,74,Medium,High,No,8,89,Low,Yes,1,Medium,Medium,Public,Negative,2,No,College,Moderate,Female,66,Normal,1.8,988.83,148,2.44
26,80,Medium,High,Yes,6,81,Medium,Yes,0,Medium,Medium,Public,Neutral,2,No,College,Near,Female,70,Normal,1.8,1169.94,80,3.71
29,95,High,Medium,No,9,70,Medium,No,1,Low,Medium,Private,Positive,2,No,Postgraduate,Near,Female,73,Normal,2.8,724.97,190,3.1
30,85,Medium,Medium,Yes,6,96,Low,Yes,1,Medium,Medium,Private,Neutral,4,No,High School,Near,Female,72,Normal,1.8,1599.91,170,4.57
21,79,High,Medium,No,4,64,Low,Yes,0,Low,High,Public,Negative,4,No,College,Moderate,Male,66,Normal,3.8,353.67,79,4.2
26,93,High,Low,No,6,94,Medium,Yes,6,High,Medium,Private,Negative,4,No,High School,Near,Female,74,Normal,1.8,1357.7,651,5.43
18,100,High,Low,No,9,76,Low,Yes,1,Low,Medium,Public,Positive,2,No,High School,Near,Female,69,Normal,2.8,488.55,200,2.0
23,67,Low,Medium,No,6,88,Medium,Yes,2,Medium,Medium,Private,Neutral,4,No,High School,Near,Male,65,High_Risk,1.8,1124.38,201,3.86
27,81,Medium,Medium,No,8,78,Medium,Yes,0,Medium,Medium,Public,Positive,3,No,High School,Moderate,Male,68,Normal,1.8,1169.94,81,3.0
20,95,Medium,Medium,Yes,6,74,Medium,Yes,1,High,Low,Public,Positive,4,No,High School,Far,Female,70,Normal,1.8,822.18,190,3.14
20,79,Medium,Low,Yes,8,55,Low,Yes,3,Low,Medium,Private,Positive,4,No,High School,Near,Female,66,Normal,1.8,611.08,316,2.89
10,100,Low,Medium,No,5,93,Low,Yes,2,Medium,Low,Public,Neutral,1,No,High School,Far,Female,65,High_Risk,2.8,332.13,300,2.33
25,92,Low,High,Yes,9,72,Medium,Yes,1,Low,Medium,Public,Negative,5,No,Postgraduate,Far,Female,70,Normal,2.8,642.83,184,2.7
20,91,Medium,Medium,Yes,7,93,High,Yes,1,Low,Medium,Public,Negative,3,No,Postgraduate,Moderate,Male,70,Normal,0.8,2324.71,182,2.75
9,65,Medium,High,Yes,9,67,Medium,Yes,1,High,Medium,Public,Neutral,3,No,High School,Near,Female,62,High_Risk,2.8,215.35,130,1.1
18,75,Medium,Medium,Yes,7,66,High,Yes,1,High,High,Public,Positive,4,No,High School,Near,Male,67,Normal,0.8,1484.81,150,2.5
29,97,High,Medium,No,7,86,Medium,Yes,0,Medium,Medium,Public,Positive,3,No,College,Near,Female,74,Normal,0.8,3117.11,97,3.62
34,78,Medium,High,Yes,8,68,Medium,Yes,1,Medium,Medium,Public,Negative,2,No,College,Near,Male,71,Normal,1.8,1284.37,156,4.0
24,75,Medium,Low,No,9,95,High,Yes,0,Medium,High,Public,Positive,2,No,College,Near,Male,68,Normal,2.8,814.26,75,2.4
19,67,Medium,Medium,No,7,91,Medium,Yes,1,Low,High,Public,Neutral,3,No,High School,Near,Female,65,High_Risk,0.8,2160.98,134,2.62
31,92,Medium,Medium,Yes,4,76,Medium,Yes,2,Medium,High,Public,Positive,4,Yes,High School,Far,Male,72,Normal,3.8,619.98,276,7.0
15,98,Medium,Medium,Yes,9,72,Medium,Yes,1,Low,High,Public,Neutral,2,No,College,Near,Female,69,Normal,2.8,385.7,196,1.7
12,80,Low,Low,No,9,71,High,Yes,1,Low,Low,Private,Positive,3,Yes,High School,Moderate,Female,60,High_Risk,2.8,304.27,160,1.4
19,85,Low,Low,Yes,8,98,Medium,Yes,2,Medium,Low,Private,Neutral,4,No,High School,Near,Female,67,Normal,1.8,1034.39,255,2.56
24,70,Medium,High,No,6,54,Low,Yes,1,High,Medium,Public,Neutral,1,No,High School,Moderate,Female,64,High_Risk,1.8,719.96,140,3.71
22,71,High,Medium,Yes,8,63,Medium,Yes,2,Medium,High,Public,Negative,2,No,High School,Moderate,Male,66,Normal,1.8,769.96,213,2.89
27,87,High,Medium,No,6,54,Medium,Yes,0,Medium,Medium,Private,Positive,2,No,High School,Near,Female,70,Normal,1.8,809.96,87,3.86
12,93,High,High,Yes,6,50,Low,Yes,4,High,High,Public,Positive,3,No,Postgraduate,Moderate,Male,71,Normal,1.8,333.31,465,2.86
24,77,Medium,Medium,Yes,6,64,Medium,Yes,2,High,Medium,Public,Positive,4,No,High School,Near,Male,69,Normal,1.8,853.29,231,4.0
15,67,Medium,Medium,No,4,74,Medium,Yes,0,Low,Medium,Public,Negative,3,No,College,Moderate,Male,61,High_Risk,3.8,292.1,67,3.0
39,92,Medium,Medium,No,9,73,Medium,Yes,1,Medium,Medium,Public,Negative,4,No,Postgraduate,Moderate,Male,75,Normal,2.8,1016.75,184,4.1
25,61,Medium,High,Yes,8,65,Low,Yes,3,Low,Low,Public,Neutral,3,No,College,Near,Female,65,High_Risk,1.8,902.73,244,3.44
20,66,Medium,Medium,Yes,7,94,Low,Yes,0,Medium,Low,Public,Neutral,4,No,High School,Moderate,Female,63,High_Risk,0.8,2349.71,66,2.5
12,73,High,Medium,No,5,60,Medium,Yes,1,Low,Medium,Public,Negative,4,No,High School,Moderate,Male,62,High_Risk,2.8,257.13,146,2.33
29,89,Medium,Low,Yes,8,89,Low,Yes,1,Medium,High,Private,Neutral,4,No,High School,Moderate,Male,71,Normal,1.8,1433.81,178,3.44
20,66,Low,Medium,Yes,6,83,Medium,Yes,2,Low,Medium,Private,Neutral,3,No,College,Near,Male,64,High_Risk,1.8,922.17,198,3.43
24,90,Medium,Low,Yes,9,52,Low,Yes,0,Low,Medium,Public,Negative,3,Yes,College,Near,Female,65,High_Risk,2.8,445.7,90,2.4
24,93,Medium,High,No,4,56,Low,Yes,4,Low,High,Public,Negative,2,No,Postgraduate,Moderate,Female,71,Normal,3.8,353.67,465,6.4
19,74,High,High,No,8,93,High,Yes,1,Medium,Medium,Public,Negative,3,No,High School,Near,Male,68,Normal,1.8,981.61,148,2.33
13,73,Medium,High,Yes,7,60,High,Yes,0,High,High,Public,Neutral,3,No,College,Near,Female,65,High_Risk,0.8,974.88,73,1.62
22,90,Medium,Low,Yes,6,72,Medium,Yes,0,Low,Medium,Public,Neutral,4,No,College,Near,Male,68,Normal,1.8,879.95,90,3.14
9,90,Medium,Medium,Yes,8,65,Medium,Yes,0,Medium,Medium,Private,Neutral,5,No,High School,Far,Male,64,High_Risk,1.8,324.98,90,1.0
24,95,High,Medium,No,7,66,Low,Yes,2,High,High,Public,Negative,3,No,High School,Near,Male,71,Normal,0.8,1979.75,285,3.5
21,75,Medium,Low,Yes,8,75,High,Yes,1,Medium,Medium,Private,Negative,2,No,High School,Moderate,Male,65,High_Risk,1.8,874.95,150,2.56
16,82,Medium,Medium,No,6,91,Medium,Yes,0,Low,Medium,Public,Positive,3,No,High School,Near,Female,66,Normal,1.8,808.84,82,2.29
20,62,High,Low,No,8,94,High,Yes,1,Medium,Medium,Public,Positive,3,No,High School,Near,Female,65,High_Risk,1.8,1044.39,124,2.44
18,91,Medium,Medium,No,5,52,Medium,Yes,2,Medium,Medium,Public,Negative,4,No,High School,Moderate,Female,66,Normal,2.8,334.27,273,3.67
11,73,Medium,High,No,5,58,Medium,No,0,Medium,Medium,Private,Positive,4,No,College,Near,Male,62,High_Risk,2.8,227.85,73,1.83
27,95,High,Medium,No,7,52,High,Yes,3,Medium,High,Private,Negative,3,No,College,Moderate,Female,73,Normal,0.8,1754.78,380,4.12
22,63,Low,Low,No,8,83,Medium,Yes,3,Medium,Medium,Private,Negative,1,No,College,Near,Male,63,High_Risk,1.8,1014.39,252,3.11
39,90,High,High,No,8,92,High,Yes,2,Medium,High,Private,Neutral,1,No,High School,Near,Female,78,Normal,1.8,1993.22,270,4.78
16,95,Low,Medium,Yes,6,69,Low,Yes,2,Low,High,Public,Neutral,3,Yes,College,Near,Male,67,Normal,1.8,613.3,285,2.86
21,87,Low,Medium,Yes,6,66,Medium,Yes,1,Low,Low,Public,Negative,2,No,High School,Moderate,Female,65,High_Risk,1.8,769.96,174,3.29
20,83,Medium,Medium,No,6,51,Medium,Yes,2,Low,High,Public,Negative,4,No,Postgraduate,Near,Male,67,Normal,1.8,566.64,249,3.43
24,98,Medium,Low,No,9,53,Medium,Yes,3,High,Low,Private,Negative,2,No,Postgraduate,Far,Male,69,Normal,2.8,454.27,392,3.0
19,73,High,Medium,No,6,52,Medium,Yes,1,Medium,Medium,Public,Positive,3,No,High School,Near,Male,65,High_Risk,1.8,548.86,146,3.0
18,91,Low,Medium,Yes,5,60,Low,Yes,0,High,High,Private,Positive,4,No,High School,Moderate,Male,67,Normal,2.8,385.7,91,3.0
37,69,Medium,High,Yes,9,87,Medium,No,1,Low,Medium,Public,Negative,2,No,College,Far,Female,68,Normal,2.8,1149.6,138,3.9
15,68,High,Medium,No,8,70,Medium,Yes,3,Medium,High,Public,Negative,3,No,High School,Near,Female,64,High_Risk,1.8,583.3,272,2.33
28,69,High,High,Yes,7,54,Low,No,1,Low,Medium,Public,Neutral,2,No,College,Far,Male,65,High_Risk,0.8,1889.76,138,3.75
21,63,Low,High,Yes,8,95,Medium,Yes,2,High,Medium,Public,Neutral,5,No,High School,Near,Male,66,Normal,1.8,1108.27,189,2.78
20,84,High,High,No,6,61,Medium,Yes,3,Medium,Medium,Private,Neutral,2,No,High School,Near,Male,69,Normal,1.8,677.74,336,3.71
17,71,Low,High,Yes,6,78,Low,Yes,0,Medium,Medium,Public,Positive,4,No,College,Near,Female,64,High_Risk,1.8,736.63,71,2.43
15,60,High,Medium,No,7,63,Low,Yes,0,Low,High,Public,Positive,1,Yes,High School,Far,Female,58,High_Risk,0.8,1181.1,60,1.88
18,88,High,High,No,8,78,Medium,Yes,0,Medium,Medium,Public,Neutral,2,No,College,Moderate,Male,69,Normal,1.8,779.96,88,2.0
20,64,Medium,High,No,8,82,Medium,Yes,3,Medium,Low,Public,Negative,3,No,High School,Moderate,Female,64,High_Risk,1.8,911.06,256,2.89
16,83,Low,Medium,No,5,63,Low,Yes,2,High,Medium,Private,Positive,3,Yes,High School,Moderate,Female,64,High_Risk,2.8,359.99,249,3.33
29,81,Medium,Medium,Yes,7,52,Medium,No,1,High,Medium,Public,Neutral,4,No,College,Near,Female,69,Normal,0.8,1884.76,162,3.88
13,64,High,High,Yes,7,62,Medium,Yes,1,Low,Medium,Public,Neutral,1,No,College,Moderate,Female,62,High_Risk,0.8,1007.37,128,1.88
26,64,High,Medium,Yes,7,92,Low,Yes,2,Low,High,Private,Positive,4,No,College,Moderate,Female,68,Normal,0.8,2989.63,192,3.75
36,70,Low,High,No,10,87,Medium,Yes,2,Low,Medium,Public,Positive,3,No,Unknown,Near,Male,70,Normal,3.8,824.19,210,3.64
30,85,Low,Medium,No,6,83,Medium,Yes,2,Medium,Medium,Public,Positive,3,No,College,Near,Female,71,Normal,1.8,1383.26,255,4.86
18,91,High,High,Yes,7,71,High,Yes,0,Medium,Medium,Public,Neutral,3,No,High School,Near,Male,70,Normal,0.8,1597.3,91,2.25
26,70,High,High,Yes,5,58,Medium,Yes,1,Low,Low,Private,Positive,3,No,Postgraduate,Moderate,Male,68,Normal,2.8,538.55,140,4.67
19,90,High,High,No,8,85,Medium,Yes,2,Medium,Medium,Public,Neutral,4,No,College,Near,Male,72,Normal,1.8,897.17,270,2.56
22,82,High,Low,No,9,66,Medium,Yes,1,Low,High,Private,Negative,3,No,High School,Moderate,Male,66,Normal,2.8,518.55,164,2.4
23,64,Medium,Medium,No,6,51,Medium,Yes,1,Medium,Medium,Public,Positive,5,No,College,Near,Male,64,High_Risk,1.8,651.63,128,3.57
24,92,Low,High,Yes,8,64,High,Yes,1,High,High,Private,Neutral,3,No,College,Near,Male,72,Normal,1.8,853.29,184,2.89
28,87,Medium,Medium,No,6,52,Medium,Yes,4,Low,Low,Private,Neutral,3,No,Postgraduate,Near,Female,70,Normal,1.8,808.84,435,5.14
28,61,High,Medium,No,7,76,High,Yes,1,Medium,High,Public,Positive,4,No,High School,Moderate,Male,67,Normal,0.8,2659.67,122,3.75
24,98,Medium,Medium,Yes,5,55,High,Yes,0,Medium,Medium,Public,Positive,3,No,High School,Moderate,Male,71,Normal,2.8,471.41,98,4.0
23,99,Low,Medium,Yes,7,68,Medium,Yes,0,High,High,Private,Positive,2,No,High School,Far,Male,70,Normal,0.8,1954.76,99,2.88
21,80,Medium,Low,Yes,5,61,Medium,Yes,2,High,Medium,Public,Positive,3,No,High School,Near,Male,67,Normal,2.8,457.48,240,4.17
12,74,High,Low,Yes,8,66,Low,Yes,1,Low,Medium,Public,Positive,2,No,High School,Near,Male,62,High_Risk,1.8,439.98,148,1.56
19,89,Medium,High,Yes,4,66,Low,Yes,1,Low,Medium,Public,Positive,1,No,Postgraduate,Near,Female,69,Normal,3.8,329.99,178,4.2
22,80,Medium,Medium,Yes,8,71,High,Yes,2,Low,Medium,Private,Positive,3,No,High School,Near,Female,68,Normal,1.8,867.73,240,2.89
27,88,Medium,Low,No,7,56,High,Yes,2,Low,Medium,Public,Neutral,4,No,Postgraduate,Near,Female,70,Normal,0.8,1889.76,264,3.88
20,84,Low,Low,No,7,74,Low,Yes,1,High,Medium,Public,Neutral,3,No,Postgraduate,Near,Female,66,Normal,0.8,1849.77,168,2.75
21,76,Low,Low,Yes,4,99,High,Yes,0,Low,Low,Public,Positive,3,No,College,Far,Male,65,High_Risk,3.8,547.09,76,4.2
27,76,Medium,Medium,No,9,58,Medium,Yes,1,Medium,Medium,Public,Positive,3,No,College,Near,Female,68,Normal,2.8,559.27,152,2.9
25,90,Medium,Medium,Yes,7,96,Medium,Yes,1,Medium,Medium,Public,Positive,4,No,College,Moderate,Male,72,Normal,0.8,2999.63,180,3.38
22,75,Low,Low,Yes,6,62,Medium,Yes,0,High,High,Public,Negative,3,No,Postgraduate,Near,Female,65,High_Risk,1.8,757.74,75,3.14
20,61,High,High,Yes,9,54,Medium,Yes,2,High,Medium,Private,Positive,4,No,Postgraduate,Near,Male,67,Normal,2.8,385.7,183,2.4
17,83,Low,Medium,No,6,64,Medium,Yes,1,Medium,Medium,Private,Positive,4,No,High School,Near,Female,65,High_Risk,1.8,604.41,166,2.71
20,71,Medium,Medium,Yes,5,75,Low,Yes,0,Medium,Medium,Private,Positive,4,No,High School,Near,Male,65,High_Risk,2.8,535.7,71,3.33
14,98,Low,Medium,No,7,98,Medium,No,0,Medium,High,Public,Positive,3,No,High School,Near,Male,68,Normal,0.8,1714.79,98,1.75
26,87,Medium,High,No,5,70,Low,Yes,1,Low,Medium,Private,Positive,2,No,High School,Near,Female,70,Normal,2.8,649.98,174,4.67
7,62,High,Medium,Yes,7,74,Medium,Yes,3,Medium,Medium,Public,Neutral,3,No,Postgraduate,Near,Female,62,High_Risk,0.8,647.42,248,1.62
25,77,Medium,Medium,No,10,90,Medium,Yes,1,Low,Medium,Public,Neutral,3,No,High School,Near,Male,68,Normal,3.8,592.09,154,2.45
17,83,Low,Medium,No,9,80,Medium,Yes,4,Medium,High,Public,Negative,2,No,College,Near,Female,67,Normal,2.8,485.7,415,2.5
25,82,Medium,Medium,Yes,7,99,High,Yes,3,Low,High,Public,Neutral,2,No,High School,Near,Female,71,Normal,0.8,3093.36,328,3.88
22,85,Medium,Medium,Yes,4,79,Low,Yes,1,Low,Low,Public,Positive,3,No,High School,Near,Female,68,Normal,3.8,457.36,170,4.8
24,88,Medium,Medium,Yes,6,94,Medium,Yes,0,Low,Medium,Private,Negative,2,No,Postgraduate,Moderate,Male,69,Normal,1.8,1253.26,88,3.43
21,62,High,Medium,Yes,5,84,Medium,Yes,5,Low,Medium,Public,Positive,4,No,High School,Near,Female,67,Normal,2.8,629.98,372,5.17
18,71,Medium,High,Yes,7,81,Medium,Yes,0,Medium,Medium,Public,Negative,4,No,College,Moderate,Female,65,High_Risk,0.8,1822.27,71,2.25
15,85,Medium,Medium,No,8,58,High,Yes,1,Low,Medium,Private,Negative,3,No,College,Near,Male,65,High_Risk,1.8,483.31,170,1.89
25,98,Low,Low,Yes,7,91,Medium,Yes,2,Low,Low,Public,Positive,3,No,Postgraduate,Near,Female,72,Normal,0.8,2843.39,294,3.62
20,96,Medium,Medium,No,6,71,Medium,Yes,5,Low,High,Public,Neutral,3,No,College,Near,Male,72,Normal,1.8,788.85,576,4.29
14,79,High,Medium,Yes,10,93,Medium,Yes,2,Medium,Medium,Public,Neutral,3,No,College,Near,Male,68,Normal,3.8,342.62,237,1.64
33,93,High,High,Yes,7,98,Low,Yes,0,Medium,Medium,Public,Negative,2,Yes,High School,Near,Female,74,Normal,0.8,4041.99,93,4.12
26,92,High,High,No,5,84,High,Yes,0,Medium,High,Public,Neutral,2,No,Postgraduate,Near,Male,74,Normal,2.8,779.97,92,4.33
19,72,High,Medium,Yes,5,52,Low,Yes,1,Low,Medium,Public,Positive,2,No,High School,Near,Male,64,High_Risk,2.8,352.84,144,3.5
13,99,Medium,Medium,Yes,10,77,Low,Yes,0,Medium,High,Private,Negative,3,No,College,Moderate,Female,68,Normal,3.8,263.41,99,1.18
23,87,High,High,Yes,9,96,High,Yes,1,Medium,Medium,Private,Positive,1,No,College,Near,Female,73,Normal,2.8,788.54,174,2.5
26,93,Low,Medium,No,4,69,Medium,Yes,2,Low,Medium,Public,Neutral,3,No,High School,Near,Male,70,Normal,3.8,472.09,279,6.0
19,96,Low,Medium,No,6,78,High,Yes,1,Low,Low,Public,Positive,2,No,High School,Far,Male,67,Normal,1.8,823.29,192,3.0
23,89,Low,High,No,7,81,Medium,Yes,2,Low,High,Public,Neutral,2,No,Postgraduate,Moderate,Male,70,Normal,0.8,2328.46,267,3.38
22,96,Low,High,Yes,7,99,High,Yes,4,Low,Medium,Public,Positive,4,No,College,Moderate,Male,74,Normal,0.8,2722.16,480,3.75
26,83,Medium,High,Yes,7,89,Medium,Yes,3,Low,Medium,Private,Positive,3,No,High School,Moderate,Male,72,Normal,0.8,2892.14,332,4.0
20,77,High,High,No,6,55,Medium,Yes,1,High,Low,Private,Neutral,1,No,College,Near,Male,67,Normal,1.8,611.08,154,3.14
14,80,High,Low,Yes,7,98,High,Yes,2,Low,High,Private,Negative,2,No,High School,Near,Male,66,Normal,0.8,1714.79,240,2.25
21,81,Medium,Low,Yes,7,65,High,Yes,1,Medium,Medium,Public,Positive,2,No,College,Moderate,Male,67,Normal,0.8,1706.04,162,2.88
21,78,Medium,Medium,Yes,10,55,Medium,Yes,1,High,Low,Private,Positive,2,No,College,Near,Male,67,Normal,3.8,303.94,156,2.09
13,79,Low,Low,Yes,6,58,High,Yes,2,Medium,Medium,Public,Positive,4,No,College,Moderate,Male,63,High_Risk,1.8,418.87,237,2.43
27,92,Medium,Medium,No,8,94,Medium,No,1,Low,Medium,Private,Negative,4,No,College,Near,Female,70,Normal,1.8,1409.92,184,3.22
12,62,Medium,Medium,Yes,9,66,Medium,Yes,1,Low,Medium,Private,Neutral,2,No,College,Moderate,Female,60,High_Risk,2.8,282.85,124,1.4
18,75,Medium,Medium,Yes,9,87,Low,Yes,3,Low,Medium,Public,Negative,3,No,Postgraduate,Near,Female,67,Normal,2.8,559.27,300,2.4
16,92,Low,High,Yes,8,63,Medium,Yes,2,Low,Medium,Public,Neutral,4,No,College,Moderate,Male,68,Normal,1.8,559.97,276,2.22
17,78,High,Medium,Yes,6,66,Medium,Yes,2,Low,Medium,Public,Positive,4,No,College,Moderate,Male,67,Normal,1.8,623.3,234,3.0
18,83,Low,Medium,No,8,100,Medium,Yes,1,Low,High,Private,Negative,2,No,High School,Near,Female,66,Normal,1.8,999.94,166,2.22
17,67,Low,High,Yes,9,62,High,Yes,3,Medium,Medium,Public,Positive,3,No,High School,Near,Male,65,High_Risk,2.8,376.42,268,2.3
16,83,Low,Medium,Yes,8,92,Low,Yes,2,High,High,Public,Positive,4,No,Postgraduate,Near,Female,98,Normal,1.8,817.73,249,2.22
16,94,Medium,Medium,No,9,93,Low,Yes,1,Low,Medium,Public,Negative,4,No,Postgraduate,Near,Female,68,Normal,2.8,531.41,188,1.8
21,60,High,Medium,Yes,9,62,Medium,Yes,2,Low,Medium,Public,Positive,3,No,High School,Near,Male,64,High_Risk,2.8,464.98,180,2.5
18,62,High,Medium,Yes,7,76,Medium,Yes,2,Medium,Medium,Private,Negative,3,Yes,College,Near,Female,63,High_Risk,0.8,1709.79,186,2.75
15,92,High,Low,Yes,9,67,Low,Yes,1,High,High,Public,Positive,2,No,Postgraduate,Near,Male,69,Normal,2.8,358.92,184,1.7
8,71,High,Medium,Yes,8,97,Medium,Yes,3,Medium,Medium,Private,Neutral,1,Yes,High School,Near,Female,63,High_Risk,1.8,431.09,284,1.56
19,61,High,Medium,No,10,64,Medium,Yes,3,Low,Medium,Public,Positive,3,No,High School,Moderate,Male,63,High_Risk,3.8,319.99,244,2.27
21,85,High,Medium,Yes,7,93,Medium,Yes,0,High,Medium,Public,Neutral,4,No,High School,Moderate,Male,70,Normal,0.8,2440.94,85,2.62
20,66,Low,High,Yes,4,95,High,Yes,2,High,Medium,Public,Neutral,2,No,High School,Moderate,Female,66,Normal,3.8,499.99,198,4.8
23,89,Low,High,No,10,69,Low,Yes,5,Medium,Medium,Public,Neutral,4,No,High School,Near,Male,71,Normal,3.8,417.62,534,3.0
10,91,High,High,Yes,10,51,Medium,Yes,0,Low,Medium,Public,Positive,3,No,Postgraduate,Moderate,Male,67,Normal,3.8,134.21,91,0.91
23,91,Medium,Medium,No,6,57,Low,Yes,2,Low,High,Private,Positive,2,No,High School,Near,Male,69,Normal,1.8,728.29,273,3.86
24,80,Medium,High,No,7,100,Medium,Yes,1,High,High,Public,Neutral,3,No,Postgraduate,Moderate,Male,72,Normal,0.8,2999.63,160,3.25
20,95,Low,Low,Yes,8,77,Medium,Yes,1,High,High,Public,Positive,2,No,High School,Near,Male,69,Normal,1.8,855.51,190,2.44
16,86,Medium,Low,No,7,94,Low,Yes,0,Low,Medium,Private,Positive,4,No,High School,Near,Male,66,Normal,0.8,1879.77,86,2.0
23,76,Medium,High,Yes,6,85,Low,Yes,2,Low,Medium,Public,Positive,3,Yes,High School,Far,Male,66,Normal,1.8,1086.05,228,3.86
21,62,High,High,No,8,73,Medium,Yes,2,High,Medium,Private,Negative,2,No,College,Near,Female,66,Normal,1.8,851.62,186,2.78
4,61,Low,High,Yes,6,63,Medium,Yes,4,Medium,Medium,Public,Neutral,3,No,High School,Moderate,Male,59,High_Risk,1.8,139.99,305,1.71
30,79,Medium,High,No,7,78,Medium,No,3,High,High,Private,Positive,2,No,Postgraduate,Moderate,Female,72,Normal,0.8,2924.63,316,4.5
21,82,Medium,Medium,Yes,10,60,High,Yes,3,High,High,Public,Positive,4,No,High School,Near,Female,70,Normal,3.8,331.57,328,2.45
13,85,Low,High,Yes,6,71,Medium,Yes,1,Low,Medium,Public,Positive,3,No,High School,Near,Female,66,Normal,1.8,512.75,170,2.14
30,80,High,High,No,5,80,Medium,Yes,0,Low,Medium,Private,Positive,4,No,Postgraduate,Near,Female,72,Normal,2.8,857.11,80,5.0
25,63,Low,Medium,Yes,9,54,Medium,Yes,3,Medium,Low,Public,Positive,2,No,High School,Near,Male,64,High_Risk,2.8,482.13,252,3.1
18,75,High,Medium,Yes,9,83,Medium,Yes,2,Low,Medium,Public,Positive,4,Yes,Postgraduate,Moderate,Female,67,Normal,2.8,533.55,225,2.2
13,96,Medium,Medium,No,5,69,Medium,Yes,2,Medium,Low,Public,Positive,3,No,High School,Near,Male,68,Normal,2.8,320.35,288,2.83
16,90,Medium,High,Yes,5,100,Low,Yes,1,High,Medium,Private,Negative,4,No,High School,Moderate,Male,69,Normal,2.8,571.41,180,3.0
24,62,Low,High,No,9,70,Low,Yes,2,Low,Medium,Public,Positive,2,No,College,Moderate,Female,63,High_Risk,2.8,599.98,186,2.8
20,73,High,High,No,5,70,High,Yes,1,Low,High,Public,Negative,2,No,High School,Moderate,Male,66,Normal,2.8,499.98,146,3.67
8,65,Medium,Medium,No,7,83,Low,Yes,3,Medium,Medium,Public,Negative,4,No,High School,Near,Female,60,High_Risk,0.8,829.9,260,1.75
20,95,High,Medium,Yes,8,87,Low,Yes,0,Low,Medium,Private,Positive,3,No,Postgraduate,Moderate,Female,71,Normal,1.8,966.61,95,2.22
17,66,Low,High,No,6,61,Medium,Yes,1,High,Medium,Public,Positive,6,No,Postgraduate,Near,Male,65,High_Risk,1.8,576.08,132,2.71
25,81,High,Low,Yes,9,81,Low,Yes,2,Low,Medium,Public,Neutral,3,No,High School,Near,Male,68,Normal,2.8,723.19,243,2.9
11,85,Medium,Medium,Yes,8,92,Low,Yes,2,Medium,Medium,Public,Negative,4,No,High School,Far,Female,65,High_Risk,1.8,562.19,255,1.67
14,79,High,Medium,Yes,6,59,Medium,Yes,5,Medium,High,Public,Positive,3,No,Postgraduate,Far,Male,68,Normal,1.8,458.86,474,3.43
14,87,Medium,Medium,Yes,7,55,Medium,Yes,2,Low,High,Private,Positive,4,No,Postgraduate,Near,Male,68,Normal,0.8,962.38,261,2.25
6,95,High,Medium,Yes,7,96,Medium,Yes,4,Low,Medium,Public,Neutral,2,No,High School,Moderate,Female,68,Normal,0.8,719.91,475,1.75
29,84,High,Medium,Yes,6,90,Medium,Yes,0,Medium,High,Public,Positive,3,No,Postgraduate,Far,Male,73,Normal,1.8,1449.92,84,4.14
17,93,Low,Medium,No,8,93,Low,Yes,0,Low,Medium,Public,Negative,3,No,College,Moderate,Male,66,Normal,1.8,878.28,93,1.89
23,77,High,High,Yes,7,51,Medium,Yes,1,Low,Low,Private,Positive,3,No,College,Moderate,Male,67,Normal,0.8,1466.07,154,3.12
22,95,Medium,Low,Yes,8,95,Medium,No,2,Low,High,Private,Neutral,4,No,High School,Near,Female,70,Normal,1.8,1161.05,285,2.89
24,80,Medium,Medium,Yes,7,60,Medium,Yes,1,High,High,Public,Positive,3,No,High School,Moderate,Female,68,Normal,0.8,1799.78,160,3.25
18,81,Medium,Low,Yes,10,55,Low,Yes,3,Low,Medium,Public,Negative,2,No,High School,Near,Male,64,High_Risk,3.8,260.52,324,2.18
18,78,High,Medium,Yes,7,54,Low,No,4,Low,High,Public,Neutral,4,Yes,College,Moderate,Female,65,High_Risk,0.8,1214.85,390,3.25
9,87,High,Medium,No,6,82,Medium,Yes,0,Low,Medium,Public,Negative,3,No,College,Near,Female,65,High_Risk,1.8,409.98,87,1.29
18,75,Medium,Low,Yes,7,53,Medium,Yes,0,High,High,Public,Neutral,2,No,High School,Near,Male,63,High_Risk,0.8,1192.35,75,2.25
14,84,Medium,High,Yes,6,70,High,Yes,2,High,Medium,Public,Positive,3,No,College,Near,Female,69,Normal,1.8,544.41,252,2.57
14,92,High,Low,Yes,9,56,Low,Yes,1,Medium,Medium,Public,Neutral,4,No,High School,Moderate,Female,66,Normal,2.8,279.99,184,1.6
16,60,Medium,High,Yes,8,67,Low,Yes,0,Low,Medium,Public,Neutral,3,No,High School,Near,Male,61,High_Risk,1.8,595.52,60,1.78
16,67,Medium,High,No,8,90,High,Yes,1,High,Low,Public,Neutral,4,No,High School,Near,Male,65,High_Risk,1.8,799.96,134,2.0
23,72,Low,Medium,Yes,4,66,Low,No,3,Low,Medium,Private,Positive,4,No,Postgraduate,Near,Female,66,Normal,3.8,399.46,288,5.8
22,69,Low,Medium,No,7,98,Low,Yes,0,Low,Medium,Public,Positive,2,No,Postgraduate,Moderate,Male,64,High_Risk,0.8,2694.66,69,2.75
29,63,Medium,High,Yes,8,94,Medium,Yes,0,Medium,High,Private,Positive,2,No,Postgraduate,Near,Female,69,Normal,1.8,1514.36,63,3.22
24,84,Low,Medium,Yes,6,99,Medium,Yes,1,Medium,High,Public,Positive,2,No,Postgraduate,Far,Female,70,Normal,1.8,1319.93,168,3.71
29,62,Low,High,Yes,7,53,High,Yes,0,Low,Medium,Private,Positive,3,No,College,Moderate,Female,65,High_Risk,0.8,1921.01,62,3.62
14,97,Medium,Medium,Yes,5,83,Medium,Yes,0,Low,Medium,Public,Positive,2,No,High School,Near,Female,68,Normal,2.8,414.99,97,2.33
27,96,Medium,Medium,Yes,6,71,Medium,Yes,2,Medium,Medium,Public,Neutral,2,No,College,Near,Female,73,Normal,1.8,1064.94,288,4.43
15,77,Medium,Medium,Yes,7,52,Medium,Yes,1,Medium,Medium,Public,Neutral,2,No,College,Near,Male,64,High_Risk,0.8,974.88,154,2.12
7,82,High,High,Yes,8,56,Medium,Yes,0,Low,Medium,Private,Negative,2,No,High School,Far,Male,62,High_Risk,1.8,217.77,82,0.78
23,81,High,Low,Yes,10,94,High,Yes,1,Medium,High,Public,Neutral,2,No,College,Near,Female,70,Normal,3.8,568.93,162,2.27
23,88,Medium,Low,Yes,7,52,Medium,Yes,0,Medium,Low,Public,Neutral,4,No,High School,Near,Male,67,Normal,0.8,1494.81,88,2.88
20,73,High,Medium,Yes,6,84,High,Yes,0,Medium,Medium,Public,Positive,3,No,High School,Moderate,Male,67,Normal,1.8,933.28,73,2.86
28,98,High,Medium,Yes,7,86,Medium,Yes,2,Medium,High,Private,Neutral,2,No,High School,Near,Female,75,Normal,0.8,3009.62,294,4.0
20,83,High,High,Yes,7,78,High,Yes,3,Low,Medium,Private,Neutral,2,No,College,Near,Female,71,Normal,0.8,1949.76,332,3.25
20,89,High,Medium,Yes,8,71,Medium,Yes,1,Medium,Medium,Public,Negative,1,No,Postgraduate,Far,Male,68,Normal,1.8,788.85,178,2.44
33,64,Medium,Medium,No,8,52,Low,No,3,High,Medium,Public,Positive,4,No,High School,Near,Male,67,Normal,1.8,953.28,256,4.33
22,86,Medium,Medium,Yes,9,95,Medium,Yes,4,Medium,Low,Private,Positive,2,No,College,Near,Male,71,Normal,2.8,746.4,430,3.0
21,83,Medium,Low,No,5,75,Low,Yes,1,Medium,Medium,Public,Negative,4,No,College,Near,Male,66,Normal,2.8,562.48,166,3.83
25,84,Medium,Medium,Yes,7,83,High,Yes,1,Low,Medium,Public,Positive,3,No,High School,Moderate,Male,70,Normal,0.8,2593.43,168,3.38
23,72,Low,Medium,Yes,7,84,High,Yes,0,Medium,Medium,Public,Positive,4,No,High School,Near,Male,66,Normal,0.8,2414.7,72,2.88
20,93,Medium,Medium,Yes,6,82,Low,No,1,Medium,High,Public,Positive,3,Yes,High School,Moderate,Female,68,Normal,1.8,911.06,186,3.14
17,84,Low,Medium,Yes,7,78,Low,Yes,0,High,High,Public,Neutral,5,Yes,College,Moderate,Female,65,High_Risk,0.8,1657.29,84,2.12
16,74,Low,Medium,Yes,9,86,Low,Yes,1,Low,Medium,Private,Neutral,2,No,High School,Near,Female,63,High_Risk,2.8,491.41,148,1.8
19,97,Medium,Low,Yes,10,51,High,Yes,3,Low,High,Public,Neutral,4,No,College,Far,Female,69,Normal,3.8,254.99,388,2.27
13,93,Low,Medium,No,6,96,High,Yes,2,High,Medium,Private,Negative,3,No,High School,Near,Female,68,Normal,1.8,693.29,279,2.43
20,94,Low,Medium,No,7,69,Low,Yes,0,Low,Medium,Public,Positive,3,Yes,High School,Moderate,Female,65,High_Risk,0.8,1724.78,94,2.5
19,96,Medium,Medium,No,5,64,Medium,Yes,1,Medium,Medium,Public,Neutral,3,No,High School,Near,Male,69,Normal,2.8,434.27,192,3.5
23,93,Medium,Low,Yes,9,94,High,Yes,2,Medium,Low,Private,Negative,3,No,High School,Moderate,Female,70,Normal,2.8,772.12,279,2.7
25,82,High,Medium,Yes,9,61,Low,Yes,1,High,Medium,Public,Negative,2,No,High School,Near,Male,68,Normal,2.8,544.62,164,2.7
