student_id,risk_probability,risk_tier,primary_driver,recommended_intervention,predicted_status,predicted_exam_score,exam_score,hours_studied,attendance,tutoring_sessions,previous_scores,study_efficiency_index,parental_involvement,access_to_resources,extracurricular_activities,sleep_hours,motivation_level,internet_access,family_income,teacher_quality,school_type,peer_influence,physical_activity,learning_disabilities,parental_education_level,distance_from_home,gender,risk_status,sleep_variance,attendance_tutoring_synergy,academic_engagement_ratio
ST-1213,0.98,High Risk (Tier 1),Severe Attendance Deficit,Immediate 1-on-1 Clinical Advising within 48h; Mandatory Study Hall,High_Risk,61.12,61,12,62,0,63,419.98,High,High,Yes,6,High,Yes,Low,Medium,Private,Negative,2,No,High School,Near,Male,High_Risk,1.8,62,1.71
ST-0755,0.96,High Risk (Tier 1),Severe Attendance Deficit,Immediate 1-on-1 Clinical Advising within 48h; Mandatory Study Hall,High_Risk,60.12,59,15,64,0,59,1106.11,High,Medium,No,7,Low,Yes,Low,Medium,Public,Neutral,3,Yes,High School,Near,Female,High_Risk,0.8,64,1.88
ST-0201,0.96,High Risk (Tier 1),Severe Attendance Deficit,Immediate 1-on-1 Clinical Advising within 48h; Mandatory Study Hall,High_Risk,61.57,60,12,65,2,65,974.88,Low,Medium,No,7,Medium,Yes,Medium,Medium,Public,Neutral,2,No,High School,Near,Male,High_Risk,0.8,195,2.0
ST-0917,0.96,High Risk (Tier 1),Severe Attendance Deficit,Immediate 1-on-1 Clinical Advising within 48h; Mandatory Study Hall,High_Risk,62.4,61,17,67,0,59,557.19,Medium,Medium,No,6,Medium,Yes,Medium,Medium,Public,Negative,3,No,High School,Near,Female,High_Risk,1.8,67,2.43
ST-0865,0.95,High Risk (Tier 1),Severe Attendance Deficit,Immediate 1-on-1 Clinical Advising within 48h; Mandatory Study Hall,High_Risk,61.69,61,15,64,0,82,683.3,Medium,Medium,Yes,8,Low,Yes,Low,Medium,Public,Negative,3,No,High School,Near,Male,High_Risk,1.8,64,1.67
ST-0052,0.95,High Risk (Tier 1),Severe Attendance Deficit,Immediate 1-on-1 Clinical Advising within 48h; Mandatory Study Hall,High_Risk,59.88,60,10,64,0,64,799.9,Medium,High,No,7,High,Yes,Medium,Medium,Public,Positive,4,Yes,High School,Moderate,Female,High_Risk,0.8,64,1.25
ST-1287,0.94,High Risk (Tier 1),Severe Attendance Deficit,Immediate 1-on-1 Clinical Advising within 48h; Mandatory Study Hall,High_Risk,62.1,61,9,69,1,80,899.89,Low,Medium,Yes,7,Medium,Yes,Medium,Medium,Private,Neutral,3,No,College,Moderate,Male,High_Risk,0.8,138,1.38
ST-1184,0.93,High Risk (Tier 1),Severe Attendance Deficit,Immediate 1-on-1 Clinical Advising within 48h; Mandatory Study Hall,High_Risk,61.71,61,13,69,1,70,505.53,Medium,Low,No,8,Medium,Yes,High,High,Private,Neutral,3,No,High School,Moderate,Male,High_Risk,1.8,138,1.67
ST-0497,0.93,High Risk (Tier 1),Severe Attendance Deficit,Immediate 1-on-1 Clinical Advising within 48h; Mandatory Study Hall,High_Risk,60.92,59,10,65,0,55,687.41,Low,High,No,7,Medium,Yes,Low,High,Public,Neutral,3,No,High School,Near,Female,High_Risk,0.8,65,1.25
ST-0821,0.93,High Risk (Tier 1),Severe Attendance Deficit,Immediate 1-on-1 Clinical Advising within 48h; Mandatory Study Hall,High_Risk,60.33,57,14,67,0,66,1154.86,Low,Low,Yes,7,Low,Yes,Low,Medium,Public,Neutral,4,No,High School,Far,Female,High_Risk,0.8,67,1.75
ST-1087,0.93,High Risk (Tier 1),Severe Attendance Deficit,Immediate 1-on-1 Clinical Advising within 48h; Mandatory Study Hall,High_Risk,62.64,61,16,67,1,56,319.99,Medium,Medium,Yes,5,Low,Yes,Low,Medium,Public,Negative,2,No,College,Near,Female,High_Risk,2.8,134,3.0
ST-0552,0.93,High Risk (Tier 1),Severe Attendance Deficit,Immediate 1-on-1 Clinical Advising within 48h; Mandatory Study Hall,High_Risk,62.91,62,18,65,1,63,629.97,High,Medium,Yes,6,High,Yes,Low,Medium,Public,Negative,2,No,High School,Far,Male,High_Risk,1.8,130,2.86
ST-0867,0.93,High Risk (Tier 1),Severe Attendance Deficit,Immediate 1-on-1 Clinical Advising within 48h; Mandatory Study Hall,High_Risk,61.22,61,12,67,0,57,244.28,High,Medium,Yes,9,Low,Yes,Low,Medium,Private,Positive,2,No,College,Moderate,Male,High_Risk,2.8,67,1.2
ST-0830,0.93,High Risk (Tier 1),Severe Attendance Deficit,Immediate 1-on-1 Clinical Advising within 48h; Mandatory Study Hall,High_Risk,62.0,58,11,69,0,65,397.2,Low,Medium,Yes,8,Low,Yes,Low,Medium,Public,Negative,2,No,College,Moderate,Male,High_Risk,1.8,69,1.22
ST-1268,0.92,High Risk (Tier 1),Severe Attendance Deficit,Immediate 1-on-1 Clinical Advising within 48h; Mandatory Study Hall,High_Risk,62.25,61,16,65,1,68,388.56,Medium,Low,No,9,Medium,Yes,High,Medium,Public,Neutral,3,No,High School,Moderate,Male,High_Risk,2.8,130,1.8
ST-0106,0.92,High Risk (Tier 1),Severe Attendance Deficit,Immediate 1-on-1 Clinical Advising within 48h; Mandatory Study Hall,High_Risk,60.83,59,12,67,0,58,869.89,High,Medium,No,7,Medium,Yes,High,Medium,Public,Neutral,2,Yes,High School,Far,Male,High_Risk,0.8,67,1.5
ST-1297,0.92,High Risk (Tier 1),Severe Attendance Deficit,Immediate 1-on-1 Clinical Advising within 48h; Mandatory Study Hall,High_Risk,63.58,61,13,71,1,73,338.92,Low,Low,No,9,Low,Yes,High,High,Private,Neutral,3,No,High School,Moderate,Male,High_Risk,2.8,142,1.5
ST-0304,0.92,High Risk (Tier 1),Severe Attendance Deficit,Immediate 1-on-1 Clinical Advising within 48h; Mandatory Study Hall,High_Risk,60.85,60,11,67,0,54,329.98,Medium,Medium,Yes,6,Low,Yes,Low,Medium,Public,Positive,3,No,High School,Near,Female,High_Risk,1.8,67,1.57
ST-0390,0.92,High Risk (Tier 1),Severe Attendance Deficit,Immediate 1-on-1 Clinical Advising within 48h; Mandatory Study Hall,High_Risk,60.96,59,13,64,1,88,635.52,Low,Low,No,6,Medium,Yes,Medium,Medium,Public,Neutral,2,No,College,Moderate,Female,High_Risk,1.8,128,2.14
ST-0281,0.91,High Risk (Tier 1),Severe Attendance Deficit,Immediate 1-on-1 Clinical Advising within 48h; Mandatory Study Hall,High_Risk,62.46,60,13,65,0,74,1202.35,High,Medium,No,7,Low,Yes,High,Medium,Public,Neutral,2,Yes,High School,Moderate,Male,High_Risk,0.8,65,1.62
ST-0049,0.91,High Risk (Tier 1),Severe Attendance Deficit,Immediate 1-on-1 Clinical Advising within 48h; Mandatory Study Hall,High_Risk,61.61,61,15,65,1,65,348.2,Medium,Medium,No,9,Medium,Yes,Low,Medium,Public,Neutral,2,No,College,Near,Female,High_Risk,2.8,130,1.7
ST-0894,0.91,High Risk (Tier 1),Severe Attendance Deficit,Immediate 1-on-1 Clinical Advising within 48h; Mandatory Study Hall,High_Risk,62.41,61,17,68,0,63,1338.58,Medium,Medium,Yes,7,Medium,No,Low,Medium,Public,Neutral,3,No,High School,Moderate,Male,High_Risk,0.8,68,2.12
ST-0229,0.91,High Risk (Tier 1),Severe Attendance Deficit,Immediate 1-on-1 Clinical Advising within 48h; Mandatory Study Hall,High_Risk,61.74,59,16,66,1,52,297.13,Low,Medium,Yes,9,Medium,Yes,Medium,Low,Public,Negative,3,Yes,High School,Near,Male,High_Risk,2.8,132,1.8
ST-0056,0.91,High Risk (Tier 1),Severe Attendance Deficit,Immediate 1-on-1 Clinical Advising within 48h; Mandatory Study Hall,High_Risk,62.68,61,18,69,1,54,1214.85,Medium,Low,No,7,Medium,Yes,Low,High,Public,Neutral,4,No,High School,Moderate,Male,High_Risk,0.8,138,2.5
ST-0216,0.91,High Risk (Tier 1),Severe Attendance Deficit,Immediate 1-on-1 Clinical Advising within 48h; Mandatory Study Hall,High_Risk,61.12,61,15,61,0,59,316.06,Medium,Medium,No,5,High,Yes,Low,High,Public,Neutral,4,No,High School,Near,Female,High_Risk,2.8,61,2.5
ST-0141,0.9,High Risk (Tier 1),Severe Attendance Deficit,Immediate 1-on-1 Clinical Advising within 48h; Mandatory Study Hall,High_Risk,59.58,59,13,61,2,73,1186.1,Low,Low,No,7,Low,Yes,High,Medium,Public,Positive,2,No,High School,Near,Female,High_Risk,0.8,183,2.12
ST-1161,0.9,High Risk (Tier 1),Severe Attendance Deficit,Immediate 1-on-1 Clinical Advising within 48h; Mandatory Study Hall,High_Risk,63.99,62,12,71,1,65,433.31,Medium,Medium,Yes,8,Medium,Yes,Medium,High,Private,Neutral,2,No,High School,Moderate,Male,High_Risk,1.8,142,1.56
ST-0726,0.9,High Risk (Tier 1),Severe Attendance Deficit,Immediate 1-on-1 Clinical Advising within 48h; Mandatory Study Hall,High_Risk,62.81,63,16,63,0,82,728.85,Medium,Medium,Yes,8,Medium,Yes,High,Medium,Public,Neutral,3,No,High School,Near,Male,High_Risk,1.8,63,1.78
ST-0127,0.9,High Risk (Tier 1),Insufficient Study Volume,Immediate 1-on-1 Clinical Advising within 48h; Mandatory Study Hall,High_Risk,62.07,60,8,73,0,60,599.93,Medium,Medium,No,7,Medium,No,High,Medium,Private,Neutral,3,No,High School,Near,Female,High_Risk,0.8,73,1.0
ST-1272,0.9,High Risk (Tier 1),Severe Attendance Deficit,Immediate 1-on-1 Clinical Advising within 48h; Mandatory Study Hall,High_Risk,61.6,61,14,62,2,64,319.99,Medium,Medium,No,5,Medium,Yes,Low,Medium,Public,Neutral,3,No,College,Near,Male,High_Risk,2.8,186,3.0
ST-1085,0.89,High Risk (Tier 1),Severe Attendance Deficit,Immediate 1-on-1 Clinical Advising within 48h; Mandatory Study Hall,High_Risk,63.56,60,7,62,1,90,787.4,Low,High,No,7,Medium,Yes,Medium,Low,Public,Neutral,5,No,College,Moderate,Female,High_Risk,0.8,124,1.12
ST-0350,0.89,High Risk (Tier 1),Severe Attendance Deficit,Immediate 1-on-1 Clinical Advising within 48h; Mandatory Study Hall,High_Risk,63.54,62,14,69,3,55,427.75,High,Medium,No,6,Medium,Yes,Low,Low,Private,Positive,2,No,High School,Moderate,Male,High_Risk,1.8,276,2.86
ST-0083,0.89,High Risk (Tier 1),Severe Attendance Deficit,Immediate 1-on-1 Clinical Advising within 48h; Mandatory Study Hall,High_Risk,60.99,57,7,66,0,68,264.43,High,Low,Yes,8,High,Yes,Low,Medium,Public,Negative,2,Yes,College,Moderate,Male,High_Risk,1.8,66,0.78
ST-0119,0.89,High Risk (Tier 1),Severe Attendance Deficit,Immediate 1-on-1 Clinical Advising within 48h; Mandatory Study Hall,High_Risk,60.9,59,15,64,0,84,449.98,Low,Low,Yes,9,Low,Yes,Medium,Medium,Public,Neutral,3,No,College,Far,Male,High_Risk,2.8,64,1.5
ST-0246,0.89,High Risk (Tier 1),Severe Attendance Deficit,Immediate 1-on-1 Clinical Advising within 48h; Mandatory Study Hall,High_Risk,63.29,64,17,65,1,55,333.92,High,High,No,9,Medium,Yes,Medium,Medium,Public,Positive,2,No,High School,Near,Male,High_Risk,2.8,130,1.9
ST-0938,0.89,High Risk (Tier 1),Severe Attendance Deficit,Immediate 1-on-1 Clinical Advising within 48h; Mandatory Study Hall,High_Risk,61.64,61,12,65,1,64,426.64,Low,Medium,Yes,6,Medium,Yes,Medium,Medium,Public,Positive,3,No,College,Near,Female,High_Risk,1.8,130,2.0
ST-0542,0.89,High Risk (Tier 1),Severe Attendance Deficit,Immediate 1-on-1 Clinical Advising within 48h; Mandatory Study Hall,High_Risk,60.99,61,12,64,0,74,493.31,High,Low,Yes,6,High,Yes,Medium,Medium,Public,Positive,2,No,High School,Moderate,Male,High_Risk,1.8,64,1.71
ST-0823,0.89,High Risk (Tier 1),Severe Attendance Deficit,Immediate 1-on-1 Clinical Advising within 48h; Mandatory Study Hall,High_Risk,63.02,63,14,67,1,87,434.98,High,Low,No,9,Medium,Yes,Medium,Medium,Private,Positive,3,No,High School,Near,Male,High_Risk,2.8,134,1.6
ST-0984,0.88,High Risk (Tier 1),Severe Attendance Deficit,Immediate 1-on-1 Clinical Advising within 48h; Mandatory Study Hall,High_Risk,61.39,61,13,62,2,86,621.08,Medium,Low,No,6,High,Yes,Low,Medium,Public,Neutral,4,No,High School,Near,Male,High_Risk,1.8,186,2.43
ST-0715,0.88,High Risk (Tier 1),Insufficient Study Volume,Immediate 1-on-1 Clinical Advising within 48h; Mandatory Study Hall,High_Risk,62.91,61,14,75,0,62,482.2,Medium,Low,Yes,8,Low,Yes,High,Medium,Public,Negative,2,No,High School,Moderate,Female,High_Risk,1.8,75,1.56
ST-0314,0.88,High Risk (Tier 1),Severe Attendance Deficit,Immediate 1-on-1 Clinical Advising within 48h; Mandatory Study Hall,High_Risk,62.41,62,14,67,1,82,1434.82,Medium,High,No,7,Low,Yes,Medium,Medium,Public,Neutral,3,No,High School,Far,Female,High_Risk,0.8,134,2.0
ST-0348,0.88,High Risk (Tier 1),Severe Attendance Deficit,Immediate 1-on-1 Clinical Advising within 48h; Mandatory Study Hall,High_Risk,62.38,61,16,66,2,63,559.97,Medium,Low,No,6,Low,Yes,Medium,High,Public,Neutral,3,No,College,Moderate,Male,High_Risk,1.8,198,2.86
ST-0309,0.88,High Risk (Tier 1),Severe Attendance Deficit,Immediate 1-on-1 Clinical Advising within 48h; Mandatory Study Hall,High_Risk,62.67,62,18,64,2,51,509.97,Medium,Medium,Yes,6,Medium,Yes,Low,Medium,Public,Positive,1,No,High School,Near,Female,High_Risk,1.8,192,3.14
ST-0607,0.88,High Risk (Tier 1),Severe Attendance Deficit,Immediate 1-on-1 Clinical Advising within 48h; Mandatory Study Hall,High_Risk,61.13,61,11,62,2,68,196.84,Medium,High,Yes,4,Medium,Yes,High,Medium,Public,Negative,3,No,High School,Moderate,Male,High_Risk,3.8,186,3.0
ST-0501,0.88,High Risk (Tier 1),Severe Attendance Deficit,Immediate 1-on-1 Clinical Advising within 48h; Mandatory Study Hall,High_Risk,63.92,59,7,63,1,97,242.49,Low,Medium,No,5,Medium,Yes,Low,Medium,Public,Neutral,2,No,High School,Near,Female,High_Risk,2.8,126,1.5
ST-0073,0.88,High Risk (Tier 1),Severe Attendance Deficit,Immediate 1-on-1 Clinical Advising within 48h; Mandatory Study Hall,High_Risk,63.15,62,15,71,0,60,499.97,High,High,No,8,Medium,Yes,Low,High,Private,Negative,3,No,High School,Far,Female,High_Risk,1.8,71,1.67
ST-1280,0.87,High Risk (Tier 1),Severe Attendance Deficit,Immediate 1-on-1 Clinical Advising within 48h; Mandatory Study Hall,High_Risk,60.9,61,14,60,2,50,249.99,High,Medium,No,5,Medium,Yes,Medium,Medium,Public,Neutral,3,No,College,Unknown,Female,High_Risk,2.8,180,3.0
ST-1238,0.87,High Risk (Tier 1),Severe Attendance Deficit,Immediate 1-on-1 Clinical Advising within 48h; Mandatory Study Hall,High_Risk,62.65,62,15,68,0,55,458.31,Medium,High,No,6,Medium,No,High,Medium,Private,Positive,3,No,High School,Near,Female,High_Risk,1.8,68,2.14
ST-0636,0.87,High Risk (Tier 1),Severe Attendance Deficit,Immediate 1-on-1 Clinical Advising within 48h; Mandatory Study Hall,High_Risk,60.51,59,6,65,3,62,206.66,High,High,No,6,Medium,No,Low,Low,Public,Neutral,1,No,High School,Near,Male,High_Risk,1.8,260,1.71
ST-1270,0.87,High Risk (Tier 1),Severe Attendance Deficit,Immediate 1-on-1 Clinical Advising within 48h; Mandatory Study Hall,High_Risk,63.05,62,12,70,1,93,1394.83,Medium,Medium,Yes,7,Medium,Yes,Low,High,Public,Neutral,4,No,High School,Far,Female,High_Risk,0.8,140,1.75
ST-1312,0.87,High Risk (Tier 1),Insufficient Study Volume,Immediate 1-on-1 Clinical Advising within 48h; Mandatory Study Hall,High_Risk,63.54,62,10,73,1,72,399.98,Low,High,Yes,8,Low,Yes,Low,High,Public,Positive,2,No,College,Moderate,Female,High_Risk,1.8,146,1.33
ST-0374,0.86,High Risk (Tier 1),Severe Attendance Deficit,Immediate 1-on-1 Clinical Advising within 48h; Mandatory Study Hall,High_Risk,61.3,60,16,61,0,53,471.08,High,Medium,Yes,6,Low,Yes,High,Medium,Public,Positive,4,Yes,High School,Moderate,Female,High_Risk,1.8,61,2.29
ST-0154,0.86,High Risk (Tier 1),Severe Attendance Deficit,Immediate 1-on-1 Clinical Advising within 48h; Mandatory Study Hall,High_Risk,61.89,61,17,65,2,55,333.92,Low,Low,Yes,5,Medium,Yes,Low,Medium,Public,Positive,3,No,High School,Near,Female,High_Risk,2.8,195,3.5
ST-0634,0.86,High Risk (Tier 1),Severe Attendance Deficit,Immediate 1-on-1 Clinical Advising within 48h; Mandatory Study Hall,High_Risk,61.94,63,15,65,2,55,458.31,Medium,High,Yes,6,Low,Yes,Medium,Medium,Private,Positive,3,No,High School,Near,Female,High_Risk,1.8,195,2.71
ST-0470,0.86,High Risk (Tier 1),Severe Attendance Deficit,Immediate 1-on-1 Clinical Advising within 48h; Mandatory Study Hall,High_Risk,61.22,60,17,67,0,62,1317.34,Low,Low,Yes,7,Medium,Yes,Low,Medium,Public,Positive,4,No,High School,Moderate,Female,High_Risk,0.8,67,2.12
ST-1035,0.86,High Risk (Tier 1),Severe Attendance Deficit,Immediate 1-on-1 Clinical Advising within 48h; Mandatory Study Hall,High_Risk,63.69,64,21,66,0,63,1653.54,Medium,Medium,Yes,7,Medium,Yes,High,Medium,Public,Neutral,3,No,High School,Near,Female,High_Risk,0.8,66,2.62
ST-0510,0.86,High Risk (Tier 1),Severe Attendance Deficit,Immediate 1-on-1 Clinical Advising within 48h; Mandatory Study Hall,High_Risk,62.28,61,13,61,4,85,613.85,Medium,Low,Yes,8,Medium,Yes,Low,Medium,Private,Neutral,3,No,College,Moderate,Male,High_Risk,1.8,305,2.33
ST-0171,0.86,High Risk (Tier 1),Severe Attendance Deficit,Immediate 1-on-1 Clinical Advising within 48h; Mandatory Study Hall,High_Risk,62.53,62,15,63,4,74,1387.33,High,Low,Yes,7,Medium,Yes,Low,Medium,Public,Negative,2,No,High School,Moderate,Male,High_Risk,0.8,315,2.88
ST-1026,0.86,High Risk (Tier 1),Severe Attendance Deficit,Immediate 1-on-1 Clinical Advising within 48h; Mandatory Study Hall,High_Risk,63.68,61,11,68,3,91,556.08,Medium,Medium,No,6,Low,Yes,Low,High,Public,Negative,2,No,College,Far,Female,High_Risk,1.8,272,2.43
ST-0472,0.86,High Risk (Tier 1),Severe Attendance Deficit,Immediate 1-on-1 Clinical Advising within 48h; Mandatory Study Hall,High_Risk,61.48,61,16,64,1,58,331.42,Low,Medium,Yes,9,Low,Yes,Medium,Medium,Public,Positive,3,No,College,Moderate,Female,High_Risk,2.8,128,1.8
ST-1250,0.86,High Risk (Tier 1),Severe Attendance Deficit,Immediate 1-on-1 Clinical Advising within 48h; Mandatory Study Hall,High_Risk,62.27,63,15,61,0,93,367.1,Medium,Medium,No,10,High,Yes,Medium,High,Public,Neutral,4,No,High School,Near,Male,High_Risk,3.8,61,1.36
ST-0689,0.85,High Risk (Tier 1),Severe Attendance Deficit,Immediate 1-on-1 Clinical Advising within 48h; Mandatory Study Hall,High_Risk,62.92,61,16,68,2,64,269.47,Medium,Low,Yes,10,Medium,Yes,High,Low,Public,Negative,2,No,High School,Moderate,Male,High_Risk,3.8,204,1.82
ST-0055,0.85,High Risk (Tier 1),Severe Attendance Deficit,Immediate 1-on-1 Clinical Advising within 48h; Mandatory Study Hall,High_Risk,64.03,62,16,65,2,96,548.55,Low,High,No,9,Low,Yes,Low,Medium,Public,Negative,2,No,High School,Near,Male,High_Risk,2.8,195,2.0
ST-0502,0.85,High Risk (Tier 1),Severe Attendance Deficit,Immediate 1-on-1 Clinical Advising within 48h; Mandatory Study Hall,High_Risk,63.73,62,20,70,0,73,1824.77,Low,Medium,No,7,Medium,Yes,Low,Medium,Public,Negative,5,No,High School,Near,Female,High_Risk,0.8,70,2.5
ST-0259,0.85,High Risk (Tier 1),Severe Attendance Deficit,Immediate 1-on-1 Clinical Advising within 48h; Mandatory Study Hall,High_Risk,62.28,58,3,70,0,58,217.47,Medium,Medium,Yes,7,Medium,Yes,Medium,Medium,Private,Neutral,2,No,High School,Moderate,Male,High_Risk,0.8,70,0.38
ST-1232,0.85,High Risk (Tier 1),Severe Attendance Deficit,Immediate 1-on-1 Clinical Advising within 48h; Mandatory Study Hall,High_Risk,61.88,63,11,65,2,78,1072.37,Medium,High,No,7,Medium,Yes,Low,Medium,Public,Neutral,3,No,Postgraduate,Near,Female,High_Risk,0.8,195,1.88
ST-0325,0.85,High Risk (Tier 1),Insufficient Study Volume,Immediate 1-on-1 Clinical Advising within 48h; Mandatory Study Hall,High_Risk,62.85,62,12,74,1,66,439.98,Medium,High,Yes,8,Low,Yes,Low,Medium,Public,Negative,4,No,High School,Near,Female,High_Risk,1.8,148,1.56
ST-1141,0.85,High Risk (Tier 1),Severe Attendance Deficit,Immediate 1-on-1 Clinical Advising within 48h; Mandatory Study Hall,High_Risk,63.77,63,16,64,3,70,622.19,High,Medium,Yes,8,Low,Yes,High,High,Private,Negative,3,No,High School,Far,Female,High_Risk,1.8,256,2.44
ST-0708,0.85,High Risk (Tier 1),Severe Attendance Deficit,Immediate 1-on-1 Clinical Advising within 48h; Mandatory Study Hall,High_Risk,62.04,61,21,64,0,51,594.97,Low,High,Yes,6,Low,Yes,High,Low,Public,Negative,3,No,College,Moderate,Female,High_Risk,1.8,64,3.0
ST-0409,0.85,High Risk (Tier 1),Severe Attendance Deficit,Immediate 1-on-1 Clinical Advising within 48h; Mandatory Study Hall,High_Risk,63.29,61,23,60,0,56,459.98,High,Medium,Yes,9,Low,No,Low,Medium,Private,Negative,4,No,High School,Moderate,Female,High_Risk,2.8,60,2.3
ST-0880,0.85,High Risk (Tier 1),Severe Attendance Deficit,Immediate 1-on-1 Clinical Advising within 48h; Mandatory Study Hall,High_Risk,63.52,62,24,61,0,64,404.2,Medium,Medium,No,10,Low,Yes,Low,Medium,Private,Positive,3,No,High School,Near,Female,High_Risk,3.8,61,2.18
ST-0517,0.85,High Risk (Tier 1),Severe Attendance Deficit,Immediate 1-on-1 Clinical Advising within 48h; Mandatory Study Hall,High_Risk,60.55,60,5,61,1,84,149.99,High,Medium,No,9,High,Yes,Medium,Medium,Public,Neutral,3,No,College,Near,Male,High_Risk,2.8,122,0.7
ST-0442,0.84,High Risk (Tier 1),Severe Attendance Deficit,Immediate 1-on-1 Clinical Advising within 48h; Mandatory Study Hall,High_Risk,63.03,61,17,63,0,94,887.73,Medium,Medium,No,6,Low,Yes,Medium,Medium,Public,Negative,2,No,High School,Moderate,Male,High_Risk,1.8,63,2.43
ST-0023,0.84,High Risk (Tier 1),Severe Attendance Deficit,Immediate 1-on-1 Clinical Advising within 48h; Mandatory Study Hall,High_Risk,66.14,60,10,63,3,77,202.63,Medium,High,No,4,Low,No,Low,Medium,Private,Neutral,3,No,High School,Near,Male,High_Risk,3.8,252,3.2
ST-1264,0.84,High Risk (Tier 1),Severe Attendance Deficit,Immediate 1-on-1 Clinical Advising within 48h; Mandatory Study Hall,High_Risk,63.96,64,17,65,5,61,576.08,Medium,Medium,No,6,Medium,Yes,Low,Medium,Public,Positive,4,No,High School,Near,Female,High_Risk,1.8,390,3.86
ST-1122,0.84,High Risk (Tier 1),Severe Attendance Deficit,Immediate 1-on-1 Clinical Advising within 48h; Mandatory Study Hall,High_Risk,63.82,65,18,66,2,62,398.56,High,High,No,9,Medium,Yes,High,Medium,Public,Neutral,4,No,High School,Moderate,Female,High_Risk,2.8,198,2.2
ST-0170,0.84,High Risk (Tier 1),Severe Attendance Deficit,Immediate 1-on-1 Clinical Advising within 48h; Mandatory Study Hall,High_Risk,65.58,59,7,70,0,51,198.32,Medium,Medium,Yes,6,Medium,Yes,High,Medium,Private,Neutral,1,No,High School,Moderate,Female,High_Risk,1.8,70,1.0
ST-0909,0.83,High Risk (Tier 1),Severe Attendance Deficit,Immediate 1-on-1 Clinical Advising within 48h; Mandatory Study Hall,High_Risk,66.84,61,13,60,2,77,357.49,Medium,Medium,No,9,Low,Yes,Medium,High,Private,Positive,5,Yes,High School,Near,Male,High_Risk,2.8,180,1.7
ST-0772,0.83,High Risk (Tier 1),Severe Attendance Deficit,Immediate 1-on-1 Clinical Advising within 48h; Mandatory Study Hall,High_Risk,62.05,61,20,63,0,73,811.07,Low,Low,Yes,8,Low,Yes,High,Medium,Public,Neutral,3,No,College,Near,Female,High_Risk,1.8,63,2.22
ST-0759,0.83,High Risk (Tier 1),Severe Attendance Deficit,Immediate 1-on-1 Clinical Advising within 48h; Mandatory Study Hall,High_Risk,63.29,62,19,66,2,72,759.96,Low,Medium,No,6,Medium,Yes,Low,Medium,Public,Negative,5,No,High School,Near,Male,High_Risk,1.8,198,3.29
ST-1013,0.83,High Risk (Tier 1),Insufficient Study Volume,Immediate 1-on-1 Clinical Advising within 48h; Mandatory Study Hall,High_Risk,64.06,63,10,79,1,73,405.53,High,Medium,No,8,High,No,Low,Low,Public,Neutral,4,No,High School,Near,Female,High_Risk,1.8,158,1.33
ST-0333,0.83,High Risk (Tier 1),Severe Attendance Deficit,Immediate 1-on-1 Clinical Advising within 48h; Mandatory Study Hall,High_Risk,63.98,64,22,67,1,71,867.73,Low,Medium,Yes,6,Low,Yes,Medium,High,Public,Neutral,4,No,College,Moderate,Male,High_Risk,1.8,134,3.43
ST-0134,0.83,High Risk (Tier 1),Severe Attendance Deficit,Immediate 1-on-1 Clinical Advising within 48h; Mandatory Study Hall,High_Risk,64.05,65,17,68,1,71,670.52,Medium,High,Yes,8,Medium,Yes,Medium,High,Private,Neutral,2,No,High School,Near,Male,High_Risk,1.8,136,2.11
ST-0415,0.83,High Risk (Tier 1),Severe Attendance Deficit,Immediate 1-on-1 Clinical Advising within 48h; Mandatory Study Hall,High_Risk,62.94,63,20,60,1,67,744.4,Medium,Medium,Yes,8,Low,Yes,Medium,Medium,Public,Neutral,4,No,Postgraduate,Moderate,Female,High_Risk,1.8,120,2.44
ST-0547,0.83,High Risk (Tier 1),Severe Attendance Deficit,Immediate 1-on-1 Clinical Advising within 48h; Mandatory Study Hall,High_Risk,59.71,61,14,60,3,67,334.99,Low,Low,Yes,9,Low,Yes,High,High,Public,Positive,3,No,High School,Near,Female,High_Risk,2.8,240,2.0
ST-0357,0.83,High Risk (Tier 1),Severe Attendance Deficit,Immediate 1-on-1 Clinical Advising within 48h; Mandatory Study Hall,High_Risk,64.95,63,19,67,1,82,556.41,Medium,Medium,No,5,High,Yes,Low,Low,Private,Negative,3,No,High School,Near,Male,High_Risk,2.8,134,3.5
ST-1234,0.83,High Risk (Tier 1),Severe Attendance Deficit,Immediate 1-on-1 Clinical Advising within 48h; Mandatory Study Hall,High_Risk,61.92,63,15,66,2,60,1124.86,Medium,High,Yes,7,High,Yes,High,Medium,Private,Negative,3,No,High School,Moderate,Female,High_Risk,0.8,198,2.38
ST-0270,0.82,High Risk (Tier 1),Severe Attendance Deficit,Immediate 1-on-1 Clinical Advising within 48h; Mandatory Study Hall,High_Risk,64.22,63,16,65,1,77,439.98,Medium,Medium,No,5,Medium,Yes,High,High,Public,Positive,3,No,High School,Moderate,Male,High_Risk,2.8,130,3.0
ST-0914,0.82,High Risk (Tier 1),Severe Attendance Deficit,Immediate 1-on-1 Clinical Advising within 48h; Mandatory Study Hall,High_Risk,62.47,61,10,68,1,96,533.3,Low,Medium,No,6,Low,Yes,High,Medium,Public,Neutral,3,No,College,Moderate,Male,High_Risk,1.8,136,1.71
ST-0332,0.82,High Risk (Tier 1),Severe Attendance Deficit,Immediate 1-on-1 Clinical Advising within 48h; Mandatory Study Hall,High_Risk,64.33,63,21,65,1,67,781.62,Medium,Medium,Yes,8,Medium,Yes,Low,Medium,Public,Positive,2,No,College,Moderate,Male,High_Risk,1.8,130,2.56
ST-0996,0.82,High Risk (Tier 1),Severe Attendance Deficit,Immediate 1-on-1 Clinical Advising within 48h; Mandatory Study Hall,High_Risk,63.08,63,12,70,2,53,227.13,Medium,High,No,5,Medium,Yes,Low,Medium,Private,Positive,3,No,College,Near,Male,High_Risk,2.8,210,2.67
ST-1278,0.81,High Risk (Tier 1),Insufficient Study Volume,Immediate 1-on-1 Clinical Advising within 48h; Mandatory Study Hall,High_Risk,63.97,62,13,75,1,54,184.73,Medium,High,No,10,Medium,Yes,Low,Medium,Private,Negative,3,Yes,College,Near,Male,High_Risk,3.8,150,1.36
ST-0950,0.81,High Risk (Tier 1),Severe Attendance Deficit,Immediate 1-on-1 Clinical Advising within 48h; Mandatory Study Hall,High_Risk,60.6,61,15,61,1,59,491.64,High,Low,Yes,8,Medium,Yes,Medium,Medium,Public,Neutral,2,No,Postgraduate,Moderate,Female,High_Risk,1.8,122,1.89
ST-0226,0.81,High Risk (Tier 1),Severe Attendance Deficit,Immediate 1-on-1 Clinical Advising within 48h; Mandatory Study Hall,High_Risk,63.75,62,22,63,1,63,769.96,High,Low,No,6,Low,Yes,Medium,Low,Public,Negative,2,No,Postgraduate,Moderate,Male,High_Risk,1.8,126,3.43
ST-0643,0.81,High Risk (Tier 1),Severe Attendance Deficit,Immediate 1-on-1 Clinical Advising within 48h; Mandatory Study Hall,High_Risk,61.66,62,10,64,1,96,533.3,Medium,High,No,8,Medium,Yes,Medium,Medium,Public,Neutral,3,No,High School,Moderate,Male,High_Risk,1.8,128,1.33
ST-0443,0.81,High Risk (Tier 1),Severe Attendance Deficit,Immediate 1-on-1 Clinical Advising within 48h; Mandatory Study Hall,High_Risk,63.41,60,12,61,2,92,613.3,Low,Medium,Yes,8,Medium,Yes,High,Medium,Public,Neutral,4,Yes,High School,Moderate,Male,High_Risk,1.8,183,1.78
ST-0401,0.81,High Risk (Tier 1),Severe Attendance Deficit,Immediate 1-on-1 Clinical Advising within 48h; Mandatory Study Hall,High_Risk,63.52,62,13,69,1,73,1186.1,High,High,No,7,Low,Yes,Medium,Low,Private,Positive,2,No,High School,Far,Male,High_Risk,0.8,138,1.88
ST-0408,0.81,High Risk (Tier 1),Insufficient Study Volume,Immediate 1-on-1 Clinical Advising within 48h; Mandatory Study Hall,High_Risk,62.62,61,10,73,5,58,207.14,Medium,Low,Yes,9,Low,Yes,Low,Medium,Private,Negative,3,No,High School,Moderate,Male,High_Risk,2.8,438,2.0
ST-1314,0.81,High Risk (Tier 1),Severe Attendance Deficit,Immediate 1-on-1 Clinical Advising within 48h; Mandatory Study Hall,High_Risk,62.52,61,19,62,1,60,633.3,High,Low,Yes,8,Medium,Yes,Low,Medium,Public,Positive,2,No,College,Far,Female,High_Risk,1.8,124,2.33
ST-0683,0.81,High Risk (Tier 1),Severe Attendance Deficit,Immediate 1-on-1 Clinical Advising within 48h; Mandatory Study Hall,High_Risk,62.88,65,15,61,2,86,716.63,High,Medium,Yes,6,High,Yes,High,High,Public,Neutral,3,No,High School,Near,Female,High_Risk,1.8,183,2.71
ST-0651,0.8,High Risk (Tier 1),Severe Attendance Deficit,Immediate 1-on-1 Clinical Advising within 48h; Mandatory Study Hall,High_Risk,62.91,62,14,66,1,93,464.98,Medium,Medium,Yes,5,Medium,Yes,Medium,Medium,Private,Negative,2,No,High School,Near,Male,High_Risk,2.8,132,2.67
ST-0586,0.8,High Risk (Tier 1),Severe Attendance Deficit,Immediate 1-on-1 Clinical Advising within 48h; Mandatory Study Hall,High_Risk,60.8,61,12,63,4,63,269.99,Medium,High,No,5,Low,Yes,Low,Medium,Private,Positive,2,No,High School,Moderate,Male,High_Risk,2.8,315,3.33
ST-0669,0.8,High Risk (Tier 1),Severe Attendance Deficit,Immediate 1-on-1 Clinical Advising within 48h; Mandatory Study Hall,High_Risk,62.8,59,8,67,1,77,219.99,Low,Low,No,5,Low,Yes,Medium,High,Public,Positive,2,No,College,Unknown,Male,High_Risk,2.8,134,1.67
ST-0349,0.8,High Risk (Tier 1),Lack of Tutoring Support,Immediate 1-on-1 Clinical Advising within 48h; Mandatory Study Hall,High_Risk,63.58,63,20,72,0,60,666.63,High,Low,No,8,Low,Yes,Low,Medium,Public,Neutral,5,No,High School,Near,Male,High_Risk,1.8,72,2.22
ST-0663,0.8,High Risk (Tier 1),Severe Attendance Deficit,Immediate 1-on-1 Clinical Advising within 48h; Mandatory Study Hall,High_Risk,62.7,62,15,68,0,73,608.3,High,Low,Yes,6,Medium,No,Medium,Medium,Public,Positive,3,No,College,Near,Male,High_Risk,1.8,68,2.14
ST-0862,0.8,High Risk (Tier 1),Severe Attendance Deficit,Immediate 1-on-1 Clinical Advising within 48h; Mandatory Study Hall,High_Risk,64.22,64,24,66,0,64,853.29,Medium,Medium,No,6,Medium,No,Medium,High,Public,Neutral,4,No,High School,Near,Male,High_Risk,1.8,66,3.43
ST-1249,0.8,High Risk (Tier 1),Severe Attendance Deficit,Immediate 1-on-1 Clinical Advising within 48h; Mandatory Study Hall,High_Risk,62.88,64,19,65,2,58,289.99,Low,High,No,10,Medium,Yes,Medium,High,Private,Positive,3,No,Postgraduate,Moderate,Female,High_Risk,3.8,195,2.09
ST-0797,0.79,High Risk (Tier 1),Severe Attendance Deficit,Immediate 1-on-1 Clinical Advising within 48h; Mandatory Study Hall,High_Risk,63.72,62,18,71,1,85,1912.26,Medium,Low,Yes,7,Low,Yes,Low,Low,Public,Neutral,2,No,High School,Moderate,Male,High_Risk,0.8,142,2.5
ST-0854,0.79,High Risk (Tier 1),Severe Attendance Deficit,Immediate 1-on-1 Clinical Advising within 48h; Mandatory Study Hall,High_Risk,62.73,62,17,67,2,52,315.7,Medium,Medium,Yes,5,High,Yes,Medium,Medium,Private,Negative,3,No,High School,Far,Female,High_Risk,2.8,201,3.5
ST-1168,0.79,High Risk (Tier 1),Severe Attendance Deficit,Immediate 1-on-1 Clinical Advising within 48h; Mandatory Study Hall,High_Risk,62.89,64,19,63,2,56,1329.83,Medium,High,Yes,7,Medium,Yes,Low,Medium,Private,Positive,3,No,High School,Near,Female,High_Risk,0.8,189,2.88
ST-0513,0.79,High Risk (Tier 1),Severe Attendance Deficit,Immediate 1-on-1 Clinical Advising within 48h; Mandatory Study Hall,High_Risk,62.78,63,16,60,3,70,1399.83,Medium,High,No,7,Low,Yes,High,High,Private,Negative,4,No,High School,Near,Female,High_Risk,0.8,240,2.75
ST-1293,0.79,High Risk (Tier 1),Severe Attendance Deficit,Immediate 1-on-1 Clinical Advising within 48h; Mandatory Study Hall,High_Risk,63.68,63,22,61,1,74,904.39,High,Low,Yes,6,Medium,Yes,Low,Medium,Public,Negative,3,No,High School,Near,Male,High_Risk,1.8,122,3.43
ST-0071,0.79,High Risk (Tier 1),Severe Attendance Deficit,Immediate 1-on-1 Clinical Advising within 48h; Mandatory Study Hall,High_Risk,63.53,63,18,64,1,80,799.96,Medium,Medium,No,6,Medium,Yes,Medium,Medium,Public,Positive,5,Yes,High School,Near,Male,High_Risk,1.8,128,2.86
ST-1266,0.79,High Risk (Tier 1),Insufficient Study Volume,Immediate 1-on-1 Clinical Advising within 48h; Mandatory Study Hall,High_Risk,63.9,63,12,75,1,75,499.97,Medium,Medium,Yes,8,High,Yes,Low,Medium,Private,Negative,2,No,College,Near,Female,High_Risk,1.8,150,1.56
ST-0771,0.79,High Risk (Tier 1),Severe Attendance Deficit,Immediate 1-on-1 Clinical Advising within 48h; Mandatory Study Hall,High_Risk,62.33,63,14,68,1,65,505.53,High,Medium,No,6,Medium,Yes,High,Medium,Public,Neutral,3,Yes,College,Near,Male,High_Risk,1.8,136,2.29
ST-0855,0.78,High Risk (Tier 1),Insufficient Study Volume,Immediate 1-on-1 Clinical Advising within 48h; Mandatory Study Hall,High_Risk,63.72,63,17,74,1,56,339.99,Medium,Medium,No,9,Medium,Yes,Medium,High,Private,Negative,3,No,High School,Moderate,Male,High_Risk,2.8,148,1.9
ST-0338,0.78,High Risk (Tier 1),Severe Attendance Deficit,Immediate 1-on-1 Clinical Advising within 48h; Mandatory Study Hall,High_Risk,60.98,58,4,69,2,93,132.85,Medium,Low,No,9,Low,No,Medium,High,Private,Negative,3,No,High School,Moderate,Female,High_Risk,2.8,207,0.8
ST-1086,0.78,High Risk (Tier 1),Severe Attendance Deficit,Immediate 1-on-1 Clinical Advising within 48h; Mandatory Study Hall,High_Risk,63.17,61,24,61,1,54,719.96,Medium,Medium,No,8,Medium,Yes,Low,Medium,Public,Neutral,2,Yes,Unknown,Moderate,Male,High_Risk,1.8,122,2.89
ST-0819,0.78,High Risk (Tier 1),Severe Attendance Deficit,Immediate 1-on-1 Clinical Advising within 48h; Mandatory Study Hall,High_Risk,63.49,63,15,67,0,75,624.97,Medium,Medium,No,8,Medium,Yes,High,High,Public,Negative,4,No,Postgraduate,Near,Female,High_Risk,1.8,67,1.67
ST-1318,0.78,High Risk (Tier 1),Severe Attendance Deficit,Immediate 1-on-1 Clinical Advising within 48h; Mandatory Study Hall,High_Risk,61.77,61,14,63,0,81,629.97,Medium,Medium,No,8,Low,Yes,Medium,Low,Private,Positive,5,No,High School,Near,Female,High_Risk,1.8,63,1.56
ST-0202,0.77,High Risk (Tier 1),Insufficient Study Volume,Immediate 1-on-1 Clinical Advising within 48h; Mandatory Study Hall,High_Risk,62.71,64,7,74,1,69,127.1,High,Medium,No,10,High,Yes,High,Medium,Public,Positive,4,No,High School,Near,Male,High_Risk,3.8,148,0.82
ST-0959,0.77,High Risk (Tier 1),Severe Attendance Deficit,Immediate 1-on-1 Clinical Advising within 48h; Mandatory Study Hall,High_Risk,62.01,63,14,64,0,90,699.96,High,High,Yes,6,Low,Yes,Low,High,Private,Negative,2,No,High School,Near,Female,High_Risk,1.8,64,2.0
ST-0152,0.77,High Risk (Tier 1),Severe Attendance Deficit,Immediate 1-on-1 Clinical Advising within 48h; Mandatory Study Hall,High_Risk,63.54,65,18,69,1,54,539.97,High,High,Yes,8,Low,Yes,High,High,Private,Neutral,2,No,High School,Near,Male,High_Risk,1.8,138,2.22
ST-1124,0.77,High Risk (Tier 1),Severe Attendance Deficit,Immediate 1-on-1 Clinical Advising within 48h; Mandatory Study Hall,High_Risk,64.05,64,19,70,1,63,314.99,High,High,No,4,Medium,Yes,Low,Medium,Private,Neutral,3,No,College,Far,Female,High_Risk,3.8,140,4.2
ST-0608,0.77,High Risk (Tier 1),Severe Attendance Deficit,Immediate 1-on-1 Clinical Advising within 48h; Mandatory Study Hall,High_Risk,64.39,64,16,61,2,78,328.41,Medium,High,Yes,10,Medium,Yes,Low,High,Public,Positive,2,No,College,Moderate,Female,High_Risk,3.8,183,1.82
ST-1077,0.77,High Risk (Tier 1),Severe Attendance Deficit,Immediate 1-on-1 Clinical Advising within 48h; Mandatory Study Hall,High_Risk,63.23,63,14,68,1,71,552.19,Medium,High,No,6,Low,Yes,Medium,Medium,Public,Positive,3,No,College,Moderate,Male,High_Risk,1.8,136,2.29
ST-0262,0.77,High Risk (Tier 1),Insufficient Study Volume,Immediate 1-on-1 Clinical Advising within 48h; Mandatory Study Hall,High_Risk,63.16,62,11,78,0,65,397.2,Low,High,Yes,8,Medium,Yes,Medium,Unknown,Private,Neutral,2,No,High School,Unknown,Female,High_Risk,1.8,78,1.22
ST-1185,0.76,High Risk (Tier 1),Severe Attendance Deficit,Immediate 1-on-1 Clinical Advising within 48h; Mandatory Study Hall,High_Risk,63.74,64,20,69,0,63,699.96,Medium,High,No,6,Low,Yes,Low,Medium,Public,Negative,3,No,Postgraduate,Near,Male,High_Risk,1.8,69,2.86
ST-0765,0.76,High Risk (Tier 1),Insufficient Study Volume,Immediate 1-on-1 Clinical Advising within 48h; Mandatory Study Hall,High_Risk,63.59,64,11,78,2,98,1347.33,Medium,Low,Yes,7,Low,Yes,Medium,Medium,Public,Neutral,3,No,High School,Near,Female,High_Risk,0.8,234,1.88
ST-0763,0.76,High Risk (Tier 1),Severe Attendance Deficit,Immediate 1-on-1 Clinical Advising within 48h; Mandatory Study Hall,High_Risk,63.97,63,15,70,2,73,608.3,Medium,Medium,No,6,Low,Yes,Medium,Low,Public,Positive,4,No,Unknown,Moderate,Male,High_Risk,1.8,210,2.71
ST-0144,0.76,High Risk (Tier 1),Insufficient Study Volume,Immediate 1-on-1 Clinical Advising within 48h; Mandatory Study Hall,High_Risk,63.62,62,12,77,1,85,1274.84,Low,Low,Yes,7,Medium,Yes,Medium,Medium,Public,Positive,3,No,College,Far,Male,High_Risk,0.8,154,1.75
ST-1206,0.76,High Risk (Tier 1),Severe Attendance Deficit,Immediate 1-on-1 Clinical Advising within 48h; Mandatory Study Hall,High_Risk,65.29,63,21,61,1,93,2440.94,Medium,Low,Yes,7,Low,Yes,Low,High,Private,Negative,5,No,High School,Near,Male,High_Risk,0.8,122,2.88
ST-0099,0.76,High Risk (Tier 1),Severe Attendance Deficit,Immediate 1-on-1 Clinical Advising within 48h; Mandatory Study Hall,High_Risk,64.13,62,15,71,1,50,416.64,Medium,High,No,8,Low,Yes,Medium,Medium,Public,Neutral,2,Yes,Postgraduate,Near,Female,High_Risk,1.8,142,1.89
ST-0404,0.75,High Risk (Tier 1),Insufficient Study Volume,Immediate 1-on-1 Clinical Advising within 48h; Mandatory Study Hall,High_Risk,63.72,63,12,77,2,57,379.98,Medium,Medium,Yes,8,Medium,Yes,Low,High,Public,Negative,2,No,College,Moderate,Male,High_Risk,1.8,231,1.78
ST-1307,0.75,High Risk (Tier 1),Severe Attendance Deficit,Immediate 1-on-1 Clinical Advising within 48h; Mandatory Study Hall,High_Risk,63.75,63,17,63,2,92,411.57,Medium,Medium,No,4,Medium,Yes,Low,Medium,Public,Negative,4,No,High School,Near,Female,High_Risk,3.8,189,4.2
ST-0104,0.75,High Risk (Tier 1),Insufficient Study Volume,Immediate 1-on-1 Clinical Advising within 48h; Mandatory Study Hall,High_Risk,64.35,64,17,79,1,62,585.52,Low,High,No,8,Low,Yes,Low,Medium,Public,Neutral,3,No,High School,Near,Female,High_Risk,1.8,158,2.11
ST-0733,0.75,High Risk (Tier 1),Severe Attendance Deficit,Immediate 1-on-1 Clinical Advising within 48h; Mandatory Study Hall,High_Risk,64.7,64,22,66,0,97,1185.49,Medium,Medium,Yes,6,Low,Yes,High,Low,Public,Neutral,3,No,High School,Moderate,Female,High_Risk,1.8,66,3.14
ST-0935,0.75,High Risk (Tier 1),Severe Attendance Deficit,Immediate 1-on-1 Clinical Advising within 48h; Mandatory Study Hall,High_Risk,63.3,62,13,61,4,89,642.74,Medium,Medium,Yes,8,Low,Yes,Low,Medium,Private,Neutral,4,No,High School,Far,Female,High_Risk,1.8,305,2.33
ST-0620,0.75,High Risk (Tier 1),Severe Attendance Deficit,Immediate 1-on-1 Clinical Advising within 48h; Mandatory Study Hall,High_Risk,61.07,62,11,63,3,55,756.16,High,Medium,No,7,Low,Yes,High,Medium,Private,Positive,1,No,Postgraduate,Near,Male,High_Risk,0.8,252,2.12
ST-0936,0.75,High Risk (Tier 1),Severe Attendance Deficit,Immediate 1-on-1 Clinical Advising within 48h; Mandatory Study Hall,High_Risk,63.56,63,20,65,2,71,788.85,High,Medium,Yes,8,Low,Yes,Low,Medium,Private,Neutral,3,Yes,College,Near,Female,High_Risk,1.8,195,2.67
ST-1276,0.75,High Risk (Tier 1),Severe Attendance Deficit,Immediate 1-on-1 Clinical Advising within 48h; Mandatory Study Hall,High_Risk,64.6,65,17,65,1,85,802.73,High,Medium,Yes,6,Medium,Yes,Low,Medium,Private,Neutral,3,No,Unknown,Near,Male,High_Risk,1.8,130,2.71
ST-0086,0.74,High Risk (Tier 1),Severe Attendance Deficit,Immediate 1-on-1 Clinical Advising within 48h; Mandatory Study Hall,High_Risk,62.16,61,15,69,0,52,278.56,Low,Medium,Yes,9,Medium,Yes,High,Medium,Public,Neutral,3,No,College,Near,Female,High_Risk,2.8,69,1.5
ST-0048,0.74,High Risk (Tier 1),Severe Attendance Deficit,Immediate 1-on-1 Clinical Advising within 48h; Mandatory Study Hall,High_Risk,64.16,63,22,60,1,99,2722.16,Low,Medium,No,7,Medium,Yes,Low,High,Public,Neutral,3,No,College,Moderate,Male,High_Risk,0.8,120,3.0
ST-1224,0.74,High Risk (Tier 1),Severe Attendance Deficit,Immediate 1-on-1 Clinical Advising within 48h; Mandatory Study Hall,High_Risk,64.4,65,19,65,0,87,590.34,High,Medium,Yes,9,Low,Yes,High,High,Public,Positive,2,No,College,Moderate,Male,High_Risk,2.8,65,1.9
ST-0593,0.74,High Risk (Tier 1),Severe Attendance Deficit,Immediate 1-on-1 Clinical Advising within 48h; Mandatory Study Hall,High_Risk,63.82,64,20,66,1,72,514.27,High,Low,No,9,Low,Yes,Medium,High,Public,Positive,1,No,College,Near,Female,High_Risk,2.8,132,2.2
ST-1289,0.74,High Risk (Tier 1),Severe Attendance Deficit,Immediate 1-on-1 Clinical Advising within 48h; Mandatory Study Hall,High_Risk,63.91,66,18,67,0,68,1529.81,High,High,Yes,7,Medium,Yes,Medium,Medium,Public,Positive,4,No,High School,Near,Male,Normal,0.8,67,2.25
ST-0536,0.74,High Risk (Tier 1),Severe Attendance Deficit,Immediate 1-on-1 Clinical Advising within 48h; Mandatory Study Hall,High_Risk,64.8,64,16,66,1,100,888.84,Medium,Medium,Yes,6,Medium,Yes,Medium,Medium,Public,Neutral,3,No,High School,Moderate,Female,High_Risk,1.8,132,2.57
ST-0702,0.74,High Risk (Tier 1),Severe Attendance Deficit,Immediate 1-on-1 Clinical Advising within 48h; Mandatory Study Hall,High_Risk,63.82,64,17,68,2,70,661.07,Medium,Medium,No,8,Medium,Yes,Medium,Medium,Private,Positive,4,No,High School,Near,Female,High_Risk,1.8,204,2.33
ST-0898,0.74,High Risk (Tier 1),Severe Attendance Deficit,Immediate 1-on-1 Clinical Advising within 48h; Mandatory Study Hall,High_Risk,65.27,60,7,61,1,76,140.0,Low,High,Yes,4,High,Yes,Medium,Medium,Private,Positive,5,No,High School,Far,Female,High_Risk,3.8,122,1.8
ST-0009,0.73,High Risk (Tier 1),Severe Attendance Deficit,Immediate 1-on-1 Clinical Advising within 48h; Mandatory Study Hall,High_Risk,63.79,64,21,63,1,70,386.83,Medium,Medium,No,10,Low,Yes,High,High,Private,Positive,2,No,College,Near,Female,High_Risk,3.8,126,2.09
ST-0680,0.73,High Risk (Tier 1),Severe Attendance Deficit,Immediate 1-on-1 Clinical Advising within 48h; Mandatory Study Hall,High_Risk,64.06,63,22,61,2,69,542.12,Medium,Medium,Yes,5,Low,Yes,Low,High,Public,Neutral,2,No,Unknown,Far,Female,High_Risk,2.8,183,4.33
ST-1277,0.73,High Risk (Tier 1),Insufficient Study Volume,Immediate 1-on-1 Clinical Advising within 48h; Mandatory Study Hall,High_Risk,65.06,64,16,77,1,69,290.52,Medium,Low,No,10,Medium,Yes,Medium,Medium,Private,Neutral,3,No,High School,Near,Female,High_Risk,3.8,154,1.64
ST-0781,0.73,High Risk (Tier 1),Insufficient Study Volume,Immediate 1-on-1 Clinical Advising within 48h; Mandatory Study Hall,High_Risk,63.41,63,12,72,3,54,359.98,Medium,Medium,Yes,6,Low,Yes,Low,Medium,Public,Positive,2,No,Postgraduate,Near,Male,High_Risk,1.8,288,2.57
ST-0103,0.73,High Risk (Tier 1),Insufficient Study Volume,Immediate 1-on-1 Clinical Advising within 48h; Mandatory Study Hall,High_Risk,62.6,63,8,77,0,87,386.65,High,Medium,Yes,6,Medium,Yes,Low,Medium,Public,Neutral,2,No,High School,Moderate,Male,High_Risk,1.8,77,1.14
ST-0596,0.73,High Risk (Tier 1),Insufficient Study Volume,Immediate 1-on-1 Clinical Advising within 48h; Mandatory Study Hall,High_Risk,64.22,63,11,72,2,94,574.41,Medium,Medium,Yes,6,Low,Yes,Medium,Medium,Public,Positive,3,No,High School,Moderate,Male,High_Risk,1.8,216,2.14
ST-0162,0.73,High Risk (Tier 1),Lack of Tutoring Support,Immediate 1-on-1 Clinical Advising within 48h; Mandatory Study Hall,High_Risk,63.94,63,19,75,0,65,1543.56,Medium,Medium,No,7,Low,Yes,Low,Low,Private,Neutral,4,No,High School,Near,Female,High_Risk,0.8,75,2.38
ST-0573,0.72,High Risk (Tier 1),Insufficient Study Volume,Immediate 1-on-1 Clinical Advising within 48h; Mandatory Study Hall,High_Risk,65.0,63,14,74,0,66,1154.86,Low,Medium,Yes,7,Medium,Yes,Medium,High,Private,Negative,3,No,Postgraduate,Near,Male,High_Risk,0.8,74,1.75
ST-1092,0.72,High Risk (Tier 1),Insufficient Study Volume,Immediate 1-on-1 Clinical Advising within 48h; Mandatory Study Hall,High_Risk,63.7,64,13,72,1,56,404.42,Medium,High,No,8,Low,Yes,Low,High,Public,Positive,4,No,Postgraduate,Moderate,Female,High_Risk,1.8,144,1.67
ST-0320,0.72,High Risk (Tier 1),Severe Attendance Deficit,Immediate 1-on-1 Clinical Advising within 48h; Mandatory Study Hall,High_Risk,64.28,65,20,66,0,91,1011.05,Medium,High,Yes,6,Low,Yes,Medium,High,Public,Negative,5,No,High School,Far,Male,High_Risk,1.8,66,2.86
ST-0743,0.72,High Risk (Tier 1),Severe Attendance Deficit,Immediate 1-on-1 Clinical Advising within 48h; Mandatory Study Hall,High_Risk,63.95,65,24,61,1,53,454.27,High,Medium,Yes,5,Medium,Yes,Low,High,Private,Neutral,5,No,College,Unknown,Female,High_Risk,2.8,122,4.33
ST-0638,0.72,High Risk (Tier 1),Insufficient Study Volume,Immediate 1-on-1 Clinical Advising within 48h; Mandatory Study Hall,High_Risk,64.51,63,14,78,1,62,228.42,Medium,Medium,No,4,Medium,Yes,Low,Medium,Public,Neutral,4,No,College,Unknown,Male,High_Risk,3.8,156,3.2
ST-0667,0.72,High Risk (Tier 1),Severe Attendance Deficit,Immediate 1-on-1 Clinical Advising within 48h; Mandatory Study Hall,High_Risk,61.76,63,12,68,5,52,346.65,High,Low,No,6,Low,Yes,High,High,Public,Neutral,3,No,College,Near,Male,High_Risk,1.8,408,3.14
ST-1222,0.72,High Risk (Tier 1),Severe Attendance Deficit,Immediate 1-on-1 Clinical Advising within 48h; Mandatory Study Hall,High_Risk,63.96,64,13,70,2,96,693.29,Low,Medium,Yes,6,High,Yes,Medium,Medium,Private,Negative,5,No,Postgraduate,Moderate,Male,High_Risk,1.8,210,2.43
ST-0613,0.71,High Risk (Tier 1),Severe Attendance Deficit,Immediate 1-on-1 Clinical Advising within 48h; Mandatory Study Hall,High_Risk,63.5,64,20,65,0,88,977.72,High,Medium,No,6,Medium,Yes,Medium,High,Public,Negative,4,Yes,High School,Near,Male,High_Risk,1.8,65,2.86
ST-0092,0.71,High Risk (Tier 1),Severe Attendance Deficit,Immediate 1-on-1 Clinical Advising within 48h; Mandatory Study Hall,High_Risk,65.38,63,16,71,1,73,417.13,High,Medium,Yes,5,Medium,Yes,Medium,Medium,Public,Neutral,0,Yes,High School,Near,Male,High_Risk,2.8,142,3.0
ST-0107,0.71,High Risk (Tier 1),Severe Attendance Deficit,Immediate 1-on-1 Clinical Advising within 48h; Mandatory Study Hall,High_Risk,63.18,63,11,68,2,85,519.42,Medium,High,Yes,8,High,No,Medium,Medium,Public,Negative,2,No,College,Near,Male,High_Risk,1.8,204,1.67
ST-0571,0.71,High Risk (Tier 1),Severe Attendance Deficit,Immediate 1-on-1 Clinical Advising within 48h; Mandatory Study Hall,High_Risk,63.62,62,16,62,2,90,799.96,Low,Medium,Yes,8,Low,Yes,High,Medium,Public,Neutral,2,No,Postgraduate,Far,Male,High_Risk,1.8,186,2.22
ST-0535,0.71,High Risk (Tier 1),Insufficient Study Volume,Immediate 1-on-1 Clinical Advising within 48h; Mandatory Study Hall,High_Risk,64.26,62,14,73,1,96,479.98,Medium,Low,Yes,5,Low,Yes,Low,Medium,Public,Negative,3,No,High School,Moderate,Female,High_Risk,2.8,146,2.67
ST-0721,0.71,High Risk (Tier 1),Severe Attendance Deficit,Immediate 1-on-1 Clinical Advising within 48h; Mandatory Study Hall,High_Risk,64.17,63,20,68,5,88,977.72,Low,Low,No,8,Medium,Yes,Low,Low,Private,Neutral,3,No,High School,Moderate,Male,High_Risk,1.8,408,3.33
ST-0035,0.71,High Risk (Tier 1),Severe Attendance Deficit,Immediate 1-on-1 Clinical Advising within 48h; Mandatory Study Hall,High_Risk,64.26,64,22,68,0,58,1594.8,Medium,Low,Yes,7,Medium,Yes,Medium,Medium,Public,Neutral,3,No,Postgraduate,Near,Male,High_Risk,0.8,68,2.75
ST-0381,0.71,High Risk (Tier 1),Insufficient Study Volume,Immediate 1-on-1 Clinical Advising within 48h; Mandatory Study Hall,High_Risk,64.4,64,12,76,2,50,214.28,Medium,Medium,Yes,9,Medium,Yes,Medium,High,Public,Negative,3,No,College,Near,Male,High_Risk,2.8,228,1.6
ST-1002,0.7,High Risk (Tier 1),Insufficient Study Volume,Immediate 1-on-1 Clinical Advising within 48h; Mandatory Study Hall,High_Risk,63.35,63,12,72,4,67,446.64,Medium,Medium,No,8,Low,Yes,Medium,Medium,Public,Neutral,4,No,High School,Near,Male,High_Risk,1.8,360,2.22
ST-0842,0.7,High Risk (Tier 1),Insufficient Study Volume,Immediate 1-on-1 Clinical Advising within 48h; Mandatory Study Hall,High_Risk,64.78,66,10,74,2,99,260.52,Medium,Medium,Yes,10,High,Yes,Medium,High,Public,Neutral,3,No,College,Near,Male,Normal,3.8,222,1.27
ST-0900,0.7,High Risk (Tier 1),Severe Attendance Deficit,Immediate 1-on-1 Clinical Advising within 48h; Mandatory Study Hall,High_Risk,64.32,64,24,60,1,85,1133.27,Medium,Medium,No,6,Low,Yes,High,Medium,Public,Neutral,2,No,Postgraduate,Moderate,Male,High_Risk,1.8,120,3.71
ST-1078,0.7,High Risk (Tier 1),Insufficient Study Volume,Immediate 1-on-1 Clinical Advising within 48h; Mandatory Study Hall,High_Risk,62.33,62,9,77,1,83,933.63,Low,High,Yes,7,Medium,Yes,Low,High,Private,Neutral,4,Yes,High School,Far,Male,High_Risk,0.8,154,1.38
ST-1281,0.7,High Risk (Tier 1),Low Academic Motivation,Immediate 1-on-1 Clinical Advising within 48h; Mandatory Study Hall,High_Risk,65.9,63,18,73,1,72,1619.8,Medium,High,Yes,7,Low,Yes,Medium,Medium,Private,Neutral,1,Yes,High School,Moderate,Male,High_Risk,0.8,146,2.5
ST-0595,0.7,High Risk (Tier 1),Severe Attendance Deficit,Immediate 1-on-1 Clinical Advising within 48h; Mandatory Study Hall,High_Risk,64.88,65,20,71,1,63,699.96,Low,High,Yes,6,High,Yes,Low,Medium,Public,Positive,2,No,College,Moderate,Male,High_Risk,1.8,142,3.14
ST-0600,0.7,High Risk (Tier 1),Insufficient Study Volume,Immediate 1-on-1 Clinical Advising within 48h; Mandatory Study Hall,High_Risk,64.61,64,15,74,1,76,633.3,High,Medium,Yes,8,Medium,Yes,Medium,Low,Public,Neutral,4,No,High School,Far,Male,High_Risk,1.8,148,1.89
ST-1014,0.7,High Risk (Tier 1),Severe Attendance Deficit,Immediate 1-on-1 Clinical Advising within 48h; Mandatory Study Hall,High_Risk,64.61,63,19,69,2,75,508.91,Medium,Low,Yes,9,Medium,Yes,Medium,Low,Public,Negative,5,No,High School,Moderate,Female,High_Risk,2.8,207,2.3
ST-0611,0.7,High Risk (Tier 1),Severe Attendance Deficit,Immediate 1-on-1 Clinical Advising within 48h; Mandatory Study Hall,High_Risk,63.66,61,18,64,4,64,411.41,Low,Medium,Yes,9,Medium,Yes,Low,Medium,Public,Negative,4,Yes,High School,Near,Male,High_Risk,2.8,320,2.6
ST-0753,0.7,High Risk (Tier 1),Severe Attendance Deficit,Immediate 1-on-1 Clinical Advising within 48h; Mandatory Study Hall,High_Risk,64.03,64,25,64,1,53,348.68,Medium,Medium,Yes,4,Low,Yes,Medium,Medium,Public,Neutral,2,No,College,Near,Male,High_Risk,3.8,128,5.4
ST-1156,0.7,High Risk (Tier 1),Insufficient Study Volume,Immediate 1-on-1 Clinical Advising within 48h; Mandatory Study Hall,High_Risk,64.2,64,15,74,2,72,599.97,High,Low,No,6,Low,Yes,Low,Medium,Public,Positive,3,No,High School,Near,Male,High_Risk,1.8,222,2.71
ST-0654,0.7,High Risk (Tier 1),Insufficient Study Volume,Immediate 1-on-1 Clinical Advising within 48h; Mandatory Study Hall,High_Risk,64.22,61,14,83,1,81,298.41,Low,Low,No,4,Low,Yes,Low,Medium,Public,Negative,4,Yes,High School,Moderate,Male,High_Risk,3.8,166,3.2
ST-1207,0.7,High Risk (Tier 1),Severe Attendance Deficit,Immediate 1-on-1 Clinical Advising within 48h; Mandatory Study Hall,High_Risk,63.67,66,18,63,1,84,1889.76,High,High,Yes,7,Medium,Yes,Medium,High,Public,Neutral,2,No,High School,Near,Female,Normal,0.8,126,2.5
ST-1321,0.7,High Risk (Tier 1),Severe Attendance Deficit,Immediate 1-on-1 Clinical Advising within 48h; Mandatory Study Hall,High_Risk,62.98,61,8,64,0,82,819.9,High,Medium,No,7,High,Yes,High,Medium,Public,Neutral,1,Yes,Postgraduate,Near,Female,High_Risk,0.8,64,1.0
ST-0156,0.7,High Risk (Tier 1),Severe Attendance Deficit,Immediate 1-on-1 Clinical Advising within 48h; Mandatory Study Hall,High_Risk,65.33,64,17,70,2,82,774.4,High,Medium,No,8,Low,Yes,High,High,Public,Negative,2,Yes,High School,Moderate,Female,High_Risk,1.8,210,2.33
ST-0240,0.7,High Risk (Tier 1),Insufficient Study Volume,Immediate 1-on-1 Clinical Advising within 48h; Mandatory Study Hall,High_Risk,64.1,64,17,72,1,61,576.08,Medium,Medium,No,8,Medium,Yes,Medium,Medium,Public,Neutral,4,No,Postgraduate,Moderate,Male,High_Risk,1.8,144,2.11
ST-0512,0.7,High Risk (Tier 1),Severe Attendance Deficit,Immediate 1-on-1 Clinical Advising within 48h; Mandatory Study Hall,High_Risk,64.38,64,16,70,0,79,702.18,Low,Medium,Yes,6,High,Yes,High,High,Public,Negative,3,No,College,Near,Female,High_Risk,1.8,70,2.29
ST-0199,0.7,High Risk (Tier 1),Severe Attendance Deficit,Immediate 1-on-1 Clinical Advising within 48h; Mandatory Study Hall,High_Risk,63.92,65,20,60,4,73,521.41,Medium,Medium,No,9,High,Yes,Medium,Medium,Public,Negative,4,No,College,Near,Male,High_Risk,2.8,300,2.8
ST-0315,0.69,High Risk (Tier 1),Low Academic Motivation,Immediate 1-on-1 Clinical Advising within 48h; Mandatory Study Hall,High_Risk,64.92,64,22,72,1,70,855.51,Low,Medium,No,6,Low,Yes,High,Medium,Public,Neutral,3,No,Postgraduate,Far,Male,High_Risk,1.8,144,3.43
ST-0044,0.69,High Risk (Tier 1),Severe Attendance Deficit,Immediate 1-on-1 Clinical Advising within 48h; Mandatory Study Hall,High_Risk,63.96,63,25,60,2,71,986.06,Medium,Low,No,6,Low,Yes,High,Medium,Public,Positive,2,No,High School,Near,Male,High_Risk,1.8,180,4.14
ST-1194,0.69,High Risk (Tier 1),Severe Attendance Deficit,Immediate 1-on-1 Clinical Advising within 48h; Mandatory Study Hall,High_Risk,63.16,63,15,69,1,79,423.2,High,Low,No,9,Low,Yes,Medium,Unknown,Private,Positive,2,No,High School,Moderate,Female,High_Risk,2.8,138,1.7
ST-0940,0.69,High Risk (Tier 1),Severe Attendance Deficit,Immediate 1-on-1 Clinical Advising within 48h; Mandatory Study Hall,High_Risk,63.91,63,22,61,0,97,1185.49,Medium,Medium,Yes,6,High,Yes,Low,High,Public,Negative,2,Yes,High School,Near,Male,High_Risk,1.8,61,3.14
ST-0389,0.69,High Risk (Tier 1),Insufficient Study Volume,Immediate 1-on-1 Clinical Advising within 48h; Mandatory Study Hall,High_Risk,64.58,62,12,80,1,75,499.97,Medium,Low,No,6,Medium,Yes,Low,High,Public,Negative,4,No,High School,Moderate,Male,High_Risk,1.8,160,2.0
ST-0046,0.69,High Risk (Tier 1),Severe Attendance Deficit,Immediate 1-on-1 Clinical Advising within 48h; Mandatory Study Hall,High_Risk,64.29,63,22,65,1,81,468.94,Low,Low,Yes,10,Medium,Yes,Low,Unknown,Private,Neutral,3,No,Postgraduate,Near,Male,High_Risk,3.8,130,2.18
ST-0230,0.69,High Risk (Tier 1),Severe Attendance Deficit,Immediate 1-on-1 Clinical Advising within 48h; Mandatory Study Hall,High_Risk,64.63,64,23,66,0,63,804.96,High,Low,Yes,8,Medium,Yes,Low,Medium,Public,Negative,4,No,College,Near,Female,High_Risk,1.8,66,2.56
ST-0794,0.69,High Risk (Tier 1),Severe Attendance Deficit,Immediate 1-on-1 Clinical Advising within 48h; Mandatory Study Hall,High_Risk,63.96,64,24,65,1,52,1559.81,Low,High,Yes,7,Medium,Yes,High,Medium,Public,Neutral,1,No,Postgraduate,Moderate,Female,High_Risk,0.8,130,3.25
ST-0802,0.69,High Risk (Tier 1),Insufficient Study Volume,Immediate 1-on-1 Clinical Advising within 48h; Mandatory Study Hall,High_Risk,63.93,65,13,72,0,66,1072.37,High,High,No,7,Medium,Yes,Low,High,Public,Neutral,4,No,Postgraduate,Near,Male,High_Risk,0.8,72,1.62
ST-0382,0.68,High Risk (Tier 1),Severe Attendance Deficit,Immediate 1-on-1 Clinical Advising within 48h; Mandatory Study Hall,High_Risk,63.05,64,19,65,1,65,441.06,Medium,Low,Yes,5,High,Yes,High,Medium,Public,Positive,6,No,College,Moderate,Female,High_Risk,2.8,130,3.5
ST-1102,0.68,High Risk (Tier 1),Severe Attendance Deficit,Immediate 1-on-1 Clinical Advising within 48h; Mandatory Study Hall,High_Risk,66.62,62,13,62,3,90,649.96,Low,Medium,Yes,6,Medium,No,High,High,Private,Neutral,3,Yes,Postgraduate,Near,Female,High_Risk,1.8,248,2.71
ST-0713,0.68,High Risk (Tier 1),Severe Attendance Deficit,Immediate 1-on-1 Clinical Advising within 48h; Mandatory Study Hall,High_Risk,62.79,63,19,61,1,67,334.99,High,Low,Yes,10,Low,No,Medium,Medium,Public,Positive,6,No,Postgraduate,Near,Female,High_Risk,3.8,122,1.91
ST-0423,0.68,High Risk (Tier 1),Severe Attendance Deficit,Immediate 1-on-1 Clinical Advising within 48h; Mandatory Study Hall,High_Risk,64.1,63,17,67,3,71,317.62,Medium,Medium,Yes,4,Medium,Yes,Medium,High,Public,Negative,2,No,High School,Moderate,Female,High_Risk,3.8,268,4.6
ST-0670,0.68,High Risk (Tier 1),Severe Attendance Deficit,Immediate 1-on-1 Clinical Advising within 48h; Mandatory Study Hall,High_Risk,65.03,64,21,69,0,52,1364.83,High,Medium,Yes,7,Low,Yes,Low,Medium,Public,Negative,3,No,Postgraduate,Near,Male,High_Risk,0.8,69,2.62
ST-1211,0.68,High Risk (Tier 1),Severe Attendance Deficit,Immediate 1-on-1 Clinical Advising within 48h; Mandatory Study Hall,High_Risk,64.9,66,13,71,2,65,469.42,Medium,High,Yes,8,High,Yes,Medium,Medium,Public,Neutral,4,No,Postgraduate,Near,Female,Normal,1.8,213,1.89
ST-0460,0.68,High Risk (Tier 1),Severe Attendance Deficit,Immediate 1-on-1 Clinical Advising within 48h; Mandatory Study Hall,High_Risk,62.45,64,14,65,4,69,344.99,Medium,High,No,9,Low,Yes,Medium,Unknown,Public,Neutral,3,No,College,Near,Male,High_Risk,2.8,325,2.2
ST-0933,0.68,High Risk (Tier 1),Severe Attendance Deficit,Immediate 1-on-1 Clinical Advising within 48h; Mandatory Study Hall,High_Risk,62.96,62,18,60,2,91,584.98,Medium,High,No,5,Low,Yes,Low,Medium,Public,Negative,4,Yes,High School,Near,Male,High_Risk,2.8,180,3.67
ST-0272,0.68,High Risk (Tier 1),Severe Attendance Deficit,Immediate 1-on-1 Clinical Advising within 48h; Mandatory Study Hall,High_Risk,64.18,67,15,67,3,80,428.56,High,Medium,Yes,5,High,Yes,Medium,High,Public,Neutral,4,No,College,Near,Male,Normal,2.8,268,3.5
ST-0010,0.68,High Risk (Tier 1),Severe Attendance Deficit,Immediate 1-on-1 Clinical Advising within 48h; Mandatory Study Hall,High_Risk,62.56,64,15,63,4,63,337.49,High,High,Yes,9,Low,No,High,High,Private,Negative,3,No,College,Near,Male,High_Risk,2.8,315,2.3
ST-0761,0.67,High Risk (Tier 1),Severe Attendance Deficit,Immediate 1-on-1 Clinical Advising within 48h; Mandatory Study Hall,High_Risk,64.38,64,27,63,0,51,764.96,Medium,High,No,6,Low,Yes,Low,Medium,Public,Positive,2,No,Postgraduate,Moderate,Male,High_Risk,1.8,63,3.86
ST-0564,0.67,High Risk (Tier 1),Insufficient Study Volume,Immediate 1-on-1 Clinical Advising within 48h; Mandatory Study Hall,High_Risk,65.19,62,16,77,0,54,479.97,Medium,Low,Yes,8,Medium,No,Medium,Medium,Public,Negative,3,No,Postgraduate,Near,Male,High_Risk,1.8,77,1.78
ST-0776,0.67,High Risk (Tier 1),Severe Attendance Deficit,Immediate 1-on-1 Clinical Advising within 48h; Mandatory Study Hall,High_Risk,63.98,65,13,70,3,100,1624.8,Medium,Medium,Yes,7,Medium,Yes,Low,Medium,Public,Neutral,3,No,High School,Near,Male,High_Risk,0.8,280,2.38
ST-1139,0.67,High Risk (Tier 1),Severe Attendance Deficit,Immediate 1-on-1 Clinical Advising within 48h; Mandatory Study Hall,High_Risk,64.68,63,21,61,2,90,497.36,Medium,Medium,No,4,Low,Yes,Medium,Low,Public,Neutral,3,No,High School,Near,Male,High_Risk,3.8,183,5.0
ST-0398,0.67,High Risk (Tier 1),Insufficient Study Volume,Immediate 1-on-1 Clinical Advising within 48h; Mandatory Study Hall,High_Risk,64.68,61,15,74,0,71,280.26,Low,Low,No,10,Medium,Yes,Low,High,Public,Negative,2,No,Postgraduate,Near,Male,High_Risk,3.8,74,1.36
ST-0647,0.67,High Risk (Tier 1),Severe Attendance Deficit,Immediate 1-on-1 Clinical Advising within 48h; Mandatory Study Hall,High_Risk,65.45,63,21,66,3,62,464.98,Medium,Medium,No,9,Low,No,Medium,Medium,Private,Positive,2,No,High School,Near,Male,High_Risk,2.8,264,2.7
ST-0627,0.67,High Risk (Tier 1),Insufficient Study Volume,Immediate 1-on-1 Clinical Advising within 48h; Mandatory Study Hall,High_Risk,64.2,64,17,73,2,62,585.52,Medium,High,Yes,6,Low,Yes,Low,Medium,Private,Negative,3,No,College,Far,Male,High_Risk,1.8,219,3.0
ST-0644,0.67,High Risk (Tier 1),Severe Attendance Deficit,Immediate 1-on-1 Clinical Advising within 48h; Mandatory Study Hall,High_Risk,64.62,65,19,71,2,66,1567.3,Medium,High,Yes,7,Low,Yes,Low,Medium,Public,Neutral,3,No,Unknown,Near,Female,High_Risk,0.8,213,2.88
ST-1262,0.67,High Risk (Tier 1),Insufficient Study Volume,Immediate 1-on-1 Clinical Advising within 48h; Mandatory Study Hall,High_Risk,63.44,62,11,83,0,55,336.09,Medium,Low,Yes,6,Low,Yes,Low,Medium,Public,Positive,4,Yes,Postgraduate,Near,Female,High_Risk,1.8,83,1.57
ST-1046,0.66,High Risk (Tier 1),Insufficient Study Volume,Immediate 1-on-1 Clinical Advising within 48h; Mandatory Study Hall,High_Risk,64.49,65,12,79,2,73,486.64,Medium,Medium,No,8,Medium,Yes,Medium,Medium,Private,Neutral,4,No,High School,Near,Male,High_Risk,1.8,237,1.78
ST-0136,0.66,High Risk (Tier 1),Severe Attendance Deficit,Immediate 1-on-1 Clinical Advising within 48h; Mandatory Study Hall,High_Risk,64.99,64,17,70,2,79,746.07,Medium,Medium,Yes,6,Low,Yes,Medium,Medium,Public,Positive,3,No,High School,Unknown,Female,High_Risk,1.8,210,3.0
ST-0217,0.66,High Risk (Tier 1),Insufficient Study Volume,Immediate 1-on-1 Clinical Advising within 48h; Mandatory Study Hall,High_Risk,62.82,61,9,74,3,69,344.98,Medium,Low,No,6,Low,Yes,Low,Medium,Private,Positive,2,No,Unknown,Moderate,Female,High_Risk,1.8,296,2.14
ST-0811,0.66,High Risk (Tier 1),Insufficient Study Volume,Immediate 1-on-1 Clinical Advising within 48h; Mandatory Study Hall,High_Risk,64.37,64,10,77,2,84,1049.87,High,High,No,7,Low,Yes,Low,High,Private,Neutral,1,No,High School,Far,Male,High_Risk,0.8,231,1.75
ST-1131,0.66,High Risk (Tier 1),Insufficient Study Volume,Immediate 1-on-1 Clinical Advising within 48h; Mandatory Study Hall,High_Risk,63.96,65,17,72,1,61,1296.09,High,High,Yes,7,Low,Yes,Medium,Medium,Public,Negative,4,No,High School,Near,Female,High_Risk,0.8,144,2.38
ST-0369,0.66,High Risk (Tier 1),Severe Attendance Deficit,Immediate 1-on-1 Clinical Advising within 48h; Mandatory Study Hall,High_Risk,66.04,63,23,66,2,53,677.18,High,Low,No,6,Low,Yes,Medium,Medium,Public,Positive,1,No,College,Far,Male,High_Risk,1.8,198,3.86
ST-0168,0.66,High Risk (Tier 1),Severe Attendance Deficit,Immediate 1-on-1 Clinical Advising within 48h; Mandatory Study Hall,High_Risk,63.87,64,22,63,2,55,672.18,High,Low,Yes,8,Medium,Yes,Medium,Medium,Private,Neutral,4,No,High School,Near,Male,High_Risk,1.8,189,2.89
ST-0516,0.66,High Risk (Tier 1),Insufficient Study Volume,Immediate 1-on-1 Clinical Advising within 48h; Mandatory Study Hall,High_Risk,63.18,64,6,76,5,63,209.99,Medium,Medium,Yes,8,Medium,Yes,Medium,Medium,Public,Neutral,3,No,College,Near,Male,High_Risk,1.8,456,1.78
ST-0471,0.66,High Risk (Tier 1),Severe Attendance Deficit,Immediate 1-on-1 Clinical Advising within 48h; Mandatory Study Hall,High_Risk,64.72,65,19,66,1,94,2232.22,Medium,High,No,7,Low,Yes,High,Medium,Public,Positive,4,No,High School,Moderate,Female,High_Risk,0.8,132,2.62
ST-0483,0.66,High Risk (Tier 1),Insufficient Study Volume,Immediate 1-on-1 Clinical Advising within 48h; Mandatory Study Hall,High_Risk,63.88,63,8,83,1,85,377.76,High,Low,Yes,6,Low,Yes,Low,High,Public,Neutral,3,No,High School,Far,Female,High_Risk,1.8,166,1.43
ST-0321,0.65,High Risk (Tier 1),Severe Attendance Deficit,Immediate 1-on-1 Clinical Advising within 48h; Mandatory Study Hall,High_Risk,64.37,64,27,62,1,53,794.96,High,Medium,No,6,Low,Yes,Medium,Medium,Public,Positive,2,No,High School,Moderate,Male,High_Risk,1.8,124,4.14
ST-0745,0.65,High Risk (Tier 1),Insufficient Study Volume,Immediate 1-on-1 Clinical Advising within 48h; Mandatory Study Hall,High_Risk,65.3,65,17,74,1,98,925.5,Medium,Low,Yes,8,Low,Yes,High,High,Public,Neutral,3,No,High School,Near,Female,High_Risk,1.8,148,2.11
ST-1061,0.65,High Risk (Tier 1),Insufficient Study Volume,Immediate 1-on-1 Clinical Advising within 48h; Mandatory Study Hall,High_Risk,64.06,65,16,73,0,62,551.08,High,Medium,Yes,8,Medium,Yes,High,High,Private,Neutral,2,No,High School,Near,Female,High_Risk,1.8,73,1.78
ST-1218,0.65,High Risk (Tier 1),Severe Attendance Deficit,Immediate 1-on-1 Clinical Advising within 48h; Mandatory Study Hall,High_Risk,64.29,64,15,71,5,68,566.64,High,Low,No,6,Low,No,Low,Medium,Public,Positive,4,No,College,Near,Female,High_Risk,1.8,426,3.57
ST-0616,0.65,High Risk (Tier 1),Insufficient Study Volume,Immediate 1-on-1 Clinical Advising within 48h; Mandatory Study Hall,High_Risk,64.32,63,16,80,0,58,331.42,High,Low,No,9,Low,Yes,Medium,Medium,Public,Neutral,2,No,High School,Near,Female,High_Risk,2.8,80,1.6
ST-1132,0.65,High Risk (Tier 1),Severe Attendance Deficit,Immediate 1-on-1 Clinical Advising within 48h; Mandatory Study Hall,High_Risk,64.85,64,23,64,3,59,484.63,Medium,Low,Yes,5,Medium,Yes,Low,Medium,Public,Positive,5,No,High School,Moderate,Female,High_Risk,2.8,256,4.83
ST-1004,0.65,High Risk (Tier 1),Severe Attendance Deficit,Immediate 1-on-1 Clinical Advising within 48h; Mandatory Study Hall,High_Risk,64.47,64,15,68,0,95,508.91,Medium,Medium,Yes,5,Medium,Yes,High,Medium,Public,Negative,5,No,College,Near,Female,High_Risk,2.8,68,2.5
ST-0658,0.64,High Risk (Tier 1),Severe Attendance Deficit,Immediate 1-on-1 Clinical Advising within 48h; Mandatory Study Hall,High_Risk,64.52,84,22,71,1,56,439.98,Low,High,Yes,9,High,Yes,Low,High,Public,Neutral,3,Yes,College,Near,Female,Normal,2.8,142,2.4
ST-0648,0.64,High Risk (Tier 1),Severe Attendance Deficit,Immediate 1-on-1 Clinical Advising within 48h; Mandatory Study Hall,High_Risk,64.02,63,20,62,2,92,1022.17,Low,Low,No,6,High,Yes,Medium,Medium,Public,Positive,3,No,Postgraduate,Moderate,Male,High_Risk,1.8,186,3.43
ST-0981,0.64,High Risk (Tier 1),Multivariate Risk Factor,Immediate 1-on-1 Clinical Advising within 48h; Mandatory Study Hall,High_Risk,65.32,64,24,73,0,71,608.55,Low,Medium,Yes,9,High,Yes,Low,Medium,Public,Neutral,3,No,High School,Moderate,Male,High_Risk,2.8,73,2.4
ST-0798,0.64,High Risk (Tier 1),Severe Attendance Deficit,Immediate 1-on-1 Clinical Advising within 48h; Mandatory Study Hall,High_Risk,64.8,64,22,67,1,58,708.85,Medium,Medium,Yes,6,Medium,Yes,Low,Medium,Public,Neutral,2,No,Postgraduate,Near,Male,High_Risk,1.8,134,3.43
ST-0945,0.64,High Risk (Tier 1),Severe Attendance Deficit,Immediate 1-on-1 Clinical Advising within 48h; Mandatory Study Hall,High_Risk,64.12,65,19,66,1,59,622.74,High,High,Yes,8,Medium,Yes,Medium,Low,Public,Positive,2,No,Postgraduate,Moderate,Female,High_Risk,1.8,132,2.33
ST-0942,0.64,High Risk (Tier 1),Insufficient Study Volume,Immediate 1-on-1 Clinical Advising within 48h; Mandatory Study Hall,High_Risk,64.72,65,13,75,3,51,236.78,High,High,Yes,5,Medium,Yes,Medium,Medium,Private,Negative,3,No,High School,Near,Female,High_Risk,2.8,300,3.17
ST-0254,0.64,High Risk (Tier 1),Severe Attendance Deficit,Immediate 1-on-1 Clinical Advising within 48h; Mandatory Study Hall,High_Risk,66.02,65,22,67,1,55,318.41,High,High,Yes,10,Medium,Yes,Low,Medium,Public,Positive,2,No,High School,Moderate,Male,High_Risk,3.8,134,2.18
ST-0298,0.64,High Risk (Tier 1),Severe Attendance Deficit,Immediate 1-on-1 Clinical Advising within 48h; Mandatory Study Hall,High_Risk,64.16,65,16,66,2,68,388.56,High,High,No,5,High,No,Low,Medium,Public,Positive,5,No,Postgraduate,Moderate,Male,High_Risk,2.8,198,3.33
ST-0868,0.64,High Risk (Tier 1),Severe Attendance Deficit,Immediate 1-on-1 Clinical Advising within 48h; Mandatory Study Hall,High_Risk,63.99,64,15,68,3,67,358.92,Medium,Medium,Yes,5,Medium,Yes,Medium,High,Private,Negative,4,No,Postgraduate,Moderate,Male,High_Risk,2.8,272,3.5
ST-0257,0.64,High Risk (Tier 1),Lack of Tutoring Support,Immediate 1-on-1 Clinical Advising within 48h; Mandatory Study Hall,High_Risk,64.72,63,20,72,0,56,1399.83,Medium,High,Yes,7,Low,Yes,Low,Medium,Public,Negative,6,Yes,College,Moderate,Male,High_Risk,0.8,72,2.5
ST-0610,0.64,High Risk (Tier 1),Severe Attendance Deficit,Immediate 1-on-1 Clinical Advising within 48h; Mandatory Study Hall,High_Risk,62.05,64,19,63,2,58,1377.33,Low,High,Yes,7,Medium,Yes,Low,High,Private,Neutral,3,No,Postgraduate,Near,Female,High_Risk,0.8,189,2.88
ST-0760,0.63,High Risk (Tier 1),Severe Attendance Deficit,Immediate 1-on-1 Clinical Advising within 48h; Mandatory Study Hall,High_Risk,65.18,65,20,62,5,85,447.36,Low,Medium,Yes,10,High,Yes,Low,Medium,Private,Neutral,4,No,High School,Near,Male,High_Risk,3.8,372,2.73
ST-0550,0.63,High Risk (Tier 1),Severe Attendance Deficit,Immediate 1-on-1 Clinical Advising within 48h; Mandatory Study Hall,High_Risk,65.25,65,22,61,3,98,2694.66,Medium,Low,No,7,High,Yes,High,Low,Private,Neutral,2,No,College,Near,Female,High_Risk,0.8,244,3.5
ST-1302,0.63,High Risk (Tier 1),Insufficient Study Volume,Immediate 1-on-1 Clinical Advising within 48h; Mandatory Study Hall,High_Risk,64.99,64,14,72,4,75,583.3,Medium,Low,No,8,High,Yes,High,Medium,Private,Positive,2,Yes,College,Near,Male,High_Risk,1.8,360,2.44
ST-0924,0.63,High Risk (Tier 1),Severe Attendance Deficit,Immediate 1-on-1 Clinical Advising within 48h; Mandatory Study Hall,High_Risk,63.95,62,18,65,1,88,879.95,Medium,Low,No,6,Medium,Yes,Medium,Medium,Private,Positive,1,Yes,College,Near,Male,High_Risk,1.8,130,2.86
ST-1096,0.63,High Risk (Tier 1),Severe Attendance Deficit,Immediate 1-on-1 Clinical Advising within 48h; Mandatory Study Hall,High_Risk,65.14,63,29,64,0,77,797.47,Low,Medium,No,9,Medium,Yes,Low,High,Public,Negative,2,No,High School,Moderate,Female,High_Risk,2.8,64,2.9
ST-1062,0.63,High Risk (Tier 1),Severe Attendance Deficit,Immediate 1-on-1 Clinical Advising within 48h; Mandatory Study Hall,High_Risk,64.61,63,23,62,1,87,714.62,Medium,Low,Yes,5,Medium,Yes,Medium,Medium,Public,Negative,4,No,High School,Near,Female,High_Risk,2.8,124,4.17
ST-0913,0.63,High Risk (Tier 1),Severe Attendance Deficit,Immediate 1-on-1 Clinical Advising within 48h; Mandatory Study Hall,High_Risk,64.03,66,20,67,1,67,744.4,High,High,No,6,High,Yes,Medium,High,Public,Positive,2,Yes,College,Near,Female,Normal,1.8,134,3.14
ST-0053,0.63,High Risk (Tier 1),Severe Attendance Deficit,Immediate 1-on-1 Clinical Advising within 48h; Mandatory Study Hall,High_Risk,63.43,62,14,69,1,79,614.41,Medium,Low,Yes,8,Medium,Yes,High,Medium,Public,Negative,1,No,Postgraduate,Moderate,Female,High_Risk,1.8,138,1.78
ST-1200,0.63,High Risk (Tier 1),Severe Attendance Deficit,Immediate 1-on-1 Clinical Advising within 48h; Mandatory Study Hall,High_Risk,64.75,64,17,71,3,58,547.75,Medium,Medium,Yes,6,Medium,Yes,Medium,Medium,Private,Positive,3,Yes,High School,Unknown,Male,High_Risk,1.8,284,3.29
ST-1248,0.63,High Risk (Tier 1),Severe Attendance Deficit,Immediate 1-on-1 Clinical Advising within 48h; Mandatory Study Hall,High_Risk,64.68,64,18,66,1,87,559.27,Medium,High,No,9,Medium,Yes,Medium,Low,Private,Positive,3,No,High School,Moderate,Male,High_Risk,2.8,132,2.0
ST-0140,0.63,High Risk (Tier 1),Severe Attendance Deficit,Immediate 1-on-1 Clinical Advising within 48h; Mandatory Study Hall,High_Risk,65.33,64,19,66,3,77,812.73,High,Medium,No,8,Low,No,Medium,Medium,Public,Negative,4,No,College,Moderate,Female,High_Risk,1.8,264,2.78
ST-1177,0.63,High Risk (Tier 1),Insufficient Study Volume,Immediate 1-on-1 Clinical Advising within 48h; Mandatory Study Hall,High_Risk,64.53,64,11,84,2,59,360.54,Medium,Low,Yes,6,Low,Yes,Medium,Medium,Public,Positive,3,No,High School,Near,Female,High_Risk,1.8,252,2.14
ST-0130,0.63,High Risk (Tier 1),Lack of Tutoring Support,Immediate 1-on-1 Clinical Advising within 48h; Mandatory Study Hall,High_Risk,65.97,65,21,74,0,61,711.63,Medium,High,Yes,6,Low,No,Low,Medium,Private,Positive,4,No,High School,Near,Male,High_Risk,1.8,74,3.0
ST-0397,0.62,High Risk (Tier 1),Severe Attendance Deficit,Immediate 1-on-1 Clinical Advising within 48h; Mandatory Study Hall,High_Risk,64.63,66,19,64,3,86,907.73,High,Low,Yes,8,Low,Yes,High,Medium,Private,Neutral,3,No,Postgraduate,Near,Female,Normal,1.8,256,2.78
ST-0977,0.62,High Risk (Tier 1),Severe Attendance Deficit,Immediate 1-on-1 Clinical Advising within 48h; Mandatory Study Hall,High_Risk,65.35,65,16,68,1,85,1699.79,Medium,Medium,Yes,7,Medium,Yes,Medium,Medium,Public,Positive,2,No,College,Near,Female,High_Risk,0.8,136,2.25
ST-0225,0.62,High Risk (Tier 1),Insufficient Study Volume,Immediate 1-on-1 Clinical Advising within 48h; Mandatory Study Hall,High_Risk,64.06,63,13,77,0,63,1023.62,Medium,High,Yes,7,Low,Yes,High,Low,Public,Positive,1,No,High School,Moderate,Male,High_Risk,0.8,77,1.62
ST-0003,0.62,High Risk (Tier 1),Severe Attendance Deficit,Immediate 1-on-1 Clinical Advising within 48h; Mandatory Study Hall,High_Risk,64.11,66,20,62,2,85,944.39,High,Medium,Yes,6,Medium,Yes,Medium,Medium,Public,Neutral,3,No,College,Near,Female,Normal,1.8,186,3.43
ST-0889,0.62,High Risk (Tier 1),Severe Attendance Deficit,Immediate 1-on-1 Clinical Advising within 48h; Mandatory Study Hall,High_Risk,65.31,65,23,68,1,55,451.77,High,Medium,Yes,9,Medium,Yes,Medium,Medium,Public,Positive,3,No,High School,Moderate,Male,High_Risk,2.8,136,2.5
ST-0367,0.62,High Risk (Tier 1),Insufficient Study Volume,Immediate 1-on-1 Clinical Advising within 48h; Mandatory Study Hall,High_Risk,65.65,64,14,76,1,71,354.99,High,Medium,Yes,5,Medium,Yes,Low,Medium,Public,Negative,3,No,High School,Near,Male,High_Risk,2.8,152,2.67
ST-0129,0.62,High Risk (Tier 1),Insufficient Study Volume,Immediate 1-on-1 Clinical Advising within 48h; Mandatory Study Hall,High_Risk,65.31,67,16,72,6,76,434.27,High,Medium,Yes,9,High,Yes,Low,Low,Public,Negative,3,No,High School,Near,Male,Normal,2.8,504,2.8
ST-1304,0.61,High Risk (Tier 1),Severe Attendance Deficit,Immediate 1-on-1 Clinical Advising within 48h; Mandatory Study Hall,High_Risk,65.17,64,19,68,2,98,1034.39,Medium,Medium,Yes,6,Low,Yes,Low,Medium,Public,Positive,1,No,High School,Moderate,Female,High_Risk,1.8,204,3.29
ST-1202,0.61,High Risk (Tier 1),Severe Attendance Deficit,Immediate 1-on-1 Clinical Advising within 48h; Mandatory Study Hall,High_Risk,63.74,61,7,69,1,82,204.99,Low,Medium,No,9,Low,Yes,Medium,High,Private,Positive,3,No,Postgraduate,Near,Female,High_Risk,2.8,138,0.9
ST-0016,0.61,High Risk (Tier 1),Severe Attendance Deficit,Immediate 1-on-1 Clinical Advising within 48h; Mandatory Study Hall,High_Risk,65.53,66,21,71,2,86,1003.28,Medium,Low,No,8,Medium,Yes,Medium,High,Public,Neutral,2,No,College,Near,Male,Normal,1.8,213,2.78
ST-0242,0.61,High Risk (Tier 1),Severe Attendance Deficit,Immediate 1-on-1 Clinical Advising within 48h; Mandatory Study Hall,High_Risk,65.33,63,20,70,1,91,2274.72,Medium,Medium,Yes,7,Medium,Yes,Low,Medium,Public,Negative,2,No,High School,Far,Male,High_Risk,0.8,140,2.75
ST-0479,0.61,High Risk (Tier 1),Severe Attendance Deficit,Immediate 1-on-1 Clinical Advising within 48h; Mandatory Study Hall,High_Risk,64.03,64,16,61,2,85,755.51,Medium,High,Yes,6,Medium,Yes,Medium,Medium,Private,Positive,3,No,High School,Near,Male,High_Risk,1.8,183,2.86
ST-0492,0.61,High Risk (Tier 1),Severe Attendance Deficit,Immediate 1-on-1 Clinical Advising within 48h; Mandatory Study Hall,High_Risk,64.63,63,23,64,2,91,1162.71,Low,Medium,No,8,Medium,Yes,Low,Medium,Public,Negative,3,No,High School,Far,Female,High_Risk,1.8,192,3.0
ST-0303,0.61,High Risk (Tier 1),Severe Attendance Deficit,Immediate 1-on-1 Clinical Advising within 48h; Mandatory Study Hall,High_Risk,65.57,64,21,65,2,91,2388.45,Medium,Low,Yes,7,Low,Yes,Medium,High,Public,Positive,3,No,High School,Far,Female,High_Risk,0.8,195,3.12
ST-0384,0.61,High Risk (Tier 1),Insufficient Study Volume,Immediate 1-on-1 Clinical Advising within 48h; Mandatory Study Hall,High_Risk,65.59,82,14,75,0,95,474.98,Medium,Medium,Yes,5,Medium,Yes,Medium,Medium,Public,Positive,3,No,College,Moderate,Male,Normal,2.8,75,2.33
ST-0857,0.61,High Risk (Tier 1),Severe Attendance Deficit,Immediate 1-on-1 Clinical Advising within 48h; Mandatory Study Hall,High_Risk,64.07,63,24,60,4,62,826.62,Low,Medium,No,6,High,Yes,Low,High,Public,Negative,3,No,High School,Near,Female,High_Risk,1.8,300,4.57
ST-0089,0.61,High Risk (Tier 1),Severe Attendance Deficit,Immediate 1-on-1 Clinical Advising within 48h; Mandatory Study Hall,High_Risk,63.89,65,19,60,3,72,1709.79,Medium,High,Yes,7,High,Yes,Low,High,Public,Positive,3,No,High School,Moderate,Female,High_Risk,0.8,240,3.12
ST-0691,0.61,High Risk (Tier 1),Insufficient Study Volume,Immediate 1-on-1 Clinical Advising within 48h; Mandatory Study Hall,High_Risk,65.36,64,16,74,0,80,457.13,Medium,High,No,9,Low,Yes,Medium,Medium,Public,Negative,5,No,High School,Near,Male,High_Risk,2.8,74,1.6
ST-1263,0.6,High Risk (Tier 1),Severe Attendance Deficit,Immediate 1-on-1 Clinical Advising within 48h; Mandatory Study Hall,High_Risk,66.62,67,34,64,0,71,1341.04,Medium,Medium,No,6,High,Yes,Low,High,Private,Negative,4,No,High School,Near,Female,Normal,1.8,64,4.86
ST-0142,0.6,High Risk (Tier 1),Insufficient Study Volume,Immediate 1-on-1 Clinical Advising within 48h; Mandatory Study Hall,High_Risk,64.97,63,13,88,0,59,273.92,High,Medium,Yes,9,Medium,Yes,Low,Medium,Private,Negative,3,Yes,High School,Far,Female,High_Risk,2.8,88,1.3
ST-0929,0.6,High Risk (Tier 1),Severe Attendance Deficit,Immediate 1-on-1 Clinical Advising within 48h; Mandatory Study Hall,High_Risk,65.97,66,19,69,0,96,651.41,Medium,Medium,Yes,9,Medium,Yes,High,High,Private,Positive,3,No,High School,Moderate,Female,Normal,2.8,69,1.9
ST-0622,0.6,High Risk (Tier 1),Insufficient Study Volume,Immediate 1-on-1 Clinical Advising within 48h; Mandatory Study Hall,High_Risk,65.81,65,16,76,0,79,451.41,Low,Medium,Yes,5,Medium,Yes,Low,High,Public,Positive,4,No,Postgraduate,Moderate,Female,High_Risk,2.8,76,2.67
ST-0998,0.6,High Risk (Tier 1),Severe Attendance Deficit,Immediate 1-on-1 Clinical Advising within 48h; Mandatory Study Hall,High_Risk,64.25,67,19,62,2,83,563.19,High,Medium,Yes,9,High,Yes,Medium,Medium,Public,Positive,3,No,College,Unknown,Male,Normal,2.8,186,2.3
ST-0916,0.6,High Risk (Tier 1),Severe Attendance Deficit,Immediate 1-on-1 Clinical Advising within 48h; Mandatory Study Hall,High_Risk,65.06,65,19,70,2,90,949.95,Medium,Medium,Yes,6,Low,Yes,Low,Medium,Private,Positive,3,No,High School,Moderate,Male,High_Risk,1.8,210,3.29
ST-0860,0.59,Moderate Risk (Tier 2),Insufficient Study Volume,Assignment to Peer Collaborative Learning Pod; Bi-Weekly Attendance Ping,High_Risk,64.58,64,13,74,0,98,1592.3,Low,Low,Yes,7,High,Yes,Medium,Medium,Public,Positive,3,No,Postgraduate,Near,Female,High_Risk,0.8,74,1.62
ST-0032,0.59,Moderate Risk (Tier 2),Severe Attendance Deficit,Assignment to Peer Collaborative Learning Pod; Bi-Weekly Attendance Ping,High_Risk,64.2,66,24,64,0,85,1133.27,Medium,High,Yes,6,High,Yes,High,Low,Private,Neutral,3,Yes,Postgraduate,Unknown,Male,Normal,1.8,64,3.43
ST-0918,0.59,Moderate Risk (Tier 2),Severe Attendance Deficit,Assignment to Peer Collaborative Learning Pod; Bi-Weekly Attendance Ping,High_Risk,65.75,64,24,67,0,90,1199.93,High,Low,Yes,6,Medium,Yes,Low,Medium,Public,Neutral,1,No,College,Far,Male,High_Risk,1.8,67,3.43
ST-0978,0.59,Moderate Risk (Tier 2),Insufficient Study Volume,Assignment to Peer Collaborative Learning Pod; Bi-Weekly Attendance Ping,High_Risk,64.59,66,12,81,2,64,959.88,Medium,Medium,Yes,7,High,Yes,High,Medium,Public,Neutral,3,No,High School,Near,Male,Normal,0.8,243,2.0
ST-1291,0.59,Moderate Risk (Tier 2),Severe Attendance Deficit,Assignment to Peer Collaborative Learning Pod; Bi-Weekly Attendance Ping,High_Risk,66.08,64,20,69,1,99,1099.94,Medium,Low,Yes,8,High,Yes,Medium,High,Public,Negative,3,Yes,High School,Moderate,Female,High_Risk,1.8,138,2.44
ST-0013,0.59,Moderate Risk (Tier 2),Severe Attendance Deficit,Assignment to Peer Collaborative Learning Pod; Bi-Weekly Attendance Ping,High_Risk,64.69,64,20,62,1,98,515.78,Medium,Medium,No,4,High,Yes,High,Low,Public,Negative,4,No,High School,Near,Male,High_Risk,3.8,124,4.4
ST-0720,0.59,Moderate Risk (Tier 2),Severe Attendance Deficit,Assignment to Peer Collaborative Learning Pod; Bi-Weekly Attendance Ping,High_Risk,64.84,64,26,62,1,72,2339.71,High,Low,Yes,7,Low,Yes,Medium,Medium,Public,Neutral,3,No,College,Moderate,Female,High_Risk,0.8,124,3.5
ST-1296,0.59,Moderate Risk (Tier 2),Severe Attendance Deficit,Assignment to Peer Collaborative Learning Pod; Bi-Weekly Attendance Ping,High_Risk,65.38,67,23,67,1,69,881.62,High,High,Yes,8,Low,Yes,High,Medium,Public,Neutral,2,No,High School,Near,Female,Normal,1.8,134,2.78
ST-1279,0.59,Moderate Risk (Tier 2),Severe Attendance Deficit,Assignment to Peer Collaborative Learning Pod; Bi-Weekly Attendance Ping,High_Risk,64.51,64,22,61,4,82,1002.17,Low,Low,Yes,6,Low,Yes,Medium,Medium,Public,Positive,4,No,High School,Moderate,Female,High_Risk,1.8,305,4.29
ST-0673,0.59,Moderate Risk (Tier 2),Severe Attendance Deficit,Assignment to Peer Collaborative Learning Pod; Bi-Weekly Attendance Ping,High_Risk,64.7,66,19,65,1,74,502.12,High,High,Yes,5,Medium,Yes,Low,Unknown,Private,Positive,3,No,High School,Near,Female,Normal,2.8,130,3.5
ST-0139,0.59,Moderate Risk (Tier 2),Multivariate Risk Factor,Assignment to Peer Collaborative Learning Pod; Bi-Weekly Attendance Ping,High_Risk,65.08,65,18,74,1,72,719.96,Medium,High,No,8,High,Yes,Low,High,Public,Negative,2,No,College,Moderate,Male,High_Risk,1.8,148,2.22
ST-1048,0.59,Moderate Risk (Tier 2),Insufficient Study Volume,Assignment to Peer Collaborative Learning Pod; Bi-Weekly Attendance Ping,High_Risk,65.38,66,17,75,1,69,1466.07,High,Low,Yes,7,Medium,Yes,High,Medium,Public,Positive,4,No,High School,Near,Male,Normal,0.8,150,2.38
ST-0238,0.58,Moderate Risk (Tier 2),Severe Attendance Deficit,Assignment to Peer Collaborative Learning Pod; Bi-Weekly Attendance Ping,High_Risk,65.07,64,21,71,1,54,629.97,Medium,Medium,No,8,High,Yes,Medium,Medium,Private,Neutral,3,No,High School,Near,Male,High_Risk,1.8,142,2.56
ST-0805,0.58,Moderate Risk (Tier 2),Severe Attendance Deficit,Assignment to Peer Collaborative Learning Pod; Bi-Weekly Attendance Ping,High_Risk,65.02,64,20,65,1,94,1044.39,Low,Medium,No,6,Medium,Yes,Low,High,Public,Positive,2,No,Postgraduate,Near,Female,High_Risk,1.8,130,3.14
ST-0007,0.58,Moderate Risk (Tier 2),Insufficient Study Volume,Assignment to Peer Collaborative Learning Pod; Bi-Weekly Attendance Ping,High_Risk,64.51,65,11,75,2,89,543.86,Medium,Medium,No,8,Medium,Yes,High,High,Private,Positive,4,No,College,Moderate,Male,High_Risk,1.8,225,1.67
ST-0113,0.57,Moderate Risk (Tier 2),Severe Attendance Deficit,Assignment to Peer Collaborative Learning Pod; Bi-Weekly Attendance Ping,High_Risk,64.71,66,11,70,3,98,598.86,Medium,Medium,No,6,Medium,Yes,High,Medium,Private,Neutral,4,No,Postgraduate,Near,Female,Normal,1.8,280,2.43
ST-0308,0.57,Moderate Risk (Tier 2),Severe Attendance Deficit,Assignment to Peer Collaborative Learning Pod; Bi-Weekly Attendance Ping,High_Risk,66.43,63,19,70,2,86,583.55,Medium,Low,Yes,9,Low,Yes,High,Medium,Public,Neutral,2,Yes,High School,Near,Male,High_Risk,2.8,210,2.3
ST-0766,0.57,Moderate Risk (Tier 2),Insufficient Study Volume,Assignment to Peer Collaborative Learning Pod; Bi-Weekly Attendance Ping,High_Risk,64.74,65,3,99,2,68,254.97,Medium,Low,Yes,7,Medium,Yes,High,Medium,Private,Neutral,3,No,High School,Near,Female,High_Risk,0.8,297,0.88
ST-0006,0.56,Moderate Risk (Tier 2),Severe Attendance Deficit,Assignment to Peer Collaborative Learning Pod; Bi-Weekly Attendance Ping,High_Risk,65.57,65,25,65,1,94,1305.48,Low,Medium,No,6,Medium,Yes,Low,High,Public,Negative,4,No,College,Near,Male,High_Risk,1.8,130,3.86
ST-0447,0.56,Moderate Risk (Tier 2),Severe Attendance Deficit,Assignment to Peer Collaborative Learning Pod; Bi-Weekly Attendance Ping,High_Risk,65.21,64,15,68,1,95,508.91,Medium,High,No,5,High,Yes,Medium,Medium,Private,Positive,2,Yes,College,Near,Female,High_Risk,2.8,136,2.83
ST-1243,0.56,Moderate Risk (Tier 2),Insufficient Study Volume,Assignment to Peer Collaborative Learning Pod; Bi-Weekly Attendance Ping,High_Risk,63.76,64,11,76,3,83,507.19,Low,Medium,No,6,High,Yes,Medium,Medium,Public,Positive,1,No,High School,Near,Female,High_Risk,1.8,304,2.43
ST-0554,0.56,Moderate Risk (Tier 2),Insufficient Study Volume,Assignment to Peer Collaborative Learning Pod; Bi-Weekly Attendance Ping,High_Risk,64.03,63,13,74,4,64,462.2,Medium,Medium,No,6,Low,Yes,High,High,Private,Neutral,3,Yes,High School,Near,Male,High_Risk,1.8,370,3.0
ST-0252,0.56,Moderate Risk (Tier 2),Insufficient Study Volume,Assignment to Peer Collaborative Learning Pod; Bi-Weekly Attendance Ping,High_Risk,63.58,64,11,87,1,53,323.87,Low,Medium,No,8,High,Yes,Medium,Medium,Public,Positive,3,No,High School,Near,Female,High_Risk,1.8,174,1.44
ST-0587,0.56,Moderate Risk (Tier 2),Insufficient Study Volume,Assignment to Peer Collaborative Learning Pod; Bi-Weekly Attendance Ping,High_Risk,64.53,64,11,90,1,59,360.54,Low,Low,Yes,8,Low,Yes,Low,High,Public,Positive,4,No,High School,Near,Male,High_Risk,1.8,180,1.44
ST-0437,0.56,Moderate Risk (Tier 2),Severe Attendance Deficit,Assignment to Peer Collaborative Learning Pod; Bi-Weekly Attendance Ping,High_Risk,65.03,65,25,63,1,89,1236.04,Medium,Low,No,6,High,Yes,Medium,High,Private,Neutral,4,No,High School,Moderate,Male,High_Risk,1.8,126,3.86
ST-0751,0.56,Moderate Risk (Tier 2),Severe Attendance Deficit,Assignment to Peer Collaborative Learning Pod; Bi-Weekly Attendance Ping,High_Risk,64.47,65,22,64,2,65,794.4,Medium,Medium,No,8,Low,Yes,Medium,Medium,Private,Neutral,4,No,Postgraduate,Near,Female,High_Risk,1.8,192,2.89
ST-0360,0.56,Moderate Risk (Tier 2),Multivariate Risk Factor,Assignment to Peer Collaborative Learning Pod; Bi-Weekly Attendance Ping,High_Risk,66.16,64,18,73,0,75,749.96,Medium,Medium,Yes,8,Medium,Yes,High,Medium,Public,Neutral,1,Yes,College,Near,Female,High_Risk,1.8,73,2.0
ST-0701,0.56,Moderate Risk (Tier 2),Insufficient Study Volume,Assignment to Peer Collaborative Learning Pod; Bi-Weekly Attendance Ping,High_Risk,64.03,65,10,75,3,81,289.28,High,Medium,No,9,Medium,Yes,Low,High,Public,Negative,5,No,High School,Near,Female,High_Risk,2.8,300,1.6
ST-0837,0.56,Moderate Risk (Tier 2),Insufficient Study Volume,Assignment to Peer Collaborative Learning Pod; Bi-Weekly Attendance Ping,High_Risk,64.78,62,17,72,3,83,1763.53,Low,Medium,No,7,Low,Yes,Medium,High,Public,Negative,3,Yes,Unknown,Far,Female,High_Risk,0.8,288,2.88
ST-0887,0.56,Moderate Risk (Tier 2),Insufficient Study Volume,Assignment to Peer Collaborative Learning Pod; Bi-Weekly Attendance Ping,High_Risk,65.25,65,17,81,0,64,388.56,High,Medium,No,9,Medium,Yes,High,Medium,Public,Positive,3,Yes,High School,Far,Male,High_Risk,2.8,81,1.7
ST-0459,0.56,Moderate Risk (Tier 2),Severe Attendance Deficit,Assignment to Peer Collaborative Learning Pod; Bi-Weekly Attendance Ping,High_Risk,65.14,65,22,64,3,62,1704.79,Medium,Medium,Yes,7,Medium,Yes,Low,Medium,Private,Neutral,4,No,Postgraduate,Moderate,Female,High_Risk,0.8,256,3.5
ST-0288,0.56,Moderate Risk (Tier 2),Severe Attendance Deficit,Assignment to Peer Collaborative Learning Pod; Bi-Weekly Attendance Ping,High_Risk,64.58,65,25,69,1,63,562.48,Low,Medium,Yes,5,Medium,Yes,High,Medium,Private,Neutral,2,No,High School,Near,Male,High_Risk,2.8,138,4.5
ST-0036,0.55,Moderate Risk (Tier 2),Insufficient Study Volume,Assignment to Peer Collaborative Learning Pod; Bi-Weekly Attendance Ping,High_Risk,64.88,65,12,89,2,59,186.31,High,Low,Yes,4,Low,Yes,Low,High,Public,Negative,4,No,High School,Near,Male,High_Risk,3.8,267,3.2
ST-0946,0.55,Moderate Risk (Tier 2),Severe Attendance Deficit,Assignment to Peer Collaborative Learning Pod; Bi-Weekly Attendance Ping,High_Risk,63.72,64,15,67,0,94,503.55,Medium,Low,Yes,9,Medium,Yes,Medium,Medium,Public,Positive,4,No,Postgraduate,Near,Male,High_Risk,2.8,67,1.5
ST-1098,0.55,Moderate Risk (Tier 2),Severe Attendance Deficit,Assignment to Peer Collaborative Learning Pod; Bi-Weekly Attendance Ping,High_Risk,64.88,66,23,60,1,69,881.62,High,Medium,Yes,8,Medium,Yes,Low,Medium,Private,Positive,4,No,College,Near,Male,Normal,1.8,120,2.78
ST-0147,0.55,Moderate Risk (Tier 2),Lack of Tutoring Support,Assignment to Peer Collaborative Learning Pod; Bi-Weekly Attendance Ping,High_Risk,64.78,64,18,74,0,65,649.96,Medium,Low,No,8,High,Yes,Medium,High,Public,Positive,4,No,College,Moderate,Female,High_Risk,1.8,74,2.0
ST-0987,0.55,Moderate Risk (Tier 2),Severe Attendance Deficit,Assignment to Peer Collaborative Learning Pod; Bi-Weekly Attendance Ping,High_Risk,66.86,65,31,65,1,71,2750.91,Medium,Low,Yes,7,Medium,Yes,Low,Medium,Public,Neutral,4,No,High School,Moderate,Male,High_Risk,0.8,130,4.12
ST-0274,0.55,Moderate Risk (Tier 2),Severe Attendance Deficit,Assignment to Peer Collaborative Learning Pod; Bi-Weekly Attendance Ping,High_Risk,65.27,65,27,64,0,67,1004.94,Medium,High,No,8,Medium,Yes,Low,Medium,Public,Positive,3,No,High School,Near,Male,High_Risk,1.8,64,3.0
ST-1288,0.55,Moderate Risk (Tier 2),Severe Attendance Deficit,Assignment to Peer Collaborative Learning Pod; Bi-Weekly Attendance Ping,High_Risk,65.58,64,25,65,1,94,2937.13,Medium,Low,No,7,Low,Yes,Low,High,Public,Positive,3,No,High School,Far,Male,High_Risk,0.8,130,3.38
ST-0540,0.55,Moderate Risk (Tier 2),Multivariate Risk Factor,Assignment to Peer Collaborative Learning Pod; Bi-Weekly Attendance Ping,High_Risk,65.31,65,18,72,1,79,789.96,Low,Medium,Yes,8,Medium,Yes,Medium,High,Public,Positive,4,No,High School,Moderate,Male,High_Risk,1.8,144,2.22
ST-0625,0.55,Moderate Risk (Tier 2),Circadian Irregularity,Assignment to Peer Collaborative Learning Pod; Bi-Weekly Attendance Ping,High_Risk,65.26,63,19,76,1,70,349.99,Low,High,Yes,10,Low,Yes,Low,Medium,Public,Negative,3,No,College,Far,Female,High_Risk,3.8,152,1.91
ST-0327,0.55,Moderate Risk (Tier 2),Severe Attendance Deficit,Assignment to Peer Collaborative Learning Pod; Bi-Weekly Attendance Ping,High_Risk,66.76,66,21,68,1,79,592.48,Medium,Medium,No,9,Low,Yes,High,High,Private,Negative,4,No,Postgraduate,Moderate,Female,Normal,2.8,136,2.3
ST-1183,0.54,Moderate Risk (Tier 2),Severe Attendance Deficit,Assignment to Peer Collaborative Learning Pod; Bi-Weekly Attendance Ping,High_Risk,64.93,64,19,67,0,92,624.26,Low,Medium,No,5,High,Yes,Medium,Medium,Public,Positive,3,No,College,Near,Male,High_Risk,2.8,67,3.17
ST-0767,0.54,Moderate Risk (Tier 2),Insufficient Study Volume,Assignment to Peer Collaborative Learning Pod; Bi-Weekly Attendance Ping,High_Risk,65.17,66,16,74,4,74,1479.82,Medium,High,Yes,7,Low,Yes,Low,Low,Private,Positive,3,No,High School,Near,Male,Normal,0.8,370,3.0
ST-0511,0.54,Moderate Risk (Tier 2),Insufficient Study Volume,Assignment to Peer Collaborative Learning Pod; Bi-Weekly Attendance Ping,High_Risk,65.27,64,13,85,0,84,1364.83,Low,High,Yes,7,Medium,No,Low,Medium,Public,Neutral,5,No,High School,Moderate,Female,High_Risk,0.8,85,1.62
ST-0030,0.54,Moderate Risk (Tier 2),Severe Attendance Deficit,Assignment to Peer Collaborative Learning Pod; Bi-Weekly Attendance Ping,High_Risk,64.8,64,26,61,2,70,1011.05,Medium,Low,Yes,6,Medium,Yes,Low,Medium,Public,Positive,3,No,High School,Moderate,Female,High_Risk,1.8,183,4.29
ST-0467,0.54,Moderate Risk (Tier 2),Severe Attendance Deficit,Assignment to Peer Collaborative Learning Pod; Bi-Weekly Attendance Ping,High_Risk,66.32,65,29,61,1,74,2682.16,Low,Medium,Yes,7,High,Yes,Medium,Medium,Public,Neutral,3,No,Postgraduate,Moderate,Male,High_Risk,0.8,122,3.88
ST-0191,0.54,Moderate Risk (Tier 2),Insufficient Study Volume,Assignment to Peer Collaborative Learning Pod; Bi-Weekly Attendance Ping,High_Risk,65.88,64,15,84,1,55,458.31,Medium,High,No,6,Low,Yes,Medium,Medium,Private,Negative,2,No,High School,Near,Male,High_Risk,1.8,168,2.43
ST-0098,0.54,Moderate Risk (Tier 2),Severe Attendance Deficit,Assignment to Peer Collaborative Learning Pod; Bi-Weekly Attendance Ping,High_Risk,65.12,65,18,62,3,98,979.95,Medium,High,No,6,Low,Yes,Medium,Medium,Private,Neutral,1,No,College,Near,Male,High_Risk,1.8,248,3.43
ST-0716,0.54,Moderate Risk (Tier 2),Insufficient Study Volume,Assignment to Peer Collaborative Learning Pod; Bi-Weekly Attendance Ping,High_Risk,64.82,64,11,85,0,92,266.31,Medium,Low,Yes,4,Low,Yes,Medium,High,Public,Neutral,1,No,College,Near,Male,High_Risk,3.8,85,2.2
ST-0167,0.54,Moderate Risk (Tier 2),Multivariate Risk Factor,Assignment to Peer Collaborative Learning Pod; Bi-Weekly Attendance Ping,High_Risk,64.72,64,22,72,2,67,818.84,Low,Low,Yes,8,High,Yes,Medium,Medium,Public,Negative,4,No,College,Far,Male,High_Risk,1.8,216,2.89
ST-0678,0.53,Moderate Risk (Tier 2),Insufficient Study Volume,Assignment to Peer Collaborative Learning Pod; Bi-Weekly Attendance Ping,High_Risk,65.1,64,14,84,1,61,474.42,Low,High,No,6,Low,Yes,High,Medium,Public,Positive,2,No,College,Far,Male,High_Risk,1.8,168,2.29
ST-0735,0.53,Moderate Risk (Tier 2),Insufficient Study Volume,Assignment to Peer Collaborative Learning Pod; Bi-Weekly Attendance Ping,High_Risk,65.68,63,17,73,2,68,412.84,Low,Medium,Yes,9,Low,Yes,Medium,Medium,Public,Positive,3,Yes,College,Near,Female,High_Risk,2.8,219,2.1
ST-0822,0.53,Moderate Risk (Tier 2),Low Academic Motivation,Assignment to Peer Collaborative Learning Pod; Bi-Weekly Attendance Ping,High_Risk,64.93,66,20,75,1,67,1674.79,High,Medium,Yes,7,Low,Yes,Low,Medium,Private,Positive,4,No,High School,Near,Female,Normal,0.8,150,2.75
ST-0234,0.53,Moderate Risk (Tier 2),Insufficient Study Volume,Assignment to Peer Collaborative Learning Pod; Bi-Weekly Attendance Ping,High_Risk,64.76,65,14,80,0,61,474.42,High,Low,Yes,6,Medium,Yes,Medium,High,Public,Neutral,4,No,College,Moderate,Female,High_Risk,1.8,80,2.0
ST-0121,0.53,Moderate Risk (Tier 2),Insufficient Study Volume,Assignment to Peer Collaborative Learning Pod; Bi-Weekly Attendance Ping,High_Risk,65.54,64,17,73,4,58,547.75,Medium,Low,No,6,Medium,Yes,Medium,Medium,Public,Positive,1,No,College,Near,Male,High_Risk,1.8,365,3.57
ST-1215,0.53,Moderate Risk (Tier 2),Severe Attendance Deficit,Assignment to Peer Collaborative Learning Pod; Bi-Weekly Attendance Ping,High_Risk,65.1,65,19,65,2,95,644.62,Low,Medium,Yes,5,Medium,Yes,Medium,High,Private,Neutral,4,No,College,Near,Male,High_Risk,2.8,195,3.83
ST-0133,0.52,Moderate Risk (Tier 2),Severe Attendance Deficit,Assignment to Peer Collaborative Learning Pod; Bi-Weekly Attendance Ping,High_Risk,65.53,65,20,68,0,89,2224.72,Medium,Medium,Yes,7,Medium,Yes,Medium,High,Private,Positive,3,No,High School,Far,Female,High_Risk,0.8,68,2.5
ST-0060,0.52,Moderate Risk (Tier 2),Severe Attendance Deficit,Assignment to Peer Collaborative Learning Pod; Bi-Weekly Attendance Ping,High_Risk,66.35,65,22,66,3,74,581.41,Medium,Low,Yes,9,Medium,Yes,Low,High,Public,Negative,3,No,Postgraduate,Near,Female,High_Risk,2.8,264,2.8
ST-0631,0.52,Moderate Risk (Tier 2),Insufficient Study Volume,Assignment to Peer Collaborative Learning Pod; Bi-Weekly Attendance Ping,High_Risk,65.97,64,16,82,0,83,737.74,Low,Medium,No,6,Medium,Yes,Medium,Medium,Public,Negative,2,No,High School,Near,Female,High_Risk,1.8,82,2.29
ST-0662,0.52,Moderate Risk (Tier 2),Low Academic Motivation,Assignment to Peer Collaborative Learning Pod; Bi-Weekly Attendance Ping,High_Risk,64.65,65,19,73,1,64,675.52,Medium,Medium,Yes,6,Low,Yes,High,Medium,Public,Positive,3,No,College,Moderate,Female,High_Risk,1.8,146,3.0
ST-0462,0.52,Moderate Risk (Tier 2),Multivariate Risk Factor,Assignment to Peer Collaborative Learning Pod; Bi-Weekly Attendance Ping,High_Risk,66.31,65,26,73,1,72,2339.71,Low,High,No,7,Medium,Yes,Low,Low,Private,Neutral,3,No,College,Far,Male,High_Risk,0.8,146,3.5
ST-1091,0.52,Moderate Risk (Tier 2),Low Academic Motivation,Assignment to Peer Collaborative Learning Pod; Bi-Weekly Attendance Ping,High_Risk,65.52,64,18,82,1,52,1169.85,High,Low,No,7,Low,Yes,Low,Medium,Public,Negative,4,No,High School,Near,Female,High_Risk,0.8,164,2.5
ST-1170,0.52,Moderate Risk (Tier 2),Insufficient Study Volume,Assignment to Peer Collaborative Learning Pod; Bi-Weekly Attendance Ping,High_Risk,66.18,65,14,78,0,76,1329.83,High,Medium,Yes,7,Medium,Yes,High,Medium,Public,Negative,2,Yes,College,Near,Female,High_Risk,0.8,78,1.75
ST-0429,0.51,Moderate Risk (Tier 2),Severe Attendance Deficit,Assignment to Peer Collaborative Learning Pod; Bi-Weekly Attendance Ping,High_Risk,64.78,64,22,62,2,87,2392.2,Low,Medium,Yes,7,Medium,Yes,High,Low,Public,Neutral,3,No,High School,Near,Female,High_Risk,0.8,186,3.25
ST-0312,0.51,Moderate Risk (Tier 2),Severe Attendance Deficit,Assignment to Peer Collaborative Learning Pod; Bi-Weekly Attendance Ping,High_Risk,66.2,65,22,71,2,98,2694.66,Medium,Low,Yes,7,Low,Yes,Low,High,Public,Neutral,2,No,High School,Moderate,Female,High_Risk,0.8,213,3.25
ST-1081,0.51,Moderate Risk (Tier 2),Insufficient Study Volume,Assignment to Peer Collaborative Learning Pod; Bi-Weekly Attendance Ping,High_Risk,65.38,64,15,78,0,81,1518.56,Medium,Medium,Yes,7,Medium,Yes,Medium,Low,Public,Neutral,2,No,High School,Near,Male,High_Risk,0.8,78,1.88
ST-0206,0.51,Moderate Risk (Tier 2),Severe Attendance Deficit,Assignment to Peer Collaborative Learning Pod; Bi-Weekly Attendance Ping,High_Risk,65.03,66,18,66,2,86,407.36,Medium,High,Yes,4,Medium,Yes,Medium,Medium,Public,Negative,4,No,College,Near,Female,Normal,3.8,198,4.4
ST-1171,0.5,Moderate Risk (Tier 2),Severe Attendance Deficit,Assignment to Peer Collaborative Learning Pod; Bi-Weekly Attendance Ping,High_Risk,65.53,64,24,68,1,80,1066.61,Low,Medium,Yes,8,Medium,No,Low,Low,Public,Positive,4,No,Postgraduate,Moderate,Male,High_Risk,1.8,136,2.89
ST-0628,0.5,Moderate Risk (Tier 2),Insufficient Study Volume,Assignment to Peer Collaborative Learning Pod; Bi-Weekly Attendance Ping,High_Risk,65.25,64,11,84,1,81,318.2,High,Medium,No,5,Low,Yes,Low,Medium,Private,Negative,3,No,High School,Moderate,Female,High_Risk,2.8,168,2.17
ST-0354,0.5,Moderate Risk (Tier 2),Low Academic Motivation,Assignment to Peer Collaborative Learning Pod; Bi-Weekly Attendance Ping,High_Risk,66.0,65,20,76,2,94,1044.39,Medium,Medium,No,6,Low,Yes,Low,High,Public,Neutral,3,Yes,High School,Moderate,Male,High_Risk,1.8,228,3.43
ST-1275,0.5,Moderate Risk (Tier 2),Circadian Irregularity,Assignment to Peer Collaborative Learning Pod; Bi-Weekly Attendance Ping,High_Risk,66.75,63,24,73,1,50,428.56,Medium,Medium,Yes,5,Low,Yes,Low,Medium,Public,Negative,2,No,High School,Near,Male,High_Risk,2.8,146,4.33
ST-0210,0.5,Moderate Risk (Tier 2),Insufficient Study Volume,Assignment to Peer Collaborative Learning Pod; Bi-Weekly Attendance Ping,High_Risk,64.44,64,9,87,1,64,319.98,Low,Medium,Yes,6,Medium,Yes,High,Medium,Public,Neutral,2,No,High School,Near,Female,High_Risk,1.8,174,1.57
ST-0528,0.5,Moderate Risk (Tier 2),Severe Attendance Deficit,Assignment to Peer Collaborative Learning Pod; Bi-Weekly Attendance Ping,High_Risk,65.55,65,22,65,2,91,1112.16,High,Low,No,8,Medium,Yes,High,Medium,Public,Negative,2,No,College,Moderate,Female,High_Risk,1.8,195,2.89
ST-0897,0.5,Moderate Risk (Tier 2),Severe Attendance Deficit,Assignment to Peer Collaborative Learning Pod; Bi-Weekly Attendance Ping,High_Risk,64.76,66,22,64,1,77,445.78,High,Medium,Yes,10,Medium,Yes,Low,High,Public,Positive,3,No,High School,Moderate,Male,Normal,3.8,128,2.18
ST-0694,0.5,Moderate Risk (Tier 2),Insufficient Study Volume,Assignment to Peer Collaborative Learning Pod; Bi-Weekly Attendance Ping,High_Risk,65.47,66,16,73,3,75,666.63,Medium,Medium,Yes,6,High,Yes,Medium,Medium,Public,Positive,3,No,High School,Moderate,Female,Normal,1.8,292,3.14
ST-0334,0.5,Moderate Risk (Tier 2),Severe Attendance Deficit,Assignment to Peer Collaborative Learning Pod; Bi-Weekly Attendance Ping,High_Risk,65.16,66,22,60,2,89,1087.72,High,Medium,Yes,8,Medium,Yes,Medium,High,Private,Neutral,4,No,College,Moderate,Male,Normal,1.8,180,2.89
ST-0992,0.5,Moderate Risk (Tier 2),Severe Attendance Deficit,Assignment to Peer Collaborative Learning Pod; Bi-Weekly Attendance Ping,High_Risk,66.25,64,18,71,1,92,435.78,High,Low,Yes,4,Medium,Yes,Low,Medium,Public,Negative,4,Yes,College,Near,Female,High_Risk,3.8,142,4.0
ST-0795,0.5,Moderate Risk (Tier 2),Severe Attendance Deficit,Assignment to Peer Collaborative Learning Pod; Bi-Weekly Attendance Ping,High_Risk,65.35,66,19,67,1,77,522.48,Medium,High,No,5,Medium,Yes,Medium,High,Private,Negative,4,No,Postgraduate,Near,Male,Normal,2.8,134,3.5
ST-0878,0.5,Moderate Risk (Tier 2),Insufficient Study Volume,Assignment to Peer Collaborative Learning Pod; Bi-Weekly Attendance Ping,High_Risk,65.71,65,17,78,0,88,831.06,Medium,High,No,8,Medium,Yes,Low,Medium,Public,Negative,3,No,High School,Near,Female,High_Risk,1.8,78,1.89
ST-0253,0.49,Moderate Risk (Tier 2),Severe Attendance Deficit,Assignment to Peer Collaborative Learning Pod; Bi-Weekly Attendance Ping,High_Risk,65.79,65,22,63,3,99,2722.16,Medium,Medium,Yes,7,Low,Yes,Medium,Medium,Private,Neutral,4,No,High School,Moderate,Male,High_Risk,0.8,252,3.5
ST-0137,0.49,Moderate Risk (Tier 2),Insufficient Study Volume,Assignment to Peer Collaborative Learning Pod; Bi-Weekly Attendance Ping,High_Risk,64.89,64,9,78,3,98,1102.36,Medium,Medium,No,7,Low,Yes,Low,Medium,Public,Positive,2,No,High School,Near,Male,High_Risk,0.8,312,1.88
ST-0487,0.49,Moderate Risk (Tier 2),Severe Attendance Deficit,Assignment to Peer Collaborative Learning Pod; Bi-Weekly Attendance Ping,High_Risk,65.28,66,22,65,2,85,1038.83,Low,High,Yes,6,Medium,Yes,High,Medium,Public,Positive,3,Yes,Postgraduate,Near,Female,Normal,1.8,195,3.71
ST-0601,0.49,Moderate Risk (Tier 2),Severe Attendance Deficit,Assignment to Peer Collaborative Learning Pod; Bi-Weekly Attendance Ping,High_Risk,67.21,66,22,64,5,77,445.78,Medium,Medium,Yes,10,High,Yes,Medium,Medium,Public,Neutral,3,Yes,High School,Near,Male,Normal,3.8,384,2.91
ST-0434,0.49,Moderate Risk (Tier 2),Insufficient Study Volume,Assignment to Peer Collaborative Learning Pod; Bi-Weekly Attendance Ping,High_Risk,65.97,65,16,82,1,64,269.47,High,Low,No,4,Low,Yes,Medium,Unknown,Private,Neutral,2,No,Postgraduate,Moderate,Male,High_Risk,3.8,164,3.6
ST-1267,0.49,Moderate Risk (Tier 2),Severe Attendance Deficit,Assignment to Peer Collaborative Learning Pod; Bi-Weekly Attendance Ping,High_Risk,65.92,66,18,71,3,62,619.97,Low,Medium,Yes,8,Medium,Yes,High,High,Public,Positive,2,No,College,Near,Male,Normal,1.8,284,2.67
ST-1115,0.49,Moderate Risk (Tier 2),Insufficient Study Volume,Assignment to Peer Collaborative Learning Pod; Bi-Weekly Attendance Ping,High_Risk,64.72,65,9,89,1,68,161.05,Medium,Low,No,10,High,Yes,High,High,Public,Negative,3,No,High School,Near,Female,High_Risk,3.8,178,1.0
ST-0787,0.49,Moderate Risk (Tier 2),Severe Attendance Deficit,Assignment to Peer Collaborative Learning Pod; Bi-Weekly Attendance Ping,High_Risk,65.68,65,23,68,1,80,1022.17,Medium,Medium,Yes,8,Medium,Yes,Medium,Low,Public,Neutral,1,No,High School,Near,Female,High_Risk,1.8,136,2.78
ST-0892,0.49,Moderate Risk (Tier 2),Multivariate Risk Factor,Assignment to Peer Collaborative Learning Pod; Bi-Weekly Attendance Ping,High_Risk,65.98,65,21,82,3,54,629.97,Low,Low,Yes,6,High,Yes,Low,Medium,Public,Negative,2,No,College,Moderate,Male,High_Risk,1.8,328,3.86
ST-0911,0.48,Moderate Risk (Tier 2),Severe Attendance Deficit,Assignment to Peer Collaborative Learning Pod; Bi-Weekly Attendance Ping,High_Risk,66.51,65,28,61,1,86,1337.7,Medium,High,No,6,High,Yes,Low,Medium,Private,Negative,3,Yes,Postgraduate,Far,Male,High_Risk,1.8,122,4.29
ST-1142,0.48,Moderate Risk (Tier 2),Severe Attendance Deficit,Assignment to Peer Collaborative Learning Pod; Bi-Weekly Attendance Ping,High_Risk,66.24,65,30,66,2,53,883.28,Medium,High,No,6,Low,No,Low,Medium,Public,Positive,2,No,High School,Near,Male,High_Risk,1.8,198,4.86
ST-0043,0.48,Moderate Risk (Tier 2),Lack of Tutoring Support,Assignment to Peer Collaborative Learning Pod; Bi-Weekly Attendance Ping,High_Risk,64.18,64,20,79,0,59,655.52,Low,Medium,Yes,6,Medium,Yes,Low,Medium,Public,Positive,2,No,High School,Moderate,Male,High_Risk,1.8,79,2.86
ST-1125,0.48,Moderate Risk (Tier 2),Severe Attendance Deficit,Assignment to Peer Collaborative Learning Pod; Bi-Weekly Attendance Ping,High_Risk,65.44,67,22,64,3,73,892.17,Medium,Medium,No,6,High,Yes,Medium,Medium,Public,Positive,4,No,Postgraduate,Moderate,Female,Normal,1.8,256,4.0
ST-0685,0.48,Moderate Risk (Tier 2),Severe Attendance Deficit,Assignment to Peer Collaborative Learning Pod; Bi-Weekly Attendance Ping,High_Risk,65.26,65,23,63,2,93,763.9,Low,Medium,Yes,9,Medium,Yes,Medium,High,Private,Positive,2,No,High School,Far,Male,High_Risk,2.8,189,2.7
ST-0829,0.48,Moderate Risk (Tier 2),Insufficient Study Volume,Assignment to Peer Collaborative Learning Pod; Bi-Weekly Attendance Ping,High_Risk,64.97,66,9,86,0,65,324.98,High,Medium,No,8,High,Yes,Medium,Medium,Public,Positive,3,No,College,Near,Female,Normal,1.8,86,1.0
ST-0302,0.48,Moderate Risk (Tier 2),Insufficient Study Volume,Assignment to Peer Collaborative Learning Pod; Bi-Weekly Attendance Ping,High_Risk,64.06,64,9,82,2,86,429.98,High,Low,Yes,6,Medium,Yes,Low,High,Private,Negative,2,No,College,Far,Female,High_Risk,1.8,246,1.86
ST-0011,0.48,Moderate Risk (Tier 2),Severe Attendance Deficit,Assignment to Peer Collaborative Learning Pod; Bi-Weekly Attendance Ping,High_Risk,65.34,65,20,70,2,84,2099.74,Medium,Medium,Yes,7,Low,No,Medium,High,Private,Neutral,4,No,College,Far,Male,High_Risk,0.8,210,3.0
ST-1176,0.48,Moderate Risk (Tier 2),Low Academic Motivation,Assignment to Peer Collaborative Learning Pod; Bi-Weekly Attendance Ping,High_Risk,65.18,65,18,73,3,88,879.95,Low,Medium,Yes,8,Low,Yes,Low,Medium,Public,Positive,4,No,College,Moderate,Male,High_Risk,1.8,292,2.67
ST-1162,0.47,Moderate Risk (Tier 2),Severe Attendance Deficit,Assignment to Peer Collaborative Learning Pod; Bi-Weekly Attendance Ping,High_Risk,66.28,65,21,71,1,79,921.62,Medium,Medium,Yes,6,Medium,Yes,Low,Medium,Private,Neutral,4,No,Postgraduate,Far,Male,High_Risk,1.8,142,3.29
ST-0719,0.47,Moderate Risk (Tier 2),Insufficient Study Volume,Assignment to Peer Collaborative Learning Pod; Bi-Weekly Attendance Ping,High_Risk,65.73,64,14,87,0,74,575.52,Medium,Low,Yes,8,Medium,Yes,Medium,High,Public,Neutral,3,Yes,College,Moderate,Male,High_Risk,1.8,87,1.56
ST-0416,0.47,Moderate Risk (Tier 2),Severe Attendance Deficit,Assignment to Peer Collaborative Learning Pod; Bi-Weekly Attendance Ping,High_Risk,66.58,67,32,65,1,57,479.99,High,Medium,No,10,Medium,Yes,High,Medium,Private,Negative,2,No,High School,Near,Female,Normal,3.8,130,3.09
ST-0839,0.47,Moderate Risk (Tier 2),Severe Attendance Deficit,Assignment to Peer Collaborative Learning Pod; Bi-Weekly Attendance Ping,High_Risk,65.33,66,20,68,2,76,844.4,High,High,No,6,Low,Yes,Medium,Medium,Public,Neutral,3,No,High School,Near,Female,Normal,1.8,204,3.43
ST-0734,0.47,Moderate Risk (Tier 2),Insufficient Study Volume,Assignment to Peer Collaborative Learning Pod; Bi-Weekly Attendance Ping,High_Risk,64.47,66,11,81,3,63,866.14,Low,High,Yes,7,Medium,Yes,Medium,Medium,Public,Neutral,2,No,Postgraduate,Near,Male,Normal,0.8,324,2.12
ST-0037,0.47,Moderate Risk (Tier 2),Insufficient Study Volume,Assignment to Peer Collaborative Learning Pod; Bi-Weekly Attendance Ping,High_Risk,64.88,66,7,72,4,94,173.15,Medium,Medium,Yes,4,Medium,Yes,Medium,Medium,Private,Positive,4,No,Postgraduate,Near,Male,Normal,3.8,360,3.0
ST-0081,0.47,Moderate Risk (Tier 2),Severe Attendance Deficit,Assignment to Peer Collaborative Learning Pod; Bi-Weekly Attendance Ping,High_Risk,65.55,65,22,65,3,95,2612.17,Medium,Medium,Yes,7,Low,Yes,Low,Medium,Public,Positive,2,No,High School,Moderate,Female,High_Risk,0.8,260,3.5
ST-1190,0.47,Moderate Risk (Tier 2),Circadian Irregularity,Assignment to Peer Collaborative Learning Pod; Bi-Weekly Attendance Ping,High_Risk,69.92,65,22,73,4,58,455.7,Medium,Low,Yes,5,Medium,Yes,Low,Medium,Public,Positive,3,Yes,College,Near,Female,High_Risk,2.8,365,5.0
ST-0232,0.47,Moderate Risk (Tier 2),Severe Attendance Deficit,Assignment to Peer Collaborative Learning Pod; Bi-Weekly Attendance Ping,High_Risk,65.39,67,22,61,3,80,2199.73,High,Medium,Yes,7,High,Yes,Medium,High,Public,Neutral,3,No,Postgraduate,Moderate,Male,Normal,0.8,244,3.5
ST-1273,0.47,Moderate Risk (Tier 2),Low Academic Motivation,Assignment to Peer Collaborative Learning Pod; Bi-Weekly Attendance Ping,High_Risk,65.88,66,19,80,1,69,728.29,High,Medium,Yes,6,Low,Yes,Low,Low,Private,Neutral,4,Yes,College,Near,Male,Normal,1.8,160,3.0
ST-1208,0.47,Moderate Risk (Tier 2),Severe Attendance Deficit,Assignment to Peer Collaborative Learning Pod; Bi-Weekly Attendance Ping,High_Risk,65.76,66,16,68,1,77,684.41,Medium,High,Yes,8,Medium,Yes,Medium,High,Public,Positive,4,No,Postgraduate,Moderate,Male,Normal,1.8,136,2.0
ST-1210,0.47,Moderate Risk (Tier 2),Insufficient Study Volume,Assignment to Peer Collaborative Learning Pod; Bi-Weekly Attendance Ping,High_Risk,66.34,65,15,78,1,85,1593.55,High,High,No,7,Medium,No,High,Medium,Public,Negative,1,No,High School,Far,Male,High_Risk,0.8,156,2.12
ST-0231,0.47,Moderate Risk (Tier 2),Severe Attendance Deficit,Assignment to Peer Collaborative Learning Pod; Bi-Weekly Attendance Ping,High_Risk,66.44,68,33,64,1,55,1008.28,High,Medium,No,8,Medium,Yes,Medium,High,Public,Neutral,3,No,College,Moderate,Female,Normal,1.8,128,3.89
ST-0111,0.47,Moderate Risk (Tier 2),Insufficient Study Volume,Assignment to Peer Collaborative Learning Pod; Bi-Weekly Attendance Ping,High_Risk,65.56,66,17,74,2,62,1317.34,Medium,Medium,Yes,7,Medium,Yes,High,Medium,Public,Positive,4,No,High School,Near,Male,Normal,0.8,222,2.62
ST-1242,0.47,Moderate Risk (Tier 2),Lack of Tutoring Support,Assignment to Peer Collaborative Learning Pod; Bi-Weekly Attendance Ping,High_Risk,65.53,63,27,72,0,68,483.15,Medium,Low,No,4,Medium,No,Medium,High,Public,Negative,3,Yes,College,Near,Male,High_Risk,3.8,72,5.4
ST-0151,0.47,Moderate Risk (Tier 2),Severe Attendance Deficit,Assignment to Peer Collaborative Learning Pod; Bi-Weekly Attendance Ping,High_Risk,65.47,65,27,61,1,79,1184.93,Medium,Medium,No,6,Medium,Yes,Low,Medium,Public,Positive,3,No,High School,Moderate,Male,High_Risk,1.8,122,4.14
ST-0666,0.46,Moderate Risk (Tier 2),Severe Attendance Deficit,Assignment to Peer Collaborative Learning Pod; Bi-Weekly Attendance Ping,High_Risk,67.51,67,30,64,3,69,2587.18,Medium,Medium,No,7,Medium,Yes,High,Low,Public,Negative,4,No,High School,Near,Female,Normal,0.8,256,4.5
ST-1197,0.46,Moderate Risk (Tier 2),Multivariate Risk Factor,Assignment to Peer Collaborative Learning Pod; Bi-Weekly Attendance Ping,High_Risk,65.83,67,23,72,1,84,1073.27,Low,High,Yes,6,Medium,Yes,High,High,Public,Neutral,2,No,High School,Near,Male,Normal,1.8,144,3.57
ST-0642,0.46,Moderate Risk (Tier 2),Insufficient Study Volume,Assignment to Peer Collaborative Learning Pod; Bi-Weekly Attendance Ping,High_Risk,65.94,67,17,73,1,90,546.41,High,Medium,No,5,High,Yes,Low,Medium,Private,Positive,4,No,High School,Near,Male,Normal,2.8,146,3.17
ST-0465,0.46,Moderate Risk (Tier 2),Severe Attendance Deficit,Assignment to Peer Collaborative Learning Pod; Bi-Weekly Attendance Ping,High_Risk,66.4,66,27,63,1,80,2699.66,High,Medium,Yes,7,Medium,Yes,Low,High,Public,Neutral,4,No,High School,Far,Female,Normal,0.8,126,3.62
ST-1191,0.46,Moderate Risk (Tier 2),Severe Attendance Deficit,Assignment to Peer Collaborative Learning Pod; Bi-Weekly Attendance Ping,High_Risk,67.53,66,19,64,3,94,992.17,Medium,High,No,8,Medium,Yes,Medium,High,Private,Neutral,3,Yes,Postgraduate,Near,Female,Normal,1.8,256,2.78
ST-1113,0.46,Moderate Risk (Tier 2),Severe Attendance Deficit,Assignment to Peer Collaborative Learning Pod; Bi-Weekly Attendance Ping,High_Risk,67.03,66,30,66,0,61,2287.21,Medium,High,No,7,Low,Yes,High,High,Private,Positive,2,No,High School,Far,Male,Normal,0.8,66,3.75
ST-0184,0.46,Moderate Risk (Tier 2),Circadian Irregularity,Assignment to Peer Collaborative Learning Pod; Bi-Weekly Attendance Ping,High_Risk,70.58,66,21,73,5,56,419.99,Medium,Medium,No,5,Medium,Yes,High,Medium,Private,Neutral,3,No,High School,Moderate,Male,Normal,2.8,438,5.17
ST-0656,0.45,Moderate Risk (Tier 2),Severe Attendance Deficit,Assignment to Peer Collaborative Learning Pod; Bi-Weekly Attendance Ping,High_Risk,67.4,67,35,68,0,64,799.97,Low,High,Yes,5,Medium,Yes,High,Low,Public,Positive,4,Yes,High School,Near,Male,Normal,2.8,68,5.83
ST-0531,0.45,Moderate Risk (Tier 2),Lack of Tutoring Support,Assignment to Peer Collaborative Learning Pod; Bi-Weekly Attendance Ping,High_Risk,65.6,64,21,77,0,58,1522.31,Medium,Low,Yes,7,Medium,Yes,Low,High,Public,Negative,3,No,College,Near,Male,High_Risk,0.8,77,2.62
ST-0657,0.45,Moderate Risk (Tier 2),Severe Attendance Deficit,Assignment to Peer Collaborative Learning Pod; Bi-Weekly Attendance Ping,High_Risk,66.32,65,21,69,2,92,508.41,Medium,Medium,Yes,10,Low,Yes,Low,Medium,Private,Neutral,3,No,High School,Near,Male,High_Risk,3.8,207,2.27
ST-0588,0.45,Moderate Risk (Tier 2),Severe Attendance Deficit,Assignment to Peer Collaborative Learning Pod; Bi-Weekly Attendance Ping,High_Risk,66.26,66,26,66,2,98,909.97,Low,Medium,Yes,9,Medium,Yes,Low,Medium,Public,Neutral,2,No,College,Near,Male,Normal,2.8,198,3.0
ST-1083,0.45,Moderate Risk (Tier 2),Insufficient Study Volume,Assignment to Peer Collaborative Learning Pod; Bi-Weekly Attendance Ping,High_Risk,66.34,65,9,96,1,75,374.98,Medium,Low,Yes,8,Low,Yes,Low,High,Private,Positive,4,Yes,High School,Near,Female,High_Risk,1.8,192,1.22
ST-1012,0.45,Moderate Risk (Tier 2),Severe Attendance Deficit,Assignment to Peer Collaborative Learning Pod; Bi-Weekly Attendance Ping,High_Risk,65.92,65,24,70,1,71,2129.73,Medium,Medium,Yes,7,Medium,Yes,Medium,Low,Public,Negative,4,No,High School,Near,Male,High_Risk,0.8,140,3.25
ST-0484,0.45,Moderate Risk (Tier 2),Insufficient Study Volume,Assignment to Peer Collaborative Learning Pod; Bi-Weekly Attendance Ping,High_Risk,67.33,65,14,83,0,90,1574.8,Medium,Medium,Yes,7,Medium,Yes,Low,Low,Public,Negative,3,No,College,Near,Female,High_Risk,0.8,83,1.75
ST-0884,0.44,Moderate Risk (Tier 2),Insufficient Study Volume,Assignment to Peer Collaborative Learning Pod; Bi-Weekly Attendance Ping,High_Risk,65.37,65,17,76,4,81,1721.03,Medium,Low,No,7,Low,Yes,High,Medium,Private,Neutral,2,No,High School,Near,Male,High_Risk,0.8,380,3.12
ST-0273,0.44,Moderate Risk (Tier 2),Multivariate Risk Factor,Assignment to Peer Collaborative Learning Pod; Bi-Weekly Attendance Ping,High_Risk,65.02,65,20,77,1,56,622.19,Low,Medium,No,8,Medium,Yes,Medium,High,Public,Positive,4,No,College,Moderate,Male,High_Risk,1.8,154,2.44
ST-0869,0.44,Moderate Risk (Tier 2),Insufficient Study Volume,Assignment to Peer Collaborative Learning Pod; Bi-Weekly Attendance Ping,High_Risk,65.6,64,15,88,1,71,591.63,Low,Low,Yes,8,Medium,No,Low,Low,Private,Positive,2,No,Postgraduate,Moderate,Male,High_Risk,1.8,176,1.89
ST-1040,0.44,Moderate Risk (Tier 2),Insufficient Study Volume,Assignment to Peer Collaborative Learning Pod; Bi-Weekly Attendance Ping,High_Risk,65.08,64,9,91,0,59,139.73,Medium,Medium,No,10,High,Yes,Low,Medium,Private,Positive,2,No,College,Moderate,Male,High_Risk,3.8,91,0.82
ST-0944,0.44,Moderate Risk (Tier 2),Severe Attendance Deficit,Assignment to Peer Collaborative Learning Pod; Bi-Weekly Attendance Ping,High_Risk,64.94,65,23,63,2,76,2184.73,High,Medium,No,7,Medium,Yes,Medium,High,Public,Positive,1,No,High School,Far,Male,High_Risk,0.8,189,3.38
ST-0064,0.44,Moderate Risk (Tier 2),Multivariate Risk Factor,Assignment to Peer Collaborative Learning Pod; Bi-Weekly Attendance Ping,High_Risk,65.69,65,22,73,3,67,1842.27,Low,Medium,Yes,7,Medium,Yes,High,Medium,Private,Positive,2,No,High School,Far,Male,High_Risk,0.8,292,3.5
ST-0005,0.44,Moderate Risk (Tier 2),Insufficient Study Volume,Assignment to Peer Collaborative Learning Pod; Bi-Weekly Attendance Ping,High_Risk,66.15,68,16,79,0,95,844.4,High,Low,Yes,6,Medium,Yes,High,Medium,Public,Neutral,5,No,College,Near,Male,Normal,1.8,79,2.29
ST-0568,0.43,Moderate Risk (Tier 2),Multivariate Risk Factor,Assignment to Peer Collaborative Learning Pod; Bi-Weekly Attendance Ping,High_Risk,65.05,65,20,80,2,59,1474.82,Low,Low,Yes,7,High,Yes,Medium,High,Private,Neutral,3,No,High School,Moderate,Male,High_Risk,0.8,240,3.0
ST-0490,0.43,Moderate Risk (Tier 2),Severe Attendance Deficit,Assignment to Peer Collaborative Learning Pod; Bi-Weekly Attendance Ping,High_Risk,65.67,64,28,61,0,82,1275.48,Low,Low,Yes,6,Low,Yes,Medium,High,Public,Positive,3,No,College,Near,Female,High_Risk,1.8,61,4.0
ST-0825,0.43,Moderate Risk (Tier 2),Severe Attendance Deficit,Assignment to Peer Collaborative Learning Pod; Bi-Weekly Attendance Ping,High_Risk,66.03,66,25,64,2,89,794.61,Medium,High,No,5,Low,Yes,Medium,Medium,Public,Neutral,4,No,College,Far,Male,Normal,2.8,192,4.83
ST-0906,0.43,Moderate Risk (Tier 2),Insufficient Study Volume,Assignment to Peer Collaborative Learning Pod; Bi-Weekly Attendance Ping,High_Risk,65.67,66,12,83,3,61,406.64,Medium,High,No,8,Medium,Yes,High,Medium,Public,Neutral,5,Yes,High School,Near,Male,Normal,1.8,332,2.0
ST-0881,0.43,Moderate Risk (Tier 2),Insufficient Study Volume,Assignment to Peer Collaborative Learning Pod; Bi-Weekly Attendance Ping,High_Risk,66.59,66,14,83,1,84,1469.82,High,Medium,No,7,Medium,Yes,Low,Medium,Public,Neutral,3,No,High School,Near,Female,Normal,0.8,166,2.0
ST-0364,0.43,Moderate Risk (Tier 2),Severe Attendance Deficit,Assignment to Peer Collaborative Learning Pod; Bi-Weekly Attendance Ping,High_Risk,66.42,68,22,70,1,90,707.12,Medium,High,Yes,5,High,Yes,Medium,High,Public,Neutral,3,No,College,Far,Female,Normal,2.8,140,4.0
ST-1009,0.42,Moderate Risk (Tier 2),Insufficient Study Volume,Assignment to Peer Collaborative Learning Pod; Bi-Weekly Attendance Ping,High_Risk,65.68,65,15,79,2,79,311.83,Low,Medium,Yes,10,Medium,Yes,Low,Medium,Private,Neutral,4,No,College,Moderate,Male,High_Risk,3.8,237,1.73
ST-1261,0.42,Moderate Risk (Tier 2),Insufficient Study Volume,Assignment to Peer Collaborative Learning Pod; Bi-Weekly Attendance Ping,High_Risk,66.47,64,7,84,3,100,874.89,Medium,High,Yes,7,Low,Yes,Low,Medium,Private,Negative,4,Yes,High School,Moderate,Male,High_Risk,0.8,336,1.62
ST-1021,0.42,Moderate Risk (Tier 2),Insufficient Study Volume,Assignment to Peer Collaborative Learning Pod; Bi-Weekly Attendance Ping,High_Risk,66.53,66,16,77,1,93,1859.77,Medium,Medium,Yes,7,Medium,Yes,Low,Medium,Public,Positive,2,No,Unknown,Moderate,Male,Normal,0.8,154,2.25
ST-1136,0.42,Moderate Risk (Tier 2),Severe Attendance Deficit,Assignment to Peer Collaborative Learning Pod; Bi-Weekly Attendance Ping,High_Risk,65.72,67,28,65,2,59,589.98,Medium,Medium,Yes,5,High,Yes,Low,Medium,Private,Neutral,5,No,High School,Near,Male,Normal,2.8,195,5.33
ST-1056,0.42,Moderate Risk (Tier 2),Severe Attendance Deficit,Assignment to Peer Collaborative Learning Pod; Bi-Weekly Attendance Ping,High_Risk,65.88,69,16,67,5,87,366.31,Medium,High,Yes,4,High,Yes,High,High,Public,Positive,4,No,College,Near,Male,Normal,3.8,402,5.2
ST-0901,0.42,Moderate Risk (Tier 2),Multivariate Risk Factor,Assignment to Peer Collaborative Learning Pod; Bi-Weekly Attendance Ping,High_Risk,67.86,66,30,72,0,73,2737.16,Medium,Low,No,7,Medium,Yes,High,Medium,Public,Neutral,4,No,High School,Moderate,Male,Normal,0.8,72,3.75
ST-1257,0.42,Moderate Risk (Tier 2),Severe Attendance Deficit,Assignment to Peer Collaborative Learning Pod; Bi-Weekly Attendance Ping,High_Risk,65.76,66,27,64,2,58,869.95,High,Low,Yes,8,Medium,Yes,High,High,Public,Neutral,1,No,Postgraduate,Far,Male,Normal,1.8,192,3.44
ST-0790,0.42,Moderate Risk (Tier 2),Severe Attendance Deficit,Assignment to Peer Collaborative Learning Pod; Bi-Weekly Attendance Ping,High_Risk,68.67,68,33,60,4,85,1558.25,High,High,No,8,Low,Yes,Low,Low,Public,Negative,3,No,High School,Near,Male,Normal,1.8,300,4.56
ST-0969,0.42,Moderate Risk (Tier 2),Insufficient Study Volume,Assignment to Peer Collaborative Learning Pod; Bi-Weekly Attendance Ping,High_Risk,64.92,66,9,84,1,92,1034.87,High,Low,No,7,High,Yes,Low,High,Public,Negative,4,No,Postgraduate,Near,Male,Normal,0.8,168,1.38
ST-0438,0.42,Moderate Risk (Tier 2),Insufficient Study Volume,Assignment to Peer Collaborative Learning Pod; Bi-Weekly Attendance Ping,High_Risk,65.05,64,6,93,0,52,389.95,Medium,Medium,No,7,High,Yes,Medium,Medium,Public,Neutral,2,No,College,Near,Female,High_Risk,0.8,93,0.75
ST-0668,0.42,Moderate Risk (Tier 2),Insufficient Study Volume,Assignment to Peer Collaborative Learning Pod; Bi-Weekly Attendance Ping,High_Risk,65.88,65,14,79,1,70,544.41,Medium,Medium,Yes,6,Medium,Yes,Low,Medium,Public,Positive,6,No,College,Moderate,Male,High_Risk,1.8,158,2.29
ST-0951,0.42,Moderate Risk (Tier 2),Severe Attendance Deficit,Assignment to Peer Collaborative Learning Pod; Bi-Weekly Attendance Ping,High_Risk,69.38,67,22,67,2,58,335.78,High,High,No,10,Medium,Yes,High,Low,Public,Neutral,3,No,Postgraduate,Near,Male,Normal,3.8,201,2.36
ST-0474,0.42,Moderate Risk (Tier 2),Low Academic Motivation,Assignment to Peer Collaborative Learning Pod; Bi-Weekly Attendance Ping,High_Risk,67.16,65,21,76,2,65,758.29,Medium,Medium,Yes,6,Low,Yes,Low,High,Public,Negative,2,No,High School,Near,Female,High_Risk,1.8,228,3.57
ST-0896,0.42,Moderate Risk (Tier 2),Severe Attendance Deficit,Assignment to Peer Collaborative Learning Pod; Bi-Weekly Attendance Ping,High_Risk,65.85,65,27,63,1,80,2699.66,Medium,Low,Yes,7,High,Yes,Medium,High,Private,Neutral,3,No,High School,Moderate,Male,High_Risk,0.8,126,3.62
ST-0313,0.42,Moderate Risk (Tier 2),Insufficient Study Volume,Assignment to Peer Collaborative Learning Pod; Bi-Weekly Attendance Ping,High_Risk,66.47,66,15,77,1,85,708.29,Medium,Medium,Yes,8,High,Yes,Low,Medium,Public,Positive,2,No,Postgraduate,Moderate,Male,Normal,1.8,154,1.89
ST-0569,0.41,Moderate Risk (Tier 2),Multivariate Risk Factor,Assignment to Peer Collaborative Learning Pod; Bi-Weekly Attendance Ping,High_Risk,65.32,65,18,80,2,65,649.96,Medium,Low,Yes,6,Medium,Yes,Low,High,Public,Negative,2,No,College,Unknown,Female,High_Risk,1.8,240,3.14
ST-0261,0.41,Moderate Risk (Tier 2),Severe Attendance Deficit,Assignment to Peer Collaborative Learning Pod; Bi-Weekly Attendance Ping,High_Risk,68.06,68,34,62,3,89,1681.02,High,Low,No,8,Low,Yes,Low,Medium,Private,Neutral,4,No,College,Moderate,Female,Normal,1.8,248,4.44
ST-0282,0.41,Moderate Risk (Tier 2),Insufficient Study Volume,Assignment to Peer Collaborative Learning Pod; Bi-Weekly Attendance Ping,High_Risk,66.17,65,13,93,0,62,287.85,Medium,High,No,9,Low,Yes,Low,Medium,Private,Neutral,3,No,High School,Moderate,Male,High_Risk,2.8,93,1.3
ST-1001,0.41,Moderate Risk (Tier 2),Severe Attendance Deficit,Assignment to Peer Collaborative Learning Pod; Bi-Weekly Attendance Ping,High_Risk,65.41,65,24,70,2,62,531.41,Medium,High,No,5,Medium,Yes,Low,Medium,Private,Negative,4,Yes,College,Near,Male,High_Risk,2.8,210,4.67
ST-0633,0.41,Moderate Risk (Tier 2),Multivariate Risk Factor,Assignment to Peer Collaborative Learning Pod; Bi-Weekly Attendance Ping,High_Risk,65.84,65,18,81,1,73,469.27,Low,Medium,No,9,Medium,Yes,High,Medium,Public,Negative,2,No,High School,Near,Male,High_Risk,2.8,162,2.0
ST-1089,0.41,Moderate Risk (Tier 2),Circadian Irregularity,Assignment to Peer Collaborative Learning Pod; Bi-Weekly Attendance Ping,High_Risk,66.14,65,24,76,1,78,668.55,Low,Medium,No,5,High,Yes,Medium,Medium,Private,Neutral,4,Yes,High School,Moderate,Male,High_Risk,2.8,152,4.33
ST-1231,0.41,Moderate Risk (Tier 2),Insufficient Study Volume,Assignment to Peer Collaborative Learning Pod; Bi-Weekly Attendance Ping,High_Risk,66.03,64,15,86,1,79,1481.06,Medium,Medium,No,7,Medium,Yes,Low,Medium,Public,Neutral,3,Yes,High School,Moderate,Female,High_Risk,0.8,172,2.12
ST-0646,0.41,Moderate Risk (Tier 2),Multivariate Risk Factor,Assignment to Peer Collaborative Learning Pod; Bi-Weekly Attendance Ping,High_Risk,65.75,66,19,74,1,76,1804.77,Medium,Medium,No,7,High,Yes,High,Medium,Public,Neutral,3,No,College,Near,Female,Normal,0.8,148,2.62
ST-0292,0.41,Moderate Risk (Tier 2),Insufficient Study Volume,Assignment to Peer Collaborative Learning Pod; Bi-Weekly Attendance Ping,High_Risk,65.98,64,6,98,1,75,249.99,Medium,Low,No,8,Medium,Yes,High,Medium,Public,Neutral,3,Yes,Postgraduate,Far,Female,High_Risk,1.8,196,0.89
ST-0849,0.41,Moderate Risk (Tier 2),Insufficient Study Volume,Assignment to Peer Collaborative Learning Pod; Bi-Weekly Attendance Ping,High_Risk,68.52,66,14,82,2,96,353.67,High,Medium,No,4,Low,Yes,High,Medium,Private,Negative,4,Yes,High School,Near,Male,Normal,3.8,246,3.6
ST-0340,0.4,Moderate Risk (Tier 2),Multivariate Risk Factor,Assignment to Peer Collaborative Learning Pod; Bi-Weekly Attendance Ping,High_Risk,65.94,66,26,75,1,56,519.98,Low,Medium,Yes,9,Medium,Yes,Low,Medium,Public,Positive,5,No,High School,Moderate,Male,Normal,2.8,150,2.8
ST-1023,0.4,Moderate Risk (Tier 2),Insufficient Study Volume,Assignment to Peer Collaborative Learning Pod; Bi-Weekly Attendance Ping,High_Risk,65.87,67,17,72,3,65,613.85,High,High,Yes,6,Low,Yes,Low,High,Public,Positive,2,No,Postgraduate,Far,Male,Normal,1.8,288,3.29
ST-0385,0.4,Moderate Risk (Tier 2),Severe Attendance Deficit,Assignment to Peer Collaborative Learning Pod; Bi-Weekly Attendance Ping,High_Risk,66.07,67,26,62,2,75,1083.27,High,High,No,8,Medium,Yes,Medium,Medium,Public,Neutral,2,No,College,Moderate,Male,Normal,1.8,186,3.33
ST-0738,0.4,Moderate Risk (Tier 2),Severe Attendance Deficit,Assignment to Peer Collaborative Learning Pod; Bi-Weekly Attendance Ping,High_Risk,67.58,67,30,63,2,97,1039.25,High,Low,No,5,High,Yes,Low,High,Public,Positive,2,Yes,College,Moderate,Female,Normal,2.8,189,5.67
ST-1063,0.4,Moderate Risk (Tier 2),Low Academic Motivation,Assignment to Peer Collaborative Learning Pod; Bi-Weekly Attendance Ping,High_Risk,66.47,67,19,75,1,98,1034.39,High,Medium,No,8,Low,Yes,Low,Medium,Public,Neutral,3,No,Postgraduate,Moderate,Male,Normal,1.8,150,2.33
ST-0800,0.4,Moderate Risk (Tier 2),Insufficient Study Volume,Assignment to Peer Collaborative Learning Pod; Bi-Weekly Attendance Ping,High_Risk,66.92,65,17,77,3,69,651.63,Medium,Medium,Yes,8,Low,Yes,High,Medium,Public,Neutral,3,Yes,Unknown,Near,Male,High_Risk,1.8,308,2.56
ST-0392,0.4,Moderate Risk (Tier 2),Low Academic Motivation,Assignment to Peer Collaborative Learning Pod; Bi-Weekly Attendance Ping,High_Risk,65.46,65,23,75,0,71,907.17,Low,High,No,6,Low,Yes,Medium,Medium,Public,Neutral,2,No,College,Near,Male,High_Risk,1.8,75,3.29
ST-0050,0.4,Moderate Risk (Tier 2),Multivariate Risk Factor,Assignment to Peer Collaborative Learning Pod; Bi-Weekly Attendance Ping,High_Risk,65.61,65,19,76,2,68,717.74,Medium,Low,Yes,6,Medium,Yes,High,Medium,Public,Positive,3,No,High School,Moderate,Female,High_Risk,1.8,228,3.29
ST-0433,0.4,Moderate Risk (Tier 2),Lack of Tutoring Support,Assignment to Peer Collaborative Learning Pod; Bi-Weekly Attendance Ping,High_Risk,67.88,65,22,83,0,53,647.74,Low,High,Yes,8,Medium,No,Low,Low,Public,Negative,2,No,Postgraduate,Near,Female,High_Risk,1.8,83,2.44
ST-1233,0.4,Moderate Risk (Tier 2),Multivariate Risk Factor,Assignment to Peer Collaborative Learning Pod; Bi-Weekly Attendance Ping,High_Risk,65.03,65,18,81,1,64,639.96,Low,Medium,Yes,6,Medium,Yes,Medium,Medium,Public,Positive,4,No,High School,Moderate,Female,High_Risk,1.8,162,2.86
ST-0453,0.4,Moderate Risk (Tier 2),Insufficient Study Volume,Assignment to Peer Collaborative Learning Pod; Bi-Weekly Attendance Ping,High_Risk,65.44,64,9,93,0,66,742.41,High,Low,Yes,7,Medium,Yes,Low,Low,Private,Neutral,2,No,College,Moderate,Male,High_Risk,0.8,93,1.12
ST-0653,0.4,Moderate Risk (Tier 2),Insufficient Study Volume,Assignment to Peer Collaborative Learning Pod; Bi-Weekly Attendance Ping,High_Risk,65.56,66,16,81,1,57,506.64,Medium,Medium,Yes,8,High,Yes,Medium,Medium,Private,Positive,2,No,High School,Near,Male,Normal,1.8,162,2.0
ST-0002,0.4,Moderate Risk (Tier 2),Insufficient Study Volume,Assignment to Peer Collaborative Learning Pod; Bi-Weekly Attendance Ping,High_Risk,66.28,66,11,94,1,61,176.57,High,Low,Yes,10,Medium,Yes,Medium,Low,Public,Neutral,3,No,College,Moderate,Male,Normal,3.8,188,1.18
ST-1093,0.39,Moderate Risk (Tier 2),Insufficient Study Volume,Assignment to Peer Collaborative Learning Pod; Bi-Weekly Attendance Ping,High_Risk,66.12,66,10,98,1,66,173.68,Medium,Low,Yes,10,Low,Yes,Low,High,Public,Negative,2,No,College,Near,Female,Normal,3.8,196,1.09
ST-1080,0.39,Moderate Risk (Tier 2),Insufficient Study Volume,Assignment to Peer Collaborative Learning Pod; Bi-Weekly Attendance Ping,High_Risk,65.69,67,16,73,0,71,631.08,High,High,Yes,6,Medium,Yes,Low,Medium,Public,Positive,4,No,Postgraduate,Near,Male,Normal,1.8,73,2.29
ST-1271,0.39,Moderate Risk (Tier 2),Severe Attendance Deficit,Assignment to Peer Collaborative Learning Pod; Bi-Weekly Attendance Ping,High_Risk,69.73,67,21,70,3,72,839.95,High,High,Yes,8,Low,Yes,Medium,Low,Public,Neutral,1,No,Postgraduate,Moderate,Female,Normal,1.8,280,3.0
ST-0635,0.39,Moderate Risk (Tier 2),Insufficient Study Volume,Assignment to Peer Collaborative Learning Pod; Bi-Weekly Attendance Ping,High_Risk,66.97,64,4,91,3,86,90.52,Medium,Medium,No,4,Low,Yes,Low,Medium,Private,Neutral,4,Yes,College,Moderate,Male,High_Risk,3.8,364,2.0
ST-0762,0.39,Moderate Risk (Tier 2),Insufficient Study Volume,Assignment to Peer Collaborative Learning Pod; Bi-Weekly Attendance Ping,High_Risk,64.18,65,8,86,1,50,222.21,Medium,High,No,6,High,Yes,Medium,Medium,Public,Positive,2,No,College,Near,Male,High_Risk,1.8,172,1.43
ST-0925,0.39,Moderate Risk (Tier 2),Insufficient Study Volume,Assignment to Peer Collaborative Learning Pod; Bi-Weekly Attendance Ping,High_Risk,65.75,65,6,90,2,66,141.42,Medium,Medium,Yes,9,Medium,Yes,Medium,High,Public,Positive,2,No,High School,Far,Male,High_Risk,2.8,270,1.0
ST-0549,0.39,Moderate Risk (Tier 2),Insufficient Study Volume,Assignment to Peer Collaborative Learning Pod; Bi-Weekly Attendance Ping,High_Risk,64.35,65,9,87,1,56,279.98,Medium,Medium,No,8,Medium,Yes,Medium,High,Public,Positive,3,No,College,Moderate,Female,High_Risk,1.8,174,1.22
ST-1130,0.39,Moderate Risk (Tier 2),Insufficient Study Volume,Assignment to Peer Collaborative Learning Pod; Bi-Weekly Attendance Ping,High_Risk,66.01,66,16,78,3,68,1359.83,Medium,Low,Yes,7,High,Yes,Low,High,Private,Positive,3,No,Postgraduate,Far,Female,Normal,0.8,312,2.75
ST-1117,0.38,Moderate Risk (Tier 2),Insufficient Study Volume,Assignment to Peer Collaborative Learning Pod; Bi-Weekly Attendance Ping,High_Risk,65.87,67,13,80,1,94,436.41,Medium,Medium,Yes,5,High,Yes,Medium,Medium,Private,Positive,3,No,High School,Near,Female,Normal,2.8,160,2.5
ST-0570,0.38,Moderate Risk (Tier 2),Insufficient Study Volume,Assignment to Peer Collaborative Learning Pod; Bi-Weekly Attendance Ping,High_Risk,64.44,65,6,80,5,92,197.14,Medium,Medium,Yes,9,Low,Yes,Low,Medium,Public,Neutral,2,No,Postgraduate,Moderate,Male,High_Risk,2.8,480,1.6
ST-0768,0.38,Moderate Risk (Tier 2),Multivariate Risk Factor,Assignment to Peer Collaborative Learning Pod; Bi-Weekly Attendance Ping,High_Risk,65.41,65,18,81,0,71,709.96,High,Low,Yes,8,Medium,Yes,Medium,Medium,Public,Neutral,3,No,High School,Moderate,Female,High_Risk,1.8,81,2.0
ST-0563,0.38,Moderate Risk (Tier 2),Insufficient Study Volume,Assignment to Peer Collaborative Learning Pod; Bi-Weekly Attendance Ping,High_Risk,65.42,67,13,77,2,69,1121.11,High,High,Yes,7,Medium,Yes,Low,High,Private,Neutral,5,No,College,Moderate,Male,Normal,0.8,231,2.12
ST-0609,0.38,Moderate Risk (Tier 2),Insufficient Study Volume,Assignment to Peer Collaborative Learning Pod; Bi-Weekly Attendance Ping,High_Risk,64.74,63,5,88,3,59,368.7,Medium,Medium,No,7,Medium,Yes,Low,Medium,Public,Negative,3,No,College,Near,Female,High_Risk,0.8,352,1.38
