student_id,risk_probability,risk_tier,primary_driver,recommended_intervention,predicted_status,predicted_exam_score,exam_score,hours_studied,attendance,tutoring_sessions,previous_scores,study_efficiency_index,parental_involvement,access_to_resources,extracurricular_activities,sleep_hours,motivation_level,internet_access,family_income,teacher_quality,school_type,peer_influence,physical_activity,learning_disabilities,parental_education_level,distance_from_home,gender,risk_status,sleep_variance,attendance_tutoring_synergy,academic_engagement_ratio
ST-0001,0.12,Low Risk (Tier 3),Insufficient Study Volume,Standard Curriculum Monitoring; Self-Directed Academic Portal Access,Normal,69.4,71,11,98,1,82,322.13,High,High,Yes,5,High,Yes,Medium,Medium,Private,Neutral,2,No,Postgraduate,Near,Male,Normal,2.8,196,2.17
ST-0002,0.4,Moderate Risk (Tier 2),Insufficient Study Volume,Assignment to Peer Collaborative Learning Pod; Bi-Weekly Attendance Ping,High_Risk,66.28,66,11,94,1,61,176.57,High,Low,Yes,10,Medium,Yes,Medium,Low,Public,Neutral,3,No,College,Moderate,Male,Normal,3.8,188,1.18
ST-0003,0.62,High Risk (Tier 1),Severe Attendance Deficit,Immediate 1-on-1 Clinical Advising within 48h; Mandatory Study Hall,High_Risk,64.11,66,20,62,2,85,944.39,High,Medium,Yes,6,Medium,Yes,Medium,Medium,Public,Neutral,3,No,College,Near,Female,Normal,1.8,186,3.43
ST-0004,0.21,Low Risk (Tier 3),Multivariate Risk Factor,Standard Curriculum Monitoring; Self-Directed Academic Portal Access,Normal,66.7,66,25,73,1,73,2280.96,Medium,Low,Yes,7,Medium,Yes,Medium,Medium,Public,Positive,2,No,High School,Near,Male,Normal,0.8,146,3.38
ST-0005,0.44,Moderate Risk (Tier 2),Insufficient Study Volume,Assignment to Peer Collaborative Learning Pod; Bi-Weekly Attendance Ping,High_Risk,66.15,68,16,79,0,95,844.4,High,Low,Yes,6,Medium,Yes,High,Medium,Public,Neutral,5,No,College,Near,Male,Normal,1.8,79,2.29
ST-0006,0.56,Moderate Risk (Tier 2),Severe Attendance Deficit,Assignment to Peer Collaborative Learning Pod; Bi-Weekly Attendance Ping,High_Risk,65.57,65,25,65,1,94,1305.48,Low,Medium,No,6,Medium,Yes,Low,High,Public,Negative,4,No,College,Near,Male,High_Risk,1.8,130,3.86
ST-0007,0.58,Moderate Risk (Tier 2),Insufficient Study Volume,Assignment to Peer Collaborative Learning Pod; Bi-Weekly Attendance Ping,High_Risk,64.51,65,11,75,2,89,543.86,Medium,Medium,No,8,Medium,Yes,High,High,Private,Positive,4,No,College,Moderate,Male,High_Risk,1.8,225,1.67
ST-0008,0.0,Low Risk (Tier 3),Circadian Irregularity,Standard Curriculum Monitoring; Self-Directed Academic Portal Access,Normal,72.63,74,25,94,1,85,758.9,High,High,No,5,High,Yes,Medium,Medium,Public,Neutral,2,No,College,Near,Female,Normal,2.8,188,4.5
ST-0009,0.73,High Risk (Tier 1),Severe Attendance Deficit,Immediate 1-on-1 Clinical Advising within 48h; Mandatory Study Hall,High_Risk,63.79,64,21,63,1,70,386.83,Medium,Medium,No,10,Low,Yes,High,High,Private,Positive,2,No,College,Near,Female,High_Risk,3.8,126,2.09
ST-0010,0.68,High Risk (Tier 1),Severe Attendance Deficit,Immediate 1-on-1 Clinical Advising within 48h; Mandatory Study Hall,High_Risk,62.56,64,15,63,4,63,337.49,High,High,Yes,9,Low,No,High,High,Private,Negative,3,No,College,Near,Male,High_Risk,2.8,315,2.3
ST-0011,0.48,Moderate Risk (Tier 2),Severe Attendance Deficit,Assignment to Peer Collaborative Learning Pod; Bi-Weekly Attendance Ping,High_Risk,65.34,65,20,70,2,84,2099.74,Medium,Medium,Yes,7,Low,No,Medium,High,Private,Neutral,4,No,College,Far,Male,High_Risk,0.8,210,3.0
ST-0012,0.26,Low Risk (Tier 3),Insufficient Study Volume,Standard Curriculum Monitoring; Self-Directed Academic Portal Access,Normal,65.57,65,11,91,1,61,372.76,Medium,Low,No,8,Medium,Yes,High,Medium,Private,Positive,3,No,Postgraduate,Far,Male,High_Risk,1.8,182,1.44
ST-0013,0.59,Moderate Risk (Tier 2),Severe Attendance Deficit,Assignment to Peer Collaborative Learning Pod; Bi-Weekly Attendance Ping,High_Risk,64.69,64,20,62,1,98,515.78,Medium,Medium,No,4,High,Yes,High,Low,Public,Negative,4,No,High School,Near,Male,High_Risk,3.8,124,4.4
ST-0014,0.3,Low Risk (Tier 3),Circadian Irregularity,Standard Curriculum Monitoring; Self-Directed Academic Portal Access,Normal,66.38,66,18,79,1,95,449.99,High,Medium,Yes,4,Low,Yes,Low,High,Public,Negative,2,No,High School,Moderate,Female,Normal,3.8,158,4.0
ST-0015,0.3,Low Risk (Tier 3),Circadian Irregularity,Standard Curriculum Monitoring; Self-Directed Academic Portal Access,Normal,66.67,66,21,79,1,86,644.98,Medium,Low,No,5,Low,Yes,High,Unknown,Private,Positive,2,No,High School,Moderate,Female,Normal,2.8,158,3.83
ST-0016,0.61,High Risk (Tier 1),Severe Attendance Deficit,Immediate 1-on-1 Clinical Advising within 48h; Mandatory Study Hall,High_Risk,65.53,66,21,71,2,86,1003.28,Medium,Low,No,8,Medium,Yes,Medium,High,Public,Neutral,2,No,College,Near,Male,Normal,1.8,213,2.78
ST-0017,0.22,Low Risk (Tier 3),Insufficient Study Volume,Standard Curriculum Monitoring; Self-Directed Academic Portal Access,Normal,67.72,67,15,80,4,90,482.13,Low,High,No,5,Medium,Yes,Low,Medium,Public,Positive,3,No,College,Far,Female,Normal,2.8,400,3.83
ST-0018,0.21,Low Risk (Tier 3),Severe Attendance Deficit,Standard Curriculum Monitoring; Self-Directed Academic Portal Access,Normal,66.47,68,19,71,2,81,404.99,High,Medium,Yes,10,Medium,Yes,Medium,High,Public,Positive,3,No,High School,Near,Female,Normal,3.8,213,2.09
ST-0019,0.28,Low Risk (Tier 3),Low Academic Motivation,Standard Curriculum Monitoring; Self-Directed Academic Portal Access,Normal,67.08,66,26,77,1,69,2242.22,Medium,Low,Yes,7,Low,Yes,High,Medium,Public,Neutral,3,Yes,High School,Near,Female,Normal,0.8,154,3.5
ST-0020,0.11,Low Risk (Tier 3),Insufficient Study Volume,Standard Curriculum Monitoring; Self-Directed Academic Portal Access,Normal,68.08,68,17,91,3,62,1317.34,Medium,Low,Yes,7,Low,Yes,High,Medium,Public,Negative,3,No,Postgraduate,Near,Male,Normal,0.8,364,2.88
ST-0021,0.15,Low Risk (Tier 3),Multivariate Risk Factor,Standard Curriculum Monitoring; Self-Directed Academic Portal Access,Normal,66.75,65,19,84,1,72,488.55,Medium,Low,No,9,High,Yes,Low,Medium,Public,Positive,3,No,High School,Far,Female,High_Risk,2.8,168,2.1
ST-0022,0.34,Low Risk (Tier 3),Insufficient Study Volume,Standard Curriculum Monitoring; Self-Directed Academic Portal Access,Normal,66.85,67,12,98,2,54,170.52,Medium,Low,Yes,4,Medium,Yes,Medium,High,Private,Neutral,3,No,High School,Near,Female,Normal,3.8,294,3.2
ST-0023,0.84,High Risk (Tier 1),Severe Attendance Deficit,Immediate 1-on-1 Clinical Advising within 48h; Mandatory Study Hall,High_Risk,66.14,60,10,63,3,77,202.63,Medium,High,No,4,Low,No,Low,Medium,Private,Neutral,3,No,High School,Near,Male,High_Risk,3.8,252,3.2
ST-0024,0.1,Low Risk (Tier 3),Low Academic Motivation,Standard Curriculum Monitoring; Self-Directed Academic Portal Access,Normal,69.44,68,21,77,2,88,1026.61,Medium,Medium,Yes,8,Low,Yes,High,Medium,Private,Positive,1,No,College,Moderate,Female,Normal,1.8,231,2.78
ST-0025,0.09,Low Risk (Tier 3),Low Academic Motivation,Standard Curriculum Monitoring; Self-Directed Academic Portal Access,Normal,69.88,68,28,85,1,64,995.5,Medium,Medium,Yes,6,Low,Yes,Low,Medium,Public,Neutral,1,No,High School,Moderate,Male,Normal,1.8,170,4.29
ST-0026,0.3,Low Risk (Tier 3),Insufficient Study Volume,Standard Curriculum Monitoring; Self-Directed Academic Portal Access,Normal,66.0,65,17,88,0,67,406.77,Low,Low,No,5,Medium,No,Medium,High,Public,Neutral,3,No,Postgraduate,Near,Male,High_Risk,2.8,88,2.83
ST-0027,0.08,Low Risk (Tier 3),Multivariate Risk Factor,Standard Curriculum Monitoring; Self-Directed Academic Portal Access,Normal,68.82,67,19,84,2,90,949.95,Low,Medium,Yes,8,High,Yes,Low,Medium,Private,Neutral,3,No,Postgraduate,Far,Male,Normal,1.8,252,2.56
ST-0028,0.21,Low Risk (Tier 3),Multivariate Risk Factor,Standard Curriculum Monitoring; Self-Directed Academic Portal Access,Normal,68.28,67,30,77,0,70,749.97,Medium,Low,Yes,9,Medium,Yes,Medium,High,Public,Neutral,1,No,High School,Moderate,Male,Normal,2.8,77,3.0
ST-0029,0.06,Low Risk (Tier 3),Multivariate Risk Factor,Standard Curriculum Monitoring; Self-Directed Academic Portal Access,Normal,69.02,70,26,79,1,88,1271.04,Medium,High,No,6,Medium,Yes,Low,High,Public,Positive,3,Yes,College,Near,Male,Normal,1.8,158,4.0
ST-0030,0.54,Moderate Risk (Tier 2),Severe Attendance Deficit,Assignment to Peer Collaborative Learning Pod; Bi-Weekly Attendance Ping,High_Risk,64.8,64,26,61,2,70,1011.05,Medium,Low,Yes,6,Medium,Yes,Low,Medium,Public,Positive,3,No,High School,Moderate,Female,High_Risk,1.8,183,4.29
ST-0031,0.17,Low Risk (Tier 3),Insufficient Study Volume,Standard Curriculum Monitoring; Self-Directed Academic Portal Access,Normal,68.4,70,8,100,0,71,315.54,High,High,Yes,6,Medium,Yes,Low,High,Public,Positive,2,No,Postgraduate,Near,Female,Normal,1.8,100,1.14
ST-0032,0.59,Moderate Risk (Tier 2),Severe Attendance Deficit,Assignment to Peer Collaborative Learning Pod; Bi-Weekly Attendance Ping,High_Risk,64.2,66,24,64,0,85,1133.27,Medium,High,Yes,6,High,Yes,High,Low,Private,Neutral,3,Yes,Postgraduate,Unknown,Male,Normal,1.8,64,3.43
ST-0033,0.08,Low Risk (Tier 3),Low Academic Motivation,Standard Curriculum Monitoring; Self-Directed Academic Portal Access,Normal,69.21,69,28,74,0,96,959.97,Medium,Medium,Yes,9,Low,Yes,High,High,Private,Neutral,3,No,High School,Near,Female,Normal,2.8,74,2.8
ST-0034,0.07,Low Risk (Tier 3),Multivariate Risk Factor,Standard Curriculum Monitoring; Self-Directed Academic Portal Access,Normal,67.97,69,21,86,2,59,442.48,Medium,Low,Yes,9,High,Yes,Medium,High,Private,Positive,3,No,College,Near,Male,Normal,2.8,258,2.5
ST-0035,0.71,High Risk (Tier 1),Severe Attendance Deficit,Immediate 1-on-1 Clinical Advising within 48h; Mandatory Study Hall,High_Risk,64.26,64,22,68,0,58,1594.8,Medium,Low,Yes,7,Medium,Yes,Medium,Medium,Public,Neutral,3,No,Postgraduate,Near,Male,High_Risk,0.8,68,2.75
ST-0036,0.55,Moderate Risk (Tier 2),Insufficient Study Volume,Assignment to Peer Collaborative Learning Pod; Bi-Weekly Attendance Ping,High_Risk,64.88,65,12,89,2,59,186.31,High,Low,Yes,4,Low,Yes,Low,High,Public,Negative,4,No,High School,Near,Male,High_Risk,3.8,267,3.2
ST-0037,0.47,Moderate Risk (Tier 2),Insufficient Study Volume,Assignment to Peer Collaborative Learning Pod; Bi-Weekly Attendance Ping,High_Risk,64.88,66,7,72,4,94,173.15,Medium,Medium,Yes,4,Medium,Yes,Medium,Medium,Private,Positive,4,No,Postgraduate,Near,Male,Normal,3.8,360,3.0
ST-0038,0.02,Low Risk (Tier 3),Low Academic Motivation,Standard Curriculum Monitoring; Self-Directed Academic Portal Access,Normal,69.57,70,27,81,1,97,3273.34,Medium,Medium,Yes,7,Low,Yes,Medium,Medium,Public,Neutral,2,No,College,Near,Female,Normal,0.8,162,3.62
ST-0039,0.11,Low Risk (Tier 3),Lack of Tutoring Support,Standard Curriculum Monitoring; Self-Directed Academic Portal Access,Normal,69.38,69,20,97,0,63,449.98,Medium,High,Yes,5,Medium,Yes,Low,Unknown,Public,Negative,3,No,College,Far,Female,Normal,2.8,97,3.33
ST-0040,0.32,Low Risk (Tier 3),Insufficient Study Volume,Standard Curriculum Monitoring; Self-Directed Academic Portal Access,Normal,65.41,67,12,85,1,58,386.65,High,High,No,8,Low,Yes,Low,High,Public,Positive,3,No,Postgraduate,Near,Male,Normal,1.8,170,1.56
ST-0041,0.18,Low Risk (Tier 3),Low Academic Motivation,Standard Curriculum Monitoring; Self-Directed Academic Portal Access,Normal,69.56,70,29,81,2,51,528.2,Low,Medium,Yes,9,Low,Yes,Medium,Medium,Public,Positive,5,No,Postgraduate,Near,Male,Normal,2.8,243,3.3
ST-0042,0.08,Low Risk (Tier 3),Multivariate Risk Factor,Standard Curriculum Monitoring; Self-Directed Academic Portal Access,Normal,70.08,71,30,80,1,54,899.95,High,High,No,6,High,Yes,High,Medium,Public,Positive,3,No,High School,Moderate,Female,Normal,1.8,160,4.57
ST-0043,0.48,Moderate Risk (Tier 2),Lack of Tutoring Support,Assignment to Peer Collaborative Learning Pod; Bi-Weekly Attendance Ping,High_Risk,64.18,64,20,79,0,59,655.52,Low,Medium,Yes,6,Medium,Yes,Low,Medium,Public,Positive,2,No,High School,Moderate,Male,High_Risk,1.8,79,2.86
ST-0044,0.69,High Risk (Tier 1),Severe Attendance Deficit,Immediate 1-on-1 Clinical Advising within 48h; Mandatory Study Hall,High_Risk,63.96,63,25,60,2,71,986.06,Medium,Low,No,6,Low,Yes,High,Medium,Public,Positive,2,No,High School,Near,Male,High_Risk,1.8,180,4.14
ST-0045,0.08,Low Risk (Tier 3),Lack of Tutoring Support,Standard Curriculum Monitoring; Self-Directed Academic Portal Access,Normal,69.28,69,21,95,0,69,804.96,Low,High,Yes,8,Medium,No,Low,High,Public,Negative,3,No,Postgraduate,Near,Male,Normal,1.8,95,2.33
ST-0046,0.69,High Risk (Tier 1),Severe Attendance Deficit,Immediate 1-on-1 Clinical Advising within 48h; Mandatory Study Hall,High_Risk,64.29,63,22,65,1,81,468.94,Low,Low,Yes,10,Medium,Yes,Low,Unknown,Private,Neutral,3,No,Postgraduate,Near,Male,High_Risk,3.8,130,2.18
ST-0047,0.09,Low Risk (Tier 3),Low Academic Motivation,Standard Curriculum Monitoring; Self-Directed Academic Portal Access,Normal,71.82,72,18,98,3,80,1799.78,High,High,Yes,7,Low,Yes,Low,Medium,Private,Neutral,1,No,College,Near,Female,Normal,0.8,392,3.0
ST-0048,0.74,High Risk (Tier 1),Severe Attendance Deficit,Immediate 1-on-1 Clinical Advising within 48h; Mandatory Study Hall,High_Risk,64.16,63,22,60,1,99,2722.16,Low,Medium,No,7,Medium,Yes,Low,High,Public,Neutral,3,No,College,Moderate,Male,High_Risk,0.8,120,3.0
ST-0049,0.91,High Risk (Tier 1),Severe Attendance Deficit,Immediate 1-on-1 Clinical Advising within 48h; Mandatory Study Hall,High_Risk,61.61,61,15,65,1,65,348.2,Medium,Medium,No,9,Medium,Yes,Low,Medium,Public,Neutral,2,No,College,Near,Female,High_Risk,2.8,130,1.7
ST-0050,0.4,Moderate Risk (Tier 2),Multivariate Risk Factor,Assignment to Peer Collaborative Learning Pod; Bi-Weekly Attendance Ping,High_Risk,65.61,65,19,76,2,68,717.74,Medium,Low,Yes,6,Medium,Yes,High,Medium,Public,Positive,3,No,High School,Moderate,Female,High_Risk,1.8,228,3.29
ST-0051,0.12,Low Risk (Tier 3),Insufficient Study Volume,Standard Curriculum Monitoring; Self-Directed Academic Portal Access,Normal,67.87,69,17,82,3,61,370.34,High,High,No,5,Medium,Yes,Medium,Medium,Public,Neutral,4,No,Postgraduate,Near,Male,Normal,2.8,328,3.83
ST-0052,0.95,High Risk (Tier 1),Severe Attendance Deficit,Immediate 1-on-1 Clinical Advising within 48h; Mandatory Study Hall,High_Risk,59.88,60,10,64,0,64,799.9,Medium,High,No,7,High,Yes,Medium,Medium,Public,Positive,4,Yes,High School,Moderate,Female,High_Risk,0.8,64,1.25
ST-0053,0.63,High Risk (Tier 1),Severe Attendance Deficit,Immediate 1-on-1 Clinical Advising within 48h; Mandatory Study Hall,High_Risk,63.43,62,14,69,1,79,614.41,Medium,Low,Yes,8,Medium,Yes,High,Medium,Public,Negative,1,No,Postgraduate,Moderate,Female,High_Risk,1.8,138,1.78
ST-0054,0.12,Low Risk (Tier 3),Multivariate Risk Factor,Standard Curriculum Monitoring; Self-Directed Academic Portal Access,Normal,67.58,67,24,72,2,82,2459.69,Medium,Medium,Yes,7,High,Yes,Medium,Medium,Private,Positive,4,No,High School,Far,Male,Normal,0.8,216,3.5
ST-0055,0.85,High Risk (Tier 1),Severe Attendance Deficit,Immediate 1-on-1 Clinical Advising within 48h; Mandatory Study Hall,High_Risk,64.03,62,16,65,2,96,548.55,Low,High,No,9,Low,Yes,Low,Medium,Public,Negative,2,No,High School,Near,Male,High_Risk,2.8,195,2.0
ST-0056,0.91,High Risk (Tier 1),Severe Attendance Deficit,Immediate 1-on-1 Clinical Advising within 48h; Mandatory Study Hall,High_Risk,62.68,61,18,69,1,54,1214.85,Medium,Low,No,7,Medium,Yes,Low,High,Public,Neutral,4,No,High School,Moderate,Male,High_Risk,0.8,138,2.5
ST-0057,0.02,Low Risk (Tier 3),Multivariate Risk Factor,Standard Curriculum Monitoring; Self-Directed Academic Portal Access,Normal,69.78,71,25,74,4,80,714.26,High,Medium,Yes,9,Medium,Yes,Medium,Medium,Public,Positive,3,No,College,Moderate,Female,Normal,2.8,370,3.3
ST-0058,0.12,Low Risk (Tier 3),Circadian Irregularity,Standard Curriculum Monitoring; Self-Directed Academic Portal Access,Normal,68.94,67,26,75,2,79,540.51,Medium,Low,Yes,4,Medium,Yes,High,Medium,Public,Negative,1,No,College,Near,Male,Normal,3.8,225,6.0
ST-0059,0.15,Low Risk (Tier 3),Multivariate Risk Factor,Standard Curriculum Monitoring; Self-Directed Academic Portal Access,Normal,71.34,71,28,96,1,63,979.95,Low,High,No,6,High,No,High,Medium,Public,Positive,2,No,High School,Moderate,Female,Normal,1.8,192,4.29
ST-0060,0.52,Moderate Risk (Tier 2),Severe Attendance Deficit,Assignment to Peer Collaborative Learning Pod; Bi-Weekly Attendance Ping,High_Risk,66.35,65,22,66,3,74,581.41,Medium,Low,Yes,9,Medium,Yes,Low,High,Public,Negative,3,No,Postgraduate,Near,Female,High_Risk,2.8,264,2.8
ST-0061,0.12,Low Risk (Tier 3),Insufficient Study Volume,Standard Curriculum Monitoring; Self-Directed Academic Portal Access,Normal,68.97,67,17,96,0,97,916.06,Medium,Low,No,8,Low,Yes,Medium,Medium,Public,Negative,3,No,High School,Near,Female,Normal,1.8,96,1.89
ST-0062,0.26,Low Risk (Tier 3),Circadian Irregularity,Standard Curriculum Monitoring; Self-Directed Academic Portal Access,Normal,67.74,68,26,75,0,70,649.98,High,Medium,No,5,Low,Yes,High,Low,Private,Neutral,2,No,Postgraduate,Near,Male,Normal,2.8,75,4.33
ST-0063,0.04,Low Risk (Tier 3),Multivariate Risk Factor,Standard Curriculum Monitoring; Self-Directed Academic Portal Access,Normal,71.28,98,28,90,0,91,909.97,Low,Medium,Yes,9,Medium,Yes,Medium,Medium,Public,Positive,2,No,College,Moderate,Female,Normal,2.8,90,2.8
ST-0064,0.44,Moderate Risk (Tier 2),Multivariate Risk Factor,Assignment to Peer Collaborative Learning Pod; Bi-Weekly Attendance Ping,High_Risk,65.69,65,22,73,3,67,1842.27,Low,Medium,Yes,7,Medium,Yes,High,Medium,Private,Positive,2,No,High School,Far,Male,High_Risk,0.8,292,3.5
ST-0065,0.01,Low Risk (Tier 3),Multivariate Risk Factor,Standard Curriculum Monitoring; Self-Directed Academic Portal Access,Normal,72.82,74,22,100,2,95,2612.17,High,Medium,No,7,Medium,Yes,Low,Medium,Public,Positive,4,No,College,Near,Male,Normal,0.8,300,3.25
ST-0066,0.14,Low Risk (Tier 3),Low Academic Motivation,Standard Curriculum Monitoring; Self-Directed Academic Portal Access,Normal,70.02,69,18,94,1,56,1259.84,High,Medium,Yes,7,Low,No,Low,Medium,Public,Positive,3,No,Postgraduate,Near,Male,Normal,0.8,188,2.5
ST-0067,0.18,Low Risk (Tier 3),Lack of Tutoring Support,Standard Curriculum Monitoring; Self-Directed Academic Portal Access,Normal,67.73,68,24,86,0,54,1619.8,High,Low,Yes,7,Medium,Yes,Low,High,Public,Neutral,2,No,College,Near,Male,Normal,0.8,86,3.0
ST-0068,0.04,Low Risk (Tier 3),Insufficient Study Volume,Standard Curriculum Monitoring; Self-Directed Academic Portal Access,Normal,70.35,70,17,96,2,93,416.04,Medium,Medium,Yes,10,Medium,Yes,Medium,Low,Public,Negative,4,No,High School,Near,Female,Normal,3.8,288,1.91
ST-0069,0.19,Low Risk (Tier 3),Insufficient Study Volume,Standard Curriculum Monitoring; Self-Directed Academic Portal Access,Normal,67.68,67,17,89,0,52,232.63,High,Medium,Yes,4,High,Yes,Low,Medium,Public,Positive,3,No,College,Far,Female,Normal,3.8,89,3.4
ST-0070,0.02,Low Risk (Tier 3),Multivariate Risk Factor,Standard Curriculum Monitoring; Self-Directed Academic Portal Access,Normal,70.53,70,31,88,2,62,1067.72,Medium,Low,No,6,Medium,Yes,Low,Medium,Private,Positive,4,No,High School,Near,Male,Normal,1.8,264,5.0
ST-0071,0.79,High Risk (Tier 1),Severe Attendance Deficit,Immediate 1-on-1 Clinical Advising within 48h; Mandatory Study Hall,High_Risk,63.53,63,18,64,1,80,799.96,Medium,Medium,No,6,Medium,Yes,Medium,Medium,Public,Positive,5,Yes,High School,Near,Male,High_Risk,1.8,128,2.86
ST-0072,0.02,Low Risk (Tier 3),Multivariate Risk Factor,Standard Curriculum Monitoring; Self-Directed Academic Portal Access,Normal,71.62,71,28,86,2,96,3359.58,Medium,Medium,Yes,7,Medium,Yes,Medium,Low,Public,Neutral,4,No,High School,Near,Male,Normal,0.8,258,4.0
ST-0073,0.88,High Risk (Tier 1),Severe Attendance Deficit,Immediate 1-on-1 Clinical Advising within 48h; Mandatory Study Hall,High_Risk,63.15,62,15,71,0,60,499.97,High,High,No,8,Medium,Yes,Low,High,Private,Negative,3,No,High School,Far,Female,High_Risk,1.8,71,1.67
ST-0074,0.31,Low Risk (Tier 3),Severe Attendance Deficit,Standard Curriculum Monitoring; Self-Directed Academic Portal Access,Normal,66.86,68,28,66,2,73,729.97,High,Medium,Yes,9,Medium,Yes,Low,Medium,Public,Positive,2,No,College,Near,Male,Normal,2.8,198,3.2
ST-0075,0.11,Low Risk (Tier 3),Insufficient Study Volume,Standard Curriculum Monitoring; Self-Directed Academic Portal Access,Normal,69.38,69,14,88,4,66,1154.86,Medium,Medium,Yes,7,Medium,Yes,Medium,High,Public,Positive,3,No,High School,Near,Female,Normal,0.8,440,2.75
ST-0076,0.01,Low Risk (Tier 3),Multivariate Risk Factor,Standard Curriculum Monitoring; Self-Directed Academic Portal Access,Normal,71.0,73,19,99,0,84,886.62,High,Medium,Yes,8,High,Yes,High,Medium,Public,Positive,4,No,High School,Near,Female,Normal,1.8,99,2.11
ST-0077,0.24,Low Risk (Tier 3),Low Academic Motivation,Standard Curriculum Monitoring; Self-Directed Academic Portal Access,Normal,68.04,64,20,86,2,94,1044.39,Low,Low,No,8,Low,Yes,Low,Medium,Private,Negative,2,No,High School,Far,Female,High_Risk,1.8,258,2.67
ST-0078,0.27,Low Risk (Tier 3),Insufficient Study Volume,Standard Curriculum Monitoring; Self-Directed Academic Portal Access,Normal,68.81,70,14,98,1,52,909.89,Medium,High,Yes,7,High,Yes,Medium,High,Private,Negative,4,No,Unknown,Moderate,Male,Normal,0.8,196,2.0
ST-0079,0.11,Low Risk (Tier 3),Insufficient Study Volume,Standard Curriculum Monitoring; Self-Directed Academic Portal Access,Normal,69.1,69,17,83,0,89,840.51,Medium,Medium,Yes,6,High,Yes,Low,Medium,Public,Positive,4,No,Postgraduate,Near,Male,Normal,1.8,83,2.43
ST-0080,0.02,Low Risk (Tier 3),Multivariate Risk Factor,Standard Curriculum Monitoring; Self-Directed Academic Portal Access,Normal,71.89,97,25,99,0,77,2405.95,Medium,Medium,Yes,7,Medium,Yes,High,High,Public,Neutral,3,No,High School,Near,Male,Normal,0.8,99,3.12
ST-0081,0.47,Moderate Risk (Tier 2),Severe Attendance Deficit,Assignment to Peer Collaborative Learning Pod; Bi-Weekly Attendance Ping,High_Risk,65.55,65,22,65,3,95,2612.17,Medium,Medium,Yes,7,Low,Yes,Low,Medium,Public,Positive,2,No,High School,Moderate,Female,High_Risk,0.8,260,3.5
ST-0082,0.24,Low Risk (Tier 3),Insufficient Study Volume,Standard Curriculum Monitoring; Self-Directed Academic Portal Access,Normal,67.58,67,10,97,2,66,366.65,Medium,Medium,No,6,Medium,Yes,Low,Medium,Public,Neutral,2,No,Postgraduate,Near,Female,Normal,1.8,291,2.0
ST-0083,0.89,High Risk (Tier 1),Severe Attendance Deficit,Immediate 1-on-1 Clinical Advising within 48h; Mandatory Study Hall,High_Risk,60.99,57,7,66,0,68,264.43,High,Low,Yes,8,High,Yes,Low,Medium,Public,Negative,2,Yes,College,Moderate,Male,High_Risk,1.8,66,0.78
ST-0084,0.22,Low Risk (Tier 3),Circadian Irregularity,Standard Curriculum Monitoring; Self-Directed Academic Portal Access,Normal,67.53,66,29,74,2,64,662.83,Medium,Low,No,5,Medium,Yes,Medium,Medium,Public,Neutral,1,No,College,Moderate,Male,Normal,2.8,222,5.5
ST-0085,0.17,Low Risk (Tier 3),Low Academic Motivation,Standard Curriculum Monitoring; Self-Directed Academic Portal Access,Normal,69.04,69,18,84,3,98,979.95,Low,High,Yes,6,Low,Yes,Medium,Medium,Public,Positive,3,No,High School,Near,Male,Normal,1.8,336,3.43
ST-0086,0.74,High Risk (Tier 1),Severe Attendance Deficit,Immediate 1-on-1 Clinical Advising within 48h; Mandatory Study Hall,High_Risk,62.16,61,15,69,0,52,278.56,Low,Medium,Yes,9,Medium,Yes,High,Medium,Public,Neutral,3,No,College,Near,Female,High_Risk,2.8,69,1.5
ST-0087,0.12,Low Risk (Tier 3),Insufficient Study Volume,Standard Curriculum Monitoring; Self-Directed Academic Portal Access,Normal,68.32,69,16,94,0,98,1959.76,High,Medium,No,7,Medium,Yes,Low,Medium,Public,Neutral,4,No,High School,Moderate,Female,Normal,0.8,94,2.0
ST-0088,0.27,Low Risk (Tier 3),Insufficient Study Volume,Standard Curriculum Monitoring; Self-Directed Academic Portal Access,Normal,67.27,66,16,88,3,55,1099.86,Low,Medium,No,7,Medium,Yes,Low,Low,Public,Neutral,3,No,Postgraduate,Near,Male,Normal,0.8,352,2.75
ST-0089,0.61,High Risk (Tier 1),Severe Attendance Deficit,Immediate 1-on-1 Clinical Advising within 48h; Mandatory Study Hall,High_Risk,63.89,65,19,60,3,72,1709.79,Medium,High,Yes,7,High,Yes,Low,High,Public,Positive,3,No,High School,Moderate,Female,High_Risk,0.8,240,3.12
ST-0090,0.03,Low Risk (Tier 3),Multivariate Risk Factor,Standard Curriculum Monitoring; Self-Directed Academic Portal Access,Normal,72.2,73,37,79,1,95,1952.67,Medium,High,No,6,High,Yes,High,Medium,Public,Negative,1,No,High School,Near,Male,Normal,1.8,158,5.57
ST-0091,0.23,Low Risk (Tier 3),Insufficient Study Volume,Standard Curriculum Monitoring; Self-Directed Academic Portal Access,Normal,67.79,67,9,98,0,92,459.97,Medium,Medium,No,6,Medium,Yes,Medium,Medium,Public,Neutral,5,No,High School,Moderate,Male,Normal,1.8,98,1.29
ST-0092,0.71,High Risk (Tier 1),Severe Attendance Deficit,Immediate 1-on-1 Clinical Advising within 48h; Mandatory Study Hall,High_Risk,65.38,63,16,71,1,73,417.13,High,Medium,Yes,5,Medium,Yes,Medium,Medium,Public,Neutral,0,Yes,High School,Near,Male,High_Risk,2.8,142,3.0
ST-0093,0.18,Low Risk (Tier 3),Multivariate Risk Factor,Standard Curriculum Monitoring; Self-Directed Academic Portal Access,Normal,67.07,69,22,82,3,78,953.28,Low,High,No,6,Medium,Yes,Medium,High,Public,Neutral,3,No,High School,Moderate,Male,Normal,1.8,328,4.0
ST-0094,0.06,Low Risk (Tier 3),Circadian Irregularity,Standard Curriculum Monitoring; Self-Directed Academic Portal Access,Normal,70.86,71,18,94,0,81,520.7,High,High,Yes,5,Medium,Yes,High,Low,Public,Negative,5,No,High School,Near,Female,Normal,2.8,94,3.0
ST-0095,0.09,Low Risk (Tier 3),Multivariate Risk Factor,Standard Curriculum Monitoring; Self-Directed Academic Portal Access,Normal,69.09,66,22,88,2,68,534.27,Medium,Medium,No,9,Medium,No,Medium,Medium,Public,Neutral,2,Yes,High School,Near,Male,Normal,2.8,264,2.6
ST-0096,0.25,Low Risk (Tier 3),Multivariate Risk Factor,Standard Curriculum Monitoring; Self-Directed Academic Portal Access,Normal,66.17,65,23,77,1,73,932.73,Medium,Low,No,8,Medium,Yes,Low,Low,Public,Positive,2,No,College,Near,Male,High_Risk,1.8,154,2.78
ST-0097,0.04,Low Risk (Tier 3),Multivariate Risk Factor,Standard Curriculum Monitoring; Self-Directed Academic Portal Access,Normal,70.67,72,23,93,1,57,728.29,High,Medium,No,6,Medium,Yes,High,Medium,Public,Positive,2,No,Postgraduate,Near,Female,Normal,1.8,186,3.57
ST-0098,0.54,Moderate Risk (Tier 2),Severe Attendance Deficit,Assignment to Peer Collaborative Learning Pod; Bi-Weekly Attendance Ping,High_Risk,65.12,65,18,62,3,98,979.95,Medium,High,No,6,Low,Yes,Medium,Medium,Private,Neutral,1,No,College,Near,Male,High_Risk,1.8,248,3.43
ST-0099,0.76,High Risk (Tier 1),Severe Attendance Deficit,Immediate 1-on-1 Clinical Advising within 48h; Mandatory Study Hall,High_Risk,64.13,62,15,71,1,50,416.64,Medium,High,No,8,Low,Yes,Medium,Medium,Public,Neutral,2,Yes,Postgraduate,Near,Female,High_Risk,1.8,142,1.89
ST-0100,0.02,Low Risk (Tier 3),Multivariate Risk Factor,Standard Curriculum Monitoring; Self-Directed Academic Portal Access,Normal,72.07,73,29,90,1,94,3407.07,High,Medium,Yes,7,Medium,Yes,Low,Low,Private,Neutral,4,No,High School,Near,Female,Normal,0.8,180,3.88
ST-0101,0.37,Low Risk (Tier 3),Severe Attendance Deficit,Standard Curriculum Monitoring; Self-Directed Academic Portal Access,Normal,66.64,65,21,70,2,74,863.29,Medium,Medium,No,8,Low,Yes,Medium,Medium,Public,Positive,3,No,Postgraduate,Far,Male,High_Risk,1.8,210,2.78
ST-0102,0.15,Low Risk (Tier 3),Lack of Tutoring Support,Standard Curriculum Monitoring; Self-Directed Academic Portal Access,Normal,68.31,67,18,93,0,69,1552.31,Low,Medium,Yes,7,Medium,Yes,Low,Medium,Public,Neutral,2,No,College,Near,Male,Normal,0.8,93,2.25
ST-0103,0.73,High Risk (Tier 1),Insufficient Study Volume,Immediate 1-on-1 Clinical Advising within 48h; Mandatory Study Hall,High_Risk,62.6,63,8,77,0,87,386.65,High,Medium,Yes,6,Medium,Yes,Low,Medium,Public,Neutral,2,No,High School,Moderate,Male,High_Risk,1.8,77,1.14
ST-0104,0.75,High Risk (Tier 1),Insufficient Study Volume,Immediate 1-on-1 Clinical Advising within 48h; Mandatory Study Hall,High_Risk,64.35,64,17,79,1,62,585.52,Low,High,No,8,Low,Yes,Low,Medium,Public,Neutral,3,No,High School,Near,Female,High_Risk,1.8,158,2.11
ST-0105,0.05,Low Risk (Tier 3),Multivariate Risk Factor,Standard Curriculum Monitoring; Self-Directed Academic Portal Access,Normal,69.56,69,19,96,1,54,1282.34,Medium,Medium,Yes,7,High,Yes,Low,Medium,Public,Neutral,3,No,College,Near,Male,Normal,0.8,192,2.62
ST-0106,0.92,High Risk (Tier 1),Severe Attendance Deficit,Immediate 1-on-1 Clinical Advising within 48h; Mandatory Study Hall,High_Risk,60.83,59,12,67,0,58,869.89,High,Medium,No,7,Medium,Yes,High,Medium,Public,Neutral,2,Yes,High School,Far,Male,High_Risk,0.8,67,1.5
ST-0107,0.71,High Risk (Tier 1),Severe Attendance Deficit,Immediate 1-on-1 Clinical Advising within 48h; Mandatory Study Hall,High_Risk,63.18,63,11,68,2,85,519.42,Medium,High,Yes,8,High,No,Medium,Medium,Public,Negative,2,No,College,Near,Male,High_Risk,1.8,204,1.67
ST-0108,0.14,Low Risk (Tier 3),Low Academic Motivation,Standard Curriculum Monitoring; Self-Directed Academic Portal Access,Normal,67.06,68,23,76,2,96,2759.66,Low,High,Yes,7,Low,Yes,Medium,Medium,Private,Neutral,4,No,High School,Near,Female,Normal,0.8,228,3.38
ST-0109,0.24,Low Risk (Tier 3),Multivariate Risk Factor,Standard Curriculum Monitoring; Self-Directed Academic Portal Access,Normal,67.88,67,23,74,1,76,2184.73,High,High,No,7,Medium,Yes,Medium,Low,Public,Neutral,2,No,College,Moderate,Female,Normal,0.8,148,3.12
ST-0110,0.1,Low Risk (Tier 3),Insufficient Study Volume,Standard Curriculum Monitoring; Self-Directed Academic Portal Access,Normal,68.42,66,17,92,2,66,1402.32,Medium,Medium,No,7,Low,Yes,Low,Unknown,Public,Negative,3,No,High School,Near,Male,Normal,0.8,276,2.62
ST-0111,0.47,Moderate Risk (Tier 2),Insufficient Study Volume,Assignment to Peer Collaborative Learning Pod; Bi-Weekly Attendance Ping,High_Risk,65.56,66,17,74,2,62,1317.34,Medium,Medium,Yes,7,Medium,Yes,High,Medium,Public,Positive,4,No,High School,Near,Male,Normal,0.8,222,2.62
ST-0112,0.06,Low Risk (Tier 3),Circadian Irregularity,Standard Curriculum Monitoring; Self-Directed Academic Portal Access,Normal,70.95,72,20,91,4,61,435.7,High,High,Yes,5,Low,Yes,Low,Medium,Public,Positive,2,No,Postgraduate,Near,Male,Normal,2.8,455,4.67
ST-0113,0.57,Moderate Risk (Tier 2),Severe Attendance Deficit,Assignment to Peer Collaborative Learning Pod; Bi-Weekly Attendance Ping,High_Risk,64.71,66,11,70,3,98,598.86,Medium,Medium,No,6,Medium,Yes,High,Medium,Private,Neutral,4,No,Postgraduate,Near,Female,Normal,1.8,280,2.43
ST-0114,0.12,Low Risk (Tier 3),Lack of Tutoring Support,Standard Curriculum Monitoring; Self-Directed Academic Portal Access,Normal,71.27,72,25,98,0,51,708.29,Medium,High,Yes,8,Medium,Yes,Medium,Medium,Private,Positive,2,No,College,Moderate,Female,Normal,1.8,98,2.78
ST-0115,0.17,Low Risk (Tier 3),Multivariate Risk Factor,Standard Curriculum Monitoring; Self-Directed Academic Portal Access,Normal,67.55,68,21,77,4,90,2362.2,Low,Medium,Yes,7,Medium,Yes,Medium,Medium,Private,Neutral,3,No,Postgraduate,Moderate,Male,Normal,0.8,385,3.62
ST-0116,0.05,Low Risk (Tier 3),Multivariate Risk Factor,Standard Curriculum Monitoring; Self-Directed Academic Portal Access,Normal,70.32,71,21,87,3,90,1049.94,Medium,Medium,No,6,High,Yes,High,Medium,Public,Negative,4,No,High School,Near,Male,Normal,1.8,348,3.86
ST-0117,0.04,Low Risk (Tier 3),Multivariate Risk Factor,Standard Curriculum Monitoring; Self-Directed Academic Portal Access,Normal,69.72,69,23,92,0,72,2069.74,Medium,High,No,7,Medium,Yes,Low,Medium,Public,Neutral,4,No,College,Far,Female,Normal,0.8,92,2.88
ST-0118,0.2,Low Risk (Tier 3),Circadian Irregularity,Standard Curriculum Monitoring; Self-Directed Academic Portal Access,Normal,70.08,66,21,74,3,52,389.99,Medium,Medium,Yes,5,Medium,Yes,Medium,Medium,Private,Positive,1,No,High School,Near,Male,Normal,2.8,296,4.5
ST-0119,0.89,High Risk (Tier 1),Severe Attendance Deficit,Immediate 1-on-1 Clinical Advising within 48h; Mandatory Study Hall,High_Risk,60.9,59,15,64,0,84,449.98,Low,Low,Yes,9,Low,Yes,Medium,Medium,Public,Neutral,3,No,College,Far,Male,High_Risk,2.8,64,1.5
ST-0120,0.07,Low Risk (Tier 3),Multivariate Risk Factor,Standard Curriculum Monitoring; Self-Directed Academic Portal Access,Normal,68.18,67,19,85,0,86,2042.24,Medium,Medium,Yes,7,Medium,Yes,Low,Medium,Public,Positive,2,No,College,Moderate,Female,Normal,0.8,85,2.38
ST-0121,0.53,Moderate Risk (Tier 2),Insufficient Study Volume,Assignment to Peer Collaborative Learning Pod; Bi-Weekly Attendance Ping,High_Risk,65.54,64,17,73,4,58,547.75,Medium,Low,No,6,Medium,Yes,Medium,Medium,Public,Positive,1,No,College,Near,Male,High_Risk,1.8,365,3.57
ST-0122,0.34,Low Risk (Tier 3),Severe Attendance Deficit,Standard Curriculum Monitoring; Self-Directed Academic Portal Access,Normal,67.58,68,23,68,5,91,747.47,Medium,High,No,5,Low,Yes,Low,Medium,Public,Neutral,1,No,College,Near,Female,Normal,2.8,408,5.5
ST-0123,0.22,Low Risk (Tier 3),Insufficient Study Volume,Standard Curriculum Monitoring; Self-Directed Academic Portal Access,Normal,66.8,66,16,82,1,82,1639.8,Medium,Medium,No,7,Medium,Yes,Medium,Low,Public,Neutral,3,No,Postgraduate,Moderate,Female,Normal,0.8,164,2.25
ST-0124,0.24,Low Risk (Tier 3),Insufficient Study Volume,Standard Curriculum Monitoring; Self-Directed Academic Portal Access,Normal,66.31,65,15,86,1,57,1068.62,Medium,Medium,Yes,7,Medium,Yes,Medium,Medium,Public,Negative,3,No,College,Near,Male,High_Risk,0.8,172,2.12
ST-0125,0.01,Low Risk (Tier 3),Low Academic Motivation,Standard Curriculum Monitoring; Self-Directed Academic Portal Access,Normal,73.0,75,30,91,1,95,3562.05,Medium,High,Yes,7,Low,Yes,Medium,High,Public,Positive,3,No,College,Near,Female,Normal,0.8,182,4.0
ST-0126,0.06,Low Risk (Tier 3),Insufficient Study Volume,Standard Curriculum Monitoring; Self-Directed Academic Portal Access,Normal,69.71,70,11,92,4,82,501.08,High,Medium,Yes,8,High,Yes,Medium,Medium,Private,Negative,2,No,Postgraduate,Near,Female,Normal,1.8,460,2.11
ST-0127,0.9,High Risk (Tier 1),Insufficient Study Volume,Immediate 1-on-1 Clinical Advising within 48h; Mandatory Study Hall,High_Risk,62.07,60,8,73,0,60,599.93,Medium,Medium,No,7,Medium,No,High,Medium,Private,Neutral,3,No,High School,Near,Female,High_Risk,0.8,73,1.0
ST-0128,0.14,Low Risk (Tier 3),Multivariate Risk Factor,Standard Curriculum Monitoring; Self-Directed Academic Portal Access,Normal,70.3,68,18,91,2,83,829.95,Medium,Low,No,6,Medium,Yes,Low,Medium,Private,Neutral,4,No,High School,Near,Male,Normal,1.8,273,3.14
ST-0129,0.62,High Risk (Tier 1),Insufficient Study Volume,Immediate 1-on-1 Clinical Advising within 48h; Mandatory Study Hall,High_Risk,65.31,67,16,72,6,76,434.27,High,Medium,Yes,9,High,Yes,Low,Low,Public,Negative,3,No,High School,Near,Male,Normal,2.8,504,2.8
ST-0130,0.63,High Risk (Tier 1),Lack of Tutoring Support,Immediate 1-on-1 Clinical Advising within 48h; Mandatory Study Hall,High_Risk,65.97,65,21,74,0,61,711.63,Medium,High,Yes,6,Low,No,Low,Medium,Private,Positive,4,No,High School,Near,Male,High_Risk,1.8,74,3.0
ST-0131,0.16,Low Risk (Tier 3),Insufficient Study Volume,Standard Curriculum Monitoring; Self-Directed Academic Portal Access,Normal,68.57,68,15,93,3,52,974.88,Medium,Medium,Yes,7,Medium,Yes,Low,Medium,Public,Negative,5,No,College,Near,Female,Normal,0.8,372,2.62
ST-0132,0.02,Low Risk (Tier 3),Low Academic Motivation,Standard Curriculum Monitoring; Self-Directed Academic Portal Access,Normal,67.28,68,19,82,2,82,865.51,High,Medium,No,8,Low,Yes,Low,Medium,Private,Negative,4,No,Postgraduate,Near,Female,Normal,1.8,246,2.56
ST-0133,0.52,Moderate Risk (Tier 2),Severe Attendance Deficit,Assignment to Peer Collaborative Learning Pod; Bi-Weekly Attendance Ping,High_Risk,65.53,65,20,68,0,89,2224.72,Medium,Medium,Yes,7,Medium,Yes,Medium,High,Private,Positive,3,No,High School,Far,Female,High_Risk,0.8,68,2.5
ST-0134,0.83,High Risk (Tier 1),Severe Attendance Deficit,Immediate 1-on-1 Clinical Advising within 48h; Mandatory Study Hall,High_Risk,64.05,65,17,68,1,71,670.52,Medium,High,Yes,8,Medium,Yes,Medium,High,Private,Neutral,2,No,High School,Near,Male,High_Risk,1.8,136,2.11
ST-0135,0.23,Low Risk (Tier 3),Circadian Irregularity,Standard Curriculum Monitoring; Self-Directed Academic Portal Access,Normal,67.58,67,21,77,1,87,480.78,High,Medium,No,10,Low,Yes,Low,Medium,Public,Neutral,3,No,College,Near,Male,Normal,3.8,154,2.09
ST-0136,0.66,High Risk (Tier 1),Severe Attendance Deficit,Immediate 1-on-1 Clinical Advising within 48h; Mandatory Study Hall,High_Risk,64.99,64,17,70,2,79,746.07,Medium,Medium,Yes,6,Low,Yes,Medium,Medium,Public,Positive,3,No,High School,Unknown,Female,High_Risk,1.8,210,3.0
ST-0137,0.49,Moderate Risk (Tier 2),Insufficient Study Volume,Assignment to Peer Collaborative Learning Pod; Bi-Weekly Attendance Ping,High_Risk,64.89,64,9,78,3,98,1102.36,Medium,Medium,No,7,Low,Yes,Low,Medium,Public,Positive,2,No,High School,Near,Male,High_Risk,0.8,312,1.88
ST-0138,0.05,Low Risk (Tier 3),Multivariate Risk Factor,Standard Curriculum Monitoring; Self-Directed Academic Portal Access,Normal,70.72,70,22,97,2,54,659.96,Medium,Medium,Yes,6,Medium,No,High,Medium,Public,Neutral,2,No,College,Near,Male,Normal,1.8,291,3.71
ST-0139,0.59,Moderate Risk (Tier 2),Multivariate Risk Factor,Assignment to Peer Collaborative Learning Pod; Bi-Weekly Attendance Ping,High_Risk,65.08,65,18,74,1,72,719.96,Medium,High,No,8,High,Yes,Low,High,Public,Negative,2,No,College,Moderate,Male,High_Risk,1.8,148,2.22
ST-0140,0.63,High Risk (Tier 1),Severe Attendance Deficit,Immediate 1-on-1 Clinical Advising within 48h; Mandatory Study Hall,High_Risk,65.33,64,19,66,3,77,812.73,High,Medium,No,8,Low,No,Medium,Medium,Public,Negative,4,No,College,Moderate,Female,High_Risk,1.8,264,2.78
ST-0141,0.9,High Risk (Tier 1),Severe Attendance Deficit,Immediate 1-on-1 Clinical Advising within 48h; Mandatory Study Hall,High_Risk,59.58,59,13,61,2,73,1186.1,Low,Low,No,7,Low,Yes,High,Medium,Public,Positive,2,No,High School,Near,Female,High_Risk,0.8,183,2.12
ST-0142,0.6,High Risk (Tier 1),Insufficient Study Volume,Immediate 1-on-1 Clinical Advising within 48h; Mandatory Study Hall,High_Risk,64.97,63,13,88,0,59,273.92,High,Medium,Yes,9,Medium,Yes,Low,Medium,Private,Negative,3,Yes,High School,Far,Female,High_Risk,2.8,88,1.3
ST-0143,0.15,Low Risk (Tier 3),Severe Attendance Deficit,Standard Curriculum Monitoring; Self-Directed Academic Portal Access,Normal,67.94,69,30,63,1,97,1616.58,High,High,No,8,Medium,Yes,Low,High,Public,Neutral,3,No,High School,Near,Female,Normal,1.8,126,3.56
ST-0144,0.76,High Risk (Tier 1),Insufficient Study Volume,Immediate 1-on-1 Clinical Advising within 48h; Mandatory Study Hall,High_Risk,63.62,62,12,77,1,85,1274.84,Low,Low,Yes,7,Medium,Yes,Medium,Medium,Public,Positive,3,No,College,Far,Male,High_Risk,0.8,154,1.75
ST-0145,0.12,Low Risk (Tier 3),Insufficient Study Volume,Standard Curriculum Monitoring; Self-Directed Academic Portal Access,Normal,69.13,70,14,96,3,66,513.3,Medium,High,No,6,Medium,Yes,Medium,Medium,Public,Positive,2,No,College,Near,Female,Normal,1.8,384,2.86
ST-0146,0.08,Low Risk (Tier 3),Multivariate Risk Factor,Standard Curriculum Monitoring; Self-Directed Academic Portal Access,Normal,70.65,70,20,94,2,96,1066.61,Low,Medium,Yes,6,Medium,Yes,Medium,Medium,Private,Negative,3,No,College,Near,Male,Normal,1.8,282,3.43
ST-0147,0.55,Moderate Risk (Tier 2),Lack of Tutoring Support,Assignment to Peer Collaborative Learning Pod; Bi-Weekly Attendance Ping,High_Risk,64.78,64,18,74,0,65,649.96,Medium,Low,No,8,High,Yes,Medium,High,Public,Positive,4,No,College,Moderate,Female,High_Risk,1.8,74,2.0
ST-0148,0.07,Low Risk (Tier 3),Circadian Irregularity,Standard Curriculum Monitoring; Self-Directed Academic Portal Access,Normal,72.42,71,29,92,2,84,641.04,Low,Low,Yes,4,Medium,Yes,Low,Medium,Public,Negative,3,No,Postgraduate,Near,Male,Normal,3.8,276,6.6
ST-0149,0.35,Low Risk (Tier 3),Severe Attendance Deficit,Standard Curriculum Monitoring; Self-Directed Academic Portal Access,Normal,66.63,66,23,66,1,80,1022.17,Medium,Medium,Yes,6,Medium,Yes,Medium,Medium,Public,Positive,3,No,College,Near,Female,Normal,1.8,132,3.57
ST-0150,0.01,Low Risk (Tier 3),Circadian Irregularity,Standard Curriculum Monitoring; Self-Directed Academic Portal Access,Normal,70.31,70,24,96,0,70,442.09,Medium,Medium,No,10,Medium,Yes,High,Medium,Public,Negative,4,No,High School,Near,Female,Normal,3.8,96,2.18
ST-0151,0.47,Moderate Risk (Tier 2),Severe Attendance Deficit,Assignment to Peer Collaborative Learning Pod; Bi-Weekly Attendance Ping,High_Risk,65.47,65,27,61,1,79,1184.93,Medium,Medium,No,6,Medium,Yes,Low,Medium,Public,Positive,3,No,High School,Moderate,Male,High_Risk,1.8,122,4.14
ST-0152,0.77,High Risk (Tier 1),Severe Attendance Deficit,Immediate 1-on-1 Clinical Advising within 48h; Mandatory Study Hall,High_Risk,63.54,65,18,69,1,54,539.97,High,High,Yes,8,Low,Yes,High,High,Private,Neutral,2,No,High School,Near,Male,High_Risk,1.8,138,2.22
ST-0153,0.14,Low Risk (Tier 3),Severe Attendance Deficit,Standard Curriculum Monitoring; Self-Directed Academic Portal Access,Normal,68.62,68,30,69,2,92,1533.25,Medium,Medium,No,8,Medium,Yes,Medium,Low,Public,Neutral,3,No,High School,Near,Female,Normal,1.8,207,3.78
ST-0154,0.86,High Risk (Tier 1),Severe Attendance Deficit,Immediate 1-on-1 Clinical Advising within 48h; Mandatory Study Hall,High_Risk,61.89,61,17,65,2,55,333.92,Low,Low,Yes,5,Medium,Yes,Low,Medium,Public,Positive,3,No,High School,Near,Female,High_Risk,2.8,195,3.5
ST-0155,0.14,Low Risk (Tier 3),Low Academic Motivation,Standard Curriculum Monitoring; Self-Directed Academic Portal Access,Normal,68.21,69,26,78,4,78,2534.68,Low,High,Yes,7,Low,Yes,Medium,Medium,Private,Neutral,4,No,High School,Moderate,Female,Normal,0.8,390,4.25
ST-0156,0.7,High Risk (Tier 1),Severe Attendance Deficit,Immediate 1-on-1 Clinical Advising within 48h; Mandatory Study Hall,High_Risk,65.33,64,17,70,2,82,774.4,High,Medium,No,8,Low,Yes,High,High,Public,Negative,2,Yes,High School,Moderate,Female,High_Risk,1.8,210,2.33
ST-0157,0.17,Low Risk (Tier 3),Low Academic Motivation,Standard Curriculum Monitoring; Self-Directed Academic Portal Access,Normal,69.2,86,27,90,2,52,501.41,Low,Medium,No,9,Low,No,Low,High,Public,Positive,2,Yes,College,Near,Male,Normal,2.8,270,3.1
ST-0158,0.21,Low Risk (Tier 3),Insufficient Study Volume,Standard Curriculum Monitoring; Self-Directed Academic Portal Access,Normal,67.29,66,11,92,2,75,294.63,Medium,Medium,No,5,Medium,Yes,Medium,Medium,Public,Negative,3,No,High School,Near,Female,Normal,2.8,276,2.5
ST-0159,0.0,Low Risk (Tier 3),Multivariate Risk Factor,Standard Curriculum Monitoring; Self-Directed Academic Portal Access,Normal,71.59,74,21,88,2,92,2414.7,High,High,Yes,7,High,Yes,Medium,Medium,Public,Positive,3,No,Postgraduate,Near,Female,Normal,0.8,264,3.12
ST-0160,0.36,Low Risk (Tier 3),Severe Attendance Deficit,Standard Curriculum Monitoring; Self-Directed Academic Portal Access,Normal,65.72,65,23,65,0,96,1226.6,Medium,Medium,Yes,6,Medium,Yes,Low,Low,Public,Positive,3,No,High School,Near,Male,High_Risk,1.8,65,3.29
ST-0161,0.01,Low Risk (Tier 3),Multivariate Risk Factor,Standard Curriculum Monitoring; Self-Directed Academic Portal Access,Normal,73.86,76,30,98,1,83,1383.26,High,High,Yes,8,High,No,Low,High,Public,Neutral,3,No,High School,Near,Female,Normal,1.8,196,3.56
ST-0162,0.73,High Risk (Tier 1),Lack of Tutoring Support,Immediate 1-on-1 Clinical Advising within 48h; Mandatory Study Hall,High_Risk,63.94,63,19,75,0,65,1543.56,Medium,Medium,No,7,Low,Yes,Low,Low,Private,Neutral,4,No,High School,Near,Female,High_Risk,0.8,75,2.38
ST-0163,0.12,Low Risk (Tier 3),Insufficient Study Volume,Standard Curriculum Monitoring; Self-Directed Academic Portal Access,Normal,69.48,68,14,99,0,89,1557.31,Medium,Medium,No,7,High,No,Medium,Medium,Private,Positive,2,No,Postgraduate,Far,Female,Normal,0.8,99,1.75
ST-0164,0.34,Low Risk (Tier 3),Insufficient Study Volume,Standard Curriculum Monitoring; Self-Directed Academic Portal Access,Normal,65.81,66,13,88,4,61,283.2,High,Low,Yes,9,Low,Yes,Medium,Medium,Private,Negative,3,No,High School,Near,Female,Normal,2.8,440,2.1
ST-0165,0.26,Low Risk (Tier 3),Insufficient Study Volume,Standard Curriculum Monitoring; Self-Directed Academic Portal Access,Normal,66.26,66,15,88,1,57,474.97,Medium,Medium,No,8,Medium,Yes,High,Medium,Private,Positive,2,No,High School,Far,Male,Normal,1.8,176,1.89
ST-0166,0.09,Low Risk (Tier 3),Insufficient Study Volume,Standard Curriculum Monitoring; Self-Directed Academic Portal Access,Normal,68.72,68,16,94,3,85,755.51,Low,Medium,No,8,Medium,Yes,Low,High,Public,Neutral,2,No,High School,Near,Female,Normal,1.8,376,2.44
ST-0167,0.54,Moderate Risk (Tier 2),Multivariate Risk Factor,Assignment to Peer Collaborative Learning Pod; Bi-Weekly Attendance Ping,High_Risk,64.72,64,22,72,2,67,818.84,Low,Low,Yes,8,High,Yes,Medium,Medium,Public,Negative,4,No,College,Far,Male,High_Risk,1.8,216,2.89
ST-0168,0.66,High Risk (Tier 1),Severe Attendance Deficit,Immediate 1-on-1 Clinical Advising within 48h; Mandatory Study Hall,High_Risk,63.87,64,22,63,2,55,672.18,High,Low,Yes,8,Medium,Yes,Medium,Medium,Private,Neutral,4,No,High School,Near,Male,High_Risk,1.8,189,2.89
ST-0169,0.05,Low Risk (Tier 3),Low Academic Motivation,Standard Curriculum Monitoring; Self-Directed Academic Portal Access,Normal,70.58,72,27,84,3,68,1019.94,High,High,No,8,Low,Yes,Low,High,Private,Positive,2,Yes,Postgraduate,Near,Female,Normal,1.8,336,3.67
ST-0170,0.84,High Risk (Tier 1),Severe Attendance Deficit,Immediate 1-on-1 Clinical Advising within 48h; Mandatory Study Hall,High_Risk,65.58,59,7,70,0,51,198.32,Medium,Medium,Yes,6,Medium,Yes,High,Medium,Private,Neutral,1,No,High School,Moderate,Female,High_Risk,1.8,70,1.0
ST-0171,0.86,High Risk (Tier 1),Severe Attendance Deficit,Immediate 1-on-1 Clinical Advising within 48h; Mandatory Study Hall,High_Risk,62.53,62,15,63,4,74,1387.33,High,Low,Yes,7,Medium,Yes,Low,Medium,Public,Negative,2,No,High School,Moderate,Male,High_Risk,0.8,315,2.88
ST-0172,0.09,Low Risk (Tier 3),Circadian Irregularity,Standard Curriculum Monitoring; Self-Directed Academic Portal Access,Normal,69.65,94,19,90,0,90,610.69,Medium,High,Yes,5,Low,Yes,Low,Medium,Public,Neutral,2,No,College,Far,Female,Normal,2.8,90,3.17
ST-0173,0.27,Low Risk (Tier 3),Multivariate Risk Factor,Standard Curriculum Monitoring; Self-Directed Academic Portal Access,Normal,67.07,67,23,76,1,98,1252.15,Low,Medium,Yes,6,Medium,Yes,Low,High,Public,Neutral,3,No,College,Moderate,Male,Normal,1.8,152,3.57
ST-0174,0.16,Low Risk (Tier 3),Multivariate Risk Factor,Standard Curriculum Monitoring; Self-Directed Academic Portal Access,Normal,65.88,68,20,78,2,64,711.07,Medium,High,Yes,8,Medium,Yes,High,Medium,Private,Positive,2,No,High School,Moderate,Female,Normal,1.8,234,2.67
ST-0175,0.06,Low Risk (Tier 3),Multivariate Risk Factor,Standard Curriculum Monitoring; Self-Directed Academic Portal Access,Normal,69.26,68,28,76,3,71,1104.38,Medium,Medium,Yes,6,Medium,Yes,Low,Medium,Private,Positive,2,No,High School,Far,Female,Normal,1.8,304,4.86
ST-0176,0.23,Low Risk (Tier 3),Lack of Tutoring Support,Standard Curriculum Monitoring; Self-Directed Academic Portal Access,Normal,68.73,67,23,93,0,51,651.63,Medium,Low,Yes,8,High,No,Low,High,Private,Positive,1,No,High School,Unknown,Male,Normal,1.8,93,2.56
ST-0177,0.05,Low Risk (Tier 3),Insufficient Study Volume,Standard Curriculum Monitoring; Self-Directed Academic Portal Access,Normal,69.15,70,14,97,1,75,1312.34,Medium,Medium,Yes,7,High,Yes,Medium,Medium,Public,Positive,4,No,College,Near,Female,Normal,0.8,194,2.0
ST-0178,0.13,Low Risk (Tier 3),Lack of Tutoring Support,Standard Curriculum Monitoring; Self-Directed Academic Portal Access,Normal,69.54,70,21,97,0,61,711.63,High,High,No,8,Low,Yes,Low,High,Public,Neutral,3,Yes,Postgraduate,Near,Female,Normal,1.8,97,2.33
ST-0179,0.03,Low Risk (Tier 3),Circadian Irregularity,Standard Curriculum Monitoring; Self-Directed Academic Portal Access,Normal,72.8,74,36,90,1,68,874.25,Medium,High,Yes,5,Low,Yes,Low,High,Public,Positive,2,No,High School,Moderate,Male,Normal,2.8,180,6.33
ST-0180,0.14,Low Risk (Tier 3),Insufficient Study Volume,Standard Curriculum Monitoring; Self-Directed Academic Portal Access,Normal,70.47,71,11,99,4,88,1209.85,Medium,High,Yes,7,High,No,Medium,Low,Private,Neutral,3,No,College,Near,Male,Normal,0.8,495,2.38
ST-0181,0.14,Low Risk (Tier 3),Circadian Irregularity,Standard Curriculum Monitoring; Self-Directed Academic Portal Access,Normal,70.22,71,26,91,4,72,492.62,Low,Medium,No,10,Low,Yes,High,Medium,Public,Neutral,3,No,College,Moderate,Male,Normal,3.8,455,3.09
ST-0182,0.36,Low Risk (Tier 3),Severe Attendance Deficit,Standard Curriculum Monitoring; Self-Directed Academic Portal Access,Normal,67.08,92,31,69,2,52,2014.75,Medium,Medium,No,7,Medium,No,High,Low,Public,Neutral,5,No,College,Far,Male,Normal,0.8,207,4.38
ST-0183,0.32,Low Risk (Tier 3),Severe Attendance Deficit,Standard Curriculum Monitoring; Self-Directed Academic Portal Access,Normal,66.07,69,18,68,3,87,1957.26,High,High,Yes,7,High,Yes,Medium,Medium,Public,Positive,4,No,High School,Near,Male,Normal,0.8,272,3.0
ST-0184,0.46,Moderate Risk (Tier 2),Circadian Irregularity,Assignment to Peer Collaborative Learning Pod; Bi-Weekly Attendance Ping,High_Risk,70.58,66,21,73,5,56,419.99,Medium,Medium,No,5,Medium,Yes,High,Medium,Private,Neutral,3,No,High School,Moderate,Male,Normal,2.8,438,5.17
ST-0185,0.02,Low Risk (Tier 3),Multivariate Risk Factor,Standard Curriculum Monitoring; Self-Directed Academic Portal Access,Normal,70.97,71,25,87,0,94,1305.48,Medium,Medium,No,8,High,Yes,Medium,High,Public,Positive,4,No,High School,Near,Male,Normal,1.8,87,2.78
ST-0186,0.11,Low Risk (Tier 3),Lack of Tutoring Support,Standard Curriculum Monitoring; Self-Directed Academic Portal Access,Normal,69.0,68,25,83,0,64,1999.75,Medium,High,No,7,Medium,Yes,Low,Medium,Public,Neutral,2,No,College,Moderate,Male,Normal,0.8,83,3.12
ST-0187,0.06,Low Risk (Tier 3),Lack of Tutoring Support,Standard Curriculum Monitoring; Self-Directed Academic Portal Access,Normal,70.42,71,25,96,0,69,616.05,Medium,High,Yes,5,Low,Yes,Low,Medium,Public,Neutral,4,No,High School,Moderate,Male,Normal,2.8,96,4.17
ST-0188,0.18,Low Risk (Tier 3),Insufficient Study Volume,Standard Curriculum Monitoring; Self-Directed Academic Portal Access,Normal,68.67,69,14,88,0,97,754.4,High,Medium,Yes,6,Medium,Yes,Low,Medium,Public,Positive,3,No,College,Near,Male,Normal,1.8,88,2.0
ST-0189,0.2,Low Risk (Tier 3),Multivariate Risk Factor,Standard Curriculum Monitoring; Self-Directed Academic Portal Access,Normal,67.21,68,18,79,3,86,859.95,Medium,High,Yes,8,Medium,Yes,Low,Low,Public,Neutral,4,No,College,Near,Female,Normal,1.8,316,2.67
ST-0190,0.04,Low Risk (Tier 3),Low Academic Motivation,Standard Curriculum Monitoring; Self-Directed Academic Portal Access,Normal,71.12,72,23,97,2,57,728.29,High,High,Yes,8,Low,No,High,Medium,Public,Positive,1,No,Postgraduate,Far,Male,Normal,1.8,291,3.0
ST-0191,0.54,Moderate Risk (Tier 2),Insufficient Study Volume,Assignment to Peer Collaborative Learning Pod; Bi-Weekly Attendance Ping,High_Risk,65.88,64,15,84,1,55,458.31,Medium,High,No,6,Low,Yes,Medium,Medium,Private,Negative,2,No,High School,Near,Male,High_Risk,1.8,168,2.43
ST-0192,0.3,Low Risk (Tier 3),Insufficient Study Volume,Standard Curriculum Monitoring; Self-Directed Academic Portal Access,Normal,67.7,67,9,96,0,82,194.21,Medium,Medium,Yes,4,High,No,Low,Medium,Public,Positive,4,No,College,Near,Male,Normal,3.8,96,1.8
ST-0193,0.33,Low Risk (Tier 3),Severe Attendance Deficit,Standard Curriculum Monitoring; Self-Directed Academic Portal Access,Normal,65.03,65,26,63,2,55,1787.28,Medium,Medium,Yes,7,Medium,Yes,Medium,High,Public,Neutral,4,No,High School,Far,Male,High_Risk,0.8,189,3.75
ST-0194,0.12,Low Risk (Tier 3),Insufficient Study Volume,Standard Curriculum Monitoring; Self-Directed Academic Portal Access,Normal,69.52,69,15,98,2,80,666.63,High,Low,No,8,Low,No,High,High,Public,Negative,2,No,Postgraduate,Near,Female,Normal,1.8,294,2.11
ST-0195,0.05,Low Risk (Tier 3),Insufficient Study Volume,Standard Curriculum Monitoring; Self-Directed Academic Portal Access,Normal,69.76,72,15,99,1,73,608.3,Medium,High,Yes,6,High,Yes,High,High,Public,Negative,5,No,Postgraduate,Near,Male,Normal,1.8,198,2.43
ST-0196,0.01,Low Risk (Tier 3),Multivariate Risk Factor,Standard Curriculum Monitoring; Self-Directed Academic Portal Access,Normal,74.12,74,26,99,2,94,1357.7,Medium,Medium,No,6,High,Yes,Medium,Medium,Public,Positive,3,No,High School,Near,Male,Normal,1.8,297,4.29
ST-0197,0.09,Low Risk (Tier 3),Lack of Tutoring Support,Standard Curriculum Monitoring; Self-Directed Academic Portal Access,Normal,70.68,70,26,91,0,65,938.84,High,Medium,Yes,8,Low,Yes,Medium,High,Public,Neutral,2,No,High School,Moderate,Male,Normal,1.8,91,2.89
ST-0198,0.0,Low Risk (Tier 3),Multivariate Risk Factor,Standard Curriculum Monitoring; Self-Directed Academic Portal Access,Normal,71.12,72,28,85,1,74,2589.68,Medium,Medium,Yes,7,Medium,Yes,Medium,High,Public,Positive,3,No,Postgraduate,Near,Female,Normal,0.8,170,3.75
ST-0199,0.7,High Risk (Tier 1),Severe Attendance Deficit,Immediate 1-on-1 Clinical Advising within 48h; Mandatory Study Hall,High_Risk,63.92,65,20,60,4,73,521.41,Medium,Medium,No,9,High,Yes,Medium,Medium,Public,Negative,4,No,College,Near,Male,High_Risk,2.8,300,2.8
ST-0200,0.14,Low Risk (Tier 3),Insufficient Study Volume,Standard Curriculum Monitoring; Self-Directed Academic Portal Access,Normal,68.4,66,16,92,2,86,764.4,Medium,Medium,No,6,Low,No,Medium,Medium,Private,Neutral,3,Yes,College,Near,Female,Normal,1.8,276,2.86
ST-0201,0.96,High Risk (Tier 1),Severe Attendance Deficit,Immediate 1-on-1 Clinical Advising within 48h; Mandatory Study Hall,High_Risk,61.57,60,12,65,2,65,974.88,Low,Medium,No,7,Medium,Yes,Medium,Medium,Public,Neutral,2,No,High School,Near,Male,High_Risk,0.8,195,2.0
ST-0202,0.77,High Risk (Tier 1),Insufficient Study Volume,Immediate 1-on-1 Clinical Advising within 48h; Mandatory Study Hall,High_Risk,62.71,64,7,74,1,69,127.1,High,Medium,No,10,High,Yes,High,Medium,Public,Positive,4,No,High School,Near,Male,High_Risk,3.8,148,0.82
ST-0203,0.14,Low Risk (Tier 3),Multivariate Risk Factor,Standard Curriculum Monitoring; Self-Directed Academic Portal Access,Normal,69.71,69,21,95,2,78,2047.24,Low,Medium,No,7,High,Yes,Low,High,Public,Neutral,2,Yes,High School,Near,Male,Normal,0.8,285,3.12
ST-0204,0.27,Low Risk (Tier 3),Multivariate Risk Factor,Standard Curriculum Monitoring; Self-Directed Academic Portal Access,Normal,67.03,65,21,80,0,73,1916.01,High,Low,No,7,Medium,Yes,Medium,Low,Private,Neutral,2,No,High School,Moderate,Female,High_Risk,0.8,80,2.62
ST-0205,0.06,Low Risk (Tier 3),Multivariate Risk Factor,Standard Curriculum Monitoring; Self-Directed Academic Portal Access,Normal,68.32,70,18,88,2,72,462.84,Medium,Medium,No,9,High,Yes,High,High,Public,Neutral,4,No,Postgraduate,Moderate,Male,Normal,2.8,264,2.2
ST-0206,0.51,Moderate Risk (Tier 2),Severe Attendance Deficit,Assignment to Peer Collaborative Learning Pod; Bi-Weekly Attendance Ping,High_Risk,65.03,66,18,66,2,86,407.36,Medium,High,Yes,4,Medium,Yes,Medium,Medium,Public,Negative,4,No,College,Near,Female,Normal,3.8,198,4.4
ST-0207,0.22,Low Risk (Tier 3),Multivariate Risk Factor,Standard Curriculum Monitoring; Self-Directed Academic Portal Access,Normal,67.5,67,25,72,2,62,861.06,Medium,High,Yes,8,Medium,Yes,Low,Medium,Public,Positive,2,No,High School,Near,Female,Normal,1.8,216,3.22
ST-0208,0.1,Low Risk (Tier 3),Multivariate Risk Factor,Standard Curriculum Monitoring; Self-Directed Academic Portal Access,Normal,69.91,69,22,93,1,52,635.52,Medium,Medium,Yes,6,Medium,Yes,Low,Medium,Public,Negative,3,No,College,Near,Female,Normal,1.8,186,3.43
ST-0209,0.05,Low Risk (Tier 3),Low Academic Motivation,Standard Curriculum Monitoring; Self-Directed Academic Portal Access,Normal,71.16,72,22,94,0,80,977.72,Medium,High,No,6,Low,Yes,High,Medium,Private,Positive,2,No,Postgraduate,Near,Male,Normal,1.8,94,3.14
ST-0210,0.5,Moderate Risk (Tier 2),Insufficient Study Volume,Assignment to Peer Collaborative Learning Pod; Bi-Weekly Attendance Ping,High_Risk,64.44,64,9,87,1,64,319.98,Low,Medium,Yes,6,Medium,Yes,High,Medium,Public,Neutral,2,No,High School,Near,Female,High_Risk,1.8,174,1.57
ST-0211,0.26,Low Risk (Tier 3),Severe Attendance Deficit,Standard Curriculum Monitoring; Self-Directed Academic Portal Access,Normal,66.84,68,27,63,0,92,653.67,High,High,Yes,4,Medium,Yes,Low,Medium,Public,Neutral,3,No,College,Near,Female,Normal,3.8,63,5.4
ST-0212,0.11,Low Risk (Tier 3),Multivariate Risk Factor,Standard Curriculum Monitoring; Self-Directed Academic Portal Access,Normal,71.48,70,26,98,2,73,1054.39,Low,Medium,Yes,6,Medium,Yes,Low,Low,Public,Negative,3,No,High School,Near,Female,Normal,1.8,294,4.29
ST-0213,0.08,Low Risk (Tier 3),Multivariate Risk Factor,Standard Curriculum Monitoring; Self-Directed Academic Portal Access,Normal,68.07,70,25,73,0,91,2843.39,Medium,High,Yes,7,Medium,Yes,Medium,High,Public,Neutral,4,No,Unknown,Near,Female,Normal,0.8,73,3.12
ST-0214,0.07,Low Risk (Tier 3),Multivariate Risk Factor,Standard Curriculum Monitoring; Self-Directed Academic Portal Access,Normal,70.53,72,29,78,5,96,3479.57,Low,Medium,Yes,7,High,Yes,Low,Medium,Public,Positive,4,No,College,Moderate,Male,Normal,0.8,468,4.88
ST-0215,0.02,Low Risk (Tier 3),Multivariate Risk Factor,Standard Curriculum Monitoring; Self-Directed Academic Portal Access,Normal,75.15,78,43,86,2,97,5213.1,High,Medium,Yes,7,Medium,Yes,Medium,High,Public,Positive,1,No,High School,Near,Female,Normal,0.8,258,5.88
ST-0216,0.91,High Risk (Tier 1),Severe Attendance Deficit,Immediate 1-on-1 Clinical Advising within 48h; Mandatory Study Hall,High_Risk,61.12,61,15,61,0,59,316.06,Medium,Medium,No,5,High,Yes,Low,High,Public,Neutral,4,No,High School,Near,Female,High_Risk,2.8,61,2.5
ST-0217,0.66,High Risk (Tier 1),Insufficient Study Volume,Immediate 1-on-1 Clinical Advising within 48h; Mandatory Study Hall,High_Risk,62.82,61,9,74,3,69,344.98,Medium,Low,No,6,Low,Yes,Low,Medium,Private,Positive,2,No,Unknown,Moderate,Female,High_Risk,1.8,296,2.14
ST-0218,0.06,Low Risk (Tier 3),Circadian Irregularity,Standard Curriculum Monitoring; Self-Directed Academic Portal Access,Normal,70.03,70,21,91,2,78,431.04,Medium,Medium,Yes,10,High,Yes,Low,High,Public,Negative,2,No,High School,Near,Male,Normal,3.8,273,2.27
ST-0219,0.37,Low Risk (Tier 3),Low Academic Motivation,Standard Curriculum Monitoring; Self-Directed Academic Portal Access,Normal,66.92,66,18,83,1,64,639.96,Medium,High,Yes,6,Low,No,Medium,High,Private,Negative,3,No,High School,Near,Female,Normal,1.8,166,2.86
ST-0220,0.36,Low Risk (Tier 3),Low Academic Motivation,Standard Curriculum Monitoring; Self-Directed Academic Portal Access,Normal,66.17,65,21,79,0,88,2309.71,Low,Medium,Yes,7,Low,Yes,Low,Medium,Private,Negative,4,No,High School,Moderate,Male,High_Risk,0.8,79,2.62
ST-0221,0.07,Low Risk (Tier 3),Multivariate Risk Factor,Standard Curriculum Monitoring; Self-Directed Academic Portal Access,Normal,70.08,68,26,88,0,74,1068.83,Medium,High,No,6,Medium,Yes,Low,Medium,Public,Negative,2,No,High School,Moderate,Female,Normal,1.8,88,3.71
ST-0222,0.35,Low Risk (Tier 3),Severe Attendance Deficit,Standard Curriculum Monitoring; Self-Directed Academic Portal Access,Normal,65.85,67,27,63,1,64,617.12,High,Medium,No,5,Medium,No,High,High,Public,Positive,4,No,Postgraduate,Near,Male,Normal,2.8,126,4.83
ST-0223,0.07,Low Risk (Tier 3),Multivariate Risk Factor,Standard Curriculum Monitoring; Self-Directed Academic Portal Access,Normal,68.32,68,21,80,0,90,1049.94,Medium,Medium,Yes,8,Medium,Yes,Medium,Medium,Public,Negative,4,No,College,Near,Male,Normal,1.8,80,2.33
ST-0224,0.06,Low Risk (Tier 3),Multivariate Risk Factor,Standard Curriculum Monitoring; Self-Directed Academic Portal Access,Normal,68.8,69,21,93,2,64,746.63,Medium,Low,No,6,Medium,Yes,Low,Medium,Public,Positive,4,No,Postgraduate,Moderate,Male,Normal,1.8,279,3.57
ST-0225,0.62,High Risk (Tier 1),Insufficient Study Volume,Immediate 1-on-1 Clinical Advising within 48h; Mandatory Study Hall,High_Risk,64.06,63,13,77,0,63,1023.62,Medium,High,Yes,7,Low,Yes,High,Low,Public,Positive,1,No,High School,Moderate,Male,High_Risk,0.8,77,1.62
ST-0226,0.81,High Risk (Tier 1),Severe Attendance Deficit,Immediate 1-on-1 Clinical Advising within 48h; Mandatory Study Hall,High_Risk,63.75,62,22,63,1,63,769.96,High,Low,No,6,Low,Yes,Medium,Low,Public,Negative,2,No,Postgraduate,Moderate,Male,High_Risk,1.8,126,3.43
ST-0227,0.02,Low Risk (Tier 3),Circadian Irregularity,Standard Curriculum Monitoring; Self-Directed Academic Portal Access,Normal,75.96,79,39,97,2,91,933.92,High,High,Yes,10,Medium,Yes,Low,Medium,Public,Positive,3,No,High School,Moderate,Female,Normal,3.8,291,3.91
ST-0228,0.22,Low Risk (Tier 3),Severe Attendance Deficit,Standard Curriculum Monitoring; Self-Directed Academic Portal Access,Normal,67.26,67,28,63,2,88,1368.81,Medium,Medium,No,8,Medium,Yes,Low,High,Public,Positive,2,No,High School,Near,Male,Normal,1.8,189,3.56
ST-0229,0.91,High Risk (Tier 1),Severe Attendance Deficit,Immediate 1-on-1 Clinical Advising within 48h; Mandatory Study Hall,High_Risk,61.74,59,16,66,1,52,297.13,Low,Medium,Yes,9,Medium,Yes,Medium,Low,Public,Negative,3,Yes,High School,Near,Male,High_Risk,2.8,132,1.8
ST-0230,0.69,High Risk (Tier 1),Severe Attendance Deficit,Immediate 1-on-1 Clinical Advising within 48h; Mandatory Study Hall,High_Risk,64.63,64,23,66,0,63,804.96,High,Low,Yes,8,Medium,Yes,Low,Medium,Public,Negative,4,No,College,Near,Female,High_Risk,1.8,66,2.56
ST-0231,0.47,Moderate Risk (Tier 2),Severe Attendance Deficit,Assignment to Peer Collaborative Learning Pod; Bi-Weekly Attendance Ping,High_Risk,66.44,68,33,64,1,55,1008.28,High,Medium,No,8,Medium,Yes,Medium,High,Public,Neutral,3,No,College,Moderate,Female,Normal,1.8,128,3.89
ST-0232,0.47,Moderate Risk (Tier 2),Severe Attendance Deficit,Assignment to Peer Collaborative Learning Pod; Bi-Weekly Attendance Ping,High_Risk,65.39,67,22,61,3,80,2199.73,High,Medium,Yes,7,High,Yes,Medium,High,Public,Neutral,3,No,Postgraduate,Moderate,Male,Normal,0.8,244,3.5
ST-0233,0.37,Low Risk (Tier 3),Lack of Tutoring Support,Standard Curriculum Monitoring; Self-Directed Academic Portal Access,Normal,66.33,64,19,84,0,56,591.08,Low,Medium,Yes,8,Medium,Yes,Low,Medium,Private,Neutral,3,Yes,High School,Near,Male,High_Risk,1.8,84,2.11
ST-0234,0.53,Moderate Risk (Tier 2),Insufficient Study Volume,Assignment to Peer Collaborative Learning Pod; Bi-Weekly Attendance Ping,High_Risk,64.76,65,14,80,0,61,474.42,High,Low,Yes,6,Medium,Yes,Medium,High,Public,Neutral,4,No,College,Moderate,Female,High_Risk,1.8,80,2.0
ST-0235,0.12,Low Risk (Tier 3),Multivariate Risk Factor,Standard Curriculum Monitoring; Self-Directed Academic Portal Access,Normal,67.24,66,24,76,2,59,786.62,Medium,Low,Yes,8,Medium,Yes,Medium,Medium,Public,Positive,4,No,College,Far,Male,Normal,1.8,228,3.11
ST-0236,0.16,Low Risk (Tier 3),Multivariate Risk Factor,Standard Curriculum Monitoring; Self-Directed Academic Portal Access,Normal,71.02,69,18,97,4,77,1732.28,Low,Low,Yes,7,Medium,Yes,Low,Low,Private,Neutral,4,No,Postgraduate,Near,Male,Normal,0.8,485,3.25
ST-0237,0.03,Low Risk (Tier 3),Low Academic Motivation,Standard Curriculum Monitoring; Self-Directed Academic Portal Access,Normal,70.29,70,21,96,2,59,1548.56,Medium,Medium,Yes,7,Low,Yes,High,Medium,Public,Negative,2,No,College,Near,Male,Normal,0.8,288,3.12
ST-0238,0.58,Moderate Risk (Tier 2),Severe Attendance Deficit,Assignment to Peer Collaborative Learning Pod; Bi-Weekly Attendance Ping,High_Risk,65.07,64,21,71,1,54,629.97,Medium,Medium,No,8,High,Yes,Medium,Medium,Private,Neutral,3,No,High School,Near,Male,High_Risk,1.8,142,2.56
ST-0239,0.0,Low Risk (Tier 3),Multivariate Risk Factor,Standard Curriculum Monitoring; Self-Directed Academic Portal Access,Normal,70.24,71,23,86,2,91,1162.71,Medium,High,Yes,8,Medium,Yes,Low,Medium,Public,Negative,1,No,College,Near,Female,Normal,1.8,258,3.0
ST-0240,0.7,High Risk (Tier 1),Insufficient Study Volume,Immediate 1-on-1 Clinical Advising within 48h; Mandatory Study Hall,High_Risk,64.1,64,17,72,1,61,576.08,Medium,Medium,No,8,Medium,Yes,Medium,Medium,Public,Neutral,4,No,Postgraduate,Moderate,Male,High_Risk,1.8,144,2.11
ST-0241,0.28,Low Risk (Tier 3),Severe Attendance Deficit,Standard Curriculum Monitoring; Self-Directed Academic Portal Access,Normal,67.69,68,31,63,0,86,952.11,Medium,High,No,9,Low,Yes,High,Medium,Public,Neutral,3,No,Postgraduate,Moderate,Male,Normal,2.8,63,3.1
ST-0242,0.61,High Risk (Tier 1),Severe Attendance Deficit,Immediate 1-on-1 Clinical Advising within 48h; Mandatory Study Hall,High_Risk,65.33,63,20,70,1,91,2274.72,Medium,Medium,Yes,7,Medium,Yes,Low,Medium,Public,Negative,2,No,High School,Far,Male,High_Risk,0.8,140,2.75
ST-0243,0.18,Low Risk (Tier 3),Insufficient Study Volume,Standard Curriculum Monitoring; Self-Directed Academic Portal Access,Normal,66.99,67,8,90,3,73,729.91,Medium,Medium,No,7,High,Yes,High,Low,Private,Negative,4,No,Postgraduate,Near,Male,Normal,0.8,360,1.75
ST-0244,0.04,Low Risk (Tier 3),Low Academic Motivation,Standard Curriculum Monitoring; Self-Directed Academic Portal Access,Normal,69.57,69,22,94,0,75,2062.24,Medium,Medium,Yes,7,Low,Yes,Low,High,Public,Neutral,3,No,High School,Near,Male,Normal,0.8,94,2.75
ST-0245,0.04,Low Risk (Tier 3),Insufficient Study Volume,Standard Curriculum Monitoring; Self-Directed Academic Portal Access,Normal,69.07,71,13,98,1,67,483.86,High,High,Yes,8,Medium,Yes,Medium,Medium,Private,Positive,4,No,Postgraduate,Moderate,Female,Normal,1.8,196,1.67
ST-0246,0.89,High Risk (Tier 1),Severe Attendance Deficit,Immediate 1-on-1 Clinical Advising within 48h; Mandatory Study Hall,High_Risk,63.29,64,17,65,1,55,333.92,High,High,No,9,Medium,Yes,Medium,Medium,Public,Positive,2,No,High School,Near,Male,High_Risk,2.8,130,1.9
ST-0247,0.24,Low Risk (Tier 3),Severe Attendance Deficit,Standard Curriculum Monitoring; Self-Directed Academic Portal Access,Normal,66.66,67,27,68,3,66,636.41,Medium,Medium,No,9,Medium,Yes,High,Medium,Private,Positive,3,No,High School,Far,Male,Normal,2.8,272,3.3
ST-0248,0.1,Low Risk (Tier 3),Multivariate Risk Factor,Standard Curriculum Monitoring; Self-Directed Academic Portal Access,Normal,72.01,71,23,94,5,58,741.07,Low,Medium,No,8,High,Yes,Low,Low,Public,Neutral,6,No,High School,Near,Female,Normal,1.8,564,3.67
ST-0249,0.06,Low Risk (Tier 3),Insufficient Study Volume,Standard Curriculum Monitoring; Self-Directed Academic Portal Access,Normal,69.28,69,17,92,2,66,623.3,Medium,High,Yes,8,Medium,Yes,Low,Medium,Public,Positive,3,No,High School,Near,Female,Normal,1.8,276,2.33
ST-0250,0.1,Low Risk (Tier 3),Circadian Irregularity,Standard Curriculum Monitoring; Self-Directed Academic Portal Access,Normal,68.07,69,27,82,1,62,597.84,Medium,High,Yes,5,Low,Yes,Low,High,Private,Neutral,4,No,High School,Moderate,Female,Normal,2.8,164,4.83
ST-0251,0.02,Low Risk (Tier 3),Circadian Irregularity,Standard Curriculum Monitoring; Self-Directed Academic Portal Access,Normal,74.97,75,29,98,3,88,911.4,Medium,High,Yes,5,Low,Yes,Low,Medium,Public,Neutral,2,No,College,Near,Male,Normal,2.8,392,5.83
ST-0252,0.56,Moderate Risk (Tier 2),Insufficient Study Volume,Assignment to Peer Collaborative Learning Pod; Bi-Weekly Attendance Ping,High_Risk,63.58,64,11,87,1,53,323.87,Low,Medium,No,8,High,Yes,Medium,Medium,Public,Positive,3,No,High School,Near,Female,High_Risk,1.8,174,1.44
ST-0253,0.49,Moderate Risk (Tier 2),Severe Attendance Deficit,Assignment to Peer Collaborative Learning Pod; Bi-Weekly Attendance Ping,High_Risk,65.79,65,22,63,3,99,2722.16,Medium,Medium,Yes,7,Low,Yes,Medium,Medium,Private,Neutral,4,No,High School,Moderate,Male,High_Risk,0.8,252,3.5
ST-0254,0.64,High Risk (Tier 1),Severe Attendance Deficit,Immediate 1-on-1 Clinical Advising within 48h; Mandatory Study Hall,High_Risk,66.02,65,22,67,1,55,318.41,High,High,Yes,10,Medium,Yes,Low,Medium,Public,Positive,2,No,High School,Moderate,Male,High_Risk,3.8,134,2.18
ST-0255,0.05,Low Risk (Tier 3),Multivariate Risk Factor,Standard Curriculum Monitoring; Self-Directed Academic Portal Access,Normal,70.92,72,28,84,0,76,759.97,High,High,Yes,9,High,Yes,High,Medium,Private,Negative,3,No,High School,Near,Male,Normal,2.8,84,2.8
ST-0256,0.28,Low Risk (Tier 3),Severe Attendance Deficit,Standard Curriculum Monitoring; Self-Directed Academic Portal Access,Normal,67.86,67,28,63,4,88,1368.81,Medium,Low,No,6,High,Yes,Medium,High,Public,Neutral,4,No,High School,Far,Male,Normal,1.8,315,5.14
ST-0257,0.64,High Risk (Tier 1),Lack of Tutoring Support,Immediate 1-on-1 Clinical Advising within 48h; Mandatory Study Hall,High_Risk,64.72,63,20,72,0,56,1399.83,Medium,High,Yes,7,Low,Yes,Low,Medium,Public,Negative,6,Yes,College,Moderate,Male,High_Risk,0.8,72,2.5
ST-0258,0.29,Low Risk (Tier 3),Insufficient Study Volume,Standard Curriculum Monitoring; Self-Directed Academic Portal Access,Normal,66.61,67,17,76,4,58,259.47,High,Medium,Yes,4,Medium,Yes,Medium,Medium,Private,Neutral,2,No,Postgraduate,Moderate,Female,Normal,3.8,380,5.0
ST-0259,0.85,High Risk (Tier 1),Severe Attendance Deficit,Immediate 1-on-1 Clinical Advising within 48h; Mandatory Study Hall,High_Risk,62.28,58,3,70,0,58,217.47,Medium,Medium,Yes,7,Medium,Yes,Medium,Medium,Private,Neutral,2,No,High School,Moderate,Male,High_Risk,0.8,70,0.38
ST-0260,0.17,Low Risk (Tier 3),Circadian Irregularity,Standard Curriculum Monitoring; Self-Directed Academic Portal Access,Normal,67.55,66,25,73,1,82,732.12,High,Medium,Yes,5,Low,No,Medium,Medium,Private,Positive,3,Yes,High School,Near,Male,Normal,2.8,146,4.5
ST-0261,0.41,Moderate Risk (Tier 2),Severe Attendance Deficit,Assignment to Peer Collaborative Learning Pod; Bi-Weekly Attendance Ping,High_Risk,68.06,68,34,62,3,89,1681.02,High,Low,No,8,Low,Yes,Low,Medium,Private,Neutral,4,No,College,Moderate,Female,Normal,1.8,248,4.44
ST-0262,0.77,High Risk (Tier 1),Insufficient Study Volume,Immediate 1-on-1 Clinical Advising within 48h; Mandatory Study Hall,High_Risk,63.16,62,11,78,0,65,397.2,Low,High,Yes,8,Medium,Yes,Medium,Unknown,Private,Neutral,2,No,High School,Unknown,Female,High_Risk,1.8,78,1.22
ST-0263,0.02,Low Risk (Tier 3),Circadian Irregularity,Standard Curriculum Monitoring; Self-Directed Academic Portal Access,Normal,71.59,72,22,89,2,97,762.12,Medium,High,Yes,5,Medium,Yes,Medium,Medium,Private,Neutral,5,No,High School,Near,Male,Normal,2.8,267,4.33
ST-0264,0.05,Low Risk (Tier 3),Multivariate Risk Factor,Standard Curriculum Monitoring; Self-Directed Academic Portal Access,Normal,68.88,68,26,91,0,71,1025.5,Medium,Low,Yes,8,Medium,Yes,Low,Medium,Private,Neutral,3,No,High School,Moderate,Male,Normal,1.8,91,2.89
ST-0265,0.37,Low Risk (Tier 3),Insufficient Study Volume,Standard Curriculum Monitoring; Self-Directed Academic Portal Access,Normal,66.13,67,15,78,0,94,783.29,Medium,High,No,8,High,Yes,Low,Medium,Private,Positive,4,No,Postgraduate,Moderate,Male,Normal,1.8,78,1.67
ST-0266,0.06,Low Risk (Tier 3),Multivariate Risk Factor,Standard Curriculum Monitoring; Self-Directed Academic Portal Access,Normal,71.31,72,22,92,2,82,1002.17,High,Low,No,8,Medium,Yes,Medium,Medium,Private,Neutral,5,No,Postgraduate,Near,Male,Normal,1.8,276,2.89
ST-0267,0.34,Low Risk (Tier 3),Severe Attendance Deficit,Standard Curriculum Monitoring; Self-Directed Academic Portal Access,Normal,66.21,67,19,70,5,67,707.18,Medium,Medium,Yes,6,Medium,Yes,Medium,Low,Public,Positive,4,No,Postgraduate,Moderate,Female,Normal,1.8,420,4.14
ST-0268,0.2,Low Risk (Tier 3),Severe Attendance Deficit,Standard Curriculum Monitoring; Self-Directed Academic Portal Access,Normal,67.28,67,28,64,1,77,2694.66,Medium,Medium,Yes,7,Medium,Yes,High,Medium,Public,Positive,2,No,High School,Near,Male,Normal,0.8,128,3.75
ST-0269,0.12,Low Risk (Tier 3),Circadian Irregularity,Standard Curriculum Monitoring; Self-Directed Academic Portal Access,Normal,67.99,68,20,82,3,80,571.41,High,Medium,Yes,5,Medium,Yes,Low,Medium,Public,Neutral,1,Yes,College,Near,Female,Normal,2.8,328,4.33
ST-0270,0.82,High Risk (Tier 1),Severe Attendance Deficit,Immediate 1-on-1 Clinical Advising within 48h; Mandatory Study Hall,High_Risk,64.22,63,16,65,1,77,439.98,Medium,Medium,No,5,Medium,Yes,High,High,Public,Positive,3,No,High School,Moderate,Male,High_Risk,2.8,130,3.0
ST-0271,0.2,Low Risk (Tier 3),Insufficient Study Volume,Standard Curriculum Monitoring; Self-Directed Academic Portal Access,Normal,68.41,67,12,99,1,83,553.3,Medium,Medium,No,6,Low,Yes,Medium,Medium,Public,Negative,3,No,High School,Near,Female,Normal,1.8,198,2.0
ST-0272,0.68,High Risk (Tier 1),Severe Attendance Deficit,Immediate 1-on-1 Clinical Advising within 48h; Mandatory Study Hall,High_Risk,64.18,67,15,67,3,80,428.56,High,Medium,Yes,5,High,Yes,Medium,High,Public,Neutral,4,No,College,Near,Male,Normal,2.8,268,3.5
ST-0273,0.44,Moderate Risk (Tier 2),Multivariate Risk Factor,Assignment to Peer Collaborative Learning Pod; Bi-Weekly Attendance Ping,High_Risk,65.02,65,20,77,1,56,622.19,Low,Medium,No,8,Medium,Yes,Medium,High,Public,Positive,4,No,College,Moderate,Male,High_Risk,1.8,154,2.44
ST-0274,0.55,Moderate Risk (Tier 2),Severe Attendance Deficit,Assignment to Peer Collaborative Learning Pod; Bi-Weekly Attendance Ping,High_Risk,65.27,65,27,64,0,67,1004.94,Medium,High,No,8,Medium,Yes,Low,Medium,Public,Positive,3,No,High School,Near,Male,High_Risk,1.8,64,3.0
ST-0275,0.05,Low Risk (Tier 3),Multivariate Risk Factor,Standard Curriculum Monitoring; Self-Directed Academic Portal Access,Normal,69.78,69,21,73,2,99,742.47,Medium,Medium,Yes,9,Medium,Yes,Medium,High,Public,Neutral,3,No,Postgraduate,Near,Male,Normal,2.8,219,2.5
ST-0276,0.07,Low Risk (Tier 3),Multivariate Risk Factor,Standard Curriculum Monitoring; Self-Directed Academic Portal Access,Normal,70.25,71,20,99,0,80,1999.75,Low,Medium,No,7,High,Yes,Medium,High,Public,Negative,3,No,Postgraduate,Near,Male,Normal,0.8,99,2.5
ST-0277,0.34,Low Risk (Tier 3),Severe Attendance Deficit,Standard Curriculum Monitoring; Self-Directed Academic Portal Access,Normal,66.16,67,24,67,1,78,492.62,High,Medium,Yes,4,Low,Yes,Low,High,Public,Positive,2,No,High School,Near,Female,Normal,3.8,134,5.2
ST-0278,0.16,Low Risk (Tier 3),Insufficient Study Volume,Standard Curriculum Monitoring; Self-Directed Academic Portal Access,Normal,70.47,71,16,99,2,88,782.18,Low,High,No,6,High,Yes,Low,Low,Public,Neutral,3,No,Postgraduate,Near,Male,Normal,1.8,297,2.86
ST-0279,0.04,Low Risk (Tier 3),Multivariate Risk Factor,Standard Curriculum Monitoring; Self-Directed Academic Portal Access,Normal,70.65,71,26,94,4,59,852.17,Low,Medium,No,6,High,Yes,Low,Medium,Public,Neutral,3,No,High School,Near,Female,Normal,1.8,470,4.86
ST-0280,0.3,Low Risk (Tier 3),Insufficient Study Volume,Standard Curriculum Monitoring; Self-Directed Academic Portal Access,Normal,66.2,67,16,79,2,66,277.89,Medium,High,Yes,4,High,Yes,Medium,Medium,Public,Neutral,2,No,College,Moderate,Male,Normal,3.8,237,4.0
ST-0281,0.91,High Risk (Tier 1),Severe Attendance Deficit,Immediate 1-on-1 Clinical Advising within 48h; Mandatory Study Hall,High_Risk,62.46,60,13,65,0,74,1202.35,High,Medium,No,7,Low,Yes,High,Medium,Public,Neutral,2,Yes,High School,Moderate,Male,High_Risk,0.8,65,1.62
ST-0282,0.41,Moderate Risk (Tier 2),Insufficient Study Volume,Assignment to Peer Collaborative Learning Pod; Bi-Weekly Attendance Ping,High_Risk,66.17,65,13,93,0,62,287.85,Medium,High,No,9,Low,Yes,Low,Medium,Private,Neutral,3,No,High School,Moderate,Male,High_Risk,2.8,93,1.3
ST-0283,0.11,Low Risk (Tier 3),Low Academic Motivation,Standard Curriculum Monitoring; Self-Directed Academic Portal Access,Normal,67.7,69,23,75,1,87,1111.6,High,Medium,No,8,Low,Yes,Medium,High,Public,Positive,2,No,College,Near,Female,Normal,1.8,150,2.78
ST-0284,0.09,Low Risk (Tier 3),Insufficient Study Volume,Standard Curriculum Monitoring; Self-Directed Academic Portal Access,Normal,70.47,71,16,93,5,82,468.55,Medium,Medium,Yes,5,Low,Yes,High,Medium,Public,Positive,1,No,High School,Near,Male,Normal,2.8,558,4.33
ST-0285,0.04,Low Risk (Tier 3),Lack of Tutoring Support,Standard Curriculum Monitoring; Self-Directed Academic Portal Access,Normal,70.01,69,21,97,0,63,472.48,Medium,Medium,Yes,9,Medium,Yes,Medium,Medium,Public,Positive,1,No,High School,Moderate,Male,Normal,2.8,97,2.1
ST-0286,0.13,Low Risk (Tier 3),Severe Attendance Deficit,Standard Curriculum Monitoring; Self-Directed Academic Portal Access,Normal,69.59,68,20,69,3,97,2424.7,Medium,High,Yes,7,Medium,Yes,Medium,High,Public,Positive,3,Yes,College,Near,Female,Normal,0.8,276,3.25
ST-0287,0.21,Low Risk (Tier 3),Low Academic Motivation,Standard Curriculum Monitoring; Self-Directed Academic Portal Access,Normal,66.57,67,19,75,1,88,2089.74,Medium,Medium,Yes,7,Low,Yes,Medium,Medium,Private,Positive,3,No,Postgraduate,Moderate,Male,Normal,0.8,150,2.62
ST-0288,0.56,Moderate Risk (Tier 2),Severe Attendance Deficit,Assignment to Peer Collaborative Learning Pod; Bi-Weekly Attendance Ping,High_Risk,64.58,65,25,69,1,63,562.48,Low,Medium,Yes,5,Medium,Yes,High,Medium,Private,Neutral,2,No,High School,Near,Male,High_Risk,2.8,138,4.5
ST-0289,0.21,Low Risk (Tier 3),Insufficient Study Volume,Standard Curriculum Monitoring; Self-Directed Academic Portal Access,Normal,69.64,69,16,99,0,83,474.27,Low,Medium,Yes,5,Low,Yes,Low,High,Private,Neutral,4,No,Postgraduate,Near,Female,Normal,2.8,99,2.67
ST-0290,0.22,Low Risk (Tier 3),Low Academic Motivation,Standard Curriculum Monitoring; Self-Directed Academic Portal Access,Normal,67.36,67,23,72,2,92,1175.49,High,Low,Yes,6,Low,Yes,High,Medium,Public,Negative,3,No,College,Near,Male,Normal,1.8,216,3.86
ST-0291,0.28,Low Risk (Tier 3),Multivariate Risk Factor,Standard Curriculum Monitoring; Self-Directed Academic Portal Access,Normal,65.94,66,19,72,1,76,1804.77,High,Medium,Yes,7,Medium,Yes,Medium,High,Public,Positive,2,No,High School,Moderate,Female,Normal,0.8,144,2.62
ST-0292,0.41,Moderate Risk (Tier 2),Insufficient Study Volume,Assignment to Peer Collaborative Learning Pod; Bi-Weekly Attendance Ping,High_Risk,65.98,64,6,98,1,75,249.99,Medium,Low,No,8,Medium,Yes,High,Medium,Public,Neutral,3,Yes,Postgraduate,Far,Female,High_Risk,1.8,196,0.89
ST-0293,0.01,Low Risk (Tier 3),Insufficient Study Volume,Standard Curriculum Monitoring; Self-Directed Academic Portal Access,Normal,70.81,71,15,99,2,94,783.29,Low,Medium,Yes,8,Medium,Yes,Medium,Medium,Private,Neutral,3,No,Postgraduate,Near,Male,Normal,1.8,297,2.11
ST-0294,0.03,Low Risk (Tier 3),Multivariate Risk Factor,Standard Curriculum Monitoring; Self-Directed Academic Portal Access,Normal,71.43,71,23,95,1,92,2644.67,High,Low,No,7,High,Yes,Low,Medium,Public,Positive,1,No,High School,Near,Female,Normal,0.8,190,3.12
ST-0295,0.12,Low Risk (Tier 3),Insufficient Study Volume,Standard Curriculum Monitoring; Self-Directed Academic Portal Access,Normal,68.84,70,16,94,0,76,434.27,High,High,Yes,9,Medium,Yes,Low,High,Public,Neutral,2,No,High School,Near,Male,Normal,2.8,94,1.6
ST-0296,0.0,Low Risk (Tier 3),Multivariate Risk Factor,Standard Curriculum Monitoring; Self-Directed Academic Portal Access,Normal,74.67,74,27,96,2,93,3138.36,Medium,Medium,No,7,Medium,Yes,Medium,Medium,Public,Neutral,2,No,College,Near,Male,Normal,0.8,288,3.88
ST-0297,0.2,Low Risk (Tier 3),Insufficient Study Volume,Standard Curriculum Monitoring; Self-Directed Academic Portal Access,Normal,66.74,67,14,85,2,89,1557.31,Low,Medium,No,7,Medium,Yes,Medium,High,Public,Positive,2,No,College,Moderate,Male,Normal,0.8,255,2.25
ST-0298,0.64,High Risk (Tier 1),Severe Attendance Deficit,Immediate 1-on-1 Clinical Advising within 48h; Mandatory Study Hall,High_Risk,64.16,65,16,66,2,68,388.56,High,High,No,5,High,No,Low,Medium,Public,Positive,5,No,Postgraduate,Moderate,Male,High_Risk,2.8,198,3.33
ST-0299,0.27,Low Risk (Tier 3),Low Academic Motivation,Standard Curriculum Monitoring; Self-Directed Academic Portal Access,Normal,67.36,66,22,79,3,97,1185.49,Low,Low,Yes,6,Low,Yes,High,Medium,Public,Negative,3,No,High School,Moderate,Male,Normal,1.8,316,4.0
ST-0300,0.03,Low Risk (Tier 3),Multivariate Risk Factor,Standard Curriculum Monitoring; Self-Directed Academic Portal Access,Normal,71.6,72,30,91,2,69,1149.94,High,Low,Yes,6,Medium,Yes,Medium,High,Public,Negative,4,No,High School,Moderate,Female,Normal,1.8,273,4.86
ST-0301,0.32,Low Risk (Tier 3),Severe Attendance Deficit,Standard Curriculum Monitoring; Self-Directed Academic Portal Access,Normal,66.06,67,17,71,5,90,849.95,Medium,Medium,Yes,8,Medium,Yes,Medium,Medium,Public,Positive,1,No,Postgraduate,Far,Male,Normal,1.8,426,3.0
ST-0302,0.48,Moderate Risk (Tier 2),Insufficient Study Volume,Assignment to Peer Collaborative Learning Pod; Bi-Weekly Attendance Ping,High_Risk,64.06,64,9,82,2,86,429.98,High,Low,Yes,6,Medium,Yes,Low,High,Private,Negative,2,No,College,Far,Female,High_Risk,1.8,246,1.86
ST-0303,0.61,High Risk (Tier 1),Severe Attendance Deficit,Immediate 1-on-1 Clinical Advising within 48h; Mandatory Study Hall,High_Risk,65.57,64,21,65,2,91,2388.45,Medium,Low,Yes,7,Low,Yes,Medium,High,Public,Positive,3,No,High School,Far,Female,High_Risk,0.8,195,3.12
ST-0304,0.92,High Risk (Tier 1),Severe Attendance Deficit,Immediate 1-on-1 Clinical Advising within 48h; Mandatory Study Hall,High_Risk,60.85,60,11,67,0,54,329.98,Medium,Medium,Yes,6,Low,Yes,Low,Medium,Public,Positive,3,No,High School,Near,Female,High_Risk,1.8,67,1.57
ST-0305,0.23,Low Risk (Tier 3),Insufficient Study Volume,Standard Curriculum Monitoring; Self-Directed Academic Portal Access,Normal,66.99,67,15,88,1,55,458.31,High,Medium,No,8,Medium,Yes,High,High,Private,Neutral,2,No,High School,Near,Male,Normal,1.8,176,1.89
ST-0306,0.26,Low Risk (Tier 3),Multivariate Risk Factor,Standard Curriculum Monitoring; Self-Directed Academic Portal Access,Normal,66.69,67,21,78,1,60,699.96,Medium,High,No,6,High,Yes,Low,High,Private,Neutral,2,No,College,Near,Female,Normal,1.8,156,3.29
ST-0307,0.01,Low Risk (Tier 3),Multivariate Risk Factor,Standard Curriculum Monitoring; Self-Directed Academic Portal Access,Normal,72.53,74,29,91,2,87,3153.36,Medium,High,Yes,7,Medium,No,Medium,High,Private,Negative,4,No,College,Near,Female,Normal,0.8,273,4.12
ST-0308,0.57,Moderate Risk (Tier 2),Severe Attendance Deficit,Assignment to Peer Collaborative Learning Pod; Bi-Weekly Attendance Ping,High_Risk,66.43,63,19,70,2,86,583.55,Medium,Low,Yes,9,Low,Yes,High,Medium,Public,Neutral,2,Yes,High School,Near,Male,High_Risk,2.8,210,2.3
ST-0309,0.88,High Risk (Tier 1),Severe Attendance Deficit,Immediate 1-on-1 Clinical Advising within 48h; Mandatory Study Hall,High_Risk,62.67,62,18,64,2,51,509.97,Medium,Medium,Yes,6,Medium,Yes,Low,Medium,Public,Positive,1,No,High School,Near,Female,High_Risk,1.8,192,3.14
ST-0310,0.22,Low Risk (Tier 3),Multivariate Risk Factor,Standard Curriculum Monitoring; Self-Directed Academic Portal Access,Normal,68.58,67,26,76,1,95,3087.11,Low,Low,No,7,High,Yes,Low,High,Public,Neutral,1,No,Postgraduate,Near,Male,Normal,0.8,152,3.5
ST-0311,0.04,Low Risk (Tier 3),Low Academic Motivation,Standard Curriculum Monitoring; Self-Directed Academic Portal Access,Normal,70.94,72,20,89,5,84,2099.74,Medium,High,No,7,Low,Yes,High,Medium,Public,Neutral,3,No,Postgraduate,Moderate,Male,Normal,0.8,534,3.75
ST-0312,0.51,Moderate Risk (Tier 2),Severe Attendance Deficit,Assignment to Peer Collaborative Learning Pod; Bi-Weekly Attendance Ping,High_Risk,66.2,65,22,71,2,98,2694.66,Medium,Low,Yes,7,Low,Yes,Low,High,Public,Neutral,2,No,High School,Moderate,Female,High_Risk,0.8,213,3.25
ST-0313,0.42,Moderate Risk (Tier 2),Insufficient Study Volume,Assignment to Peer Collaborative Learning Pod; Bi-Weekly Attendance Ping,High_Risk,66.47,66,15,77,1,85,708.29,Medium,Medium,Yes,8,High,Yes,Low,Medium,Public,Positive,2,No,Postgraduate,Moderate,Male,Normal,1.8,154,1.89
ST-0314,0.88,High Risk (Tier 1),Severe Attendance Deficit,Immediate 1-on-1 Clinical Advising within 48h; Mandatory Study Hall,High_Risk,62.41,62,14,67,1,82,1434.82,Medium,High,No,7,Low,Yes,Medium,Medium,Public,Neutral,3,No,High School,Far,Female,High_Risk,0.8,134,2.0
ST-0315,0.69,High Risk (Tier 1),Low Academic Motivation,Immediate 1-on-1 Clinical Advising within 48h; Mandatory Study Hall,High_Risk,64.92,64,22,72,1,70,855.51,Low,Medium,No,6,Low,Yes,High,Medium,Public,Neutral,3,No,Postgraduate,Far,Male,High_Risk,1.8,144,3.43
ST-0316,0.06,Low Risk (Tier 3),Low Academic Motivation,Standard Curriculum Monitoring; Self-Directed Academic Portal Access,Normal,71.05,70,31,84,4,71,2750.91,Medium,High,No,7,Low,Yes,Low,Medium,Public,Negative,4,No,High School,Far,Male,Normal,0.8,420,4.88
ST-0317,0.25,Low Risk (Tier 3),Multivariate Risk Factor,Standard Curriculum Monitoring; Self-Directed Academic Portal Access,Normal,66.7,66,23,76,1,57,1638.55,Medium,Medium,Yes,7,High,Yes,Medium,Medium,Public,Negative,3,No,High School,Moderate,Female,Normal,0.8,152,3.12
ST-0318,0.08,Low Risk (Tier 3),Multivariate Risk Factor,Standard Curriculum Monitoring; Self-Directed Academic Portal Access,Normal,71.42,71,18,91,4,81,520.7,Low,High,Yes,9,High,Yes,High,Medium,Public,Neutral,5,No,High School,Moderate,Male,Normal,2.8,455,2.6
ST-0319,0.19,Low Risk (Tier 3),Low Academic Motivation,Standard Curriculum Monitoring; Self-Directed Academic Portal Access,Normal,67.76,68,23,85,1,59,753.85,High,Low,Yes,6,Low,Yes,Medium,Medium,Public,Negative,1,No,Unknown,Near,Male,Normal,1.8,170,3.57
ST-0320,0.72,High Risk (Tier 1),Severe Attendance Deficit,Immediate 1-on-1 Clinical Advising within 48h; Mandatory Study Hall,High_Risk,64.28,65,20,66,0,91,1011.05,Medium,High,Yes,6,Low,Yes,Medium,High,Public,Negative,5,No,High School,Far,Male,High_Risk,1.8,66,2.86
ST-0321,0.65,High Risk (Tier 1),Severe Attendance Deficit,Immediate 1-on-1 Clinical Advising within 48h; Mandatory Study Hall,High_Risk,64.37,64,27,62,1,53,794.96,High,Medium,No,6,Low,Yes,Medium,Medium,Public,Positive,2,No,High School,Moderate,Male,High_Risk,1.8,124,4.14
ST-0322,0.14,Low Risk (Tier 3),Multivariate Risk Factor,Standard Curriculum Monitoring; Self-Directed Academic Portal Access,Normal,66.84,67,20,79,3,83,922.17,Medium,Medium,No,8,Medium,Yes,Low,Medium,Private,Neutral,4,No,College,Moderate,Male,Normal,1.8,316,2.89
ST-0323,0.07,Low Risk (Tier 3),Insufficient Study Volume,Standard Curriculum Monitoring; Self-Directed Academic Portal Access,Normal,69.24,69,17,97,1,89,840.51,Medium,Medium,No,8,Medium,Yes,Low,Unknown,Public,Neutral,4,No,High School,Far,Male,Normal,1.8,194,2.11
ST-0324,0.33,Low Risk (Tier 3),Multivariate Risk Factor,Standard Curriculum Monitoring; Self-Directed Academic Portal Access,Normal,66.7,66,19,83,1,54,569.97,High,Low,Yes,8,Medium,Yes,Low,Medium,Private,Positive,4,No,High School,Moderate,Male,Normal,1.8,166,2.33
ST-0325,0.85,High Risk (Tier 1),Insufficient Study Volume,Immediate 1-on-1 Clinical Advising within 48h; Mandatory Study Hall,High_Risk,62.85,62,12,74,1,66,439.98,Medium,High,Yes,8,Low,Yes,Low,Medium,Public,Negative,4,No,High School,Near,Female,High_Risk,1.8,148,1.56
ST-0326,0.22,Low Risk (Tier 3),Severe Attendance Deficit,Standard Curriculum Monitoring; Self-Directed Academic Portal Access,Normal,67.65,67,25,67,1,82,732.12,Medium,High,No,9,Medium,Yes,Medium,Medium,Public,Positive,3,No,Postgraduate,Far,Female,Normal,2.8,134,2.7
ST-0327,0.55,Moderate Risk (Tier 2),Severe Attendance Deficit,Assignment to Peer Collaborative Learning Pod; Bi-Weekly Attendance Ping,High_Risk,66.76,66,21,68,1,79,592.48,Medium,Medium,No,9,Low,Yes,High,High,Private,Negative,4,No,Postgraduate,Moderate,Female,Normal,2.8,136,2.3
ST-0328,0.09,Low Risk (Tier 3),Multivariate Risk Factor,Standard Curriculum Monitoring; Self-Directed Academic Portal Access,Normal,69.82,73,27,73,5,73,2463.44,High,High,Yes,7,High,Yes,High,High,Public,Negative,3,No,High School,Near,Female,Normal,0.8,438,4.62
ST-0329,0.1,Low Risk (Tier 3),Circadian Irregularity,Standard Curriculum Monitoring; Self-Directed Academic Portal Access,Normal,69.61,68,21,80,2,65,487.48,Medium,High,No,5,High,Yes,Medium,Low,Private,Neutral,1,No,Postgraduate,Moderate,Male,Normal,2.8,240,4.17
ST-0330,0.15,Low Risk (Tier 3),Insufficient Study Volume,Standard Curriculum Monitoring; Self-Directed Academic Portal Access,Normal,67.33,67,16,87,1,76,434.27,Medium,Medium,No,5,High,Yes,Low,High,Private,Neutral,2,No,Postgraduate,Far,Female,Normal,2.8,174,3.0
ST-0331,0.09,Low Risk (Tier 3),Circadian Irregularity,Standard Curriculum Monitoring; Self-Directed Academic Portal Access,Normal,67.22,67,20,88,1,56,399.99,Medium,Medium,No,5,Medium,Yes,Low,Medium,Public,Neutral,4,No,Unknown,Near,Female,Normal,2.8,176,3.67
ST-0332,0.82,High Risk (Tier 1),Severe Attendance Deficit,Immediate 1-on-1 Clinical Advising within 48h; Mandatory Study Hall,High_Risk,64.33,63,21,65,1,67,781.62,Medium,Medium,Yes,8,Medium,Yes,Low,Medium,Public,Positive,2,No,College,Moderate,Male,High_Risk,1.8,130,2.56
ST-0333,0.83,High Risk (Tier 1),Severe Attendance Deficit,Immediate 1-on-1 Clinical Advising within 48h; Mandatory Study Hall,High_Risk,63.98,64,22,67,1,71,867.73,Low,Medium,Yes,6,Low,Yes,Medium,High,Public,Neutral,4,No,College,Moderate,Male,High_Risk,1.8,134,3.43
ST-0334,0.5,Moderate Risk (Tier 2),Severe Attendance Deficit,Assignment to Peer Collaborative Learning Pod; Bi-Weekly Attendance Ping,High_Risk,65.16,66,22,60,2,89,1087.72,High,Medium,Yes,8,Medium,Yes,Medium,High,Private,Neutral,4,No,College,Moderate,Male,Normal,1.8,180,2.89
ST-0335,0.34,Low Risk (Tier 3),Severe Attendance Deficit,Standard Curriculum Monitoring; Self-Directed Academic Portal Access,Normal,66.61,66,28,62,2,85,1322.15,Low,High,No,8,Medium,Yes,Low,High,Public,Positive,3,No,High School,Moderate,Female,Normal,1.8,186,3.56
ST-0336,0.29,Low Risk (Tier 3),Insufficient Study Volume,Standard Curriculum Monitoring; Self-Directed Academic Portal Access,Normal,66.68,66,10,95,2,74,924.88,High,Low,Yes,7,High,Yes,Low,Medium,Public,Negative,3,No,High School,Far,Male,Normal,0.8,285,1.75
ST-0337,0.03,Low Risk (Tier 3),Circadian Irregularity,Standard Curriculum Monitoring; Self-Directed Academic Portal Access,Normal,69.32,70,27,81,0,98,944.97,Medium,Low,Yes,5,Medium,Yes,High,Medium,Public,Positive,3,No,High School,Near,Male,Normal,2.8,81,4.5
ST-0338,0.78,High Risk (Tier 1),Severe Attendance Deficit,Immediate 1-on-1 Clinical Advising within 48h; Mandatory Study Hall,High_Risk,60.98,58,4,69,2,93,132.85,Medium,Low,No,9,Low,No,Medium,High,Private,Negative,3,No,High School,Moderate,Female,High_Risk,2.8,207,0.8
ST-0339,0.09,Low Risk (Tier 3),Insufficient Study Volume,Standard Curriculum Monitoring; Self-Directed Academic Portal Access,Normal,69.8,69,17,98,2,56,250.52,High,Medium,No,4,Medium,Yes,Low,Low,Private,Positive,3,No,High School,Near,Female,Normal,3.8,294,4.2
ST-0340,0.4,Moderate Risk (Tier 2),Multivariate Risk Factor,Assignment to Peer Collaborative Learning Pod; Bi-Weekly Attendance Ping,High_Risk,65.94,66,26,75,1,56,519.98,Low,Medium,Yes,9,Medium,Yes,Low,Medium,Public,Positive,5,No,High School,Moderate,Male,Normal,2.8,150,2.8
ST-0341,0.32,Low Risk (Tier 3),Multivariate Risk Factor,Standard Curriculum Monitoring; Self-Directed Academic Portal Access,Normal,66.07,65,24,79,2,68,906.62,Low,Low,Yes,8,High,Yes,Low,Medium,Private,Negative,2,No,High School,Near,Male,High_Risk,1.8,237,3.11
ST-0342,0.1,Low Risk (Tier 3),Multivariate Risk Factor,Standard Curriculum Monitoring; Self-Directed Academic Portal Access,Normal,69.41,69,30,75,1,73,1216.6,Medium,Medium,No,8,High,Yes,Medium,Medium,Public,Negative,3,No,College,Near,Male,Normal,1.8,150,3.56
ST-0343,0.14,Low Risk (Tier 3),Insufficient Study Volume,Standard Curriculum Monitoring; Self-Directed Academic Portal Access,Normal,67.17,69,16,81,3,66,1319.84,High,Medium,Yes,7,Medium,Yes,High,High,Private,Positive,4,No,High School,Near,Male,Normal,0.8,324,2.75
ST-0344,0.15,Low Risk (Tier 3),Severe Attendance Deficit,Standard Curriculum Monitoring; Self-Directed Academic Portal Access,Normal,67.07,67,23,71,2,79,478.15,High,Medium,Yes,4,Medium,No,Low,Medium,Public,Positive,3,No,Unknown,Near,Male,Normal,3.8,213,5.4
ST-0345,0.17,Low Risk (Tier 3),Lack of Tutoring Support,Standard Curriculum Monitoring; Self-Directed Academic Portal Access,Normal,68.8,66,22,84,0,56,324.2,Medium,Medium,No,4,Medium,Yes,High,Low,Private,Positive,2,No,High School,Moderate,Male,Normal,3.8,84,4.4
ST-0346,0.29,Low Risk (Tier 3),Severe Attendance Deficit,Standard Curriculum Monitoring; Self-Directed Academic Portal Access,Normal,65.24,66,23,61,1,85,1086.05,Medium,High,Yes,8,Medium,Yes,Medium,High,Private,Positive,0,No,High School,Near,Male,Normal,1.8,122,2.78
ST-0347,0.15,Low Risk (Tier 3),Multivariate Risk Factor,Standard Curriculum Monitoring; Self-Directed Academic Portal Access,Normal,69.04,68,18,88,2,87,869.95,Low,Medium,No,8,Medium,Yes,Medium,High,Public,Neutral,2,No,Postgraduate,Moderate,Female,Normal,1.8,264,2.44
ST-0348,0.88,High Risk (Tier 1),Severe Attendance Deficit,Immediate 1-on-1 Clinical Advising within 48h; Mandatory Study Hall,High_Risk,62.38,61,16,66,2,63,559.97,Medium,Low,No,6,Low,Yes,Medium,High,Public,Neutral,3,No,College,Moderate,Male,High_Risk,1.8,198,2.86
ST-0349,0.8,High Risk (Tier 1),Lack of Tutoring Support,Immediate 1-on-1 Clinical Advising within 48h; Mandatory Study Hall,High_Risk,63.58,63,20,72,0,60,666.63,High,Low,No,8,Low,Yes,Low,Medium,Public,Neutral,5,No,High School,Near,Male,High_Risk,1.8,72,2.22
ST-0350,0.89,High Risk (Tier 1),Severe Attendance Deficit,Immediate 1-on-1 Clinical Advising within 48h; Mandatory Study Hall,High_Risk,63.54,62,14,69,3,55,427.75,High,Medium,No,6,Medium,Yes,Low,Low,Private,Positive,2,No,High School,Moderate,Male,High_Risk,1.8,276,2.86
ST-0351,0.21,Low Risk (Tier 3),Insufficient Study Volume,Standard Curriculum Monitoring; Self-Directed Academic Portal Access,Normal,65.66,67,7,86,5,68,594.93,High,Medium,No,7,Medium,Yes,Low,Medium,Public,Positive,4,No,Postgraduate,Moderate,Male,Normal,0.8,516,2.12
ST-0352,0.08,Low Risk (Tier 3),Low Academic Motivation,Standard Curriculum Monitoring; Self-Directed Academic Portal Access,Normal,69.37,68,28,76,0,75,1166.6,Medium,Medium,Yes,6,Low,Yes,Medium,High,Public,Positive,2,No,High School,Near,Female,Normal,1.8,76,4.0
ST-0353,0.31,Low Risk (Tier 3),Multivariate Risk Factor,Standard Curriculum Monitoring; Self-Directed Academic Portal Access,Normal,70.73,67,27,73,2,97,935.32,Low,Low,No,9,Medium,Yes,Medium,High,Public,Neutral,1,No,High School,Near,Female,Normal,2.8,219,3.1
ST-0354,0.5,Moderate Risk (Tier 2),Low Academic Motivation,Assignment to Peer Collaborative Learning Pod; Bi-Weekly Attendance Ping,High_Risk,66.0,65,20,76,2,94,1044.39,Medium,Medium,No,6,Low,Yes,Low,High,Public,Neutral,3,Yes,High School,Moderate,Male,High_Risk,1.8,228,3.43
ST-0355,0.05,Low Risk (Tier 3),Low Academic Motivation,Standard Curriculum Monitoring; Self-Directed Academic Portal Access,Normal,71.3,71,23,95,0,86,1098.83,High,Medium,No,6,Low,Yes,Medium,High,Public,Neutral,3,No,High School,Moderate,Female,Normal,1.8,95,3.29
ST-0356,0.17,Low Risk (Tier 3),Multivariate Risk Factor,Standard Curriculum Monitoring; Self-Directed Academic Portal Access,Normal,68.88,69,23,76,0,98,1252.15,Medium,High,Yes,8,Medium,Yes,Medium,Low,Public,Neutral,2,No,Postgraduate,Moderate,Female,Normal,1.8,76,2.56
ST-0357,0.83,High Risk (Tier 1),Severe Attendance Deficit,Immediate 1-on-1 Clinical Advising within 48h; Mandatory Study Hall,High_Risk,64.95,63,19,67,1,82,556.41,Medium,Medium,No,5,High,Yes,Low,Low,Private,Negative,3,No,High School,Near,Male,High_Risk,2.8,134,3.5
ST-0358,0.07,Low Risk (Tier 3),Multivariate Risk Factor,Standard Curriculum Monitoring; Self-Directed Academic Portal Access,Normal,69.18,69,18,92,1,70,1574.8,High,Medium,Yes,7,Medium,Yes,Low,Medium,Public,Neutral,3,No,High School,Moderate,Male,Normal,0.8,184,2.5
ST-0359,0.02,Low Risk (Tier 3),Multivariate Risk Factor,Standard Curriculum Monitoring; Self-Directed Academic Portal Access,Normal,70.61,71,25,87,1,90,1249.93,High,Medium,Yes,8,Medium,Yes,Low,Medium,Public,Negative,4,No,High School,Near,Female,Normal,1.8,174,3.0
ST-0360,0.56,Moderate Risk (Tier 2),Multivariate Risk Factor,Assignment to Peer Collaborative Learning Pod; Bi-Weekly Attendance Ping,High_Risk,66.16,64,18,73,0,75,749.96,Medium,Medium,Yes,8,Medium,Yes,High,Medium,Public,Neutral,1,Yes,College,Near,Female,High_Risk,1.8,73,2.0
ST-0361,0.12,Low Risk (Tier 3),Low Academic Motivation,Standard Curriculum Monitoring; Self-Directed Academic Portal Access,Normal,67.82,68,25,81,3,59,819.4,Low,Medium,Yes,8,Low,Yes,Low,Medium,Public,Positive,4,No,College,Near,Male,Normal,1.8,324,3.44
ST-0362,0.26,Low Risk (Tier 3),Insufficient Study Volume,Standard Curriculum Monitoring; Self-Directed Academic Portal Access,Normal,66.83,68,11,94,0,92,562.19,Low,High,Yes,8,High,Yes,Medium,Medium,Public,Neutral,4,No,High School,Near,Female,Normal,1.8,94,1.22
ST-0363,0.05,Low Risk (Tier 3),Multivariate Risk Factor,Standard Curriculum Monitoring; Self-Directed Academic Portal Access,Normal,69.43,70,19,88,1,94,992.17,Medium,High,No,8,High,Yes,Medium,Medium,Public,Neutral,3,No,High School,Moderate,Male,Normal,1.8,176,2.33
ST-0364,0.43,Moderate Risk (Tier 2),Severe Attendance Deficit,Assignment to Peer Collaborative Learning Pod; Bi-Weekly Attendance Ping,High_Risk,66.42,68,22,70,1,90,707.12,Medium,High,Yes,5,High,Yes,Medium,High,Public,Neutral,3,No,College,Far,Female,Normal,2.8,140,4.0
ST-0365,0.01,Low Risk (Tier 3),Multivariate Risk Factor,Standard Curriculum Monitoring; Self-Directed Academic Portal Access,Normal,70.8,70,23,88,0,89,1137.16,Medium,Medium,No,8,Medium,Yes,Medium,High,Private,Positive,5,No,High School,Near,Female,Normal,1.8,88,2.56
ST-0366,0.37,Low Risk (Tier 3),Multivariate Risk Factor,Standard Curriculum Monitoring; Self-Directed Academic Portal Access,Normal,67.06,65,21,77,4,57,664.96,Medium,Low,Yes,6,Medium,Yes,Low,Medium,Public,Negative,5,No,High School,Far,Male,High_Risk,1.8,385,4.14
ST-0367,0.62,High Risk (Tier 1),Insufficient Study Volume,Immediate 1-on-1 Clinical Advising within 48h; Mandatory Study Hall,High_Risk,65.65,64,14,76,1,71,354.99,High,Medium,Yes,5,Medium,Yes,Low,Medium,Public,Negative,3,No,High School,Near,Male,High_Risk,2.8,152,2.67
ST-0368,0.05,Low Risk (Tier 3),Low Academic Motivation,Standard Curriculum Monitoring; Self-Directed Academic Portal Access,Normal,70.78,71,22,92,1,72,565.69,High,High,No,9,Low,Yes,Low,High,Public,Neutral,4,Yes,Postgraduate,Near,Male,Normal,2.8,184,2.4
ST-0369,0.66,High Risk (Tier 1),Severe Attendance Deficit,Immediate 1-on-1 Clinical Advising within 48h; Mandatory Study Hall,High_Risk,66.04,63,23,66,2,53,677.18,High,Low,No,6,Low,Yes,Medium,Medium,Public,Positive,1,No,College,Far,Male,High_Risk,1.8,198,3.86
ST-0370,0.03,Low Risk (Tier 3),Multivariate Risk Factor,Standard Curriculum Monitoring; Self-Directed Academic Portal Access,Normal,72.56,74,36,88,0,99,1979.89,Medium,High,No,8,High,Yes,Low,Medium,Private,Negative,3,No,College,Near,Female,Normal,1.8,88,4.0
ST-0371,0.19,Low Risk (Tier 3),Multivariate Risk Factor,Standard Curriculum Monitoring; Self-Directed Academic Portal Access,Normal,66.68,68,26,76,1,77,1112.16,Low,Medium,Yes,6,Medium,Yes,Medium,Medium,Private,Neutral,5,No,High School,Near,Male,Normal,1.8,152,4.0
ST-0372,0.03,Low Risk (Tier 3),Multivariate Risk Factor,Standard Curriculum Monitoring; Self-Directed Academic Portal Access,Normal,69.72,70,20,89,0,91,1011.05,Low,Medium,Yes,6,High,Yes,Medium,Medium,Private,Positive,4,No,College,Near,Male,Normal,1.8,89,2.86
ST-0373,0.18,Low Risk (Tier 3),Lack of Tutoring Support,Standard Curriculum Monitoring; Self-Directed Academic Portal Access,Normal,67.22,66,24,84,0,52,1559.81,Low,Medium,Yes,7,Medium,Yes,Low,High,Public,Neutral,3,No,High School,Near,Male,Normal,0.8,84,3.0
ST-0374,0.86,High Risk (Tier 1),Severe Attendance Deficit,Immediate 1-on-1 Clinical Advising within 48h; Mandatory Study Hall,High_Risk,61.3,60,16,61,0,53,471.08,High,Medium,Yes,6,Low,Yes,High,Medium,Public,Positive,4,Yes,High School,Moderate,Female,High_Risk,1.8,61,2.29
ST-0375,0.0,Low Risk (Tier 3),Multivariate Risk Factor,Standard Curriculum Monitoring; Self-Directed Academic Portal Access,Normal,71.37,72,27,89,0,99,3340.83,Medium,Medium,Yes,7,Medium,Yes,Medium,High,Public,Positive,2,No,High School,Near,Female,Normal,0.8,89,3.38
ST-0376,0.07,Low Risk (Tier 3),Circadian Irregularity,Standard Curriculum Monitoring; Self-Directed Academic Portal Access,Normal,71.2,71,23,94,1,91,550.77,Medium,Low,Yes,10,High,Yes,Medium,Medium,Public,Neutral,3,No,High School,Near,Male,Normal,3.8,188,2.27
ST-0377,0.08,Low Risk (Tier 3),Lack of Tutoring Support,Standard Curriculum Monitoring; Self-Directed Academic Portal Access,Normal,70.06,69,18,98,0,66,424.27,Medium,High,Yes,5,Medium,Yes,Medium,Medium,Private,Negative,0,No,Postgraduate,Unknown,Male,Normal,2.8,98,3.0
ST-0378,0.1,Low Risk (Tier 3),Insufficient Study Volume,Standard Curriculum Monitoring; Self-Directed Academic Portal Access,Normal,68.94,67,17,98,0,73,443.2,Medium,Medium,No,5,Low,Yes,Low,High,Public,Negative,2,No,College,Moderate,Male,Normal,2.8,98,2.83
ST-0379,0.08,Low Risk (Tier 3),Multivariate Risk Factor,Standard Curriculum Monitoring; Self-Directed Academic Portal Access,Normal,68.85,71,27,76,1,68,2294.71,High,High,Yes,7,Medium,Yes,Medium,Medium,Public,Neutral,3,No,Postgraduate,Moderate,Female,Normal,0.8,152,3.62
ST-0380,0.07,Low Risk (Tier 3),Lack of Tutoring Support,Standard Curriculum Monitoring; Self-Directed Academic Portal Access,Normal,70.95,70,33,86,0,69,813.19,Medium,Medium,No,9,Medium,No,Medium,Medium,Public,Neutral,3,No,College,Near,Female,Normal,2.8,86,3.3
ST-0381,0.71,High Risk (Tier 1),Insufficient Study Volume,Immediate 1-on-1 Clinical Advising within 48h; Mandatory Study Hall,High_Risk,64.4,64,12,76,2,50,214.28,Medium,Medium,Yes,9,Medium,Yes,Medium,High,Public,Negative,3,No,College,Near,Male,High_Risk,2.8,228,1.6
ST-0382,0.68,High Risk (Tier 1),Severe Attendance Deficit,Immediate 1-on-1 Clinical Advising within 48h; Mandatory Study Hall,High_Risk,63.05,64,19,65,1,65,441.06,Medium,Low,Yes,5,High,Yes,High,Medium,Public,Positive,6,No,College,Moderate,Female,High_Risk,2.8,130,3.5
ST-0383,0.09,Low Risk (Tier 3),Circadian Irregularity,Standard Curriculum Monitoring; Self-Directed Academic Portal Access,Normal,72.28,72,35,91,1,63,580.25,Low,Medium,Yes,10,Low,Yes,Medium,Medium,Public,Neutral,5,No,High School,Near,Male,Normal,3.8,182,3.36
ST-0384,0.61,High Risk (Tier 1),Insufficient Study Volume,Immediate 1-on-1 Clinical Advising within 48h; Mandatory Study Hall,High_Risk,65.59,82,14,75,0,95,474.98,Medium,Medium,Yes,5,Medium,Yes,Medium,Medium,Public,Positive,3,No,College,Moderate,Male,Normal,2.8,75,2.33
ST-0385,0.4,Moderate Risk (Tier 2),Severe Attendance Deficit,Assignment to Peer Collaborative Learning Pod; Bi-Weekly Attendance Ping,High_Risk,66.07,67,26,62,2,75,1083.27,High,High,No,8,Medium,Yes,Medium,Medium,Public,Neutral,2,No,College,Moderate,Male,Normal,1.8,186,3.33
ST-0386,0.18,Low Risk (Tier 3),Severe Attendance Deficit,Standard Curriculum Monitoring; Self-Directed Academic Portal Access,Normal,67.22,67,26,71,1,99,1429.92,Medium,Low,Yes,8,Medium,Yes,Medium,High,Public,Positive,3,No,High School,Far,Male,Normal,1.8,142,3.11
ST-0387,0.14,Low Risk (Tier 3),Severe Attendance Deficit,Standard Curriculum Monitoring; Self-Directed Academic Portal Access,Normal,67.11,67,24,68,1,96,2879.64,Medium,Medium,Yes,7,Medium,Yes,Low,High,Public,Positive,3,No,High School,Near,Male,Normal,0.8,136,3.25
ST-0388,0.37,Low Risk (Tier 3),Multivariate Risk Factor,Standard Curriculum Monitoring; Self-Directed Academic Portal Access,Normal,67.16,66,26,77,1,71,2307.21,Low,Low,No,7,Medium,Yes,Medium,High,Public,Neutral,4,No,Postgraduate,Moderate,Male,Normal,0.8,154,3.5
ST-0389,0.69,High Risk (Tier 1),Insufficient Study Volume,Immediate 1-on-1 Clinical Advising within 48h; Mandatory Study Hall,High_Risk,64.58,62,12,80,1,75,499.97,Medium,Low,No,6,Medium,Yes,Low,High,Public,Negative,4,No,High School,Moderate,Male,High_Risk,1.8,160,2.0
ST-0390,0.92,High Risk (Tier 1),Severe Attendance Deficit,Immediate 1-on-1 Clinical Advising within 48h; Mandatory Study Hall,High_Risk,60.96,59,13,64,1,88,635.52,Low,Low,No,6,Medium,Yes,Medium,Medium,Public,Neutral,2,No,College,Moderate,Female,High_Risk,1.8,128,2.14
ST-0391,0.12,Low Risk (Tier 3),Insufficient Study Volume,Standard Curriculum Monitoring; Self-Directed Academic Portal Access,Normal,67.97,69,12,89,4,78,519.97,Medium,High,Yes,8,Low,Yes,Low,Unknown,Public,Neutral,5,No,Postgraduate,Near,Female,Normal,1.8,445,2.22
ST-0392,0.4,Moderate Risk (Tier 2),Low Academic Motivation,Assignment to Peer Collaborative Learning Pod; Bi-Weekly Attendance Ping,High_Risk,65.46,65,23,75,0,71,907.17,Low,High,No,6,Low,Yes,Medium,Medium,Public,Neutral,2,No,College,Near,Male,High_Risk,1.8,75,3.29
ST-0393,0.04,Low Risk (Tier 3),Low Academic Motivation,Standard Curriculum Monitoring; Self-Directed Academic Portal Access,Normal,70.59,72,25,83,2,94,2937.13,High,High,Yes,7,Low,Yes,Low,High,Public,Positive,3,Yes,College,Moderate,Male,Normal,0.8,249,3.62
ST-0394,0.12,Low Risk (Tier 3),Low Academic Motivation,Standard Curriculum Monitoring; Self-Directed Academic Portal Access,Normal,71.41,72,20,97,4,84,933.28,Medium,Low,Yes,8,Low,Yes,Medium,Medium,Public,Positive,5,No,High School,Near,Female,Normal,1.8,485,3.11
ST-0395,0.08,Low Risk (Tier 3),Low Academic Motivation,Standard Curriculum Monitoring; Self-Directed Academic Portal Access,Normal,67.78,67,21,79,2,66,1732.28,Medium,High,Yes,7,Low,Yes,Low,Medium,Public,Negative,4,No,College,Moderate,Male,Normal,0.8,237,3.12
ST-0396,0.16,Low Risk (Tier 3),Severe Attendance Deficit,Standard Curriculum Monitoring; Self-Directed Academic Portal Access,Normal,67.24,69,27,71,2,75,1124.94,High,Medium,Yes,6,Medium,Yes,Medium,High,Private,Neutral,4,No,High School,Unknown,Male,Normal,1.8,213,4.43
ST-0397,0.62,High Risk (Tier 1),Severe Attendance Deficit,Immediate 1-on-1 Clinical Advising within 48h; Mandatory Study Hall,High_Risk,64.63,66,19,64,3,86,907.73,High,Low,Yes,8,Low,Yes,High,Medium,Private,Neutral,3,No,Postgraduate,Near,Female,Normal,1.8,256,2.78
ST-0398,0.67,High Risk (Tier 1),Insufficient Study Volume,Immediate 1-on-1 Clinical Advising within 48h; Mandatory Study Hall,High_Risk,64.68,61,15,74,0,71,280.26,Low,Low,No,10,Medium,Yes,Low,High,Public,Negative,2,No,Postgraduate,Near,Male,High_Risk,3.8,74,1.36
ST-0399,0.08,Low Risk (Tier 3),Multivariate Risk Factor,Standard Curriculum Monitoring; Self-Directed Academic Portal Access,Normal,68.01,68,20,92,2,53,1324.83,Medium,Low,No,7,Medium,Yes,Medium,High,Private,Positive,2,No,College,Far,Male,Normal,0.8,276,3.0
ST-0400,0.12,Low Risk (Tier 3),Multivariate Risk Factor,Standard Curriculum Monitoring; Self-Directed Academic Portal Access,Normal,66.71,68,23,82,0,86,1098.83,Low,Medium,Yes,6,Medium,Yes,High,Medium,Public,Neutral,4,No,High School,Near,Male,Normal,1.8,82,3.29
ST-0401,0.81,High Risk (Tier 1),Severe Attendance Deficit,Immediate 1-on-1 Clinical Advising within 48h; Mandatory Study Hall,High_Risk,63.52,62,13,69,1,73,1186.1,High,High,No,7,Low,Yes,Medium,Low,Private,Positive,2,No,High School,Far,Male,High_Risk,0.8,138,1.88
ST-0402,0.04,Low Risk (Tier 3),Multivariate Risk Factor,Standard Curriculum Monitoring; Self-Directed Academic Portal Access,Normal,70.32,70,21,94,1,85,991.61,High,Low,No,8,Medium,Yes,Medium,Medium,Public,Negative,4,No,College,Near,Male,Normal,1.8,188,2.56
ST-0403,0.06,Low Risk (Tier 3),Low Academic Motivation,Standard Curriculum Monitoring; Self-Directed Academic Portal Access,Normal,69.61,69,18,94,2,71,709.96,Medium,Medium,No,6,Low,Yes,High,Medium,Public,Neutral,3,No,Postgraduate,Far,Male,Normal,1.8,282,3.14
ST-0404,0.75,High Risk (Tier 1),Insufficient Study Volume,Immediate 1-on-1 Clinical Advising within 48h; Mandatory Study Hall,High_Risk,63.72,63,12,77,2,57,379.98,Medium,Medium,Yes,8,Medium,Yes,Low,High,Public,Negative,2,No,College,Moderate,Male,High_Risk,1.8,231,1.78
ST-0405,0.35,Low Risk (Tier 3),Multivariate Risk Factor,Standard Curriculum Monitoring; Self-Directed Academic Portal Access,Normal,66.87,68,23,73,1,50,638.85,High,High,No,6,Medium,Yes,Medium,Medium,Public,Positive,3,No,College,Near,Male,Normal,1.8,146,3.57
ST-0406,0.05,Low Risk (Tier 3),Multivariate Risk Factor,Standard Curriculum Monitoring; Self-Directed Academic Portal Access,Normal,70.97,71,31,89,1,57,2208.47,Medium,Medium,Yes,7,Medium,Yes,High,Low,Public,Positive,2,No,College,Moderate,Female,Normal,0.8,178,4.12
ST-0407,0.29,Low Risk (Tier 3),Low Academic Motivation,Standard Curriculum Monitoring; Self-Directed Academic Portal Access,Normal,65.95,65,22,80,2,67,818.84,Low,Medium,No,8,Low,Yes,Low,Low,Private,Positive,2,No,Postgraduate,Moderate,Male,High_Risk,1.8,240,2.89
ST-0408,0.81,High Risk (Tier 1),Insufficient Study Volume,Immediate 1-on-1 Clinical Advising within 48h; Mandatory Study Hall,High_Risk,62.62,61,10,73,5,58,207.14,Medium,Low,Yes,9,Low,Yes,Low,Medium,Private,Negative,3,No,High School,Moderate,Male,High_Risk,2.8,438,2.0
ST-0409,0.85,High Risk (Tier 1),Severe Attendance Deficit,Immediate 1-on-1 Clinical Advising within 48h; Mandatory Study Hall,High_Risk,63.29,61,23,60,0,56,459.98,High,Medium,Yes,9,Low,No,Low,Medium,Private,Negative,4,No,High School,Moderate,Female,High_Risk,2.8,60,2.3
ST-0410,0.11,Low Risk (Tier 3),Low Academic Motivation,Standard Curriculum Monitoring; Self-Directed Academic Portal Access,Normal,68.16,69,30,73,0,70,749.97,High,Medium,Yes,9,Low,Yes,Medium,Medium,Public,Negative,4,No,College,Near,Male,Normal,2.8,73,3.0
ST-0411,0.04,Low Risk (Tier 3),Low Academic Motivation,Standard Curriculum Monitoring; Self-Directed Academic Portal Access,Normal,70.88,71,23,92,4,61,779.4,Medium,Medium,Yes,6,Low,Yes,Low,Medium,Public,Positive,4,No,College,Near,Male,Normal,1.8,460,4.43
ST-0412,0.26,Low Risk (Tier 3),Low Academic Motivation,Standard Curriculum Monitoring; Self-Directed Academic Portal Access,Normal,66.54,66,18,82,2,73,469.27,Low,Medium,No,9,Low,Yes,Low,Medium,Public,Positive,4,No,College,Near,Female,Normal,2.8,246,2.2
ST-0413,0.02,Low Risk (Tier 3),Multivariate Risk Factor,Standard Curriculum Monitoring; Self-Directed Academic Portal Access,Normal,70.68,72,20,91,3,91,1011.05,High,Medium,No,6,Medium,Yes,High,High,Public,Neutral,2,No,High School,Near,Male,Normal,1.8,364,3.71
ST-0414,0.25,Low Risk (Tier 3),Severe Attendance Deficit,Standard Curriculum Monitoring; Self-Directed Academic Portal Access,Normal,67.92,68,30,64,3,81,1349.93,High,Medium,No,6,Low,Yes,Medium,Medium,Public,Negative,2,No,College,Near,Female,Normal,1.8,256,5.14
ST-0415,0.83,High Risk (Tier 1),Severe Attendance Deficit,Immediate 1-on-1 Clinical Advising within 48h; Mandatory Study Hall,High_Risk,62.94,63,20,60,1,67,744.4,Medium,Medium,Yes,8,Low,Yes,Medium,Medium,Public,Neutral,4,No,Postgraduate,Moderate,Female,High_Risk,1.8,120,2.44
ST-0416,0.47,Moderate Risk (Tier 2),Severe Attendance Deficit,Assignment to Peer Collaborative Learning Pod; Bi-Weekly Attendance Ping,High_Risk,66.58,67,32,65,1,57,479.99,High,Medium,No,10,Medium,Yes,High,Medium,Private,Negative,2,No,High School,Near,Female,Normal,3.8,130,3.09
ST-0417,0.0,Low Risk (Tier 3),Multivariate Risk Factor,Standard Curriculum Monitoring; Self-Directed Academic Portal Access,Normal,70.25,72,21,91,0,100,1166.6,High,Medium,No,6,Medium,Yes,High,Medium,Private,Neutral,2,No,Postgraduate,Near,Female,Normal,1.8,91,3.0
ST-0418,0.12,Low Risk (Tier 3),Multivariate Risk Factor,Standard Curriculum Monitoring; Self-Directed Academic Portal Access,Normal,68.27,70,27,77,1,86,2902.14,Low,High,No,7,High,Yes,High,High,Public,Negative,3,No,College,Near,Male,Normal,0.8,154,3.62
ST-0419,0.06,Low Risk (Tier 3),Multivariate Risk Factor,Standard Curriculum Monitoring; Self-Directed Academic Portal Access,Normal,69.74,68,29,73,2,76,2754.66,Medium,Medium,No,7,Medium,Yes,Low,High,Private,Neutral,3,No,High School,Near,Female,Normal,0.8,219,4.12
ST-0420,0.05,Low Risk (Tier 3),Multivariate Risk Factor,Standard Curriculum Monitoring; Self-Directed Academic Portal Access,Normal,69.36,70,18,85,2,95,949.95,Medium,High,Yes,6,High,Yes,Low,Low,Private,Positive,4,No,College,Near,Female,Normal,1.8,255,3.14
ST-0421,0.25,Low Risk (Tier 3),Insufficient Study Volume,Standard Curriculum Monitoring; Self-Directed Academic Portal Access,Normal,68.08,68,16,79,2,79,1579.8,High,Medium,Yes,7,High,Yes,High,High,Public,Positive,2,No,High School,Moderate,Male,Normal,0.8,237,2.5
ST-0422,0.27,Low Risk (Tier 3),Insufficient Study Volume,Standard Curriculum Monitoring; Self-Directed Academic Portal Access,Normal,68.69,67,14,98,0,51,892.39,High,High,No,7,Medium,Yes,Medium,Low,Public,Positive,1,Yes,High School,Near,Male,Normal,0.8,98,1.75
ST-0423,0.68,High Risk (Tier 1),Severe Attendance Deficit,Immediate 1-on-1 Clinical Advising within 48h; Mandatory Study Hall,High_Risk,64.1,63,17,67,3,71,317.62,Medium,Medium,Yes,4,Medium,Yes,Medium,High,Public,Negative,2,No,High School,Moderate,Female,High_Risk,3.8,268,4.6
ST-0424,0.0,Low Risk (Tier 3),Multivariate Risk Factor,Standard Curriculum Monitoring; Self-Directed Academic Portal Access,Normal,75.42,75,32,93,1,93,1653.24,Medium,Medium,Yes,8,High,Yes,Medium,High,Public,Negative,3,No,Postgraduate,Far,Female,Normal,1.8,186,3.78
ST-0425,0.3,Low Risk (Tier 3),Lack of Tutoring Support,Standard Curriculum Monitoring; Self-Directed Academic Portal Access,Normal,68.23,66,18,98,0,53,340.7,Low,Medium,No,9,Medium,Yes,High,Medium,Public,Neutral,1,No,High School,Moderate,Male,Normal,2.8,98,1.8
ST-0426,0.07,Low Risk (Tier 3),Circadian Irregularity,Standard Curriculum Monitoring; Self-Directed Academic Portal Access,Normal,70.82,71,18,96,3,65,307.89,High,Medium,Yes,10,Low,Yes,Medium,Medium,Public,Positive,2,No,College,Moderate,Female,Normal,3.8,384,2.18
ST-0427,0.25,Low Risk (Tier 3),Insufficient Study Volume,Standard Curriculum Monitoring; Self-Directed Academic Portal Access,Normal,68.56,69,13,96,0,62,447.75,Medium,High,No,8,Medium,Yes,High,Medium,Private,Neutral,2,No,Postgraduate,Near,Male,Normal,1.8,96,1.44
ST-0428,0.09,Low Risk (Tier 3),Insufficient Study Volume,Standard Curriculum Monitoring; Self-Directed Academic Portal Access,Normal,68.09,68,15,82,2,90,749.96,Medium,High,Yes,6,High,No,High,Medium,Public,Positive,2,No,High School,Near,Male,Normal,1.8,246,2.71
ST-0429,0.51,Moderate Risk (Tier 2),Severe Attendance Deficit,Assignment to Peer Collaborative Learning Pod; Bi-Weekly Attendance Ping,High_Risk,64.78,64,22,62,2,87,2392.2,Low,Medium,Yes,7,Medium,Yes,High,Low,Public,Neutral,3,No,High School,Near,Female,High_Risk,0.8,186,3.25
ST-0430,0.19,Low Risk (Tier 3),Multivariate Risk Factor,Standard Curriculum Monitoring; Self-Directed Academic Portal Access,Normal,67.14,68,21,76,0,83,968.28,Medium,High,Yes,8,Medium,Yes,Low,Medium,Public,Positive,5,No,High School,Near,Male,Normal,1.8,76,2.33
ST-0431,0.05,Low Risk (Tier 3),Low Academic Motivation,Standard Curriculum Monitoring; Self-Directed Academic Portal Access,Normal,69.37,70,20,85,3,83,592.84,High,Medium,Yes,9,Low,Yes,Medium,Medium,Public,Positive,3,Yes,College,Near,Male,Normal,2.8,340,2.6
ST-0432,0.14,Low Risk (Tier 3),Insufficient Study Volume,Standard Curriculum Monitoring; Self-Directed Academic Portal Access,Normal,68.25,68,16,89,2,54,479.97,High,Medium,No,8,Medium,Yes,Low,High,Private,Positive,2,No,College,Moderate,Male,Normal,1.8,267,2.22
ST-0433,0.4,Moderate Risk (Tier 2),Lack of Tutoring Support,Assignment to Peer Collaborative Learning Pod; Bi-Weekly Attendance Ping,High_Risk,67.88,65,22,83,0,53,647.74,Low,High,Yes,8,Medium,No,Low,Low,Public,Negative,2,No,Postgraduate,Near,Female,High_Risk,1.8,83,2.44
ST-0434,0.49,Moderate Risk (Tier 2),Insufficient Study Volume,Assignment to Peer Collaborative Learning Pod; Bi-Weekly Attendance Ping,High_Risk,65.97,65,16,82,1,64,269.47,High,Low,No,4,Low,Yes,Medium,Unknown,Private,Neutral,2,No,Postgraduate,Moderate,Male,High_Risk,3.8,164,3.6
ST-0435,0.08,Low Risk (Tier 3),Multivariate Risk Factor,Standard Curriculum Monitoring; Self-Directed Academic Portal Access,Normal,68.65,69,22,90,0,81,636.41,Low,Medium,Yes,9,Medium,Yes,Medium,Medium,Public,Neutral,4,No,High School,Near,Male,Normal,2.8,90,2.2
ST-0436,0.15,Low Risk (Tier 3),Circadian Irregularity,Standard Curriculum Monitoring; Self-Directed Academic Portal Access,Normal,69.99,70,22,90,1,99,777.83,Low,High,No,5,Medium,Yes,Low,Low,Private,Positive,2,No,College,Unknown,Female,Normal,2.8,180,4.0
ST-0437,0.56,Moderate Risk (Tier 2),Severe Attendance Deficit,Assignment to Peer Collaborative Learning Pod; Bi-Weekly Attendance Ping,High_Risk,65.03,65,25,63,1,89,1236.04,Medium,Low,No,6,High,Yes,Medium,High,Private,Neutral,4,No,High School,Moderate,Male,High_Risk,1.8,126,3.86
ST-0438,0.42,Moderate Risk (Tier 2),Insufficient Study Volume,Assignment to Peer Collaborative Learning Pod; Bi-Weekly Attendance Ping,High_Risk,65.05,64,6,93,0,52,389.95,Medium,Medium,No,7,High,Yes,Medium,Medium,Public,Neutral,2,No,College,Near,Female,High_Risk,0.8,93,0.75
ST-0439,0.12,Low Risk (Tier 3),Multivariate Risk Factor,Standard Curriculum Monitoring; Self-Directed Academic Portal Access,Normal,69.0,68,18,90,2,84,839.95,Medium,Low,No,8,High,Yes,Low,High,Private,Positive,3,No,High School,Moderate,Male,Normal,1.8,270,2.44
ST-0440,0.05,Low Risk (Tier 3),Circadian Irregularity,Standard Curriculum Monitoring; Self-Directed Academic Portal Access,Normal,68.45,67,25,80,0,88,578.93,Medium,Medium,Yes,10,Low,Yes,Low,High,Private,Negative,2,No,College,Moderate,Male,Normal,3.8,80,2.27
ST-0441,0.23,Low Risk (Tier 3),Low Academic Motivation,Standard Curriculum Monitoring; Self-Directed Academic Portal Access,Normal,69.62,68,22,92,1,55,1512.31,Low,High,Yes,7,Low,Yes,Low,Medium,Public,Positive,4,No,High School,Moderate,Female,Normal,0.8,184,3.0
ST-0442,0.84,High Risk (Tier 1),Severe Attendance Deficit,Immediate 1-on-1 Clinical Advising within 48h; Mandatory Study Hall,High_Risk,63.03,61,17,63,0,94,887.73,Medium,Medium,No,6,Low,Yes,Medium,Medium,Public,Negative,2,No,High School,Moderate,Male,High_Risk,1.8,63,2.43
ST-0443,0.81,High Risk (Tier 1),Severe Attendance Deficit,Immediate 1-on-1 Clinical Advising within 48h; Mandatory Study Hall,High_Risk,63.41,60,12,61,2,92,613.3,Low,Medium,Yes,8,Medium,Yes,High,Medium,Public,Neutral,4,Yes,High School,Moderate,Male,High_Risk,1.8,183,1.78
ST-0444,0.07,Low Risk (Tier 3),Multivariate Risk Factor,Standard Curriculum Monitoring; Self-Directed Academic Portal Access,Normal,70.62,71,26,90,1,53,492.13,High,High,Yes,9,Medium,Yes,Low,Medium,Private,Neutral,4,No,High School,Far,Male,Normal,2.8,180,2.8
ST-0445,0.07,Low Risk (Tier 3),Low Academic Motivation,Standard Curriculum Monitoring; Self-Directed Academic Portal Access,Normal,69.61,70,29,77,0,88,1417.7,High,Low,Yes,8,Low,Yes,Medium,High,Public,Positive,4,No,College,Moderate,Male,Normal,1.8,77,3.22
ST-0446,0.34,Low Risk (Tier 3),Severe Attendance Deficit,Standard Curriculum Monitoring; Self-Directed Academic Portal Access,Normal,67.47,68,29,60,0,99,1594.91,High,High,Yes,8,Medium,Yes,Medium,Medium,Public,Positive,4,Yes,High School,Unknown,Female,Normal,1.8,60,3.22
ST-0447,0.56,Moderate Risk (Tier 2),Severe Attendance Deficit,Assignment to Peer Collaborative Learning Pod; Bi-Weekly Attendance Ping,High_Risk,65.21,64,15,68,1,95,508.91,Medium,High,No,5,High,Yes,Medium,Medium,Private,Positive,2,Yes,College,Near,Female,High_Risk,2.8,136,2.83
ST-0448,0.0,Low Risk (Tier 3),Multivariate Risk Factor,Standard Curriculum Monitoring; Self-Directed Academic Portal Access,Normal,72.99,75,30,91,3,78,2924.63,Medium,Medium,Yes,7,High,Yes,Medium,Medium,Private,Positive,2,No,Postgraduate,Near,Male,Normal,0.8,364,4.5
ST-0449,0.12,Low Risk (Tier 3),Insufficient Study Volume,Standard Curriculum Monitoring; Self-Directed Academic Portal Access,Normal,69.42,71,15,93,2,64,533.3,High,Medium,No,6,Medium,Yes,Medium,High,Public,Positive,4,No,Postgraduate,Near,Male,Normal,1.8,279,2.71
ST-0450,0.21,Low Risk (Tier 3),Insufficient Study Volume,Standard Curriculum Monitoring; Self-Directed Academic Portal Access,Normal,67.53,68,16,83,3,56,1119.86,High,High,Yes,7,Medium,Yes,Medium,Medium,Public,Negative,2,No,High School,Near,Male,Normal,0.8,332,2.75
ST-0451,0.35,Low Risk (Tier 3),Insufficient Study Volume,Standard Curriculum Monitoring; Self-Directed Academic Portal Access,Normal,65.82,67,9,86,1,80,399.98,High,High,No,8,Medium,Yes,Low,Medium,Public,Positive,5,No,College,Far,Female,Normal,1.8,172,1.22
ST-0452,0.06,Low Risk (Tier 3),Low Academic Motivation,Standard Curriculum Monitoring; Self-Directed Academic Portal Access,Normal,69.92,69,27,78,0,89,1334.93,Medium,High,No,8,Low,Yes,Low,Medium,Public,Neutral,3,No,Postgraduate,Near,Female,Normal,1.8,78,3.0
ST-0453,0.4,Moderate Risk (Tier 2),Insufficient Study Volume,Assignment to Peer Collaborative Learning Pod; Bi-Weekly Attendance Ping,High_Risk,65.44,64,9,93,0,66,742.41,High,Low,Yes,7,Medium,Yes,Low,Low,Private,Neutral,2,No,College,Moderate,Male,High_Risk,0.8,93,1.12
ST-0454,0.05,Low Risk (Tier 3),Low Academic Motivation,Standard Curriculum Monitoring; Self-Directed Academic Portal Access,Normal,68.03,69,23,81,1,88,2529.68,Medium,Medium,No,7,Low,Yes,Low,Medium,Public,Positive,4,No,Postgraduate,Near,Male,Normal,0.8,162,3.12
ST-0455,0.12,Low Risk (Tier 3),Multivariate Risk Factor,Standard Curriculum Monitoring; Self-Directed Academic Portal Access,Normal,67.09,67,23,78,1,66,843.29,Medium,Medium,Yes,8,Medium,Yes,Medium,High,Public,Neutral,1,No,College,Moderate,Female,Normal,1.8,156,2.78
ST-0456,0.11,Low Risk (Tier 3),Lack of Tutoring Support,Standard Curriculum Monitoring; Self-Directed Academic Portal Access,Normal,68.11,69,29,74,0,68,1095.49,High,Medium,No,8,Medium,Yes,Medium,High,Public,Positive,4,No,High School,Near,Female,Normal,1.8,74,3.22
ST-0457,0.11,Low Risk (Tier 3),Lack of Tutoring Support,Standard Curriculum Monitoring; Self-Directed Academic Portal Access,Normal,69.12,67,25,84,0,64,571.41,Medium,Medium,Yes,5,Medium,Yes,Low,Medium,Public,Negative,3,No,College,Moderate,Female,Normal,2.8,84,4.17
ST-0458,0.3,Low Risk (Tier 3),Insufficient Study Volume,Standard Curriculum Monitoring; Self-Directed Academic Portal Access,Normal,67.6,66,16,94,2,56,497.75,Low,Low,Yes,8,Low,Yes,Low,High,Public,Positive,2,No,College,Near,Female,Normal,1.8,282,2.22
ST-0459,0.56,Moderate Risk (Tier 2),Severe Attendance Deficit,Assignment to Peer Collaborative Learning Pod; Bi-Weekly Attendance Ping,High_Risk,65.14,65,22,64,3,62,1704.79,Medium,Medium,Yes,7,Medium,Yes,Low,Medium,Private,Neutral,4,No,Postgraduate,Moderate,Female,High_Risk,0.8,256,3.5
ST-0460,0.68,High Risk (Tier 1),Severe Attendance Deficit,Immediate 1-on-1 Clinical Advising within 48h; Mandatory Study Hall,High_Risk,62.45,64,14,65,4,69,344.99,Medium,High,No,9,Low,Yes,Medium,Unknown,Public,Neutral,3,No,College,Near,Male,High_Risk,2.8,325,2.2
ST-0461,0.16,Low Risk (Tier 3),Multivariate Risk Factor,Standard Curriculum Monitoring; Self-Directed Academic Portal Access,Normal,70.36,67,23,73,3,57,728.29,High,Medium,No,8,Medium,Yes,Medium,Medium,Public,Positive,2,No,College,Near,Male,Normal,1.8,292,3.22
ST-0462,0.52,Moderate Risk (Tier 2),Multivariate Risk Factor,Assignment to Peer Collaborative Learning Pod; Bi-Weekly Attendance Ping,High_Risk,66.31,65,26,73,1,72,2339.71,Low,High,No,7,Medium,Yes,Low,Low,Private,Neutral,3,No,College,Far,Male,High_Risk,0.8,146,3.5
ST-0463,0.05,Low Risk (Tier 3),Low Academic Motivation,Standard Curriculum Monitoring; Self-Directed Academic Portal Access,Normal,70.53,71,28,82,1,82,1275.48,Medium,High,Yes,8,Low,Yes,Medium,Medium,Private,Negative,2,No,Postgraduate,Near,Male,Normal,1.8,164,3.33
ST-0464,0.05,Low Risk (Tier 3),Multivariate Risk Factor,Standard Curriculum Monitoring; Self-Directed Academic Portal Access,Normal,71.11,72,21,100,1,94,1096.61,Low,High,No,6,Medium,No,High,Medium,Public,Positive,3,No,College,Moderate,Female,Normal,1.8,200,3.29
ST-0465,0.46,Moderate Risk (Tier 2),Severe Attendance Deficit,Assignment to Peer Collaborative Learning Pod; Bi-Weekly Attendance Ping,High_Risk,66.4,66,27,63,1,80,2699.66,High,Medium,Yes,7,Medium,Yes,Low,High,Public,Neutral,4,No,High School,Far,Female,Normal,0.8,126,3.62
ST-0466,0.28,Low Risk (Tier 3),Low Academic Motivation,Standard Curriculum Monitoring; Self-Directed Academic Portal Access,Normal,66.03,65,23,80,0,72,2069.74,Low,Medium,No,7,Low,Yes,Low,High,Public,Negative,5,No,High School,Near,Male,High_Risk,0.8,80,2.88
ST-0467,0.54,Moderate Risk (Tier 2),Severe Attendance Deficit,Assignment to Peer Collaborative Learning Pod; Bi-Weekly Attendance Ping,High_Risk,66.32,65,29,61,1,74,2682.16,Low,Medium,Yes,7,High,Yes,Medium,Medium,Public,Neutral,3,No,Postgraduate,Moderate,Male,High_Risk,0.8,122,3.88
ST-0468,0.32,Low Risk (Tier 3),Insufficient Study Volume,Standard Curriculum Monitoring; Self-Directed Academic Portal Access,Normal,66.81,67,11,99,2,88,345.7,Medium,Low,Yes,9,Medium,Yes,Low,Medium,Public,Neutral,2,No,High School,Moderate,Male,Normal,2.8,297,1.5
ST-0469,0.09,Low Risk (Tier 3),Low Academic Motivation,Standard Curriculum Monitoring; Self-Directed Academic Portal Access,Normal,68.43,68,23,83,3,51,1466.07,Medium,Medium,Yes,7,Low,Yes,Medium,High,Public,Neutral,2,No,College,Moderate,Male,Normal,0.8,332,3.62
ST-0470,0.86,High Risk (Tier 1),Severe Attendance Deficit,Immediate 1-on-1 Clinical Advising within 48h; Mandatory Study Hall,High_Risk,61.22,60,17,67,0,62,1317.34,Low,Low,Yes,7,Medium,Yes,Low,Medium,Public,Positive,4,No,High School,Moderate,Female,High_Risk,0.8,67,2.12
ST-0471,0.66,High Risk (Tier 1),Severe Attendance Deficit,Immediate 1-on-1 Clinical Advising within 48h; Mandatory Study Hall,High_Risk,64.72,65,19,66,1,94,2232.22,Medium,High,No,7,Low,Yes,High,Medium,Public,Positive,4,No,High School,Moderate,Female,High_Risk,0.8,132,2.62
ST-0472,0.86,High Risk (Tier 1),Severe Attendance Deficit,Immediate 1-on-1 Clinical Advising within 48h; Mandatory Study Hall,High_Risk,61.48,61,16,64,1,58,331.42,Low,Medium,Yes,9,Low,Yes,Medium,Medium,Public,Positive,3,No,College,Moderate,Female,High_Risk,2.8,128,1.8
ST-0473,0.25,Low Risk (Tier 3),Multivariate Risk Factor,Standard Curriculum Monitoring; Self-Directed Academic Portal Access,Normal,66.92,66,24,75,1,85,1133.27,Medium,Low,No,8,Medium,Yes,Low,Medium,Public,Positive,2,Yes,Postgraduate,Near,Male,Normal,1.8,150,2.89
ST-0474,0.42,Moderate Risk (Tier 2),Low Academic Motivation,Assignment to Peer Collaborative Learning Pod; Bi-Weekly Attendance Ping,High_Risk,67.16,65,21,76,2,65,758.29,Medium,Medium,Yes,6,Low,Yes,Low,High,Public,Negative,2,No,High School,Near,Female,High_Risk,1.8,228,3.57
ST-0475,0.02,Low Risk (Tier 3),Multivariate Risk Factor,Standard Curriculum Monitoring; Self-Directed Academic Portal Access,Normal,70.12,71,27,82,2,88,1319.93,High,Low,Yes,6,Medium,Yes,High,High,Private,Neutral,3,No,High School,Near,Male,Normal,1.8,246,4.43
ST-0476,0.02,Low Risk (Tier 3),Multivariate Risk Factor,Standard Curriculum Monitoring; Self-Directed Academic Portal Access,Normal,74.41,75,33,93,0,96,1759.9,Medium,Medium,Yes,6,High,Yes,Low,Medium,Private,Positive,4,No,Postgraduate,Far,Female,Normal,1.8,93,4.71
ST-0477,0.21,Low Risk (Tier 3),Multivariate Risk Factor,Standard Curriculum Monitoring; Self-Directed Academic Portal Access,Normal,66.78,67,18,74,0,91,909.95,Medium,High,Yes,8,Medium,Yes,Medium,High,Private,Positive,2,No,High School,Near,Female,Normal,1.8,74,2.0
ST-0478,0.0,Low Risk (Tier 3),Low Academic Motivation,Standard Curriculum Monitoring; Self-Directed Academic Portal Access,Normal,70.72,70,28,85,2,81,809.97,Medium,Medium,Yes,9,Low,Yes,Low,Medium,Public,Neutral,3,No,High School,Near,Male,Normal,2.8,255,3.2
ST-0479,0.61,High Risk (Tier 1),Severe Attendance Deficit,Immediate 1-on-1 Clinical Advising within 48h; Mandatory Study Hall,High_Risk,64.03,64,16,61,2,85,755.51,Medium,High,Yes,6,Medium,Yes,Medium,Medium,Private,Positive,3,No,High School,Near,Male,High_Risk,1.8,183,2.86
ST-0480,0.08,Low Risk (Tier 3),Multivariate Risk Factor,Standard Curriculum Monitoring; Self-Directed Academic Portal Access,Normal,70.57,70,20,99,2,97,2424.7,Low,Medium,Yes,7,Medium,Yes,Low,Medium,Public,Neutral,0,No,High School,Near,Male,Normal,0.8,297,3.0
ST-0481,0.05,Low Risk (Tier 3),Multivariate Risk Factor,Standard Curriculum Monitoring; Self-Directed Academic Portal Access,Normal,69.31,69,20,87,3,99,2474.69,Medium,Medium,No,7,Medium,Yes,Low,Medium,Public,Negative,3,No,High School,Near,Male,Normal,0.8,348,3.25
ST-0482,0.32,Low Risk (Tier 3),Severe Attendance Deficit,Standard Curriculum Monitoring; Self-Directed Academic Portal Access,Normal,67.37,66,27,71,1,68,483.15,Medium,High,Yes,10,Medium,Yes,Low,Medium,Public,Negative,2,No,High School,Moderate,Male,Normal,3.8,142,2.64
ST-0483,0.66,High Risk (Tier 1),Insufficient Study Volume,Immediate 1-on-1 Clinical Advising within 48h; Mandatory Study Hall,High_Risk,63.88,63,8,83,1,85,377.76,High,Low,Yes,6,Low,Yes,Low,High,Public,Neutral,3,No,High School,Far,Female,High_Risk,1.8,166,1.43
ST-0484,0.45,Moderate Risk (Tier 2),Insufficient Study Volume,Assignment to Peer Collaborative Learning Pod; Bi-Weekly Attendance Ping,High_Risk,67.33,65,14,83,0,90,1574.8,Medium,Medium,Yes,7,Medium,Yes,Low,Low,Public,Negative,3,No,College,Near,Female,High_Risk,0.8,83,1.75
ST-0485,0.05,Low Risk (Tier 3),Multivariate Risk Factor,Standard Curriculum Monitoring; Self-Directed Academic Portal Access,Normal,72.62,73,33,90,3,77,907.47,Low,Medium,Yes,9,Medium,Yes,Medium,High,Public,Negative,6,Yes,Postgraduate,Moderate,Male,Normal,2.8,360,3.9
ST-0486,0.22,Low Risk (Tier 3),Insufficient Study Volume,Standard Curriculum Monitoring; Self-Directed Academic Portal Access,Normal,68.92,68,11,98,1,82,322.13,Medium,Medium,Yes,9,Low,Yes,Medium,Medium,Private,Positive,3,No,Postgraduate,Far,Male,Normal,2.8,196,1.3
ST-0487,0.49,Moderate Risk (Tier 2),Severe Attendance Deficit,Assignment to Peer Collaborative Learning Pod; Bi-Weekly Attendance Ping,High_Risk,65.28,66,22,65,2,85,1038.83,Low,High,Yes,6,Medium,Yes,High,Medium,Public,Positive,3,Yes,Postgraduate,Near,Female,Normal,1.8,195,3.71
ST-0488,0.11,Low Risk (Tier 3),Circadian Irregularity,Standard Curriculum Monitoring; Self-Directed Academic Portal Access,Normal,68.68,67,22,83,0,73,573.55,Medium,Medium,Yes,5,High,No,Low,Medium,Public,Positive,3,No,High School,Near,Male,Normal,2.8,83,3.67
ST-0489,0.06,Low Risk (Tier 3),Insufficient Study Volume,Standard Curriculum Monitoring; Self-Directed Academic Portal Access,Normal,69.52,70,16,97,1,87,1739.78,Medium,Medium,No,7,Medium,Yes,High,Medium,Public,Neutral,3,No,High School,Near,Female,Normal,0.8,194,2.25
ST-0490,0.43,Moderate Risk (Tier 2),Severe Attendance Deficit,Assignment to Peer Collaborative Learning Pod; Bi-Weekly Attendance Ping,High_Risk,65.67,64,28,61,0,82,1275.48,Low,Low,Yes,6,Low,Yes,Medium,High,Public,Positive,3,No,College,Near,Female,High_Risk,1.8,61,4.0
ST-0491,0.07,Low Risk (Tier 3),Circadian Irregularity,Standard Curriculum Monitoring; Self-Directed Academic Portal Access,Normal,69.2,69,20,90,3,88,463.15,High,Low,No,4,Medium,Yes,Low,Medium,Public,Negative,3,No,High School,Moderate,Male,Normal,3.8,360,5.2
ST-0492,0.61,High Risk (Tier 1),Severe Attendance Deficit,Immediate 1-on-1 Clinical Advising within 48h; Mandatory Study Hall,High_Risk,64.63,63,23,64,2,91,1162.71,Low,Medium,No,8,Medium,Yes,Low,Medium,Public,Negative,3,No,High School,Far,Female,High_Risk,1.8,192,3.0
ST-0493,0.1,Low Risk (Tier 3),Insufficient Study Volume,Standard Curriculum Monitoring; Self-Directed Academic Portal Access,Normal,68.82,70,11,94,2,88,537.75,High,High,No,6,Medium,Yes,Medium,Medium,Public,Positive,4,No,High School,Near,Male,Normal,1.8,282,2.14
ST-0494,0.02,Low Risk (Tier 3),Multivariate Risk Factor,Standard Curriculum Monitoring; Self-Directed Academic Portal Access,Normal,69.08,68,22,79,1,94,738.55,Medium,Medium,No,9,Medium,Yes,Medium,Medium,Public,Positive,3,No,High School,Near,Male,Normal,2.8,158,2.4
ST-0495,0.23,Low Risk (Tier 3),Insufficient Study Volume,Standard Curriculum Monitoring; Self-Directed Academic Portal Access,Normal,66.96,66,17,89,1,62,585.52,Low,High,No,8,Medium,Yes,Low,High,Public,Positive,1,No,High School,Moderate,Male,Normal,1.8,178,2.11
ST-0496,0.04,Low Risk (Tier 3),Lack of Tutoring Support,Standard Curriculum Monitoring; Self-Directed Academic Portal Access,Normal,68.98,70,22,86,0,60,733.29,High,Medium,No,6,High,Yes,High,High,Public,Neutral,3,No,Postgraduate,Near,Male,Normal,1.8,86,3.14
ST-0497,0.93,High Risk (Tier 1),Severe Attendance Deficit,Immediate 1-on-1 Clinical Advising within 48h; Mandatory Study Hall,High_Risk,60.92,59,10,65,0,55,687.41,Low,High,No,7,Medium,Yes,Low,High,Public,Neutral,3,No,High School,Near,Female,High_Risk,0.8,65,1.25
ST-0498,0.14,Low Risk (Tier 3),Severe Attendance Deficit,Standard Curriculum Monitoring; Self-Directed Academic Portal Access,Normal,68.87,71,35,67,1,77,1497.14,High,High,Yes,6,Low,Yes,Low,Medium,Public,Positive,3,No,College,Near,Male,Normal,1.8,134,5.29
ST-0499,0.09,Low Risk (Tier 3),Multivariate Risk Factor,Standard Curriculum Monitoring; Self-Directed Academic Portal Access,Normal,68.48,68,23,88,2,58,741.07,High,Low,Yes,6,Medium,Yes,Low,Medium,Public,Neutral,2,No,High School,Moderate,Male,Normal,1.8,264,3.86
ST-0500,0.08,Low Risk (Tier 3),Insufficient Study Volume,Standard Curriculum Monitoring; Self-Directed Academic Portal Access,Normal,69.32,72,17,94,4,57,254.99,High,High,Yes,4,Medium,Yes,Medium,High,Public,Neutral,4,No,High School,Moderate,Male,Normal,3.8,470,5.0
ST-0501,0.88,High Risk (Tier 1),Severe Attendance Deficit,Immediate 1-on-1 Clinical Advising within 48h; Mandatory Study Hall,High_Risk,63.92,59,7,63,1,97,242.49,Low,Medium,No,5,Medium,Yes,Low,Medium,Public,Neutral,2,No,High School,Near,Female,High_Risk,2.8,126,1.5
ST-0502,0.85,High Risk (Tier 1),Severe Attendance Deficit,Immediate 1-on-1 Clinical Advising within 48h; Mandatory Study Hall,High_Risk,63.73,62,20,70,0,73,1824.77,Low,Medium,No,7,Medium,Yes,Low,Medium,Public,Negative,5,No,High School,Near,Female,High_Risk,0.8,70,2.5
ST-0503,0.04,Low Risk (Tier 3),Circadian Irregularity,Standard Curriculum Monitoring; Self-Directed Academic Portal Access,Normal,75.03,73,23,100,4,93,763.9,Low,Medium,Yes,5,Medium,Yes,Low,Medium,Private,Neutral,3,No,Postgraduate,Moderate,Male,Normal,2.8,500,5.17
ST-0504,0.07,Low Risk (Tier 3),Circadian Irregularity,Standard Curriculum Monitoring; Self-Directed Academic Portal Access,Normal,71.58,71,30,87,3,75,592.09,Low,Medium,Yes,10,Low,Yes,Low,Low,Public,Neutral,4,No,College,Near,Male,Normal,3.8,348,3.27
ST-0505,0.05,Low Risk (Tier 3),Multivariate Risk Factor,Standard Curriculum Monitoring; Self-Directed Academic Portal Access,Normal,72.22,73,30,86,0,87,1449.92,High,High,Yes,6,Medium,Yes,Low,Low,Private,Positive,4,No,College,Near,Female,Normal,1.8,86,4.29
ST-0506,0.14,Low Risk (Tier 3),Low Academic Motivation,Standard Curriculum Monitoring; Self-Directed Academic Portal Access,Normal,70.37,70,23,99,2,61,779.4,Low,Medium,No,8,Low,Yes,High,High,Private,Positive,3,Yes,High School,Near,Female,Normal,1.8,297,3.0
ST-0507,0.06,Low Risk (Tier 3),Insufficient Study Volume,Standard Curriculum Monitoring; Self-Directed Academic Portal Access,Normal,69.78,71,17,88,2,94,1997.25,High,High,Yes,7,Medium,No,Medium,High,Public,Positive,3,No,High School,Near,Male,Normal,0.8,264,2.62
ST-0508,0.08,Low Risk (Tier 3),Low Academic Motivation,Standard Curriculum Monitoring; Self-Directed Academic Portal Access,Normal,67.38,68,19,85,4,70,738.85,Medium,Medium,No,8,Low,Yes,High,Medium,Public,Neutral,3,No,High School,Moderate,Male,Normal,1.8,425,3.0
ST-0509,0.04,Low Risk (Tier 3),Low Academic Motivation,Standard Curriculum Monitoring; Self-Directed Academic Portal Access,Normal,70.57,71,28,77,3,73,1135.49,High,High,Yes,6,Low,Yes,Medium,High,Private,Negative,3,No,College,Near,Female,Normal,1.8,308,4.86
ST-0510,0.86,High Risk (Tier 1),Severe Attendance Deficit,Immediate 1-on-1 Clinical Advising within 48h; Mandatory Study Hall,High_Risk,62.28,61,13,61,4,85,613.85,Medium,Low,Yes,8,Medium,Yes,Low,Medium,Private,Neutral,3,No,College,Moderate,Male,High_Risk,1.8,305,2.33
ST-0511,0.54,Moderate Risk (Tier 2),Insufficient Study Volume,Assignment to Peer Collaborative Learning Pod; Bi-Weekly Attendance Ping,High_Risk,65.27,64,13,85,0,84,1364.83,Low,High,Yes,7,Medium,No,Low,Medium,Public,Neutral,5,No,High School,Moderate,Female,High_Risk,0.8,85,1.62
ST-0512,0.7,High Risk (Tier 1),Severe Attendance Deficit,Immediate 1-on-1 Clinical Advising within 48h; Mandatory Study Hall,High_Risk,64.38,64,16,70,0,79,702.18,Low,Medium,Yes,6,High,Yes,High,High,Public,Negative,3,No,College,Near,Female,High_Risk,1.8,70,2.29
ST-0513,0.79,High Risk (Tier 1),Severe Attendance Deficit,Immediate 1-on-1 Clinical Advising within 48h; Mandatory Study Hall,High_Risk,62.78,63,16,60,3,70,1399.83,Medium,High,No,7,Low,Yes,High,High,Private,Negative,4,No,High School,Near,Female,High_Risk,0.8,240,2.75
ST-0514,0.1,Low Risk (Tier 3),Insufficient Study Volume,Standard Curriculum Monitoring; Self-Directed Academic Portal Access,Normal,67.72,68,14,78,1,90,449.98,High,High,Yes,5,Medium,Yes,Medium,Medium,Public,Neutral,3,No,Postgraduate,Near,Female,Normal,2.8,156,2.67
ST-0515,0.17,Low Risk (Tier 3),Insufficient Study Volume,Standard Curriculum Monitoring; Self-Directed Academic Portal Access,Normal,67.61,68,13,91,1,74,534.41,Medium,Medium,Yes,8,Medium,Yes,Low,Medium,Private,Positive,1,No,Postgraduate,Near,Male,Normal,1.8,182,1.67
ST-0516,0.66,High Risk (Tier 1),Insufficient Study Volume,Immediate 1-on-1 Clinical Advising within 48h; Mandatory Study Hall,High_Risk,63.18,64,6,76,5,63,209.99,Medium,Medium,Yes,8,Medium,Yes,Medium,Medium,Public,Neutral,3,No,College,Near,Male,High_Risk,1.8,456,1.78
ST-0517,0.85,High Risk (Tier 1),Severe Attendance Deficit,Immediate 1-on-1 Clinical Advising within 48h; Mandatory Study Hall,High_Risk,60.55,60,5,61,1,84,149.99,High,Medium,No,9,High,Yes,Medium,Medium,Public,Neutral,3,No,College,Near,Male,High_Risk,2.8,122,0.7
ST-0518,0.08,Low Risk (Tier 3),Lack of Tutoring Support,Standard Curriculum Monitoring; Self-Directed Academic Portal Access,Normal,70.35,72,23,100,0,69,417.62,High,Low,Yes,4,Low,Yes,Low,High,Public,Positive,4,No,Postgraduate,Near,Female,Normal,3.8,100,4.6
ST-0519,0.06,Low Risk (Tier 3),Multivariate Risk Factor,Standard Curriculum Monitoring; Self-Directed Academic Portal Access,Normal,68.86,70,25,74,3,88,785.69,High,High,Yes,9,Medium,Yes,Medium,High,Public,Neutral,3,Yes,High School,Near,Male,Normal,2.8,296,3.1
ST-0520,0.02,Low Risk (Tier 3),Multivariate Risk Factor,Standard Curriculum Monitoring; Self-Directed Academic Portal Access,Normal,69.15,68,24,84,2,61,1829.77,Medium,Medium,Yes,7,Medium,Yes,Medium,Medium,Public,Positive,2,No,High School,Far,Male,Normal,0.8,252,3.5
ST-0521,0.0,Low Risk (Tier 3),Lack of Tutoring Support,Standard Curriculum Monitoring; Self-Directed Academic Portal Access,Normal,74.99,76,37,96,0,63,2913.39,High,Medium,Yes,7,Medium,Yes,Medium,High,Private,Positive,4,No,High School,Near,Male,Normal,0.8,96,4.62
ST-0522,0.06,Low Risk (Tier 3),Circadian Irregularity,Standard Curriculum Monitoring; Self-Directed Academic Portal Access,Normal,71.79,71,28,94,2,80,799.97,Medium,Low,Yes,5,Medium,Yes,High,Medium,Public,Negative,2,No,High School,Moderate,Female,Normal,2.8,282,5.33
ST-0523,0.02,Low Risk (Tier 3),Circadian Irregularity,Standard Curriculum Monitoring; Self-Directed Academic Portal Access,Normal,70.15,70,19,92,1,85,576.77,Medium,Medium,Yes,5,Medium,Yes,Medium,High,Private,Neutral,4,No,High School,Near,Male,Normal,2.8,184,3.5
ST-0524,0.19,Low Risk (Tier 3),Insufficient Study Volume,Standard Curriculum Monitoring; Self-Directed Academic Portal Access,Normal,67.42,67,16,93,3,51,453.31,Medium,Low,Yes,8,Medium,Yes,Low,Medium,Public,Neutral,2,No,College,Near,Male,Normal,1.8,372,2.44
ST-0525,0.06,Low Risk (Tier 3),Low Academic Motivation,Standard Curriculum Monitoring; Self-Directed Academic Portal Access,Normal,70.35,70,18,97,1,88,565.69,Medium,High,No,9,Low,Yes,High,Medium,Public,Neutral,3,Yes,High School,Near,Female,Normal,2.8,194,2.0
ST-0526,0.01,Low Risk (Tier 3),Multivariate Risk Factor,Standard Curriculum Monitoring; Self-Directed Academic Portal Access,Normal,69.09,69,25,82,1,96,1333.26,Medium,Medium,No,8,Medium,Yes,Low,Medium,Private,Positive,2,No,High School,Moderate,Female,Normal,1.8,164,3.0
ST-0527,0.02,Low Risk (Tier 3),Multivariate Risk Factor,Standard Curriculum Monitoring; Self-Directed Academic Portal Access,Normal,69.16,69,20,86,1,89,988.83,Medium,Medium,Yes,8,Medium,Yes,Low,Medium,Public,Negative,3,No,Postgraduate,Near,Male,Normal,1.8,172,2.44
ST-0528,0.5,Moderate Risk (Tier 2),Severe Attendance Deficit,Assignment to Peer Collaborative Learning Pod; Bi-Weekly Attendance Ping,High_Risk,65.55,65,22,65,2,91,1112.16,High,Low,No,8,Medium,Yes,High,Medium,Public,Negative,2,No,College,Moderate,Female,High_Risk,1.8,195,2.89
ST-0529,0.07,Low Risk (Tier 3),Insufficient Study Volume,Standard Curriculum Monitoring; Self-Directed Academic Portal Access,Normal,69.64,71,17,96,0,87,821.62,Medium,High,Yes,8,Medium,Yes,Medium,Medium,Private,Positive,5,No,High School,Moderate,Male,Normal,1.8,96,1.89
ST-0530,0.1,Low Risk (Tier 3),Multivariate Risk Factor,Standard Curriculum Monitoring; Self-Directed Academic Portal Access,Normal,69.71,70,24,95,2,59,786.62,High,Low,Yes,8,Medium,Yes,Low,High,Public,Negative,1,No,College,Moderate,Male,Normal,1.8,285,3.11
ST-0531,0.45,Moderate Risk (Tier 2),Lack of Tutoring Support,Assignment to Peer Collaborative Learning Pod; Bi-Weekly Attendance Ping,High_Risk,65.6,64,21,77,0,58,1522.31,Medium,Low,Yes,7,Medium,Yes,Low,High,Public,Negative,3,No,College,Near,Male,High_Risk,0.8,77,2.62
ST-0532,0.06,Low Risk (Tier 3),Multivariate Risk Factor,Standard Curriculum Monitoring; Self-Directed Academic Portal Access,Normal,70.41,70,20,96,1,78,1949.76,Medium,Medium,No,7,Medium,Yes,High,High,Public,Neutral,2,No,High School,Near,Male,Normal,0.8,192,2.75
ST-0533,0.17,Low Risk (Tier 3),Circadian Irregularity,Standard Curriculum Monitoring; Self-Directed Academic Portal Access,Normal,66.47,67,18,82,1,67,430.7,Medium,Medium,Yes,5,High,No,Medium,High,Public,Neutral,4,No,College,Near,Male,Normal,2.8,164,3.33
ST-0534,0.02,Low Risk (Tier 3),Multivariate Risk Factor,Standard Curriculum Monitoring; Self-Directed Academic Portal Access,Normal,69.11,71,21,85,2,74,863.29,High,High,Yes,6,Medium,Yes,Medium,Medium,Public,Neutral,4,No,High School,Near,Female,Normal,1.8,255,3.57
ST-0535,0.71,High Risk (Tier 1),Insufficient Study Volume,Immediate 1-on-1 Clinical Advising within 48h; Mandatory Study Hall,High_Risk,64.26,62,14,73,1,96,479.98,Medium,Low,Yes,5,Low,Yes,Low,Medium,Public,Negative,3,No,High School,Moderate,Female,High_Risk,2.8,146,2.67
ST-0536,0.74,High Risk (Tier 1),Severe Attendance Deficit,Immediate 1-on-1 Clinical Advising within 48h; Mandatory Study Hall,High_Risk,64.8,64,16,66,1,100,888.84,Medium,Medium,Yes,6,Medium,Yes,Medium,Medium,Public,Neutral,3,No,High School,Moderate,Female,High_Risk,1.8,132,2.57
ST-0537,0.07,Low Risk (Tier 3),Lack of Tutoring Support,Standard Curriculum Monitoring; Self-Directed Academic Portal Access,Normal,70.92,70,22,97,0,57,696.63,Medium,Medium,Yes,6,Medium,Yes,Medium,High,Private,Positive,2,No,High School,Near,Male,Normal,1.8,97,3.14
ST-0538,0.35,Low Risk (Tier 3),Insufficient Study Volume,Standard Curriculum Monitoring; Self-Directed Academic Portal Access,Normal,67.8,68,15,78,1,97,808.29,Medium,High,No,8,Medium,Yes,Medium,Medium,Public,Neutral,4,No,Postgraduate,Near,Male,Normal,1.8,156,1.89
ST-0539,0.05,Low Risk (Tier 3),Circadian Irregularity,Standard Curriculum Monitoring; Self-Directed Academic Portal Access,Normal,72.1,72,22,99,1,98,567.35,Medium,Medium,No,10,Low,Yes,Medium,Medium,Private,Neutral,1,No,College,Near,Male,Normal,3.8,198,2.18
ST-0540,0.55,Moderate Risk (Tier 2),Multivariate Risk Factor,Assignment to Peer Collaborative Learning Pod; Bi-Weekly Attendance Ping,High_Risk,65.31,65,18,72,1,79,789.96,Low,Medium,Yes,8,Medium,Yes,Medium,High,Public,Positive,4,No,High School,Moderate,Male,High_Risk,1.8,144,2.22
ST-0541,0.13,Low Risk (Tier 3),Circadian Irregularity,Standard Curriculum Monitoring; Self-Directed Academic Portal Access,Normal,69.26,68,21,98,2,57,314.99,Medium,Low,No,4,Medium,Yes,High,Low,Public,Neutral,2,No,High School,Near,Female,Normal,3.8,294,5.0
ST-0542,0.89,High Risk (Tier 1),Severe Attendance Deficit,Immediate 1-on-1 Clinical Advising within 48h; Mandatory Study Hall,High_Risk,60.99,61,12,64,0,74,493.31,High,Low,Yes,6,High,Yes,Medium,Medium,Public,Positive,2,No,High School,Moderate,Male,High_Risk,1.8,64,1.71
ST-0543,0.33,Low Risk (Tier 3),Low Academic Motivation,Standard Curriculum Monitoring; Self-Directed Academic Portal Access,Normal,68.92,67,29,76,1,70,1127.72,Medium,High,Yes,8,Low,No,Low,Low,Public,Neutral,4,No,College,Moderate,Female,Normal,1.8,152,3.44
ST-0544,0.12,Low Risk (Tier 3),Low Academic Motivation,Standard Curriculum Monitoring; Self-Directed Academic Portal Access,Normal,69.08,68,21,89,1,85,637.48,Low,Medium,Yes,9,Low,Yes,Medium,Medium,Public,Negative,5,No,College,Far,Female,Normal,2.8,178,2.3
ST-0545,0.09,Low Risk (Tier 3),Low Academic Motivation,Standard Curriculum Monitoring; Self-Directed Academic Portal Access,Normal,68.37,68,20,92,1,67,1674.79,Medium,Low,No,7,Low,Yes,Medium,Medium,Public,Positive,5,No,High School,Near,Male,Normal,0.8,184,2.75
ST-0546,0.05,Low Risk (Tier 3),Circadian Irregularity,Standard Curriculum Monitoring; Self-Directed Academic Portal Access,Normal,72.85,72,26,98,1,88,602.09,High,Low,No,4,Low,Yes,Medium,High,Public,Neutral,1,No,College,Moderate,Female,Normal,3.8,196,5.6
ST-0547,0.83,High Risk (Tier 1),Severe Attendance Deficit,Immediate 1-on-1 Clinical Advising within 48h; Mandatory Study Hall,High_Risk,59.71,61,14,60,3,67,334.99,Low,Low,Yes,9,Low,Yes,High,High,Public,Positive,3,No,High School,Near,Female,High_Risk,2.8,240,2.0
ST-0548,0.18,Low Risk (Tier 3),Insufficient Study Volume,Standard Curriculum Monitoring; Self-Directed Academic Portal Access,Normal,67.59,67,17,88,3,50,223.68,Medium,Medium,No,10,Medium,Yes,Low,High,Public,Neutral,5,No,College,Moderate,Female,Normal,3.8,352,2.09
ST-0549,0.39,Moderate Risk (Tier 2),Insufficient Study Volume,Assignment to Peer Collaborative Learning Pod; Bi-Weekly Attendance Ping,High_Risk,64.35,65,9,87,1,56,279.98,Medium,Medium,No,8,Medium,Yes,Medium,High,Public,Positive,3,No,College,Moderate,Female,High_Risk,1.8,174,1.22
ST-0550,0.63,High Risk (Tier 1),Severe Attendance Deficit,Immediate 1-on-1 Clinical Advising within 48h; Mandatory Study Hall,High_Risk,65.25,65,22,61,3,98,2694.66,Medium,Low,No,7,High,Yes,High,Low,Private,Neutral,2,No,College,Near,Female,High_Risk,0.8,244,3.5
ST-0551,0.0,Low Risk (Tier 3),Multivariate Risk Factor,Standard Curriculum Monitoring; Self-Directed Academic Portal Access,Normal,72.36,73,28,87,2,95,1477.7,Medium,Medium,No,8,Medium,Yes,Medium,Low,Private,Positive,3,No,Postgraduate,Near,Female,Normal,1.8,261,3.56
ST-0552,0.93,High Risk (Tier 1),Severe Attendance Deficit,Immediate 1-on-1 Clinical Advising within 48h; Mandatory Study Hall,High_Risk,62.91,62,18,65,1,63,629.97,High,Medium,Yes,6,High,Yes,Low,Medium,Public,Negative,2,No,High School,Far,Male,High_Risk,1.8,130,2.86
ST-0553,0.33,Low Risk (Tier 3),Multivariate Risk Factor,Standard Curriculum Monitoring; Self-Directed Academic Portal Access,Normal,65.91,65,19,73,1,85,2018.5,Medium,Medium,Yes,7,Medium,Yes,Medium,Medium,Public,Neutral,3,No,High School,Far,Male,High_Risk,0.8,146,2.62
ST-0554,0.56,Moderate Risk (Tier 2),Insufficient Study Volume,Assignment to Peer Collaborative Learning Pod; Bi-Weekly Attendance Ping,High_Risk,64.03,63,13,74,4,64,462.2,Medium,Medium,No,6,Low,Yes,High,High,Private,Neutral,3,Yes,High School,Near,Male,High_Risk,1.8,370,3.0
ST-0555,0.26,Low Risk (Tier 3),Multivariate Risk Factor,Standard Curriculum Monitoring; Self-Directed Academic Portal Access,Normal,69.08,70,25,75,4,57,1781.03,Low,High,No,7,High,Yes,Low,High,Public,Positive,5,No,College,Near,Male,Normal,0.8,375,4.12
ST-0556,0.2,Low Risk (Tier 3),Insufficient Study Volume,Standard Curriculum Monitoring; Self-Directed Academic Portal Access,Normal,67.71,70,12,99,0,80,533.3,High,High,Yes,6,Medium,No,High,Medium,Public,Positive,3,No,High School,Moderate,Male,Normal,1.8,99,1.71
ST-0557,0.18,Low Risk (Tier 3),Lack of Tutoring Support,Standard Curriculum Monitoring; Self-Directed Academic Portal Access,Normal,69.86,69,18,98,0,57,1282.34,High,Medium,No,7,Low,Yes,High,Medium,Private,Neutral,1,No,Postgraduate,Moderate,Male,Normal,0.8,98,2.25
ST-0558,0.15,Low Risk (Tier 3),Insufficient Study Volume,Standard Curriculum Monitoring; Self-Directed Academic Portal Access,Normal,68.45,69,10,97,1,83,218.42,High,High,No,4,Low,Yes,Low,High,Public,Neutral,2,No,Postgraduate,Near,Male,Normal,3.8,194,2.4
ST-0559,0.08,Low Risk (Tier 3),Circadian Irregularity,Standard Curriculum Monitoring; Self-Directed Academic Portal Access,Normal,69.97,69,21,91,3,72,539.98,Medium,High,No,5,Medium,Yes,Low,Medium,Public,Negative,3,Yes,High School,Near,Female,Normal,2.8,364,4.5
ST-0560,0.33,Low Risk (Tier 3),Insufficient Study Volume,Standard Curriculum Monitoring; Self-Directed Academic Portal Access,Normal,65.27,67,14,73,2,87,434.98,High,Medium,No,5,High,Yes,Medium,Medium,Public,Positive,4,No,College,Near,Female,Normal,2.8,219,3.0
ST-0561,0.03,Low Risk (Tier 3),Circadian Irregularity,Standard Curriculum Monitoring; Self-Directed Academic Portal Access,Normal,70.9,72,38,80,1,78,1058.53,High,Medium,No,5,Medium,Yes,Low,Medium,Public,Positive,4,No,College,Far,Female,Normal,2.8,160,6.67
ST-0562,0.03,Low Risk (Tier 3),Multivariate Risk Factor,Standard Curriculum Monitoring; Self-Directed Academic Portal Access,Normal,67.72,68,20,82,3,94,1044.39,Medium,Medium,No,6,Medium,Yes,Low,Medium,Private,Positive,2,No,High School,Near,Male,Normal,1.8,328,3.71
ST-0563,0.38,Moderate Risk (Tier 2),Insufficient Study Volume,Assignment to Peer Collaborative Learning Pod; Bi-Weekly Attendance Ping,High_Risk,65.42,67,13,77,2,69,1121.11,High,High,Yes,7,Medium,Yes,Low,High,Private,Neutral,5,No,College,Moderate,Male,Normal,0.8,231,2.12
ST-0564,0.67,High Risk (Tier 1),Insufficient Study Volume,Immediate 1-on-1 Clinical Advising within 48h; Mandatory Study Hall,High_Risk,65.19,62,16,77,0,54,479.97,Medium,Low,Yes,8,Medium,No,Medium,Medium,Public,Negative,3,No,Postgraduate,Near,Male,High_Risk,1.8,77,1.78
ST-0565,0.1,Low Risk (Tier 3),Multivariate Risk Factor,Standard Curriculum Monitoring; Self-Directed Academic Portal Access,Normal,68.26,68,18,85,1,86,859.95,Medium,High,Yes,6,High,No,Medium,Medium,Private,Neutral,3,No,High School,Near,Female,Normal,1.8,170,2.86
ST-0566,0.08,Low Risk (Tier 3),Insufficient Study Volume,Standard Curriculum Monitoring; Self-Directed Academic Portal Access,Normal,66.68,67,17,81,3,82,774.4,Medium,Medium,No,6,Medium,Yes,Low,Medium,Private,Neutral,4,No,College,Near,Male,Normal,1.8,324,3.29
ST-0567,0.24,Low Risk (Tier 3),Insufficient Study Volume,Standard Curriculum Monitoring; Self-Directed Academic Portal Access,Normal,67.34,67,12,93,1,74,317.13,Medium,Medium,Yes,9,Low,Yes,Medium,Medium,Public,Neutral,3,No,Postgraduate,Moderate,Male,Normal,2.8,186,1.4
ST-0568,0.43,Moderate Risk (Tier 2),Multivariate Risk Factor,Assignment to Peer Collaborative Learning Pod; Bi-Weekly Attendance Ping,High_Risk,65.05,65,20,80,2,59,1474.82,Low,Low,Yes,7,High,Yes,Medium,High,Private,Neutral,3,No,High School,Moderate,Male,High_Risk,0.8,240,3.0
ST-0569,0.41,Moderate Risk (Tier 2),Multivariate Risk Factor,Assignment to Peer Collaborative Learning Pod; Bi-Weekly Attendance Ping,High_Risk,65.32,65,18,80,2,65,649.96,Medium,Low,Yes,6,Medium,Yes,Low,High,Public,Negative,2,No,College,Unknown,Female,High_Risk,1.8,240,3.14
ST-0570,0.38,Moderate Risk (Tier 2),Insufficient Study Volume,Assignment to Peer Collaborative Learning Pod; Bi-Weekly Attendance Ping,High_Risk,64.44,65,6,80,5,92,197.14,Medium,Medium,Yes,9,Low,Yes,Low,Medium,Public,Neutral,2,No,Postgraduate,Moderate,Male,High_Risk,2.8,480,1.6
ST-0571,0.71,High Risk (Tier 1),Severe Attendance Deficit,Immediate 1-on-1 Clinical Advising within 48h; Mandatory Study Hall,High_Risk,63.62,62,16,62,2,90,799.96,Low,Medium,Yes,8,Low,Yes,High,Medium,Public,Neutral,2,No,Postgraduate,Far,Male,High_Risk,1.8,186,2.22
ST-0572,0.17,Low Risk (Tier 3),Multivariate Risk Factor,Standard Curriculum Monitoring; Self-Directed Academic Portal Access,Normal,68.03,67,22,77,3,71,867.73,Medium,High,No,6,High,Yes,Low,Medium,Public,Negative,4,No,High School,Far,Female,Normal,1.8,308,4.0
ST-0573,0.72,High Risk (Tier 1),Insufficient Study Volume,Immediate 1-on-1 Clinical Advising within 48h; Mandatory Study Hall,High_Risk,65.0,63,14,74,0,66,1154.86,Low,Medium,Yes,7,Medium,Yes,Medium,High,Private,Negative,3,No,Postgraduate,Near,Male,High_Risk,0.8,74,1.75
ST-0574,0.17,Low Risk (Tier 3),Insufficient Study Volume,Standard Curriculum Monitoring; Self-Directed Academic Portal Access,Normal,67.02,67,16,90,1,51,453.31,Low,High,Yes,8,Medium,Yes,High,Medium,Public,Neutral,5,No,High School,Moderate,Female,Normal,1.8,180,2.0
ST-0575,0.23,Low Risk (Tier 3),Low Academic Motivation,Standard Curriculum Monitoring; Self-Directed Academic Portal Access,Normal,67.29,67,25,73,0,71,986.06,High,Medium,Yes,6,Low,Yes,Low,Medium,Private,Positive,3,No,College,Far,Female,Normal,1.8,73,3.57
ST-0576,0.15,Low Risk (Tier 3),Insufficient Study Volume,Standard Curriculum Monitoring; Self-Directed Academic Portal Access,Normal,67.55,67,17,93,0,76,717.74,High,Medium,No,8,Low,Yes,Low,Medium,Private,Negative,3,No,High School,Moderate,Female,Normal,1.8,93,1.89
ST-0577,0.37,Low Risk (Tier 3),Severe Attendance Deficit,Standard Curriculum Monitoring; Self-Directed Academic Portal Access,Normal,67.42,66,33,62,2,74,3052.12,Medium,Medium,No,7,Low,Yes,Medium,Medium,Public,Neutral,2,No,College,Moderate,Male,Normal,0.8,186,4.62
ST-0578,0.08,Low Risk (Tier 3),Lack of Tutoring Support,Standard Curriculum Monitoring; Self-Directed Academic Portal Access,Normal,70.84,71,20,98,0,52,371.42,High,High,Yes,9,Medium,Yes,Medium,Medium,Private,Positive,3,No,College,Far,Male,Normal,2.8,98,2.0
ST-0579,0.05,Low Risk (Tier 3),Multivariate Risk Factor,Standard Curriculum Monitoring; Self-Directed Academic Portal Access,Normal,68.08,68,24,81,1,78,1039.94,Medium,Medium,Yes,8,Medium,Yes,Low,Medium,Public,Positive,2,No,High School,Near,Male,Normal,1.8,162,2.89
ST-0580,0.16,Low Risk (Tier 3),Severe Attendance Deficit,Standard Curriculum Monitoring; Self-Directed Academic Portal Access,Normal,67.7,68,25,66,2,99,1374.92,Medium,Medium,Yes,6,Medium,Yes,Medium,Medium,Public,Positive,3,No,College,Near,Female,Normal,1.8,198,4.14
ST-0581,0.08,Low Risk (Tier 3),Circadian Irregularity,Standard Curriculum Monitoring; Self-Directed Academic Portal Access,Normal,70.98,72,35,78,1,99,911.82,High,Low,Yes,10,Medium,Yes,Low,Medium,Private,Positive,2,No,High School,Near,Male,Normal,3.8,156,3.36
ST-0582,0.33,Low Risk (Tier 3),Multivariate Risk Factor,Standard Curriculum Monitoring; Self-Directed Academic Portal Access,Normal,65.45,66,19,76,1,53,559.41,High,Medium,Yes,8,Medium,Yes,Medium,Medium,Public,Negative,4,No,College,Near,Female,Normal,1.8,152,2.33
ST-0583,0.02,Low Risk (Tier 3),Multivariate Risk Factor,Standard Curriculum Monitoring; Self-Directed Academic Portal Access,Normal,70.51,71,25,85,3,94,1305.48,Medium,Low,Yes,8,Medium,Yes,Medium,High,Public,Positive,3,No,High School,Moderate,Male,Normal,1.8,340,3.44
ST-0584,0.24,Low Risk (Tier 3),Severe Attendance Deficit,Standard Curriculum Monitoring; Self-Directed Academic Portal Access,Normal,67.12,66,23,67,1,88,2529.68,High,Low,Yes,7,Medium,Yes,Low,Medium,Private,Positive,4,No,High School,Near,Male,Normal,0.8,134,3.12
ST-0585,0.02,Low Risk (Tier 3),Multivariate Risk Factor,Standard Curriculum Monitoring; Self-Directed Academic Portal Access,Normal,71.78,74,21,97,1,99,2598.43,Medium,High,Yes,7,High,Yes,Medium,High,Public,Neutral,1,No,Postgraduate,Moderate,Male,Normal,0.8,194,2.88
ST-0586,0.8,High Risk (Tier 1),Severe Attendance Deficit,Immediate 1-on-1 Clinical Advising within 48h; Mandatory Study Hall,High_Risk,60.8,61,12,63,4,63,269.99,Medium,High,No,5,Low,Yes,Low,Medium,Private,Positive,2,No,High School,Moderate,Male,High_Risk,2.8,315,3.33
ST-0587,0.56,Moderate Risk (Tier 2),Insufficient Study Volume,Assignment to Peer Collaborative Learning Pod; Bi-Weekly Attendance Ping,High_Risk,64.53,64,11,90,1,59,360.54,Low,Low,Yes,8,Low,Yes,Low,High,Public,Positive,4,No,High School,Near,Male,High_Risk,1.8,180,1.44
ST-0588,0.45,Moderate Risk (Tier 2),Severe Attendance Deficit,Assignment to Peer Collaborative Learning Pod; Bi-Weekly Attendance Ping,High_Risk,66.26,66,26,66,2,98,909.97,Low,Medium,Yes,9,Medium,Yes,Low,Medium,Public,Neutral,2,No,College,Near,Male,Normal,2.8,198,3.0
ST-0589,0.15,Low Risk (Tier 3),Circadian Irregularity,Standard Curriculum Monitoring; Self-Directed Academic Portal Access,Normal,67.24,68,18,87,2,60,284.2,Medium,Low,Yes,10,High,Yes,Medium,Medium,Public,Positive,3,No,High School,Near,Female,Normal,3.8,261,2.0
ST-0590,0.01,Low Risk (Tier 3),Multivariate Risk Factor,Standard Curriculum Monitoring; Self-Directed Academic Portal Access,Normal,70.28,72,28,81,3,90,3149.61,Medium,High,Yes,7,High,Yes,Medium,Medium,Private,Negative,3,No,High School,Moderate,Male,Normal,0.8,324,4.25
ST-0591,0.26,Low Risk (Tier 3),Insufficient Study Volume,Standard Curriculum Monitoring; Self-Directed Academic Portal Access,Normal,67.55,67,16,81,3,54,308.56,Medium,High,No,9,Medium,Yes,Medium,High,Public,Negative,3,No,Postgraduate,Moderate,Male,Normal,2.8,324,2.2
ST-0592,0.1,Low Risk (Tier 3),Insufficient Study Volume,Standard Curriculum Monitoring; Self-Directed Academic Portal Access,Normal,69.62,71,16,100,4,52,1039.87,High,High,No,7,Medium,Yes,Low,Medium,Public,Negative,4,No,High School,Near,Female,Normal,0.8,500,3.0
ST-0593,0.74,High Risk (Tier 1),Severe Attendance Deficit,Immediate 1-on-1 Clinical Advising within 48h; Mandatory Study Hall,High_Risk,63.82,64,20,66,1,72,514.27,High,Low,No,9,Low,Yes,Medium,High,Public,Positive,1,No,College,Near,Female,High_Risk,2.8,132,2.2
ST-0594,0.3,Low Risk (Tier 3),Insufficient Study Volume,Standard Curriculum Monitoring; Self-Directed Academic Portal Access,Normal,66.23,67,17,74,4,87,821.62,Medium,Medium,Yes,8,Medium,Yes,Low,Low,Public,Positive,3,No,College,Near,Male,Normal,1.8,370,2.78
ST-0595,0.7,High Risk (Tier 1),Severe Attendance Deficit,Immediate 1-on-1 Clinical Advising within 48h; Mandatory Study Hall,High_Risk,64.88,65,20,71,1,63,699.96,Low,High,Yes,6,High,Yes,Low,Medium,Public,Positive,2,No,College,Moderate,Male,High_Risk,1.8,142,3.14
ST-0596,0.73,High Risk (Tier 1),Insufficient Study Volume,Immediate 1-on-1 Clinical Advising within 48h; Mandatory Study Hall,High_Risk,64.22,63,11,72,2,94,574.41,Medium,Medium,Yes,6,Low,Yes,Medium,Medium,Public,Positive,3,No,High School,Moderate,Male,High_Risk,1.8,216,2.14
ST-0597,0.1,Low Risk (Tier 3),Insufficient Study Volume,Standard Curriculum Monitoring; Self-Directed Academic Portal Access,Normal,68.31,69,14,90,2,60,1049.87,Medium,High,Yes,7,Medium,Yes,Medium,Medium,Public,Neutral,4,No,Postgraduate,Near,Male,Normal,0.8,270,2.25
ST-0598,0.0,Low Risk (Tier 3),Insufficient Study Volume,Standard Curriculum Monitoring; Self-Directed Academic Portal Access,Normal,70.55,72,17,96,2,84,1784.78,High,Medium,Yes,7,Medium,Yes,Low,High,Private,Positive,3,No,College,Near,Female,Normal,0.8,288,2.62
ST-0599,0.06,Low Risk (Tier 3),Multivariate Risk Factor,Standard Curriculum Monitoring; Self-Directed Academic Portal Access,Normal,70.5,70,21,88,2,91,1061.61,High,Medium,No,6,Medium,Yes,High,Medium,Public,Neutral,1,No,High School,Moderate,Female,Normal,1.8,264,3.57
ST-0600,0.7,High Risk (Tier 1),Insufficient Study Volume,Immediate 1-on-1 Clinical Advising within 48h; Mandatory Study Hall,High_Risk,64.61,64,15,74,1,76,633.3,High,Medium,Yes,8,Medium,Yes,Medium,Low,Public,Neutral,4,No,High School,Far,Male,High_Risk,1.8,148,1.89
ST-0601,0.49,Moderate Risk (Tier 2),Severe Attendance Deficit,Assignment to Peer Collaborative Learning Pod; Bi-Weekly Attendance Ping,High_Risk,67.21,66,22,64,5,77,445.78,Medium,Medium,Yes,10,High,Yes,Medium,Medium,Public,Neutral,3,Yes,High School,Near,Male,Normal,3.8,384,2.91
ST-0602,0.11,Low Risk (Tier 3),Circadian Irregularity,Standard Curriculum Monitoring; Self-Directed Academic Portal Access,Normal,69.33,68,18,91,1,76,488.55,Low,Medium,Yes,5,Medium,Yes,Medium,Medium,Public,Neutral,3,No,High School,Near,Female,Normal,2.8,182,3.33
ST-0603,0.04,Low Risk (Tier 3),Insufficient Study Volume,Standard Curriculum Monitoring; Self-Directed Academic Portal Access,Normal,70.41,71,15,97,2,90,749.96,Medium,High,No,6,High,Yes,High,High,Private,Neutral,0,No,High School,Near,Male,Normal,1.8,291,2.71
ST-0604,0.03,Low Risk (Tier 3),Multivariate Risk Factor,Standard Curriculum Monitoring; Self-Directed Academic Portal Access,Normal,69.9,70,19,91,0,99,1044.94,Medium,Medium,Yes,6,High,Yes,Medium,Medium,Public,Neutral,2,No,High School,Near,Female,Normal,1.8,91,2.71
ST-0605,0.24,Low Risk (Tier 3),Low Academic Motivation,Standard Curriculum Monitoring; Self-Directed Academic Portal Access,Normal,66.69,67,19,79,3,66,1567.3,Medium,High,Yes,7,Low,Yes,High,Medium,Public,Positive,3,Yes,High School,Near,Male,Normal,0.8,316,3.12
ST-0606,0.03,Low Risk (Tier 3),Low Academic Motivation,Standard Curriculum Monitoring; Self-Directed Academic Portal Access,Normal,70.5,70,30,74,0,94,1566.58,Medium,High,No,8,Low,Yes,Medium,Medium,Public,Positive,3,No,High School,Near,Male,Normal,1.8,74,3.33
ST-0607,0.88,High Risk (Tier 1),Severe Attendance Deficit,Immediate 1-on-1 Clinical Advising within 48h; Mandatory Study Hall,High_Risk,61.13,61,11,62,2,68,196.84,Medium,High,Yes,4,Medium,Yes,High,Medium,Public,Negative,3,No,High School,Moderate,Male,High_Risk,3.8,186,3.0
ST-0608,0.77,High Risk (Tier 1),Severe Attendance Deficit,Immediate 1-on-1 Clinical Advising within 48h; Mandatory Study Hall,High_Risk,64.39,64,16,61,2,78,328.41,Medium,High,Yes,10,Medium,Yes,Low,High,Public,Positive,2,No,College,Moderate,Female,High_Risk,3.8,183,1.82
ST-0609,0.38,Moderate Risk (Tier 2),Insufficient Study Volume,Assignment to Peer Collaborative Learning Pod; Bi-Weekly Attendance Ping,High_Risk,64.74,63,5,88,3,59,368.7,Medium,Medium,No,7,Medium,Yes,Low,Medium,Public,Negative,3,No,College,Near,Female,High_Risk,0.8,352,1.38
ST-0610,0.64,High Risk (Tier 1),Severe Attendance Deficit,Immediate 1-on-1 Clinical Advising within 48h; Mandatory Study Hall,High_Risk,62.05,64,19,63,2,58,1377.33,Low,High,Yes,7,Medium,Yes,Low,High,Private,Neutral,3,No,Postgraduate,Near,Female,High_Risk,0.8,189,2.88
ST-0611,0.7,High Risk (Tier 1),Severe Attendance Deficit,Immediate 1-on-1 Clinical Advising within 48h; Mandatory Study Hall,High_Risk,63.66,61,18,64,4,64,411.41,Low,Medium,Yes,9,Medium,Yes,Low,Medium,Public,Negative,4,Yes,High School,Near,Male,High_Risk,2.8,320,2.6
ST-0612,0.08,Low Risk (Tier 3),Multivariate Risk Factor,Standard Curriculum Monitoring; Self-Directed Academic Portal Access,Normal,73.19,71,22,99,2,95,746.4,Medium,High,Yes,9,Medium,Yes,Low,Low,Public,Negative,4,Yes,High School,Near,Male,Normal,2.8,297,2.6
ST-0613,0.71,High Risk (Tier 1),Severe Attendance Deficit,Immediate 1-on-1 Clinical Advising within 48h; Mandatory Study Hall,High_Risk,63.5,64,20,65,0,88,977.72,High,Medium,No,6,Medium,Yes,Medium,High,Public,Negative,4,Yes,High School,Near,Male,High_Risk,1.8,65,2.86
ST-0614,0.17,Low Risk (Tier 3),Insufficient Study Volume,Standard Curriculum Monitoring; Self-Directed Academic Portal Access,Normal,67.75,70,16,87,3,53,302.85,High,Medium,No,9,High,Yes,Medium,High,Private,Neutral,5,No,College,Near,Male,Normal,2.8,348,2.2
ST-0615,0.08,Low Risk (Tier 3),Circadian Irregularity,Standard Curriculum Monitoring; Self-Directed Academic Portal Access,Normal,67.72,68,19,82,1,90,610.69,Medium,Medium,No,5,Medium,Yes,High,Medium,Public,Negative,3,No,College,Near,Male,Normal,2.8,164,3.5
ST-0616,0.65,High Risk (Tier 1),Insufficient Study Volume,Immediate 1-on-1 Clinical Advising within 48h; Mandatory Study Hall,High_Risk,64.32,63,16,80,0,58,331.42,High,Low,No,9,Low,Yes,Medium,Medium,Public,Neutral,2,No,High School,Near,Female,High_Risk,2.8,80,1.6
ST-0617,0.15,Low Risk (Tier 3),Severe Attendance Deficit,Standard Curriculum Monitoring; Self-Directed Academic Portal Access,Normal,67.42,67,24,68,3,95,1266.6,High,Medium,Yes,8,Low,Yes,Medium,Medium,Public,Positive,0,No,High School,Moderate,Male,Normal,1.8,272,3.33
ST-0618,0.06,Low Risk (Tier 3),Circadian Irregularity,Standard Curriculum Monitoring; Self-Directed Academic Portal Access,Normal,70.21,70,21,91,1,84,629.98,Medium,High,Yes,5,Medium,Yes,High,Low,Public,Neutral,2,No,High School,Near,Male,Normal,2.8,182,3.83
ST-0619,0.15,Low Risk (Tier 3),Severe Attendance Deficit,Standard Curriculum Monitoring; Self-Directed Academic Portal Access,Normal,66.93,67,25,66,2,84,2624.67,Medium,High,Yes,7,Low,Yes,High,Medium,Public,Positive,1,No,High School,Near,Male,Normal,0.8,198,3.62
ST-0620,0.75,High Risk (Tier 1),Severe Attendance Deficit,Immediate 1-on-1 Clinical Advising within 48h; Mandatory Study Hall,High_Risk,61.07,62,11,63,3,55,756.16,High,Medium,No,7,Low,Yes,High,Medium,Private,Positive,1,No,Postgraduate,Near,Male,High_Risk,0.8,252,2.12
ST-0621,0.24,Low Risk (Tier 3),Insufficient Study Volume,Standard Curriculum Monitoring; Self-Directed Academic Portal Access,Normal,68.41,68,15,98,1,70,583.3,Medium,Medium,No,6,Low,Yes,Medium,High,Private,Positive,3,No,High School,Moderate,Male,Normal,1.8,196,2.43
ST-0622,0.6,High Risk (Tier 1),Insufficient Study Volume,Immediate 1-on-1 Clinical Advising within 48h; Mandatory Study Hall,High_Risk,65.81,65,16,76,0,79,451.41,Low,Medium,Yes,5,Medium,Yes,Low,High,Public,Positive,4,No,Postgraduate,Moderate,Female,High_Risk,2.8,76,2.67
ST-0623,0.28,Low Risk (Tier 3),Multivariate Risk Factor,Standard Curriculum Monitoring; Self-Directed Academic Portal Access,Normal,66.55,68,18,78,1,85,546.41,Medium,High,Yes,9,High,Yes,Low,High,Private,Negative,2,No,Postgraduate,Near,Male,Normal,2.8,156,2.0
ST-0624,0.07,Low Risk (Tier 3),Circadian Irregularity,Standard Curriculum Monitoring; Self-Directed Academic Portal Access,Normal,68.84,69,18,89,3,72,462.84,High,Medium,No,5,Low,Yes,Medium,Medium,Public,Positive,3,No,College,Moderate,Male,Normal,2.8,356,4.0
ST-0625,0.55,Moderate Risk (Tier 2),Circadian Irregularity,Assignment to Peer Collaborative Learning Pod; Bi-Weekly Attendance Ping,High_Risk,65.26,63,19,76,1,70,349.99,Low,High,Yes,10,Low,Yes,Low,Medium,Public,Negative,3,No,College,Far,Female,High_Risk,3.8,152,1.91
ST-0626,0.03,Low Risk (Tier 3),Multivariate Risk Factor,Standard Curriculum Monitoring; Self-Directed Academic Portal Access,Normal,70.59,70,21,90,2,99,1154.94,Medium,Medium,No,6,Medium,Yes,Low,Medium,Private,Negative,3,No,College,Near,Female,Normal,1.8,270,3.57
ST-0627,0.67,High Risk (Tier 1),Insufficient Study Volume,Immediate 1-on-1 Clinical Advising within 48h; Mandatory Study Hall,High_Risk,64.2,64,17,73,2,62,585.52,Medium,High,Yes,6,Low,Yes,Low,Medium,Private,Negative,3,No,College,Far,Male,High_Risk,1.8,219,3.0
ST-0628,0.5,Moderate Risk (Tier 2),Insufficient Study Volume,Assignment to Peer Collaborative Learning Pod; Bi-Weekly Attendance Ping,High_Risk,65.25,64,11,84,1,81,318.2,High,Medium,No,5,Low,Yes,Low,Medium,Private,Negative,3,No,High School,Moderate,Female,High_Risk,2.8,168,2.17
ST-0629,0.0,Low Risk (Tier 3),Multivariate Risk Factor,Standard Curriculum Monitoring; Self-Directed Academic Portal Access,Normal,70.95,72,25,87,0,83,1152.71,High,Medium,Yes,8,Medium,Yes,Medium,High,Private,Positive,4,No,College,Moderate,Male,Normal,1.8,87,2.78
ST-0630,0.08,Low Risk (Tier 3),Multivariate Risk Factor,Standard Curriculum Monitoring; Self-Directed Academic Portal Access,Normal,71.32,72,32,87,0,71,2839.65,Medium,High,Yes,7,Medium,Yes,High,Low,Public,Neutral,4,Yes,College,Near,Male,Normal,0.8,87,4.0
ST-0631,0.52,Moderate Risk (Tier 2),Insufficient Study Volume,Assignment to Peer Collaborative Learning Pod; Bi-Weekly Attendance Ping,High_Risk,65.97,64,16,82,0,83,737.74,Low,Medium,No,6,Medium,Yes,Medium,Medium,Public,Negative,2,No,High School,Near,Female,High_Risk,1.8,82,2.29
ST-0632,0.17,Low Risk (Tier 3),Severe Attendance Deficit,Standard Curriculum Monitoring; Self-Directed Academic Portal Access,Normal,67.64,67,31,64,2,97,791.29,High,Medium,No,10,Low,Yes,Medium,Medium,Private,Negative,4,No,High School,Far,Female,Normal,3.8,192,3.18
ST-0633,0.41,Moderate Risk (Tier 2),Multivariate Risk Factor,Assignment to Peer Collaborative Learning Pod; Bi-Weekly Attendance Ping,High_Risk,65.84,65,18,81,1,73,469.27,Low,Medium,No,9,Medium,Yes,High,Medium,Public,Negative,2,No,High School,Near,Male,High_Risk,2.8,162,2.0
ST-0634,0.86,High Risk (Tier 1),Severe Attendance Deficit,Immediate 1-on-1 Clinical Advising within 48h; Mandatory Study Hall,High_Risk,61.94,63,15,65,2,55,458.31,Medium,High,Yes,6,Low,Yes,Medium,Medium,Private,Positive,3,No,High School,Near,Female,High_Risk,1.8,195,2.71
ST-0635,0.39,Moderate Risk (Tier 2),Insufficient Study Volume,Assignment to Peer Collaborative Learning Pod; Bi-Weekly Attendance Ping,High_Risk,66.97,64,4,91,3,86,90.52,Medium,Medium,No,4,Low,Yes,Low,Medium,Private,Neutral,4,Yes,College,Moderate,Male,High_Risk,3.8,364,2.0
ST-0636,0.87,High Risk (Tier 1),Severe Attendance Deficit,Immediate 1-on-1 Clinical Advising within 48h; Mandatory Study Hall,High_Risk,60.51,59,6,65,3,62,206.66,High,High,No,6,Medium,No,Low,Low,Public,Neutral,1,No,High School,Near,Male,High_Risk,1.8,260,1.71
ST-0637,0.1,Low Risk (Tier 3),Low Academic Motivation,Standard Curriculum Monitoring; Self-Directed Academic Portal Access,Normal,69.78,68,22,92,1,52,1429.82,Medium,Medium,Yes,7,Low,No,Medium,Medium,Private,Negative,3,No,Postgraduate,Near,Female,Normal,0.8,184,3.0
ST-0638,0.72,High Risk (Tier 1),Insufficient Study Volume,Immediate 1-on-1 Clinical Advising within 48h; Mandatory Study Hall,High_Risk,64.51,63,14,78,1,62,228.42,Medium,Medium,No,4,Medium,Yes,Low,Medium,Public,Neutral,4,No,College,Unknown,Male,High_Risk,3.8,156,3.2
ST-0639,0.27,Low Risk (Tier 3),Insufficient Study Volume,Standard Curriculum Monitoring; Self-Directed Academic Portal Access,Normal,66.47,67,17,81,4,54,1147.36,High,Medium,No,7,Medium,Yes,Low,Medium,Public,Positive,3,No,High School,Near,Female,Normal,0.8,405,3.12
ST-0640,0.25,Low Risk (Tier 3),Severe Attendance Deficit,Standard Curriculum Monitoring; Self-Directed Academic Portal Access,Normal,66.32,66,24,71,0,81,2429.7,Medium,Medium,Yes,7,Medium,Yes,Low,Medium,Private,Positive,3,No,High School,Near,Male,Normal,0.8,71,3.0
ST-0641,0.12,Low Risk (Tier 3),Multivariate Risk Factor,Standard Curriculum Monitoring; Self-Directed Academic Portal Access,Normal,70.42,69,22,95,2,59,1622.3,High,Medium,No,7,Medium,Yes,Low,Medium,Public,Negative,3,Yes,High School,Near,Male,Normal,0.8,285,3.25
ST-0642,0.46,Moderate Risk (Tier 2),Insufficient Study Volume,Assignment to Peer Collaborative Learning Pod; Bi-Weekly Attendance Ping,High_Risk,65.94,67,17,73,1,90,546.41,High,Medium,No,5,High,Yes,Low,Medium,Private,Positive,4,No,High School,Near,Male,Normal,2.8,146,3.17
ST-0643,0.81,High Risk (Tier 1),Severe Attendance Deficit,Immediate 1-on-1 Clinical Advising within 48h; Mandatory Study Hall,High_Risk,61.66,62,10,64,1,96,533.3,Medium,High,No,8,Medium,Yes,Medium,Medium,Public,Neutral,3,No,High School,Moderate,Male,High_Risk,1.8,128,1.33
ST-0644,0.67,High Risk (Tier 1),Severe Attendance Deficit,Immediate 1-on-1 Clinical Advising within 48h; Mandatory Study Hall,High_Risk,64.62,65,19,71,2,66,1567.3,Medium,High,Yes,7,Low,Yes,Low,Medium,Public,Neutral,3,No,Unknown,Near,Female,High_Risk,0.8,213,2.88
ST-0645,0.37,Low Risk (Tier 3),Insufficient Study Volume,Standard Curriculum Monitoring; Self-Directed Academic Portal Access,Normal,65.9,66,17,81,1,78,736.63,Low,Medium,Yes,8,Low,Yes,Low,High,Private,Positive,4,No,College,Moderate,Male,Normal,1.8,162,2.11
ST-0646,0.41,Moderate Risk (Tier 2),Multivariate Risk Factor,Assignment to Peer Collaborative Learning Pod; Bi-Weekly Attendance Ping,High_Risk,65.75,66,19,74,1,76,1804.77,Medium,Medium,No,7,High,Yes,High,Medium,Public,Neutral,3,No,College,Near,Female,Normal,0.8,148,2.62
ST-0647,0.67,High Risk (Tier 1),Severe Attendance Deficit,Immediate 1-on-1 Clinical Advising within 48h; Mandatory Study Hall,High_Risk,65.45,63,21,66,3,62,464.98,Medium,Medium,No,9,Low,No,Medium,Medium,Private,Positive,2,No,High School,Near,Male,High_Risk,2.8,264,2.7
ST-0648,0.64,High Risk (Tier 1),Severe Attendance Deficit,Immediate 1-on-1 Clinical Advising within 48h; Mandatory Study Hall,High_Risk,64.02,63,20,62,2,92,1022.17,Low,Low,No,6,High,Yes,Medium,Medium,Public,Positive,3,No,Postgraduate,Moderate,Male,High_Risk,1.8,186,3.43
ST-0649,0.11,Low Risk (Tier 3),Low Academic Motivation,Standard Curriculum Monitoring; Self-Directed Academic Portal Access,Normal,68.62,68,20,89,1,70,777.73,High,Medium,Yes,6,Low,Yes,Low,Medium,Private,Positive,3,No,High School,Moderate,Female,Normal,1.8,178,3.14
ST-0650,0.04,Low Risk (Tier 3),Multivariate Risk Factor,Standard Curriculum Monitoring; Self-Directed Academic Portal Access,Normal,66.83,66,24,81,1,63,1889.76,Medium,Low,Yes,7,Medium,Yes,Low,Medium,Public,Positive,3,No,High School,Moderate,Male,Normal,0.8,162,3.25
ST-0651,0.8,High Risk (Tier 1),Severe Attendance Deficit,Immediate 1-on-1 Clinical Advising within 48h; Mandatory Study Hall,High_Risk,62.91,62,14,66,1,93,464.98,Medium,Medium,Yes,5,Medium,Yes,Medium,Medium,Private,Negative,2,No,High School,Near,Male,High_Risk,2.8,132,2.67
ST-0652,0.08,Low Risk (Tier 3),Multivariate Risk Factor,Standard Curriculum Monitoring; Self-Directed Academic Portal Access,Normal,69.1,69,18,99,0,99,989.95,Medium,Medium,No,6,Medium,Yes,Low,Medium,Public,Neutral,3,No,High School,Moderate,Male,Normal,1.8,99,2.57
ST-0653,0.4,Moderate Risk (Tier 2),Insufficient Study Volume,Assignment to Peer Collaborative Learning Pod; Bi-Weekly Attendance Ping,High_Risk,65.56,66,16,81,1,57,506.64,Medium,Medium,Yes,8,High,Yes,Medium,Medium,Private,Positive,2,No,High School,Near,Male,Normal,1.8,162,2.0
ST-0654,0.7,High Risk (Tier 1),Insufficient Study Volume,Immediate 1-on-1 Clinical Advising within 48h; Mandatory Study Hall,High_Risk,64.22,61,14,83,1,81,298.41,Low,Low,No,4,Low,Yes,Low,Medium,Public,Negative,4,Yes,High School,Moderate,Male,High_Risk,3.8,166,3.2
ST-0655,0.04,Low Risk (Tier 3),Multivariate Risk Factor,Standard Curriculum Monitoring; Self-Directed Academic Portal Access,Normal,71.68,73,28,94,1,65,1011.05,Medium,High,Yes,6,High,Yes,Low,High,Public,Positive,1,No,High School,Near,Female,Normal,1.8,188,4.29
ST-0656,0.45,Moderate Risk (Tier 2),Severe Attendance Deficit,Assignment to Peer Collaborative Learning Pod; Bi-Weekly Attendance Ping,High_Risk,67.4,67,35,68,0,64,799.97,Low,High,Yes,5,Medium,Yes,High,Low,Public,Positive,4,Yes,High School,Near,Male,Normal,2.8,68,5.83
ST-0657,0.45,Moderate Risk (Tier 2),Severe Attendance Deficit,Assignment to Peer Collaborative Learning Pod; Bi-Weekly Attendance Ping,High_Risk,66.32,65,21,69,2,92,508.41,Medium,Medium,Yes,10,Low,Yes,Low,Medium,Private,Neutral,3,No,High School,Near,Male,High_Risk,3.8,207,2.27
ST-0658,0.64,High Risk (Tier 1),Severe Attendance Deficit,Immediate 1-on-1 Clinical Advising within 48h; Mandatory Study Hall,High_Risk,64.52,84,22,71,1,56,439.98,Low,High,Yes,9,High,Yes,Low,High,Public,Neutral,3,Yes,College,Near,Female,Normal,2.8,142,2.4
ST-0659,0.02,Low Risk (Tier 3),Multivariate Risk Factor,Standard Curriculum Monitoring; Self-Directed Academic Portal Access,Normal,73.21,73,27,94,3,89,3003.37,Low,Medium,Yes,7,Medium,Yes,Low,Medium,Private,Positive,2,No,College,Near,Female,Normal,0.8,376,4.12
ST-0660,0.07,Low Risk (Tier 3),Multivariate Risk Factor,Standard Curriculum Monitoring; Self-Directed Academic Portal Access,Normal,70.25,72,34,87,3,69,1303.26,Medium,Low,No,6,High,Yes,Low,Medium,Private,Neutral,2,No,College,Moderate,Male,Normal,1.8,348,5.71
ST-0661,0.1,Low Risk (Tier 3),Multivariate Risk Factor,Standard Curriculum Monitoring; Self-Directed Academic Portal Access,Normal,67.6,67,19,89,1,55,580.52,Medium,Medium,No,6,Medium,Yes,Low,Medium,Private,Neutral,3,No,Postgraduate,Moderate,Female,Normal,1.8,178,3.0
ST-0662,0.52,Moderate Risk (Tier 2),Low Academic Motivation,Assignment to Peer Collaborative Learning Pod; Bi-Weekly Attendance Ping,High_Risk,64.65,65,19,73,1,64,675.52,Medium,Medium,Yes,6,Low,Yes,High,Medium,Public,Positive,3,No,College,Moderate,Female,High_Risk,1.8,146,3.0
ST-0663,0.8,High Risk (Tier 1),Severe Attendance Deficit,Immediate 1-on-1 Clinical Advising within 48h; Mandatory Study Hall,High_Risk,62.7,62,15,68,0,73,608.3,High,Low,Yes,6,Medium,No,Medium,Medium,Public,Positive,3,No,College,Near,Male,High_Risk,1.8,68,2.14
ST-0664,0.34,Low Risk (Tier 3),Low Academic Motivation,Standard Curriculum Monitoring; Self-Directed Academic Portal Access,Normal,65.91,67,20,81,1,56,1399.83,High,High,Yes,7,Low,No,Medium,Medium,Private,Positive,3,No,High School,Near,Male,Normal,0.8,162,2.75
ST-0665,0.19,Low Risk (Tier 3),Insufficient Study Volume,Standard Curriculum Monitoring; Self-Directed Academic Portal Access,Normal,67.89,68,13,96,1,71,512.75,Medium,High,No,8,Low,Yes,Medium,Low,Public,Positive,3,No,High School,Near,Male,Normal,1.8,192,1.67
ST-0666,0.46,Moderate Risk (Tier 2),Severe Attendance Deficit,Assignment to Peer Collaborative Learning Pod; Bi-Weekly Attendance Ping,High_Risk,67.51,67,30,64,3,69,2587.18,Medium,Medium,No,7,Medium,Yes,High,Low,Public,Negative,4,No,High School,Near,Female,Normal,0.8,256,4.5
ST-0667,0.72,High Risk (Tier 1),Severe Attendance Deficit,Immediate 1-on-1 Clinical Advising within 48h; Mandatory Study Hall,High_Risk,61.76,63,12,68,5,52,346.65,High,Low,No,6,Low,Yes,High,High,Public,Neutral,3,No,College,Near,Male,High_Risk,1.8,408,3.14
ST-0668,0.42,Moderate Risk (Tier 2),Insufficient Study Volume,Assignment to Peer Collaborative Learning Pod; Bi-Weekly Attendance Ping,High_Risk,65.88,65,14,79,1,70,544.41,Medium,Medium,Yes,6,Medium,Yes,Low,Medium,Public,Positive,6,No,College,Moderate,Male,High_Risk,1.8,158,2.29
ST-0669,0.8,High Risk (Tier 1),Severe Attendance Deficit,Immediate 1-on-1 Clinical Advising within 48h; Mandatory Study Hall,High_Risk,62.8,59,8,67,1,77,219.99,Low,Low,No,5,Low,Yes,Medium,High,Public,Positive,2,No,College,Unknown,Male,High_Risk,2.8,134,1.67
ST-0670,0.68,High Risk (Tier 1),Severe Attendance Deficit,Immediate 1-on-1 Clinical Advising within 48h; Mandatory Study Hall,High_Risk,65.03,64,21,69,0,52,1364.83,High,Medium,Yes,7,Low,Yes,Low,Medium,Public,Negative,3,No,Postgraduate,Near,Male,High_Risk,0.8,69,2.62
ST-0671,0.14,Low Risk (Tier 3),Insufficient Study Volume,Standard Curriculum Monitoring; Self-Directed Academic Portal Access,Normal,69.77,67,15,86,2,97,519.62,Low,Medium,No,9,Medium,Yes,Medium,Medium,Public,Negative,4,No,High School,Near,Male,Normal,2.8,258,1.9
ST-0672,0.14,Low Risk (Tier 3),Multivariate Risk Factor,Standard Curriculum Monitoring; Self-Directed Academic Portal Access,Normal,67.84,71,21,85,5,52,1364.83,Low,High,Yes,7,Medium,Yes,High,High,Public,Positive,3,No,Postgraduate,Moderate,Male,Normal,0.8,510,3.88
ST-0673,0.59,Moderate Risk (Tier 2),Severe Attendance Deficit,Assignment to Peer Collaborative Learning Pod; Bi-Weekly Attendance Ping,High_Risk,64.7,66,19,65,1,74,502.12,High,High,Yes,5,Medium,Yes,Low,Unknown,Private,Positive,3,No,High School,Near,Female,Normal,2.8,130,3.5
ST-0674,0.03,Low Risk (Tier 3),Multivariate Risk Factor,Standard Curriculum Monitoring; Self-Directed Academic Portal Access,Normal,69.74,71,19,94,2,75,1781.03,High,Low,Yes,7,Medium,Yes,High,Medium,Public,Negative,5,No,College,Near,Female,Normal,0.8,282,2.88
ST-0675,0.23,Low Risk (Tier 3),Multivariate Risk Factor,Standard Curriculum Monitoring; Self-Directed Academic Portal Access,Normal,67.41,66,18,79,1,81,1822.27,Medium,Medium,No,7,Medium,No,Medium,High,Private,Positive,4,No,College,Moderate,Female,Normal,0.8,158,2.5
ST-0676,0.14,Low Risk (Tier 3),Low Academic Motivation,Standard Curriculum Monitoring; Self-Directed Academic Portal Access,Normal,68.42,68,23,77,3,71,907.17,Medium,High,No,6,Low,Yes,Medium,Low,Private,Positive,4,No,High School,Moderate,Male,Normal,1.8,308,4.14
ST-0677,0.26,Low Risk (Tier 3),Insufficient Study Volume,Standard Curriculum Monitoring; Self-Directed Academic Portal Access,Normal,67.31,65,17,80,1,81,764.96,Medium,Medium,No,6,Medium,Yes,Medium,High,Public,Neutral,1,No,College,Far,Male,High_Risk,1.8,160,2.71
ST-0678,0.53,Moderate Risk (Tier 2),Insufficient Study Volume,Assignment to Peer Collaborative Learning Pod; Bi-Weekly Attendance Ping,High_Risk,65.1,64,14,84,1,61,474.42,Low,High,No,6,Low,Yes,High,Medium,Public,Positive,2,No,College,Far,Male,High_Risk,1.8,168,2.29
ST-0679,0.13,Low Risk (Tier 3),Insufficient Study Volume,Standard Curriculum Monitoring; Self-Directed Academic Portal Access,Normal,69.47,71,17,92,1,90,546.41,High,High,Yes,9,Medium,Yes,High,Low,Public,Positive,3,No,Unknown,Moderate,Male,Normal,2.8,184,1.9
ST-0680,0.73,High Risk (Tier 1),Severe Attendance Deficit,Immediate 1-on-1 Clinical Advising within 48h; Mandatory Study Hall,High_Risk,64.06,63,22,61,2,69,542.12,Medium,Medium,Yes,5,Low,Yes,Low,High,Public,Neutral,2,No,Unknown,Far,Female,High_Risk,2.8,183,4.33
ST-0681,0.33,Low Risk (Tier 3),Severe Attendance Deficit,Standard Curriculum Monitoring; Self-Directed Academic Portal Access,Normal,66.78,66,24,71,2,80,685.69,Medium,Low,No,9,Medium,Yes,Medium,High,Private,Positive,3,No,High School,Near,Female,Normal,2.8,213,2.8
ST-0682,0.3,Low Risk (Tier 3),Multivariate Risk Factor,Standard Curriculum Monitoring; Self-Directed Academic Portal Access,Normal,70.04,64,21,78,0,91,1061.61,Medium,Low,Yes,6,Medium,Yes,Medium,Low,Private,Neutral,1,Yes,High School,Near,Male,High_Risk,1.8,78,3.0
ST-0683,0.81,High Risk (Tier 1),Severe Attendance Deficit,Immediate 1-on-1 Clinical Advising within 48h; Mandatory Study Hall,High_Risk,62.88,65,15,61,2,86,716.63,High,Medium,Yes,6,High,Yes,High,High,Public,Neutral,3,No,High School,Near,Female,High_Risk,1.8,183,2.71
ST-0684,0.02,Low Risk (Tier 3),Multivariate Risk Factor,Standard Curriculum Monitoring; Self-Directed Academic Portal Access,Normal,70.08,70,26,78,3,65,938.84,High,Medium,No,8,Medium,Yes,Medium,Medium,Public,Positive,3,No,College,Near,Female,Normal,1.8,312,3.56
ST-0685,0.48,Moderate Risk (Tier 2),Severe Attendance Deficit,Assignment to Peer Collaborative Learning Pod; Bi-Weekly Attendance Ping,High_Risk,65.26,65,23,63,2,93,763.9,Low,Medium,Yes,9,Medium,Yes,Medium,High,Private,Positive,2,No,High School,Far,Male,High_Risk,2.8,189,2.7
ST-0686,0.26,Low Risk (Tier 3),Circadian Irregularity,Standard Curriculum Monitoring; Self-Directed Academic Portal Access,Normal,66.46,66,22,74,0,77,445.78,High,High,No,4,Low,Yes,High,Medium,Private,Negative,3,Yes,High School,Near,Male,Normal,3.8,74,4.4
ST-0687,0.03,Low Risk (Tier 3),Multivariate Risk Factor,Standard Curriculum Monitoring; Self-Directed Academic Portal Access,Normal,68.83,69,21,79,2,99,1154.94,High,Low,Yes,8,Medium,Yes,Low,High,Public,Positive,4,No,High School,Near,Male,Normal,1.8,237,2.78
ST-0688,0.01,Low Risk (Tier 3),Circadian Irregularity,Standard Curriculum Monitoring; Self-Directed Academic Portal Access,Normal,71.11,72,26,92,2,54,369.46,Medium,High,No,4,Medium,Yes,High,Medium,Public,Positive,4,No,High School,Moderate,Male,Normal,3.8,276,6.0
ST-0689,0.85,High Risk (Tier 1),Severe Attendance Deficit,Immediate 1-on-1 Clinical Advising within 48h; Mandatory Study Hall,High_Risk,62.92,61,16,68,2,64,269.47,Medium,Low,Yes,10,Medium,Yes,High,Low,Public,Negative,2,No,High School,Moderate,Male,High_Risk,3.8,204,1.82
ST-0690,0.09,Low Risk (Tier 3),Multivariate Risk Factor,Standard Curriculum Monitoring; Self-Directed Academic Portal Access,Normal,68.28,68,24,76,2,67,893.28,Medium,Medium,Yes,6,Medium,Yes,High,Medium,Public,Negative,3,No,College,Near,Female,Normal,1.8,228,4.0
ST-0691,0.61,High Risk (Tier 1),Insufficient Study Volume,Immediate 1-on-1 Clinical Advising within 48h; Mandatory Study Hall,High_Risk,65.36,64,16,74,0,80,457.13,Medium,High,No,9,Low,Yes,Medium,Medium,Public,Negative,5,No,High School,Near,Male,High_Risk,2.8,74,1.6
ST-0692,0.18,Low Risk (Tier 3),Circadian Irregularity,Standard Curriculum Monitoring; Self-Directed Academic Portal Access,Normal,68.42,67,24,75,2,68,582.84,Medium,Low,Yes,5,High,Yes,Medium,Medium,Public,Neutral,2,No,Postgraduate,Near,Male,Normal,2.8,225,4.67
ST-0693,0.07,Low Risk (Tier 3),Low Academic Motivation,Standard Curriculum Monitoring; Self-Directed Academic Portal Access,Normal,69.6,70,20,94,0,89,988.83,Medium,High,Yes,8,Low,Yes,Medium,Medium,Public,Positive,4,Yes,High School,Moderate,Female,Normal,1.8,94,2.22
ST-0694,0.5,Moderate Risk (Tier 2),Insufficient Study Volume,Assignment to Peer Collaborative Learning Pod; Bi-Weekly Attendance Ping,High_Risk,65.47,66,16,73,3,75,666.63,Medium,Medium,Yes,6,High,Yes,Medium,Medium,Public,Positive,3,No,High School,Moderate,Female,Normal,1.8,292,3.14
ST-0695,0.0,Low Risk (Tier 3),Multivariate Risk Factor,Standard Curriculum Monitoring; Self-Directed Academic Portal Access,Normal,71.22,73,30,84,3,72,2699.66,High,Medium,Yes,7,Medium,Yes,Medium,Medium,Public,Positive,2,No,High School,Near,Male,Normal,0.8,336,4.5
ST-0696,0.16,Low Risk (Tier 3),Insufficient Study Volume,Standard Curriculum Monitoring; Self-Directed Academic Portal Access,Normal,68.89,69,15,97,2,63,524.97,High,Medium,Yes,6,Low,Yes,Medium,Medium,Public,Neutral,3,No,High School,Near,Female,Normal,1.8,291,2.71
ST-0697,0.08,Low Risk (Tier 3),Low Academic Motivation,Standard Curriculum Monitoring; Self-Directed Academic Portal Access,Normal,70.22,94,29,76,2,96,1546.58,Medium,Medium,No,8,Low,Yes,Low,Medium,Public,Positive,2,No,Postgraduate,Moderate,Male,Normal,1.8,228,3.67
ST-0698,0.17,Low Risk (Tier 3),Insufficient Study Volume,Standard Curriculum Monitoring; Self-Directed Academic Portal Access,Normal,68.54,69,12,92,2,90,1349.83,High,Medium,No,7,Medium,Yes,Medium,High,Public,Negative,5,No,High School,Near,Male,Normal,0.8,276,2.0
ST-0699,0.05,Low Risk (Tier 3),Insufficient Study Volume,Standard Curriculum Monitoring; Self-Directed Academic Portal Access,Normal,68.34,69,17,81,2,95,897.17,High,Medium,No,6,High,Yes,Medium,Medium,Private,Positive,3,No,High School,Near,Male,Normal,1.8,243,3.0
ST-0700,0.18,Low Risk (Tier 3),Insufficient Study Volume,Standard Curriculum Monitoring; Self-Directed Academic Portal Access,Normal,67.38,68,15,85,1,61,1143.61,High,High,Yes,7,Medium,Yes,Medium,High,Public,Negative,3,No,High School,Near,Male,Normal,0.8,170,2.12
ST-0701,0.56,Moderate Risk (Tier 2),Insufficient Study Volume,Assignment to Peer Collaborative Learning Pod; Bi-Weekly Attendance Ping,High_Risk,64.03,65,10,75,3,81,289.28,High,Medium,No,9,Medium,Yes,Low,High,Public,Negative,5,No,High School,Near,Female,High_Risk,2.8,300,1.6
ST-0702,0.74,High Risk (Tier 1),Severe Attendance Deficit,Immediate 1-on-1 Clinical Advising within 48h; Mandatory Study Hall,High_Risk,63.82,64,17,68,2,70,661.07,Medium,Medium,No,8,Medium,Yes,Medium,Medium,Private,Positive,4,No,High School,Near,Female,High_Risk,1.8,204,2.33
ST-0703,0.17,Low Risk (Tier 3),Multivariate Risk Factor,Standard Curriculum Monitoring; Self-Directed Academic Portal Access,Normal,67.32,67,26,76,1,67,967.72,Medium,Medium,Yes,8,High,Yes,Low,Medium,Public,Negative,3,No,High School,Moderate,Male,Normal,1.8,152,3.11
ST-0704,0.02,Low Risk (Tier 3),Multivariate Risk Factor,Standard Curriculum Monitoring; Self-Directed Academic Portal Access,Normal,69.4,71,24,78,2,87,1159.94,High,High,Yes,8,Medium,Yes,Medium,Medium,Public,Neutral,3,No,High School,Near,Male,Normal,1.8,234,3.11
ST-0705,0.0,Low Risk (Tier 3),Multivariate Risk Factor,Standard Curriculum Monitoring; Self-Directed Academic Portal Access,Normal,73.17,74,24,95,1,86,1146.6,Medium,High,Yes,8,High,Yes,Medium,High,Private,Neutral,3,No,College,Near,Male,Normal,1.8,190,2.89
ST-0706,0.36,Low Risk (Tier 3),Severe Attendance Deficit,Standard Curriculum Monitoring; Self-Directed Academic Portal Access,Normal,67.08,68,22,71,1,94,2584.68,Medium,High,Yes,7,Medium,Yes,Medium,Medium,Public,Neutral,4,No,High School,Near,Male,Normal,0.8,142,3.0
ST-0707,0.26,Low Risk (Tier 3),Multivariate Risk Factor,Standard Curriculum Monitoring; Self-Directed Academic Portal Access,Normal,67.58,67,25,76,1,53,736.07,Medium,High,No,8,High,Yes,High,High,Public,Positive,3,Yes,High School,Far,Female,Normal,1.8,152,3.0
ST-0708,0.85,High Risk (Tier 1),Severe Attendance Deficit,Immediate 1-on-1 Clinical Advising within 48h; Mandatory Study Hall,High_Risk,62.04,61,21,64,0,51,594.97,Low,High,Yes,6,Low,Yes,High,Low,Public,Negative,3,No,College,Moderate,Female,High_Risk,1.8,64,3.0
ST-0709,0.23,Low Risk (Tier 3),Lack of Tutoring Support,Standard Curriculum Monitoring; Self-Directed Academic Portal Access,Normal,67.72,67,23,77,0,68,558.55,High,Medium,No,5,Low,Yes,High,High,Private,Positive,3,Yes,High School,Near,Male,Normal,2.8,77,3.83
ST-0710,0.27,Low Risk (Tier 3),Low Academic Motivation,Standard Curriculum Monitoring; Self-Directed Academic Portal Access,Normal,68.73,67,18,89,0,88,879.95,Low,High,Yes,8,Low,Yes,High,Unknown,Public,Negative,1,No,Unknown,Moderate,Male,Normal,1.8,89,2.0
ST-0711,0.12,Low Risk (Tier 3),Multivariate Risk Factor,Standard Curriculum Monitoring; Self-Directed Academic Portal Access,Normal,70.52,70,21,100,2,79,921.62,Low,Medium,Yes,6,Medium,Yes,Low,Medium,Public,Neutral,1,No,High School,Near,Female,Normal,1.8,300,3.57
ST-0712,0.08,Low Risk (Tier 3),Insufficient Study Volume,Standard Curriculum Monitoring; Self-Directed Academic Portal Access,Normal,67.41,68,17,86,3,59,1253.59,High,Medium,Yes,7,Low,Yes,Low,Medium,Public,Positive,3,No,Postgraduate,Moderate,Male,Normal,0.8,344,2.88
ST-0713,0.68,High Risk (Tier 1),Severe Attendance Deficit,Immediate 1-on-1 Clinical Advising within 48h; Mandatory Study Hall,High_Risk,62.79,63,19,61,1,67,334.99,High,Low,Yes,10,Low,No,Medium,Medium,Public,Positive,6,No,Postgraduate,Near,Female,High_Risk,3.8,122,1.91
ST-0714,0.14,Low Risk (Tier 3),Insufficient Study Volume,Standard Curriculum Monitoring; Self-Directed Academic Portal Access,Normal,68.36,67,17,90,1,84,793.29,Medium,High,No,8,Medium,Yes,Low,Low,Public,Negative,4,No,High School,Far,Female,Normal,1.8,180,2.11
ST-0715,0.88,High Risk (Tier 1),Insufficient Study Volume,Immediate 1-on-1 Clinical Advising within 48h; Mandatory Study Hall,High_Risk,62.91,61,14,75,0,62,482.2,Medium,Low,Yes,8,Low,Yes,High,Medium,Public,Negative,2,No,High School,Moderate,Female,High_Risk,1.8,75,1.56
ST-0716,0.54,Moderate Risk (Tier 2),Insufficient Study Volume,Assignment to Peer Collaborative Learning Pod; Bi-Weekly Attendance Ping,High_Risk,64.82,64,11,85,0,92,266.31,Medium,Low,Yes,4,Low,Yes,Medium,High,Public,Neutral,1,No,College,Near,Male,High_Risk,3.8,85,2.2
ST-0717,0.14,Low Risk (Tier 3),Low Academic Motivation,Standard Curriculum Monitoring; Self-Directed Academic Portal Access,Normal,67.67,66,20,89,1,74,822.18,Low,Low,Yes,6,Low,Yes,Medium,Low,Private,Positive,3,No,Postgraduate,Far,Male,Normal,1.8,178,3.14
ST-0718,0.3,Low Risk (Tier 3),Severe Attendance Deficit,Standard Curriculum Monitoring; Self-Directed Academic Portal Access,Normal,67.93,66,21,69,2,85,2230.97,Medium,Low,Yes,7,Medium,Yes,Medium,Medium,Private,Positive,0,No,Postgraduate,Near,Male,Normal,0.8,207,3.12
ST-0719,0.47,Moderate Risk (Tier 2),Insufficient Study Volume,Assignment to Peer Collaborative Learning Pod; Bi-Weekly Attendance Ping,High_Risk,65.73,64,14,87,0,74,575.52,Medium,Low,Yes,8,Medium,Yes,Medium,High,Public,Neutral,3,Yes,College,Moderate,Male,High_Risk,1.8,87,1.56
ST-0720,0.59,Moderate Risk (Tier 2),Severe Attendance Deficit,Assignment to Peer Collaborative Learning Pod; Bi-Weekly Attendance Ping,High_Risk,64.84,64,26,62,1,72,2339.71,High,Low,Yes,7,Low,Yes,Medium,Medium,Public,Neutral,3,No,College,Moderate,Female,High_Risk,0.8,124,3.5
ST-0721,0.71,High Risk (Tier 1),Severe Attendance Deficit,Immediate 1-on-1 Clinical Advising within 48h; Mandatory Study Hall,High_Risk,64.17,63,20,68,5,88,977.72,Low,Low,No,8,Medium,Yes,Low,Low,Private,Neutral,3,No,High School,Moderate,Male,High_Risk,1.8,408,3.33
ST-0722,0.26,Low Risk (Tier 3),Insufficient Study Volume,Standard Curriculum Monitoring; Self-Directed Academic Portal Access,Normal,66.9,66,16,92,2,71,405.7,Medium,Low,No,9,High,Yes,Low,Medium,Private,Neutral,2,No,High School,Moderate,Female,Normal,2.8,276,2.0
ST-0723,0.02,Low Risk (Tier 3),Multivariate Risk Factor,Standard Curriculum Monitoring; Self-Directed Academic Portal Access,Normal,72.87,74,27,100,1,67,2260.97,High,Medium,No,7,Medium,Yes,High,High,Public,Neutral,3,No,College,Moderate,Male,Normal,0.8,200,3.62
ST-0724,0.02,Low Risk (Tier 3),Multivariate Risk Factor,Standard Curriculum Monitoring; Self-Directed Academic Portal Access,Normal,70.42,72,19,99,1,84,886.62,Medium,High,No,6,Medium,Yes,Medium,High,Public,Neutral,3,No,High School,Near,Male,Normal,1.8,198,3.0
ST-0725,0.3,Low Risk (Tier 3),Insufficient Study Volume,Standard Curriculum Monitoring; Self-Directed Academic Portal Access,Normal,67.25,68,14,91,0,98,489.98,Low,Medium,No,5,High,Yes,High,High,Public,Neutral,3,No,High School,Near,Female,Normal,2.8,91,2.33
ST-0726,0.9,High Risk (Tier 1),Severe Attendance Deficit,Immediate 1-on-1 Clinical Advising within 48h; Mandatory Study Hall,High_Risk,62.81,63,16,63,0,82,728.85,Medium,Medium,Yes,8,Medium,Yes,High,Medium,Public,Neutral,3,No,High School,Near,Male,High_Risk,1.8,63,1.78
ST-0727,0.15,Low Risk (Tier 3),Multivariate Risk Factor,Standard Curriculum Monitoring; Self-Directed Academic Portal Access,Normal,69.03,69,29,76,1,72,745.69,Medium,Low,Yes,9,Medium,Yes,High,Medium,Public,Positive,3,No,High School,Near,Male,Normal,2.8,152,3.1
ST-0728,0.23,Low Risk (Tier 3),Insufficient Study Volume,Standard Curriculum Monitoring; Self-Directed Academic Portal Access,Normal,68.1,68,15,94,1,77,641.63,Low,Low,Yes,8,Medium,Yes,High,High,Private,Positive,1,No,College,Near,Male,Normal,1.8,188,1.89
ST-0729,0.34,Low Risk (Tier 3),Insufficient Study Volume,Standard Curriculum Monitoring; Self-Directed Academic Portal Access,Normal,66.27,66,15,81,0,89,351.31,Medium,Medium,No,4,High,Yes,Low,Medium,Private,Negative,3,No,Postgraduate,Near,Female,Normal,3.8,81,3.0
ST-0730,0.06,Low Risk (Tier 3),Circadian Irregularity,Standard Curriculum Monitoring; Self-Directed Academic Portal Access,Normal,74.41,73,28,89,3,90,663.14,High,Low,Yes,4,High,Yes,Low,High,Public,Positive,2,Yes,Postgraduate,Moderate,Female,Normal,3.8,356,6.8
ST-0731,0.12,Low Risk (Tier 3),Multivariate Risk Factor,Standard Curriculum Monitoring; Self-Directed Academic Portal Access,Normal,67.89,66,23,83,3,67,1926.01,Medium,Low,No,7,Medium,Yes,Low,Low,Public,Negative,4,No,High School,Moderate,Female,Normal,0.8,332,3.62
ST-0732,0.3,Low Risk (Tier 3),Low Academic Motivation,Standard Curriculum Monitoring; Self-Directed Academic Portal Access,Normal,66.26,66,21,76,1,64,1679.79,Medium,Medium,Yes,7,Low,Yes,Medium,High,Private,Positive,2,No,High School,Moderate,Male,Normal,0.8,152,2.88
ST-0733,0.75,High Risk (Tier 1),Severe Attendance Deficit,Immediate 1-on-1 Clinical Advising within 48h; Mandatory Study Hall,High_Risk,64.7,64,22,66,0,97,1185.49,Medium,Medium,Yes,6,Low,Yes,High,Low,Public,Neutral,3,No,High School,Moderate,Female,High_Risk,1.8,66,3.14
ST-0734,0.47,Moderate Risk (Tier 2),Insufficient Study Volume,Assignment to Peer Collaborative Learning Pod; Bi-Weekly Attendance Ping,High_Risk,64.47,66,11,81,3,63,866.14,Low,High,Yes,7,Medium,Yes,Medium,Medium,Public,Neutral,2,No,Postgraduate,Near,Male,Normal,0.8,324,2.12
ST-0735,0.53,Moderate Risk (Tier 2),Insufficient Study Volume,Assignment to Peer Collaborative Learning Pod; Bi-Weekly Attendance Ping,High_Risk,65.68,63,17,73,2,68,412.84,Low,Medium,Yes,9,Low,Yes,Medium,Medium,Public,Positive,3,Yes,College,Near,Female,High_Risk,2.8,219,2.1
ST-0736,0.0,Low Risk (Tier 3),Circadian Irregularity,Standard Curriculum Monitoring; Self-Directed Academic Portal Access,Normal,73.07,75,32,91,3,66,555.77,High,Medium,Yes,4,Medium,Yes,Low,High,Public,Neutral,2,No,Postgraduate,Near,Female,Normal,3.8,364,7.6
ST-0737,0.12,Low Risk (Tier 3),Multivariate Risk Factor,Standard Curriculum Monitoring; Self-Directed Academic Portal Access,Normal,69.07,68,30,72,1,84,1399.92,Medium,Medium,No,8,Medium,Yes,Low,High,Private,Positive,1,No,High School,Near,Male,Normal,1.8,144,3.56
ST-0738,0.4,Moderate Risk (Tier 2),Severe Attendance Deficit,Assignment to Peer Collaborative Learning Pod; Bi-Weekly Attendance Ping,High_Risk,67.58,67,30,63,2,97,1039.25,High,Low,No,5,High,Yes,Low,High,Public,Positive,2,Yes,College,Moderate,Female,Normal,2.8,189,5.67
ST-0739,0.25,Low Risk (Tier 3),Insufficient Study Volume,Standard Curriculum Monitoring; Self-Directed Academic Portal Access,Normal,68.74,67,15,89,0,98,386.83,High,Low,No,10,Low,Yes,Low,Medium,Private,Positive,2,No,College,Near,Male,Normal,3.8,89,1.36
ST-0740,0.24,Low Risk (Tier 3),Insufficient Study Volume,Standard Curriculum Monitoring; Self-Directed Academic Portal Access,Normal,67.06,68,13,88,2,88,408.56,Low,High,Yes,9,High,Yes,Low,High,Private,Negative,4,No,Postgraduate,Far,Male,Normal,2.8,264,1.7
ST-0741,0.12,Low Risk (Tier 3),Circadian Irregularity,Standard Curriculum Monitoring; Self-Directed Academic Portal Access,Normal,72.02,70,30,94,3,52,557.12,Medium,Low,No,5,Low,No,High,Medium,Private,Neutral,2,No,Postgraduate,Moderate,Female,Normal,2.8,376,6.0
ST-0742,0.17,Low Risk (Tier 3),Severe Attendance Deficit,Standard Curriculum Monitoring; Self-Directed Academic Portal Access,Normal,66.98,67,24,70,2,74,986.61,Medium,High,Yes,8,Low,Yes,Medium,High,Public,Negative,3,No,High School,Near,Male,Normal,1.8,210,3.11
ST-0743,0.72,High Risk (Tier 1),Severe Attendance Deficit,Immediate 1-on-1 Clinical Advising within 48h; Mandatory Study Hall,High_Risk,63.95,65,24,61,1,53,454.27,High,Medium,Yes,5,Medium,Yes,Low,High,Private,Neutral,5,No,College,Unknown,Female,High_Risk,2.8,122,4.33
ST-0744,0.04,Low Risk (Tier 3),Low Academic Motivation,Standard Curriculum Monitoring; Self-Directed Academic Portal Access,Normal,68.42,69,21,80,2,79,921.62,Medium,Medium,Yes,6,Low,Yes,Medium,High,Public,Positive,3,No,College,Near,Male,Normal,1.8,240,3.57
ST-0745,0.65,High Risk (Tier 1),Insufficient Study Volume,Immediate 1-on-1 Clinical Advising within 48h; Mandatory Study Hall,High_Risk,65.3,65,17,74,1,98,925.5,Medium,Low,Yes,8,Low,Yes,High,High,Public,Neutral,3,No,High School,Near,Female,High_Risk,1.8,148,2.11
ST-0746,0.22,Low Risk (Tier 3),Low Academic Motivation,Standard Curriculum Monitoring; Self-Directed Academic Portal Access,Normal,67.89,66,27,82,1,51,764.96,Medium,High,No,6,Low,Yes,Low,Medium,Public,Negative,3,No,High School,Moderate,Male,Normal,1.8,164,4.14
ST-0747,0.19,Low Risk (Tier 3),Multivariate Risk Factor,Standard Curriculum Monitoring; Self-Directed Academic Portal Access,Normal,66.2,67,19,82,1,71,481.77,High,Low,No,9,Medium,Yes,Low,High,Private,Neutral,3,No,College,Near,Female,Normal,2.8,164,2.1
ST-0748,0.14,Low Risk (Tier 3),Circadian Irregularity,Standard Curriculum Monitoring; Self-Directed Academic Portal Access,Normal,69.03,68,24,77,2,53,334.73,Medium,Medium,Yes,10,High,Yes,High,Medium,Public,Neutral,4,No,College,Moderate,Male,Normal,3.8,231,2.55
ST-0749,0.35,Low Risk (Tier 3),Multivariate Risk Factor,Standard Curriculum Monitoring; Self-Directed Academic Portal Access,Normal,67.33,66,20,77,0,95,2374.7,Medium,Low,Yes,7,High,Yes,Medium,Unknown,Public,Positive,1,No,High School,Far,Male,Normal,0.8,77,2.5
ST-0750,0.32,Low Risk (Tier 3),Multivariate Risk Factor,Standard Curriculum Monitoring; Self-Directed Academic Portal Access,Normal,66.07,67,22,78,2,69,843.29,Low,High,Yes,8,High,Yes,Low,Medium,Public,Negative,2,No,High School,Near,Female,Normal,1.8,234,2.89
ST-0751,0.56,Moderate Risk (Tier 2),Severe Attendance Deficit,Assignment to Peer Collaborative Learning Pod; Bi-Weekly Attendance Ping,High_Risk,64.47,65,22,64,2,65,794.4,Medium,Medium,No,8,Low,Yes,Medium,Medium,Private,Neutral,4,No,Postgraduate,Near,Female,High_Risk,1.8,192,2.89
ST-0752,0.27,Low Risk (Tier 3),Insufficient Study Volume,Standard Curriculum Monitoring; Self-Directed Academic Portal Access,Normal,68.12,66,10,98,0,98,1224.85,Medium,Medium,No,7,Low,No,Medium,Medium,Public,Neutral,3,No,College,Moderate,Female,Normal,0.8,98,1.25
ST-0753,0.7,High Risk (Tier 1),Severe Attendance Deficit,Immediate 1-on-1 Clinical Advising within 48h; Mandatory Study Hall,High_Risk,64.03,64,25,64,1,53,348.68,Medium,Medium,Yes,4,Low,Yes,Medium,Medium,Public,Neutral,2,No,College,Near,Male,High_Risk,3.8,128,5.4
ST-0754,0.2,Low Risk (Tier 3),Multivariate Risk Factor,Standard Curriculum Monitoring; Self-Directed Academic Portal Access,Normal,68.47,68,29,76,2,60,966.61,Low,High,Yes,8,Medium,Yes,Medium,Medium,Public,Negative,3,No,High School,Near,Female,Normal,1.8,228,3.67
ST-0755,0.96,High Risk (Tier 1),Severe Attendance Deficit,Immediate 1-on-1 Clinical Advising within 48h; Mandatory Study Hall,High_Risk,60.12,59,15,64,0,59,1106.11,High,Medium,No,7,Low,Yes,Low,Medium,Public,Neutral,3,Yes,High School,Near,Female,High_Risk,0.8,64,1.88
ST-0756,0.05,Low Risk (Tier 3),Circadian Irregularity,Standard Curriculum Monitoring; Self-Directed Academic Portal Access,Normal,69.16,68,20,88,2,85,607.12,Low,Medium,Yes,5,Medium,Yes,Medium,Medium,Public,Negative,3,No,High School,Near,Male,Normal,2.8,264,4.0
ST-0757,0.1,Low Risk (Tier 3),Low Academic Motivation,Standard Curriculum Monitoring; Self-Directed Academic Portal Access,Normal,70.15,68,20,90,0,74,1849.77,High,Medium,No,7,Low,No,High,Low,Private,Positive,3,No,Postgraduate,Moderate,Female,Normal,0.8,90,2.5
ST-0758,0.0,Low Risk (Tier 3),Multivariate Risk Factor,Standard Curriculum Monitoring; Self-Directed Academic Portal Access,Normal,71.88,75,31,86,3,66,1136.6,High,High,Yes,6,Medium,Yes,Medium,Medium,Public,Positive,3,No,College,Moderate,Male,Normal,1.8,344,5.29
ST-0759,0.83,High Risk (Tier 1),Severe Attendance Deficit,Immediate 1-on-1 Clinical Advising within 48h; Mandatory Study Hall,High_Risk,63.29,62,19,66,2,72,759.96,Low,Medium,No,6,Medium,Yes,Low,Medium,Public,Negative,5,No,High School,Near,Male,High_Risk,1.8,198,3.29
ST-0760,0.63,High Risk (Tier 1),Severe Attendance Deficit,Immediate 1-on-1 Clinical Advising within 48h; Mandatory Study Hall,High_Risk,65.18,65,20,62,5,85,447.36,Low,Medium,Yes,10,High,Yes,Low,Medium,Private,Neutral,4,No,High School,Near,Male,High_Risk,3.8,372,2.73
ST-0761,0.67,High Risk (Tier 1),Severe Attendance Deficit,Immediate 1-on-1 Clinical Advising within 48h; Mandatory Study Hall,High_Risk,64.38,64,27,63,0,51,764.96,Medium,High,No,6,Low,Yes,Low,Medium,Public,Positive,2,No,Postgraduate,Moderate,Male,High_Risk,1.8,63,3.86
ST-0762,0.39,Moderate Risk (Tier 2),Insufficient Study Volume,Assignment to Peer Collaborative Learning Pod; Bi-Weekly Attendance Ping,High_Risk,64.18,65,8,86,1,50,222.21,Medium,High,No,6,High,Yes,Medium,Medium,Public,Positive,2,No,College,Near,Male,High_Risk,1.8,172,1.43
ST-0763,0.76,High Risk (Tier 1),Severe Attendance Deficit,Immediate 1-on-1 Clinical Advising within 48h; Mandatory Study Hall,High_Risk,63.97,63,15,70,2,73,608.3,Medium,Medium,No,6,Low,Yes,Medium,Low,Public,Positive,4,No,Unknown,Moderate,Male,High_Risk,1.8,210,2.71
ST-0764,0.03,Low Risk (Tier 3),Multivariate Risk Factor,Standard Curriculum Monitoring; Self-Directed Academic Portal Access,Normal,71.42,73,26,97,2,66,953.28,High,Low,Yes,6,Medium,Yes,Medium,Medium,Public,Positive,1,No,College,Near,Female,Normal,1.8,291,4.29
ST-0765,0.76,High Risk (Tier 1),Insufficient Study Volume,Immediate 1-on-1 Clinical Advising within 48h; Mandatory Study Hall,High_Risk,63.59,64,11,78,2,98,1347.33,Medium,Low,Yes,7,Low,Yes,Medium,Medium,Public,Neutral,3,No,High School,Near,Female,High_Risk,0.8,234,1.88
ST-0766,0.57,Moderate Risk (Tier 2),Insufficient Study Volume,Assignment to Peer Collaborative Learning Pod; Bi-Weekly Attendance Ping,High_Risk,64.74,65,3,99,2,68,254.97,Medium,Low,Yes,7,Medium,Yes,High,Medium,Private,Neutral,3,No,High School,Near,Female,High_Risk,0.8,297,0.88
ST-0767,0.54,Moderate Risk (Tier 2),Insufficient Study Volume,Assignment to Peer Collaborative Learning Pod; Bi-Weekly Attendance Ping,High_Risk,65.17,66,16,74,4,74,1479.82,Medium,High,Yes,7,Low,Yes,Low,Low,Private,Positive,3,No,High School,Near,Male,Normal,0.8,370,3.0
ST-0768,0.38,Moderate Risk (Tier 2),Multivariate Risk Factor,Assignment to Peer Collaborative Learning Pod; Bi-Weekly Attendance Ping,High_Risk,65.41,65,18,81,0,71,709.96,High,Low,Yes,8,Medium,Yes,Medium,Medium,Public,Neutral,3,No,High School,Moderate,Female,High_Risk,1.8,81,2.0
ST-0769,0.35,Low Risk (Tier 3),Insufficient Study Volume,Standard Curriculum Monitoring; Self-Directed Academic Portal Access,Normal,66.85,66,3,96,2,59,63.21,High,High,Yes,9,Medium,Yes,Low,Medium,Public,Negative,3,No,College,Moderate,Female,Normal,2.8,288,0.7
ST-0770,0.27,Low Risk (Tier 3),Insufficient Study Volume,Standard Curriculum Monitoring; Self-Directed Academic Portal Access,Normal,67.61,67,12,97,0,57,854.89,Medium,High,Yes,7,Low,Yes,Low,Medium,Private,Positive,4,No,College,Moderate,Female,Normal,0.8,97,1.5
ST-0771,0.79,High Risk (Tier 1),Severe Attendance Deficit,Immediate 1-on-1 Clinical Advising within 48h; Mandatory Study Hall,High_Risk,62.33,63,14,68,1,65,505.53,High,Medium,No,6,Medium,Yes,High,Medium,Public,Neutral,3,Yes,College,Near,Male,High_Risk,1.8,136,2.29
ST-0772,0.83,High Risk (Tier 1),Severe Attendance Deficit,Immediate 1-on-1 Clinical Advising within 48h; Mandatory Study Hall,High_Risk,62.05,61,20,63,0,73,811.07,Low,Low,Yes,8,Low,Yes,High,Medium,Public,Neutral,3,No,College,Near,Female,High_Risk,1.8,63,2.22
ST-0773,0.12,Low Risk (Tier 3),Multivariate Risk Factor,Standard Curriculum Monitoring; Self-Directed Academic Portal Access,Normal,70.11,69,20,93,1,79,1974.75,Medium,Low,No,7,Medium,Yes,Medium,Low,Public,Neutral,3,No,Postgraduate,Near,Female,Normal,0.8,186,2.75
ST-0774,0.07,Low Risk (Tier 3),Circadian Irregularity,Standard Curriculum Monitoring; Self-Directed Academic Portal Access,Normal,67.99,69,19,87,1,74,369.99,Medium,Medium,No,4,High,Yes,High,Medium,Public,Positive,3,No,College,Near,Male,Normal,3.8,174,4.2
ST-0775,0.15,Low Risk (Tier 3),Insufficient Study Volume,Standard Curriculum Monitoring; Self-Directed Academic Portal Access,Normal,68.76,69,13,99,1,83,1348.58,High,Low,No,7,Medium,Yes,Medium,Medium,Public,Neutral,4,No,Postgraduate,Far,Female,Normal,0.8,198,1.88
ST-0776,0.67,High Risk (Tier 1),Severe Attendance Deficit,Immediate 1-on-1 Clinical Advising within 48h; Mandatory Study Hall,High_Risk,63.98,65,13,70,3,100,1624.8,Medium,Medium,Yes,7,Medium,Yes,Low,Medium,Public,Neutral,3,No,High School,Near,Male,High_Risk,0.8,280,2.38
ST-0777,0.05,Low Risk (Tier 3),Multivariate Risk Factor,Standard Curriculum Monitoring; Self-Directed Academic Portal Access,Normal,68.6,69,22,83,2,80,977.72,Low,High,Yes,6,Medium,Yes,Medium,Medium,Public,Positive,5,No,High School,Moderate,Female,Normal,1.8,249,3.71
ST-0778,0.14,Low Risk (Tier 3),Multivariate Risk Factor,Standard Curriculum Monitoring; Self-Directed Academic Portal Access,Normal,69.82,70,29,74,3,62,998.83,Medium,High,Yes,8,High,Yes,Low,High,Public,Positive,3,Yes,Postgraduate,Moderate,Male,Normal,1.8,296,3.89
ST-0779,0.19,Low Risk (Tier 3),Insufficient Study Volume,Standard Curriculum Monitoring; Self-Directed Academic Portal Access,Normal,67.53,67,14,94,0,71,1242.34,Medium,High,Yes,7,Medium,Yes,Medium,Medium,Private,Negative,3,Yes,College,Moderate,Female,Normal,0.8,94,1.75
ST-0780,0.06,Low Risk (Tier 3),Multivariate Risk Factor,Standard Curriculum Monitoring; Self-Directed Academic Portal Access,Normal,67.86,68,18,85,2,69,1552.31,Medium,High,No,7,Medium,Yes,Low,Medium,Private,Positive,4,No,High School,Near,Male,Normal,0.8,255,2.75
ST-0781,0.73,High Risk (Tier 1),Insufficient Study Volume,Immediate 1-on-1 Clinical Advising within 48h; Mandatory Study Hall,High_Risk,63.41,63,12,72,3,54,359.98,Medium,Medium,Yes,6,Low,Yes,Low,Medium,Public,Positive,2,No,Postgraduate,Near,Male,High_Risk,1.8,288,2.57
ST-0782,0.06,Low Risk (Tier 3),Circadian Irregularity,Standard Curriculum Monitoring; Self-Directed Academic Portal Access,Normal,69.71,69,26,74,2,86,798.54,Medium,Medium,No,5,Low,Yes,Low,High,Public,Positive,4,No,College,Near,Female,Normal,2.8,222,5.0
ST-0783,0.07,Low Risk (Tier 3),Multivariate Risk Factor,Standard Curriculum Monitoring; Self-Directed Academic Portal Access,Normal,68.72,69,20,91,1,74,1849.77,High,Medium,No,7,Medium,Yes,Medium,Medium,Public,Neutral,4,No,High School,Moderate,Male,Normal,0.8,182,2.75
ST-0784,0.16,Low Risk (Tier 3),Low Academic Motivation,Standard Curriculum Monitoring; Self-Directed Academic Portal Access,Normal,68.44,67,25,87,0,74,2312.21,Medium,Low,Yes,7,Low,Yes,Medium,High,Public,Neutral,4,Yes,High School,Near,Male,Normal,0.8,87,3.12
ST-0785,0.04,Low Risk (Tier 3),Circadian Irregularity,Standard Curriculum Monitoring; Self-Directed Academic Portal Access,Normal,75.0,76,32,97,1,97,1108.53,High,Low,Yes,5,Low,Yes,Low,High,Public,Positive,5,No,College,Moderate,Female,Normal,2.8,194,5.67
ST-0786,0.17,Low Risk (Tier 3),Circadian Irregularity,Standard Curriculum Monitoring; Self-Directed Academic Portal Access,Normal,69.37,68,19,96,2,95,644.62,Medium,Low,Yes,5,Low,No,Medium,Low,Private,Neutral,3,No,High School,Moderate,Female,Normal,2.8,288,3.83
ST-0787,0.49,Moderate Risk (Tier 2),Severe Attendance Deficit,Assignment to Peer Collaborative Learning Pod; Bi-Weekly Attendance Ping,High_Risk,65.68,65,23,68,1,80,1022.17,Medium,Medium,Yes,8,Medium,Yes,Medium,Low,Public,Neutral,1,No,High School,Near,Female,High_Risk,1.8,136,2.78
ST-0788,0.05,Low Risk (Tier 3),Low Academic Motivation,Standard Curriculum Monitoring; Self-Directed Academic Portal Access,Normal,70.72,70,19,90,3,59,1401.07,High,High,No,7,Low,Yes,High,Medium,Public,Neutral,3,No,College,Moderate,Male,Normal,0.8,360,3.12
ST-0789,0.04,Low Risk (Tier 3),Low Academic Motivation,Standard Curriculum Monitoring; Self-Directed Academic Portal Access,Normal,69.15,69,19,87,3,77,812.73,High,High,No,8,Low,Yes,Low,Medium,Private,Neutral,4,No,High School,Moderate,Male,Normal,1.8,348,2.78
ST-0790,0.42,Moderate Risk (Tier 2),Severe Attendance Deficit,Assignment to Peer Collaborative Learning Pod; Bi-Weekly Attendance Ping,High_Risk,68.67,68,33,60,4,85,1558.25,High,High,No,8,Low,Yes,Low,Low,Public,Negative,3,No,High School,Near,Male,Normal,1.8,300,4.56
ST-0791,0.02,Low Risk (Tier 3),Low Academic Motivation,Standard Curriculum Monitoring; Self-Directed Academic Portal Access,Normal,70.45,71,26,73,2,83,1198.82,High,High,Yes,8,Low,Yes,Medium,Medium,Public,Positive,4,No,College,Near,Male,Normal,1.8,219,3.33
ST-0792,0.09,Low Risk (Tier 3),Circadian Irregularity,Standard Curriculum Monitoring; Self-Directed Academic Portal Access,Normal,68.04,68,21,86,1,57,427.48,High,High,No,5,Medium,Yes,Low,Medium,Private,Negative,3,No,High School,Near,Male,Normal,2.8,172,3.83
ST-0793,0.03,Low Risk (Tier 3),Circadian Irregularity,Standard Curriculum Monitoring; Self-Directed Academic Portal Access,Normal,72.47,75,28,89,3,97,714.72,Medium,High,Yes,10,High,Yes,Medium,Low,Public,Negative,6,No,High School,Near,Female,Normal,3.8,356,3.09
ST-0794,0.69,High Risk (Tier 1),Severe Attendance Deficit,Immediate 1-on-1 Clinical Advising within 48h; Mandatory Study Hall,High_Risk,63.96,64,24,65,1,52,1559.81,Low,High,Yes,7,Medium,Yes,High,Medium,Public,Neutral,1,No,Postgraduate,Moderate,Female,High_Risk,0.8,130,3.25
ST-0795,0.5,Moderate Risk (Tier 2),Severe Attendance Deficit,Assignment to Peer Collaborative Learning Pod; Bi-Weekly Attendance Ping,High_Risk,65.35,66,19,67,1,77,522.48,Medium,High,No,5,Medium,Yes,Medium,High,Private,Negative,4,No,Postgraduate,Near,Male,Normal,2.8,134,3.5
ST-0796,0.25,Low Risk (Tier 3),Severe Attendance Deficit,Standard Curriculum Monitoring; Self-Directed Academic Portal Access,Normal,66.35,68,22,70,0,75,916.62,Medium,High,Yes,8,High,Yes,Medium,Medium,Private,Positive,3,No,Postgraduate,Near,Male,Normal,1.8,70,2.44
ST-0797,0.79,High Risk (Tier 1),Severe Attendance Deficit,Immediate 1-on-1 Clinical Advising within 48h; Mandatory Study Hall,High_Risk,63.72,62,18,71,1,85,1912.26,Medium,Low,Yes,7,Low,Yes,Low,Low,Public,Neutral,2,No,High School,Moderate,Male,High_Risk,0.8,142,2.5
ST-0798,0.64,High Risk (Tier 1),Severe Attendance Deficit,Immediate 1-on-1 Clinical Advising within 48h; Mandatory Study Hall,High_Risk,64.8,64,22,67,1,58,708.85,Medium,Medium,Yes,6,Medium,Yes,Low,Medium,Public,Neutral,2,No,Postgraduate,Near,Male,High_Risk,1.8,134,3.43
ST-0799,0.05,Low Risk (Tier 3),Low Academic Motivation,Standard Curriculum Monitoring; Self-Directed Academic Portal Access,Normal,70.98,70,18,92,2,68,679.96,Medium,Medium,Yes,8,Low,Yes,High,High,Private,Positive,3,No,High School,Near,Male,Normal,1.8,276,2.44
ST-0800,0.4,Moderate Risk (Tier 2),Insufficient Study Volume,Assignment to Peer Collaborative Learning Pod; Bi-Weekly Attendance Ping,High_Risk,66.92,65,17,77,3,69,651.63,Medium,Medium,Yes,8,Low,Yes,High,Medium,Public,Neutral,3,Yes,Unknown,Near,Male,High_Risk,1.8,308,2.56
ST-0801,0.05,Low Risk (Tier 3),Multivariate Risk Factor,Standard Curriculum Monitoring; Self-Directed Academic Portal Access,Normal,74.62,75,25,97,3,85,2655.92,Low,High,Yes,7,High,Yes,High,Medium,Public,Neutral,1,No,Postgraduate,Near,Male,Normal,0.8,388,3.88
ST-0802,0.69,High Risk (Tier 1),Insufficient Study Volume,Immediate 1-on-1 Clinical Advising within 48h; Mandatory Study Hall,High_Risk,63.93,65,13,72,0,66,1072.37,High,High,No,7,Medium,Yes,Low,High,Public,Neutral,4,No,Postgraduate,Near,Male,High_Risk,0.8,72,1.62
ST-0803,0.05,Low Risk (Tier 3),Multivariate Risk Factor,Standard Curriculum Monitoring; Self-Directed Academic Portal Access,Normal,69.26,70,18,95,2,54,539.97,Medium,High,No,8,Medium,Yes,High,Medium,Public,Neutral,3,No,College,Moderate,Female,Normal,1.8,285,2.44
ST-0804,0.06,Low Risk (Tier 3),Multivariate Risk Factor,Standard Curriculum Monitoring; Self-Directed Academic Portal Access,Normal,69.42,71,18,90,1,69,443.56,Medium,High,Yes,9,Medium,Yes,High,High,Private,Positive,3,No,College,Moderate,Female,Normal,2.8,180,2.0
ST-0805,0.58,Moderate Risk (Tier 2),Severe Attendance Deficit,Assignment to Peer Collaborative Learning Pod; Bi-Weekly Attendance Ping,High_Risk,65.02,64,20,65,1,94,1044.39,Low,Medium,No,6,Medium,Yes,Low,High,Public,Positive,2,No,Postgraduate,Near,Female,High_Risk,1.8,130,3.14
ST-0806,0.33,Low Risk (Tier 3),Severe Attendance Deficit,Standard Curriculum Monitoring; Self-Directed Academic Portal Access,Normal,68.39,67,23,70,0,93,763.9,Medium,High,Yes,9,Medium,Yes,Low,High,Public,Neutral,2,Yes,Postgraduate,Moderate,Female,Normal,2.8,70,2.3
ST-0807,0.19,Low Risk (Tier 3),Severe Attendance Deficit,Standard Curriculum Monitoring; Self-Directed Academic Portal Access,Normal,67.52,68,23,68,0,86,1098.83,High,Medium,Yes,6,Medium,Yes,Medium,Medium,Public,Positive,2,No,Postgraduate,Near,Male,Normal,1.8,68,3.29
ST-0808,0.31,Low Risk (Tier 3),Insufficient Study Volume,Standard Curriculum Monitoring; Self-Directed Academic Portal Access,Normal,66.04,67,12,84,1,74,493.31,Medium,High,Yes,6,High,Yes,Medium,High,Public,Negative,3,No,College,Moderate,Female,Normal,1.8,168,2.0
ST-0809,0.22,Low Risk (Tier 3),Insufficient Study Volume,Standard Curriculum Monitoring; Self-Directed Academic Portal Access,Normal,67.05,66,15,93,0,78,1462.32,Medium,Medium,Yes,7,Low,Yes,Medium,Medium,Public,Negative,4,No,High School,Moderate,Male,Normal,0.8,93,1.88
ST-0810,0.03,Low Risk (Tier 3),Circadian Irregularity,Standard Curriculum Monitoring; Self-Directed Academic Portal Access,Normal,70.11,72,24,86,0,91,574.72,Medium,High,Yes,10,Low,Yes,Low,High,Private,Positive,4,No,College,Near,Female,Normal,3.8,86,2.18
ST-0811,0.66,High Risk (Tier 1),Insufficient Study Volume,Immediate 1-on-1 Clinical Advising within 48h; Mandatory Study Hall,High_Risk,64.37,64,10,77,2,84,1049.87,High,High,No,7,Low,Yes,Low,High,Private,Neutral,1,No,High School,Far,Male,High_Risk,0.8,231,1.75
ST-0812,0.21,Low Risk (Tier 3),Insufficient Study Volume,Standard Curriculum Monitoring; Self-Directed Academic Portal Access,Normal,66.49,69,10,81,5,95,527.75,Medium,High,Yes,8,Medium,Yes,Low,High,Public,Positive,3,No,High School,Near,Female,Normal,1.8,486,2.22
ST-0813,0.03,Low Risk (Tier 3),Multivariate Risk Factor,Standard Curriculum Monitoring; Self-Directed Academic Portal Access,Normal,72.15,73,21,99,4,85,991.61,Medium,Medium,No,8,High,Yes,Medium,Medium,Public,Positive,4,No,High School,Moderate,Male,Normal,1.8,495,3.22
ST-0814,0.28,Low Risk (Tier 3),Multivariate Risk Factor,Standard Curriculum Monitoring; Self-Directed Academic Portal Access,Normal,67.5,65,26,83,2,70,2274.72,Low,Low,No,7,High,No,Medium,High,Public,Negative,4,Yes,High School,Moderate,Male,High_Risk,0.8,249,3.75
ST-0815,0.02,Low Risk (Tier 3),Multivariate Risk Factor,Standard Curriculum Monitoring; Self-Directed Academic Portal Access,Normal,70.2,71,23,87,1,56,715.52,High,High,No,8,Medium,Yes,Medium,High,Public,Positive,3,No,Postgraduate,Moderate,Male,Normal,1.8,174,2.78
ST-0816,0.15,Low Risk (Tier 3),Multivariate Risk Factor,Standard Curriculum Monitoring; Self-Directed Academic Portal Access,Normal,65.35,66,20,80,1,65,464.27,Medium,Low,No,9,High,Yes,Medium,Medium,Private,Positive,3,No,College,Far,Male,Normal,2.8,160,2.2
ST-0817,0.07,Low Risk (Tier 3),Multivariate Risk Factor,Standard Curriculum Monitoring; Self-Directed Academic Portal Access,Normal,72.5,71,22,97,0,98,2694.66,High,Medium,No,7,High,Yes,Medium,Medium,Public,Negative,0,No,College,Moderate,Female,Normal,0.8,97,2.75
ST-0818,0.11,Low Risk (Tier 3),Insufficient Study Volume,Standard Curriculum Monitoring; Self-Directed Academic Portal Access,Normal,69.62,71,16,96,1,77,324.2,Medium,Medium,Yes,4,High,Yes,High,High,Public,Positive,2,No,High School,Near,Male,Normal,3.8,192,3.6
ST-0819,0.78,High Risk (Tier 1),Severe Attendance Deficit,Immediate 1-on-1 Clinical Advising within 48h; Mandatory Study Hall,High_Risk,63.49,63,15,67,0,75,624.97,Medium,Medium,No,8,Medium,Yes,High,High,Public,Negative,4,No,Postgraduate,Near,Female,High_Risk,1.8,67,1.67
ST-0820,0.07,Low Risk (Tier 3),Low Academic Motivation,Standard Curriculum Monitoring; Self-Directed Academic Portal Access,Normal,70.97,71,27,87,3,78,2632.17,Medium,Medium,Yes,7,Low,Yes,Low,Medium,Private,Negative,5,No,High School,Near,Female,Normal,0.8,348,4.12
ST-0821,0.93,High Risk (Tier 1),Severe Attendance Deficit,Immediate 1-on-1 Clinical Advising within 48h; Mandatory Study Hall,High_Risk,60.33,57,14,67,0,66,1154.86,Low,Low,Yes,7,Low,Yes,Low,Medium,Public,Neutral,4,No,High School,Far,Female,High_Risk,0.8,67,1.75
ST-0822,0.53,Moderate Risk (Tier 2),Low Academic Motivation,Assignment to Peer Collaborative Learning Pod; Bi-Weekly Attendance Ping,High_Risk,64.93,66,20,75,1,67,1674.79,High,Medium,Yes,7,Low,Yes,Low,Medium,Private,Positive,4,No,High School,Near,Female,Normal,0.8,150,2.75
ST-0823,0.89,High Risk (Tier 1),Severe Attendance Deficit,Immediate 1-on-1 Clinical Advising within 48h; Mandatory Study Hall,High_Risk,63.02,63,14,67,1,87,434.98,High,Low,No,9,Medium,Yes,Medium,Medium,Private,Positive,3,No,High School,Near,Male,High_Risk,2.8,134,1.6
ST-0824,0.0,Low Risk (Tier 3),Multivariate Risk Factor,Standard Curriculum Monitoring; Self-Directed Academic Portal Access,Normal,70.28,72,27,81,0,93,1394.92,Medium,High,Yes,8,Medium,Yes,High,High,Public,Neutral,3,No,College,Near,Female,Normal,1.8,81,3.0
ST-0825,0.43,Moderate Risk (Tier 2),Severe Attendance Deficit,Assignment to Peer Collaborative Learning Pod; Bi-Weekly Attendance Ping,High_Risk,66.03,66,25,64,2,89,794.61,Medium,High,No,5,Low,Yes,Medium,Medium,Public,Neutral,4,No,College,Far,Male,Normal,2.8,192,4.83
ST-0826,0.19,Low Risk (Tier 3),Multivariate Risk Factor,Standard Curriculum Monitoring; Self-Directed Academic Portal Access,Normal,66.26,66,18,82,0,75,749.96,Medium,Medium,Yes,6,Medium,Yes,Low,Medium,Private,Negative,4,No,College,Near,Male,Normal,1.8,82,2.57
ST-0827,0.36,Low Risk (Tier 3),Severe Attendance Deficit,Standard Curriculum Monitoring; Self-Directed Academic Portal Access,Normal,65.53,67,25,63,3,72,2249.72,Medium,High,Yes,7,Medium,Yes,Medium,High,Private,Negative,4,No,College,Far,Male,Normal,0.8,252,3.88
ST-0828,0.18,Low Risk (Tier 3),Insufficient Study Volume,Standard Curriculum Monitoring; Self-Directed Academic Portal Access,Normal,67.02,66,12,90,2,87,1304.84,Medium,Low,Yes,7,Low,Yes,Low,High,Public,Neutral,2,No,Postgraduate,Far,Male,Normal,0.8,270,2.0
ST-0829,0.48,Moderate Risk (Tier 2),Insufficient Study Volume,Assignment to Peer Collaborative Learning Pod; Bi-Weekly Attendance Ping,High_Risk,64.97,66,9,86,0,65,324.98,High,Medium,No,8,High,Yes,Medium,Medium,Public,Positive,3,No,College,Near,Female,Normal,1.8,86,1.0
ST-0830,0.93,High Risk (Tier 1),Severe Attendance Deficit,Immediate 1-on-1 Clinical Advising within 48h; Mandatory Study Hall,High_Risk,62.0,58,11,69,0,65,397.2,Low,Medium,Yes,8,Low,Yes,Low,Medium,Public,Negative,2,No,College,Moderate,Male,High_Risk,1.8,69,1.22
ST-0831,0.16,Low Risk (Tier 3),Insufficient Study Volume,Standard Curriculum Monitoring; Self-Directed Academic Portal Access,Normal,67.29,67,15,89,2,56,466.64,Medium,Medium,No,6,Low,Yes,Medium,Medium,Public,Positive,4,No,College,Near,Male,Normal,1.8,267,2.71
ST-0832,0.21,Low Risk (Tier 3),Low Academic Motivation,Standard Curriculum Monitoring; Self-Directed Academic Portal Access,Normal,68.42,68,20,99,1,61,435.7,Low,Low,Yes,9,Low,Yes,High,Medium,Private,Neutral,4,No,High School,Moderate,Male,Normal,2.8,198,2.2
ST-0833,0.34,Low Risk (Tier 3),Multivariate Risk Factor,Standard Curriculum Monitoring; Self-Directed Academic Portal Access,Normal,65.44,66,18,82,1,50,499.97,High,Low,Yes,8,Medium,Yes,High,Medium,Public,Positive,3,No,High School,Moderate,Male,Normal,1.8,164,2.22
ST-0834,0.22,Low Risk (Tier 3),Insufficient Study Volume,Standard Curriculum Monitoring; Self-Directed Academic Portal Access,Normal,67.17,67,17,79,1,80,1699.79,Medium,Medium,Yes,7,Low,Yes,High,High,Public,Positive,3,No,College,Near,Female,Normal,0.8,158,2.38
ST-0835,0.31,Low Risk (Tier 3),Multivariate Risk Factor,Standard Curriculum Monitoring; Self-Directed Academic Portal Access,Normal,67.78,66,28,76,1,67,2344.71,Low,Low,No,7,High,Yes,High,Low,Public,Negative,4,No,College,Near,Male,Normal,0.8,152,3.75
ST-0836,0.05,Low Risk (Tier 3),Multivariate Risk Factor,Standard Curriculum Monitoring; Self-Directed Academic Portal Access,Normal,68.37,69,24,80,1,89,1186.6,Medium,Medium,No,6,Medium,Yes,Low,High,Public,Neutral,3,No,College,Near,Male,Normal,1.8,160,3.71
ST-0837,0.56,Moderate Risk (Tier 2),Insufficient Study Volume,Assignment to Peer Collaborative Learning Pod; Bi-Weekly Attendance Ping,High_Risk,64.78,62,17,72,3,83,1763.53,Low,Medium,No,7,Low,Yes,Medium,High,Public,Negative,3,Yes,Unknown,Far,Female,High_Risk,0.8,288,2.88
ST-0838,0.09,Low Risk (Tier 3),Multivariate Risk Factor,Standard Curriculum Monitoring; Self-Directed Academic Portal Access,Normal,67.87,69,21,79,1,87,1014.94,Medium,High,Yes,8,Medium,Yes,Low,High,Public,Neutral,2,No,Postgraduate,Moderate,Male,Normal,1.8,158,2.56
ST-0839,0.47,Moderate Risk (Tier 2),Severe Attendance Deficit,Assignment to Peer Collaborative Learning Pod; Bi-Weekly Attendance Ping,High_Risk,65.33,66,20,68,2,76,844.4,High,High,No,6,Low,Yes,Medium,Medium,Public,Neutral,3,No,High School,Near,Female,Normal,1.8,204,3.43
ST-0840,0.08,Low Risk (Tier 3),Multivariate Risk Factor,Standard Curriculum Monitoring; Self-Directed Academic Portal Access,Normal,69.83,67,26,84,1,56,808.84,Medium,Medium,Yes,8,Medium,No,Medium,Medium,Public,Negative,2,No,College,Near,Female,Normal,1.8,168,3.11
ST-0841,0.17,Low Risk (Tier 3),Low Academic Motivation,Standard Curriculum Monitoring; Self-Directed Academic Portal Access,Normal,67.58,68,21,75,1,83,2178.48,High,High,No,7,Low,Yes,Medium,Medium,Public,Positive,2,No,College,Near,Female,Normal,0.8,150,2.88
ST-0842,0.7,High Risk (Tier 1),Insufficient Study Volume,Immediate 1-on-1 Clinical Advising within 48h; Mandatory Study Hall,High_Risk,64.78,66,10,74,2,99,260.52,Medium,Medium,Yes,10,High,Yes,Medium,High,Public,Neutral,3,No,College,Near,Male,Normal,3.8,222,1.27
ST-0843,0.06,Low Risk (Tier 3),Lack of Tutoring Support,Standard Curriculum Monitoring; Self-Directed Academic Portal Access,Normal,74.1,74,31,96,0,65,719.62,High,High,Yes,9,High,Yes,Low,Medium,Private,Positive,2,No,High School,Far,Male,Normal,2.8,96,3.1
ST-0844,0.24,Low Risk (Tier 3),Lack of Tutoring Support,Standard Curriculum Monitoring; Self-Directed Academic Portal Access,Normal,67.41,68,25,75,0,66,2062.24,High,High,Yes,7,Low,Yes,Low,High,Public,Negative,4,No,High School,Near,Male,Normal,0.8,75,3.12
ST-0845,0.02,Low Risk (Tier 3),Circadian Irregularity,Standard Curriculum Monitoring; Self-Directed Academic Portal Access,Normal,72.06,75,25,93,2,63,562.48,High,High,Yes,5,Medium,Yes,High,Medium,Public,Positive,2,No,Postgraduate,Near,Female,Normal,2.8,279,4.83
ST-0846,0.04,Low Risk (Tier 3),Multivariate Risk Factor,Standard Curriculum Monitoring; Self-Directed Academic Portal Access,Normal,72.12,74,21,90,2,76,1994.75,High,High,Yes,7,High,Yes,High,High,Public,Positive,3,No,College,Moderate,Female,Normal,0.8,270,3.12
ST-0847,0.01,Low Risk (Tier 3),Multivariate Risk Factor,Standard Curriculum Monitoring; Self-Directed Academic Portal Access,Normal,72.0,73,23,91,3,89,1137.16,High,Medium,Yes,6,Medium,Yes,Medium,Medium,Private,Negative,3,No,Postgraduate,Near,Male,Normal,1.8,364,4.14
ST-0848,0.02,Low Risk (Tier 3),Multivariate Risk Factor,Standard Curriculum Monitoring; Self-Directed Academic Portal Access,Normal,70.25,70,21,96,1,63,1653.54,Medium,High,No,7,Medium,Yes,Medium,Medium,Private,Negative,2,No,Postgraduate,Far,Female,Normal,0.8,192,2.88
ST-0849,0.41,Moderate Risk (Tier 2),Insufficient Study Volume,Assignment to Peer Collaborative Learning Pod; Bi-Weekly Attendance Ping,High_Risk,68.52,66,14,82,2,96,353.67,High,Medium,No,4,Low,Yes,High,Medium,Private,Negative,4,Yes,High School,Near,Male,Normal,3.8,246,3.6
ST-0850,0.2,Low Risk (Tier 3),Multivariate Risk Factor,Standard Curriculum Monitoring; Self-Directed Academic Portal Access,Normal,67.44,68,18,76,1,83,829.95,High,High,No,6,Medium,Yes,High,Medium,Public,Neutral,4,No,High School,Near,Male,Normal,1.8,152,2.86
ST-0851,0.05,Low Risk (Tier 3),Multivariate Risk Factor,Standard Curriculum Monitoring; Self-Directed Academic Portal Access,Normal,70.53,70,22,90,1,75,916.62,High,High,No,8,High,Yes,Low,Low,Private,Neutral,3,No,College,Moderate,Male,Normal,1.8,180,2.67
ST-0852,0.01,Low Risk (Tier 3),Multivariate Risk Factor,Standard Curriculum Monitoring; Self-Directed Academic Portal Access,Normal,74.93,77,39,95,2,54,752.12,Medium,High,Yes,9,High,Yes,Medium,Medium,Private,Positive,3,No,High School,Moderate,Male,Normal,2.8,285,4.3
ST-0853,0.12,Low Risk (Tier 3),Multivariate Risk Factor,Standard Curriculum Monitoring; Self-Directed Academic Portal Access,Normal,68.03,68,24,77,2,65,866.62,Medium,Low,Yes,6,High,Yes,Medium,High,Private,Positive,3,No,High School,Near,Male,Normal,1.8,231,4.0
ST-0854,0.79,High Risk (Tier 1),Severe Attendance Deficit,Immediate 1-on-1 Clinical Advising within 48h; Mandatory Study Hall,High_Risk,62.73,62,17,67,2,52,315.7,Medium,Medium,Yes,5,High,Yes,Medium,Medium,Private,Negative,3,No,High School,Far,Female,High_Risk,2.8,201,3.5
ST-0855,0.78,High Risk (Tier 1),Insufficient Study Volume,Immediate 1-on-1 Clinical Advising within 48h; Mandatory Study Hall,High_Risk,63.72,63,17,74,1,56,339.99,Medium,Medium,No,9,Medium,Yes,Medium,High,Private,Negative,3,No,High School,Moderate,Male,High_Risk,2.8,148,1.9
ST-0856,0.14,Low Risk (Tier 3),Insufficient Study Volume,Standard Curriculum Monitoring; Self-Directed Academic Portal Access,Normal,70.28,71,13,96,4,100,1624.8,Medium,High,Yes,7,Medium,No,Medium,High,Public,Negative,3,No,High School,Near,Male,Normal,0.8,480,2.62
ST-0857,0.61,High Risk (Tier 1),Severe Attendance Deficit,Immediate 1-on-1 Clinical Advising within 48h; Mandatory Study Hall,High_Risk,64.07,63,24,60,4,62,826.62,Low,Medium,No,6,High,Yes,Low,High,Public,Negative,3,No,High School,Near,Female,High_Risk,1.8,300,4.57
ST-0858,0.01,Low Risk (Tier 3),Low Academic Motivation,Standard Curriculum Monitoring; Self-Directed Academic Portal Access,Normal,71.34,71,27,91,2,75,1124.94,Medium,Medium,No,8,Low,Yes,Medium,High,Private,Neutral,3,No,High School,Near,Male,Normal,1.8,273,3.44
ST-0859,0.28,Low Risk (Tier 3),Insufficient Study Volume,Standard Curriculum Monitoring; Self-Directed Academic Portal Access,Normal,67.5,68,11,99,1,60,173.68,Medium,Medium,No,10,Medium,Yes,High,Medium,Public,Positive,1,No,College,Near,Female,Normal,3.8,198,1.18
ST-0860,0.59,Moderate Risk (Tier 2),Insufficient Study Volume,Assignment to Peer Collaborative Learning Pod; Bi-Weekly Attendance Ping,High_Risk,64.58,64,13,74,0,98,1592.3,Low,Low,Yes,7,High,Yes,Medium,Medium,Public,Positive,3,No,Postgraduate,Near,Female,High_Risk,0.8,74,1.62
ST-0861,0.17,Low Risk (Tier 3),Multivariate Risk Factor,Standard Curriculum Monitoring; Self-Directed Academic Portal Access,Normal,67.47,68,21,80,1,55,641.63,Medium,Medium,Yes,6,High,Yes,High,High,Public,Negative,3,No,Postgraduate,Moderate,Male,Normal,1.8,160,3.29
ST-0862,0.8,High Risk (Tier 1),Severe Attendance Deficit,Immediate 1-on-1 Clinical Advising within 48h; Mandatory Study Hall,High_Risk,64.22,64,24,66,0,64,853.29,Medium,Medium,No,6,Medium,No,Medium,High,Public,Neutral,4,No,High School,Near,Male,High_Risk,1.8,66,3.43
ST-0863,0.06,Low Risk (Tier 3),Insufficient Study Volume,Standard Curriculum Monitoring; Self-Directed Academic Portal Access,Normal,76.72,69,16,83,2,95,542.84,Medium,High,Yes,9,Medium,Yes,Low,High,Public,Neutral,2,No,College,Near,Male,Normal,2.8,249,2.0
ST-0864,0.08,Low Risk (Tier 3),Low Academic Motivation,Standard Curriculum Monitoring; Self-Directed Academic Portal Access,Normal,69.03,68,28,74,0,96,959.97,Medium,Medium,No,9,Low,Yes,Medium,Medium,Private,Neutral,3,No,High School,Near,Female,Normal,2.8,74,2.8
ST-0865,0.95,High Risk (Tier 1),Severe Attendance Deficit,Immediate 1-on-1 Clinical Advising within 48h; Mandatory Study Hall,High_Risk,61.69,61,15,64,0,82,683.3,Medium,Medium,Yes,8,Low,Yes,Low,Medium,Public,Negative,3,No,High School,Near,Male,High_Risk,1.8,64,1.67
ST-0866,0.0,Low Risk (Tier 3),Multivariate Risk Factor,Standard Curriculum Monitoring; Self-Directed Academic Portal Access,Normal,69.99,71,19,88,3,89,939.39,Medium,Medium,Yes,8,Medium,Yes,Medium,Medium,Public,Positive,3,No,Postgraduate,Near,Male,Normal,1.8,352,2.78
ST-0867,0.93,High Risk (Tier 1),Severe Attendance Deficit,Immediate 1-on-1 Clinical Advising within 48h; Mandatory Study Hall,High_Risk,61.22,61,12,67,0,57,244.28,High,Medium,Yes,9,Low,Yes,Low,Medium,Private,Positive,2,No,College,Moderate,Male,High_Risk,2.8,67,1.2
ST-0868,0.64,High Risk (Tier 1),Severe Attendance Deficit,Immediate 1-on-1 Clinical Advising within 48h; Mandatory Study Hall,High_Risk,63.99,64,15,68,3,67,358.92,Medium,Medium,Yes,5,Medium,Yes,Medium,High,Private,Negative,4,No,Postgraduate,Moderate,Male,High_Risk,2.8,272,3.5
ST-0869,0.44,Moderate Risk (Tier 2),Insufficient Study Volume,Assignment to Peer Collaborative Learning Pod; Bi-Weekly Attendance Ping,High_Risk,65.6,64,15,88,1,71,591.63,Low,Low,Yes,8,Medium,No,Low,Low,Private,Positive,2,No,Postgraduate,Moderate,Male,High_Risk,1.8,176,1.89
ST-0870,0.19,Low Risk (Tier 3),Insufficient Study Volume,Standard Curriculum Monitoring; Self-Directed Academic Portal Access,Normal,68.63,68,16,97,0,57,506.64,Medium,Medium,Yes,8,Low,Yes,Medium,Medium,Public,Positive,4,Yes,Unknown,Near,Male,Normal,1.8,97,1.78
ST-0871,0.04,Low Risk (Tier 3),Multivariate Risk Factor,Standard Curriculum Monitoring; Self-Directed Academic Portal Access,Normal,68.12,69,18,84,4,71,709.96,Medium,High,No,6,Medium,Yes,Medium,Low,Public,Positive,2,No,High School,Near,Female,Normal,1.8,420,3.71
ST-0872,0.02,Low Risk (Tier 3),Multivariate Risk Factor,Standard Curriculum Monitoring; Self-Directed Academic Portal Access,Normal,70.58,71,18,91,5,69,689.96,High,Medium,Yes,6,Medium,Yes,Low,High,Public,Positive,2,No,High School,Near,Male,Normal,1.8,546,4.0
ST-0873,0.22,Low Risk (Tier 3),Insufficient Study Volume,Standard Curriculum Monitoring; Self-Directed Academic Portal Access,Normal,67.78,68,15,84,2,75,624.97,Medium,High,Yes,6,Medium,Yes,Medium,Medium,Private,Positive,4,Yes,Postgraduate,Unknown,Female,Normal,1.8,252,2.71
ST-0874,0.08,Low Risk (Tier 3),Circadian Irregularity,Standard Curriculum Monitoring; Self-Directed Academic Portal Access,Normal,71.11,71,22,96,1,84,486.3,Low,High,Yes,10,Low,Yes,High,High,Public,Negative,3,No,High School,Near,Male,Normal,3.8,192,2.18
ST-0875,0.04,Low Risk (Tier 3),Multivariate Risk Factor,Standard Curriculum Monitoring; Self-Directed Academic Portal Access,Normal,70.03,71,24,86,2,98,1306.59,Low,Low,Yes,8,Medium,Yes,High,Medium,Public,Positive,5,No,Postgraduate,Far,Male,Normal,1.8,258,3.11
ST-0876,0.19,Low Risk (Tier 3),Multivariate Risk Factor,Standard Curriculum Monitoring; Self-Directed Academic Portal Access,Normal,70.23,68,24,73,4,64,853.29,Medium,High,Yes,8,Medium,Yes,High,Medium,Private,Neutral,3,Yes,College,Moderate,Male,Normal,1.8,365,3.56
ST-0877,0.04,Low Risk (Tier 3),Circadian Irregularity,Standard Curriculum Monitoring; Self-Directed Academic Portal Access,Normal,69.79,68,25,88,1,51,455.34,Medium,High,No,5,Medium,Yes,Medium,Low,Public,Neutral,1,No,High School,Near,Female,Normal,2.8,176,4.5
ST-0878,0.5,Moderate Risk (Tier 2),Insufficient Study Volume,Assignment to Peer Collaborative Learning Pod; Bi-Weekly Attendance Ping,High_Risk,65.71,65,17,78,0,88,831.06,Medium,High,No,8,Medium,Yes,Low,Medium,Public,Negative,3,No,High School,Near,Female,High_Risk,1.8,78,1.89
ST-0879,0.14,Low Risk (Tier 3),Low Academic Motivation,Standard Curriculum Monitoring; Self-Directed Academic Portal Access,Normal,67.3,67,21,75,3,70,1837.27,Medium,Medium,Yes,7,Low,Yes,Medium,Medium,Public,Positive,4,Yes,Postgraduate,Near,Male,Normal,0.8,300,3.38
ST-0880,0.85,High Risk (Tier 1),Severe Attendance Deficit,Immediate 1-on-1 Clinical Advising within 48h; Mandatory Study Hall,High_Risk,63.52,62,24,61,0,64,404.2,Medium,Medium,No,10,Low,Yes,Low,Medium,Private,Positive,3,No,High School,Near,Female,High_Risk,3.8,61,2.18
ST-0881,0.43,Moderate Risk (Tier 2),Insufficient Study Volume,Assignment to Peer Collaborative Learning Pod; Bi-Weekly Attendance Ping,High_Risk,66.59,66,14,83,1,84,1469.82,High,Medium,No,7,Medium,Yes,Low,Medium,Public,Neutral,3,No,High School,Near,Female,Normal,0.8,166,2.0
ST-0882,0.02,Low Risk (Tier 3),Circadian Irregularity,Standard Curriculum Monitoring; Self-Directed Academic Portal Access,Normal,70.87,71,19,97,2,78,529.27,High,Medium,No,5,Low,Yes,Low,Medium,Public,Positive,3,No,High School,Near,Male,Normal,2.8,291,3.83
ST-0883,0.02,Low Risk (Tier 3),Multivariate Risk Factor,Standard Curriculum Monitoring; Self-Directed Academic Portal Access,Normal,69.94,70,19,88,4,86,907.73,Medium,High,No,6,Medium,Yes,Medium,Medium,Public,Positive,3,Yes,College,Moderate,Male,Normal,1.8,440,3.86
ST-0884,0.44,Moderate Risk (Tier 2),Insufficient Study Volume,Assignment to Peer Collaborative Learning Pod; Bi-Weekly Attendance Ping,High_Risk,65.37,65,17,76,4,81,1721.03,Medium,Low,No,7,Low,Yes,High,Medium,Private,Neutral,2,No,High School,Near,Male,High_Risk,0.8,380,3.12
ST-0885,0.33,Low Risk (Tier 3),Severe Attendance Deficit,Standard Curriculum Monitoring; Self-Directed Academic Portal Access,Normal,70.13,66,18,69,2,85,402.62,Medium,High,Yes,10,Medium,Yes,High,Medium,Private,Positive,0,No,College,Moderate,Female,Normal,3.8,207,2.0
ST-0886,0.37,Low Risk (Tier 3),Severe Attendance Deficit,Standard Curriculum Monitoring; Self-Directed Academic Portal Access,Normal,66.03,66,23,65,1,94,2702.16,Medium,Medium,No,7,Medium,Yes,High,Medium,Public,Negative,3,No,College,Near,Female,Normal,0.8,130,3.12
ST-0887,0.56,Moderate Risk (Tier 2),Insufficient Study Volume,Assignment to Peer Collaborative Learning Pod; Bi-Weekly Attendance Ping,High_Risk,65.25,65,17,81,0,64,388.56,High,Medium,No,9,Medium,Yes,High,Medium,Public,Positive,3,Yes,High School,Far,Male,High_Risk,2.8,81,1.7
ST-0888,0.06,Low Risk (Tier 3),Multivariate Risk Factor,Standard Curriculum Monitoring; Self-Directed Academic Portal Access,Normal,69.19,69,26,81,3,67,622.12,Medium,Medium,Yes,9,Medium,Yes,Low,Medium,Public,Neutral,2,No,College,Near,Female,Normal,2.8,324,3.2
ST-0889,0.62,High Risk (Tier 1),Severe Attendance Deficit,Immediate 1-on-1 Clinical Advising within 48h; Mandatory Study Hall,High_Risk,65.31,65,23,68,1,55,451.77,High,Medium,Yes,9,Medium,Yes,Medium,Medium,Public,Positive,3,No,High School,Moderate,Male,High_Risk,2.8,136,2.5
ST-0890,0.1,Low Risk (Tier 3),Circadian Irregularity,Standard Curriculum Monitoring; Self-Directed Academic Portal Access,Normal,68.61,69,20,84,2,99,521.04,Medium,Medium,Yes,10,Low,Yes,Medium,Medium,Private,Positive,3,No,High School,Moderate,Male,Normal,3.8,252,2.18
ST-0891,0.13,Low Risk (Tier 3),Insufficient Study Volume,Standard Curriculum Monitoring; Self-Directed Academic Portal Access,Normal,67.88,67,13,94,2,56,909.89,Low,Medium,Yes,7,High,Yes,Low,High,Public,Neutral,4,No,College,Near,Male,Normal,0.8,282,2.12
ST-0892,0.49,Moderate Risk (Tier 2),Multivariate Risk Factor,Assignment to Peer Collaborative Learning Pod; Bi-Weekly Attendance Ping,High_Risk,65.98,65,21,82,3,54,629.97,Low,Low,Yes,6,High,Yes,Low,Medium,Public,Negative,2,No,College,Moderate,Male,High_Risk,1.8,328,3.86
ST-0893,0.08,Low Risk (Tier 3),Low Academic Motivation,Standard Curriculum Monitoring; Self-Directed Academic Portal Access,Normal,71.99,73,31,84,1,98,1687.68,Low,Medium,Yes,8,Low,Yes,Medium,Medium,Public,Positive,4,No,Postgraduate,Near,Female,Normal,1.8,168,3.67
ST-0894,0.91,High Risk (Tier 1),Severe Attendance Deficit,Immediate 1-on-1 Clinical Advising within 48h; Mandatory Study Hall,High_Risk,62.41,61,17,68,0,63,1338.58,Medium,Medium,Yes,7,Medium,No,Low,Medium,Public,Neutral,3,No,High School,Moderate,Male,High_Risk,0.8,68,2.12
ST-0895,0.05,Low Risk (Tier 3),Multivariate Risk Factor,Standard Curriculum Monitoring; Self-Directed Academic Portal Access,Normal,71.91,70,26,94,0,89,826.4,Medium,Medium,No,9,Medium,Yes,Low,Medium,Public,Neutral,3,Yes,High School,Near,Female,Normal,2.8,94,2.6
ST-0896,0.42,Moderate Risk (Tier 2),Severe Attendance Deficit,Assignment to Peer Collaborative Learning Pod; Bi-Weekly Attendance Ping,High_Risk,65.85,65,27,63,1,80,2699.66,Medium,Low,Yes,7,High,Yes,Medium,High,Private,Neutral,3,No,High School,Moderate,Male,High_Risk,0.8,126,3.62
ST-0897,0.5,Moderate Risk (Tier 2),Severe Attendance Deficit,Assignment to Peer Collaborative Learning Pod; Bi-Weekly Attendance Ping,High_Risk,64.76,66,22,64,1,77,445.78,High,Medium,Yes,10,Medium,Yes,Low,High,Public,Positive,3,No,High School,Moderate,Male,Normal,3.8,128,2.18
ST-0898,0.74,High Risk (Tier 1),Severe Attendance Deficit,Immediate 1-on-1 Clinical Advising within 48h; Mandatory Study Hall,High_Risk,65.27,60,7,61,1,76,140.0,Low,High,Yes,4,High,Yes,Medium,Medium,Private,Positive,5,No,High School,Far,Female,High_Risk,3.8,122,1.8
ST-0899,0.21,Low Risk (Tier 3),Insufficient Study Volume,Standard Curriculum Monitoring; Self-Directed Academic Portal Access,Normal,67.53,65,16,84,2,53,302.85,Medium,High,Yes,5,Medium,No,Low,Medium,Public,Neutral,1,No,High School,Near,Male,High_Risk,2.8,252,3.33
ST-0900,0.7,High Risk (Tier 1),Severe Attendance Deficit,Immediate 1-on-1 Clinical Advising within 48h; Mandatory Study Hall,High_Risk,64.32,64,24,60,1,85,1133.27,Medium,Medium,No,6,Low,Yes,High,Medium,Public,Neutral,2,No,Postgraduate,Moderate,Male,High_Risk,1.8,120,3.71
ST-0901,0.42,Moderate Risk (Tier 2),Multivariate Risk Factor,Assignment to Peer Collaborative Learning Pod; Bi-Weekly Attendance Ping,High_Risk,67.86,66,30,72,0,73,2737.16,Medium,Low,No,7,Medium,Yes,High,Medium,Public,Neutral,4,No,High School,Moderate,Male,Normal,0.8,72,3.75
ST-0902,0.13,Low Risk (Tier 3),Multivariate Risk Factor,Standard Curriculum Monitoring; Self-Directed Academic Portal Access,Normal,68.25,67,23,87,2,57,728.29,Medium,Low,No,6,Medium,Yes,High,Medium,Public,Positive,3,Yes,High School,Near,Male,Normal,1.8,261,3.86
ST-0903,0.01,Low Risk (Tier 3),Multivariate Risk Factor,Standard Curriculum Monitoring; Self-Directed Academic Portal Access,Normal,72.05,73,23,98,1,80,1022.17,High,Medium,Yes,6,Medium,Yes,Medium,Medium,Public,Positive,2,No,Unknown,Moderate,Male,Normal,1.8,196,3.57
ST-0904,0.09,Low Risk (Tier 3),Circadian Irregularity,Standard Curriculum Monitoring; Self-Directed Academic Portal Access,Normal,70.16,68,22,91,2,81,468.94,Medium,Low,No,4,Medium,Yes,Low,High,Private,Negative,3,No,High School,Near,Male,Normal,3.8,273,5.2
ST-0905,0.25,Low Risk (Tier 3),Insufficient Study Volume,Standard Curriculum Monitoring; Self-Directed Academic Portal Access,Normal,66.24,68,12,84,1,98,1469.82,High,Medium,Yes,7,High,Yes,Low,Medium,Public,Positive,3,No,High School,Near,Female,Normal,0.8,168,1.75
ST-0906,0.43,Moderate Risk (Tier 2),Insufficient Study Volume,Assignment to Peer Collaborative Learning Pod; Bi-Weekly Attendance Ping,High_Risk,65.67,66,12,83,3,61,406.64,Medium,High,No,8,Medium,Yes,High,Medium,Public,Neutral,5,Yes,High School,Near,Male,Normal,1.8,332,2.0
ST-0907,0.15,Low Risk (Tier 3),Low Academic Motivation,Standard Curriculum Monitoring; Self-Directed Academic Portal Access,Normal,66.91,67,24,76,1,72,2159.73,High,Low,Yes,7,Low,Yes,High,Medium,Public,Positive,2,No,College,Moderate,Male,Normal,0.8,152,3.25
ST-0908,0.22,Low Risk (Tier 3),Multivariate Risk Factor,Standard Curriculum Monitoring; Self-Directed Academic Portal Access,Normal,66.5,66,22,76,1,59,721.07,Medium,Medium,Yes,8,Medium,Yes,Low,Medium,Public,Positive,2,No,College,Near,Female,Normal,1.8,152,2.67
ST-0909,0.83,High Risk (Tier 1),Severe Attendance Deficit,Immediate 1-on-1 Clinical Advising within 48h; Mandatory Study Hall,High_Risk,66.84,61,13,60,2,77,357.49,Medium,Medium,No,9,Low,Yes,Medium,High,Private,Positive,5,Yes,High School,Near,Male,High_Risk,2.8,180,1.7
ST-0910,0.17,Low Risk (Tier 3),Multivariate Risk Factor,Standard Curriculum Monitoring; Self-Directed Academic Portal Access,Normal,67.76,67,26,78,1,72,1039.94,Medium,Medium,No,6,Medium,Yes,Low,Unknown,Private,Neutral,3,No,High School,Moderate,Female,Normal,1.8,156,4.0
ST-0911,0.48,Moderate Risk (Tier 2),Severe Attendance Deficit,Assignment to Peer Collaborative Learning Pod; Bi-Weekly Attendance Ping,High_Risk,66.51,65,28,61,1,86,1337.7,Medium,High,No,6,High,Yes,Low,Medium,Private,Negative,3,Yes,Postgraduate,Far,Male,High_Risk,1.8,122,4.29
ST-0912,0.06,Low Risk (Tier 3),Insufficient Study Volume,Standard Curriculum Monitoring; Self-Directed Academic Portal Access,Normal,68.84,69,17,93,2,87,821.62,Medium,Medium,No,8,Low,Yes,High,High,Private,Negative,3,No,College,Moderate,Male,Normal,1.8,279,2.33
ST-0913,0.63,High Risk (Tier 1),Severe Attendance Deficit,Immediate 1-on-1 Clinical Advising within 48h; Mandatory Study Hall,High_Risk,64.03,66,20,67,1,67,744.4,High,High,No,6,High,Yes,Medium,High,Public,Positive,2,Yes,College,Near,Female,Normal,1.8,134,3.14
ST-0914,0.82,High Risk (Tier 1),Severe Attendance Deficit,Immediate 1-on-1 Clinical Advising within 48h; Mandatory Study Hall,High_Risk,62.47,61,10,68,1,96,533.3,Low,Medium,No,6,Low,Yes,High,Medium,Public,Neutral,3,No,College,Moderate,Male,High_Risk,1.8,136,1.71
ST-0915,0.12,Low Risk (Tier 3),Insufficient Study Volume,Standard Curriculum Monitoring; Self-Directed Academic Portal Access,Normal,67.4,69,8,97,2,58,257.76,Medium,High,Yes,8,High,Yes,High,Medium,Public,Neutral,2,No,College,Near,Female,Normal,1.8,291,1.33
ST-0916,0.6,High Risk (Tier 1),Severe Attendance Deficit,Immediate 1-on-1 Clinical Advising within 48h; Mandatory Study Hall,High_Risk,65.06,65,19,70,2,90,949.95,Medium,Medium,Yes,6,Low,Yes,Low,Medium,Private,Positive,3,No,High School,Moderate,Male,High_Risk,1.8,210,3.29
ST-0917,0.96,High Risk (Tier 1),Severe Attendance Deficit,Immediate 1-on-1 Clinical Advising within 48h; Mandatory Study Hall,High_Risk,62.4,61,17,67,0,59,557.19,Medium,Medium,No,6,Medium,Yes,Medium,Medium,Public,Negative,3,No,High School,Near,Female,High_Risk,1.8,67,2.43
ST-0918,0.59,Moderate Risk (Tier 2),Severe Attendance Deficit,Assignment to Peer Collaborative Learning Pod; Bi-Weekly Attendance Ping,High_Risk,65.75,64,24,67,0,90,1199.93,High,Low,Yes,6,Medium,Yes,Low,Medium,Public,Neutral,1,No,College,Far,Male,High_Risk,1.8,67,3.43
ST-0919,0.06,Low Risk (Tier 3),Circadian Irregularity,Standard Curriculum Monitoring; Self-Directed Academic Portal Access,Normal,70.58,72,23,100,3,73,441.83,Medium,Low,Yes,10,Medium,Yes,Medium,Medium,Private,Neutral,2,No,College,Near,Male,Normal,3.8,400,2.64
ST-0920,0.19,Low Risk (Tier 3),Circadian Irregularity,Standard Curriculum Monitoring; Self-Directed Academic Portal Access,Normal,66.77,67,20,80,0,94,671.4,Medium,High,No,5,Medium,Yes,Low,Low,Private,Positive,4,Yes,Postgraduate,Moderate,Female,Normal,2.8,80,3.33
ST-0921,0.03,Low Risk (Tier 3),Insufficient Study Volume,Standard Curriculum Monitoring; Self-Directed Academic Portal Access,Normal,70.37,72,17,98,2,68,642.19,High,High,No,6,Medium,Yes,Medium,Medium,Public,Positive,3,No,High School,Near,Male,Normal,1.8,294,3.0
ST-0922,0.03,Low Risk (Tier 3),Multivariate Risk Factor,Standard Curriculum Monitoring; Self-Directed Academic Portal Access,Normal,71.8,73,19,93,5,84,1994.75,High,High,No,7,Medium,Yes,Low,High,Public,Negative,3,No,High School,Near,Female,Normal,0.8,558,3.62
ST-0923,0.05,Low Risk (Tier 3),Multivariate Risk Factor,Standard Curriculum Monitoring; Self-Directed Academic Portal Access,Normal,70.58,72,31,82,2,63,2440.94,High,Medium,Yes,7,Medium,No,High,Medium,Private,Positive,2,No,Postgraduate,Moderate,Male,Normal,0.8,246,4.38
ST-0924,0.63,High Risk (Tier 1),Severe Attendance Deficit,Immediate 1-on-1 Clinical Advising within 48h; Mandatory Study Hall,High_Risk,63.95,62,18,65,1,88,879.95,Medium,Low,No,6,Medium,Yes,Medium,Medium,Private,Positive,1,Yes,College,Near,Male,High_Risk,1.8,130,2.86
ST-0925,0.39,Moderate Risk (Tier 2),Insufficient Study Volume,Assignment to Peer Collaborative Learning Pod; Bi-Weekly Attendance Ping,High_Risk,65.75,65,6,90,2,66,141.42,Medium,Medium,Yes,9,Medium,Yes,Medium,High,Public,Positive,2,No,High School,Far,Male,High_Risk,2.8,270,1.0
ST-0926,0.36,Low Risk (Tier 3),Insufficient Study Volume,Standard Curriculum Monitoring; Self-Directed Academic Portal Access,Normal,65.71,65,11,86,1,75,294.63,Medium,Medium,No,5,Medium,Yes,Medium,Low,Public,Neutral,4,No,Postgraduate,Moderate,Female,High_Risk,2.8,172,2.17
ST-0927,0.3,Low Risk (Tier 3),Low Academic Motivation,Standard Curriculum Monitoring; Self-Directed Academic Portal Access,Normal,66.5,65,24,76,2,69,919.95,Low,High,No,8,Low,Yes,Medium,Medium,Public,Neutral,1,No,High School,Moderate,Male,High_Risk,1.8,228,3.11
ST-0928,0.37,Low Risk (Tier 3),Severe Attendance Deficit,Standard Curriculum Monitoring; Self-Directed Academic Portal Access,Normal,67.6,66,21,65,2,98,734.97,Medium,Low,Yes,5,High,No,Low,Medium,Private,Positive,4,No,Postgraduate,Near,Male,Normal,2.8,195,4.17
ST-0929,0.6,High Risk (Tier 1),Severe Attendance Deficit,Immediate 1-on-1 Clinical Advising within 48h; Mandatory Study Hall,High_Risk,65.97,66,19,69,0,96,651.41,Medium,Medium,Yes,9,Medium,Yes,High,High,Private,Positive,3,No,High School,Moderate,Female,Normal,2.8,69,1.9
ST-0930,0.03,Low Risk (Tier 3),Multivariate Risk Factor,Standard Curriculum Monitoring; Self-Directed Academic Portal Access,Normal,76.98,74,29,96,2,94,1514.36,Medium,High,No,8,High,No,Low,High,Public,Negative,4,No,High School,Near,Male,Normal,1.8,288,3.67
ST-0931,0.37,Low Risk (Tier 3),Insufficient Study Volume,Standard Curriculum Monitoring; Self-Directed Academic Portal Access,Normal,65.58,66,7,94,2,57,142.49,Medium,Low,Yes,9,High,Yes,Medium,Medium,Public,Negative,3,No,Postgraduate,Near,Female,Normal,2.8,282,1.1
ST-0932,0.11,Low Risk (Tier 3),Lack of Tutoring Support,Standard Curriculum Monitoring; Self-Directed Academic Portal Access,Normal,70.29,71,32,87,0,55,977.72,Medium,High,Yes,6,Medium,Yes,Low,High,Public,Neutral,3,No,High School,Near,Male,Normal,1.8,87,4.57
ST-0933,0.68,High Risk (Tier 1),Severe Attendance Deficit,Immediate 1-on-1 Clinical Advising within 48h; Mandatory Study Hall,High_Risk,62.96,62,18,60,2,91,584.98,Medium,High,No,5,Low,Yes,Low,Medium,Public,Negative,4,Yes,High School,Near,Male,High_Risk,2.8,180,3.67
ST-0934,0.06,Low Risk (Tier 3),Multivariate Risk Factor,Standard Curriculum Monitoring; Self-Directed Academic Portal Access,Normal,71.47,70,24,93,2,76,2279.72,Medium,Medium,Yes,7,High,Yes,Low,Medium,Public,Neutral,1,Yes,High School,Near,Male,Normal,0.8,279,3.5
ST-0935,0.75,High Risk (Tier 1),Severe Attendance Deficit,Immediate 1-on-1 Clinical Advising within 48h; Mandatory Study Hall,High_Risk,63.3,62,13,61,4,89,642.74,Medium,Medium,Yes,8,Low,Yes,Low,Medium,Private,Neutral,4,No,High School,Far,Female,High_Risk,1.8,305,2.33
ST-0936,0.75,High Risk (Tier 1),Severe Attendance Deficit,Immediate 1-on-1 Clinical Advising within 48h; Mandatory Study Hall,High_Risk,63.56,63,20,65,2,71,788.85,High,Medium,Yes,8,Low,Yes,Low,Medium,Private,Neutral,3,Yes,College,Near,Female,High_Risk,1.8,195,2.67
ST-0937,0.31,Low Risk (Tier 3),Insufficient Study Volume,Standard Curriculum Monitoring; Self-Directed Academic Portal Access,Normal,66.63,66,15,92,1,72,1349.83,Medium,Low,Yes,7,Low,Yes,Medium,Medium,Public,Negative,5,No,High School,Near,Female,Normal,0.8,184,2.12
ST-0938,0.89,High Risk (Tier 1),Severe Attendance Deficit,Immediate 1-on-1 Clinical Advising within 48h; Mandatory Study Hall,High_Risk,61.64,61,12,65,1,64,426.64,Low,Medium,Yes,6,Medium,Yes,Medium,Medium,Public,Positive,3,No,College,Near,Female,High_Risk,1.8,130,2.0
ST-0939,0.11,Low Risk (Tier 3),Multivariate Risk Factor,Standard Curriculum Monitoring; Self-Directed Academic Portal Access,Normal,69.11,68,20,90,0,70,777.73,High,Medium,No,8,Medium,Yes,Medium,Medium,Private,Neutral,3,No,High School,Moderate,Female,Normal,1.8,90,2.22
ST-0940,0.69,High Risk (Tier 1),Severe Attendance Deficit,Immediate 1-on-1 Clinical Advising within 48h; Mandatory Study Hall,High_Risk,63.91,63,22,61,0,97,1185.49,Medium,Medium,Yes,6,High,Yes,Low,High,Public,Negative,2,Yes,High School,Near,Male,High_Risk,1.8,61,3.14
ST-0941,0.17,Low Risk (Tier 3),Insufficient Study Volume,Standard Curriculum Monitoring; Self-Directed Academic Portal Access,Normal,68.7,69,14,98,1,82,302.1,Medium,Medium,Yes,10,High,Yes,Low,Medium,Private,Positive,3,No,High School,Moderate,Male,Normal,3.8,196,1.45
ST-0942,0.64,High Risk (Tier 1),Insufficient Study Volume,Immediate 1-on-1 Clinical Advising within 48h; Mandatory Study Hall,High_Risk,64.72,65,13,75,3,51,236.78,High,High,Yes,5,Medium,Yes,Medium,Medium,Private,Negative,3,No,High School,Near,Female,High_Risk,2.8,300,3.17
ST-0943,0.02,Low Risk (Tier 3),Circadian Irregularity,Standard Curriculum Monitoring; Self-Directed Academic Portal Access,Normal,81.08,75,26,99,2,91,622.62,Low,High,Yes,4,High,Yes,High,Low,Public,Neutral,4,No,Postgraduate,Moderate,Female,Normal,3.8,297,6.0
ST-0944,0.44,Moderate Risk (Tier 2),Severe Attendance Deficit,Assignment to Peer Collaborative Learning Pod; Bi-Weekly Attendance Ping,High_Risk,64.94,65,23,63,2,76,2184.73,High,Medium,No,7,Medium,Yes,Medium,High,Public,Positive,1,No,High School,Far,Male,High_Risk,0.8,189,3.38
ST-0945,0.64,High Risk (Tier 1),Severe Attendance Deficit,Immediate 1-on-1 Clinical Advising within 48h; Mandatory Study Hall,High_Risk,64.12,65,19,66,1,59,622.74,High,High,Yes,8,Medium,Yes,Medium,Low,Public,Positive,2,No,Postgraduate,Moderate,Female,High_Risk,1.8,132,2.33
ST-0946,0.55,Moderate Risk (Tier 2),Severe Attendance Deficit,Assignment to Peer Collaborative Learning Pod; Bi-Weekly Attendance Ping,High_Risk,63.72,64,15,67,0,94,503.55,Medium,Low,Yes,9,Medium,Yes,Medium,Medium,Public,Positive,4,No,Postgraduate,Near,Male,High_Risk,2.8,67,1.5
ST-0947,0.35,Low Risk (Tier 3),Multivariate Risk Factor,Standard Curriculum Monitoring; Self-Directed Academic Portal Access,Normal,65.92,66,21,73,2,60,449.98,Low,Medium,Yes,9,High,Yes,Medium,Medium,Public,Positive,3,No,College,Near,Male,Normal,2.8,219,2.5
ST-0948,0.1,Low Risk (Tier 3),Insufficient Study Volume,Standard Curriculum Monitoring; Self-Directed Academic Portal Access,Normal,68.17,69,15,93,1,96,514.27,High,Medium,Yes,9,Medium,Yes,Medium,Medium,Public,Negative,2,No,High School,Moderate,Female,Normal,2.8,186,1.7
ST-0949,0.29,Low Risk (Tier 3),Multivariate Risk Factor,Standard Curriculum Monitoring; Self-Directed Academic Portal Access,Normal,68.05,67,28,73,4,54,839.95,Low,Medium,Yes,8,Medium,Yes,Medium,Medium,Private,Neutral,1,No,High School,Near,Female,Normal,1.8,365,4.0
ST-0950,0.81,High Risk (Tier 1),Severe Attendance Deficit,Immediate 1-on-1 Clinical Advising within 48h; Mandatory Study Hall,High_Risk,60.6,61,15,61,1,59,491.64,High,Low,Yes,8,Medium,Yes,Medium,Medium,Public,Neutral,2,No,Postgraduate,Moderate,Female,High_Risk,1.8,122,1.89
ST-0951,0.42,Moderate Risk (Tier 2),Severe Attendance Deficit,Assignment to Peer Collaborative Learning Pod; Bi-Weekly Attendance Ping,High_Risk,69.38,67,22,67,2,58,335.78,High,High,No,10,Medium,Yes,High,Low,Public,Neutral,3,No,Postgraduate,Near,Male,Normal,3.8,201,2.36
ST-0952,0.08,Low Risk (Tier 3),Multivariate Risk Factor,Standard Curriculum Monitoring; Self-Directed Academic Portal Access,Normal,69.38,69,28,82,1,80,1244.38,Medium,Medium,Yes,6,Medium,Yes,Low,Medium,Private,Neutral,5,No,High School,Far,Female,Normal,1.8,164,4.29
ST-0953,0.13,Low Risk (Tier 3),Low Academic Motivation,Standard Curriculum Monitoring; Self-Directed Academic Portal Access,Normal,67.72,69,24,81,3,61,813.29,Low,Medium,Yes,6,Low,Yes,Medium,Medium,Public,Positive,3,No,Postgraduate,Near,Male,Normal,1.8,324,4.29
ST-0954,0.05,Low Risk (Tier 3),Circadian Irregularity,Standard Curriculum Monitoring; Self-Directed Academic Portal Access,Normal,76.12,70,18,93,3,76,359.99,Medium,High,No,4,High,Yes,Low,Medium,Public,Negative,3,No,College,Near,Female,Normal,3.8,372,4.8
ST-0955,0.21,Low Risk (Tier 3),Multivariate Risk Factor,Standard Curriculum Monitoring; Self-Directed Academic Portal Access,Normal,66.42,66,20,82,3,60,666.63,Low,Low,Yes,8,Medium,Yes,Medium,High,Public,Positive,4,No,High School,Moderate,Male,Normal,1.8,328,2.89
ST-0956,0.05,Low Risk (Tier 3),Multivariate Risk Factor,Standard Curriculum Monitoring; Self-Directed Academic Portal Access,Normal,68.51,69,26,75,1,97,1401.03,High,High,No,8,Medium,Yes,Low,Medium,Public,Neutral,4,No,High School,Far,Male,Normal,1.8,150,3.11
ST-0957,0.22,Low Risk (Tier 3),Severe Attendance Deficit,Standard Curriculum Monitoring; Self-Directed Academic Portal Access,Normal,67.75,69,31,64,1,93,1601.58,Medium,High,No,6,Medium,Yes,Low,High,Public,Neutral,3,No,High School,Near,Female,Normal,1.8,128,4.71
ST-0958,0.32,Low Risk (Tier 3),Insufficient Study Volume,Standard Curriculum Monitoring; Self-Directed Academic Portal Access,Normal,66.95,68,14,81,0,78,389.99,High,High,No,9,Medium,Yes,Medium,Medium,Private,Positive,4,No,College,Near,Female,Normal,2.8,81,1.4
ST-0959,0.77,High Risk (Tier 1),Severe Attendance Deficit,Immediate 1-on-1 Clinical Advising within 48h; Mandatory Study Hall,High_Risk,62.01,63,14,64,0,90,699.96,High,High,Yes,6,Low,Yes,Low,High,Private,Negative,2,No,High School,Near,Female,High_Risk,1.8,64,2.0
ST-0960,0.07,Low Risk (Tier 3),Multivariate Risk Factor,Standard Curriculum Monitoring; Self-Directed Academic Portal Access,Normal,71.47,71,22,97,2,79,2172.23,Medium,Medium,No,7,High,Yes,Medium,High,Public,Positive,0,No,High School,Far,Male,Normal,0.8,291,3.25
ST-0961,0.2,Low Risk (Tier 3),Lack of Tutoring Support,Standard Curriculum Monitoring; Self-Directed Academic Portal Access,Normal,66.88,67,23,78,0,54,689.96,Medium,Medium,Yes,6,High,Yes,Low,Medium,Public,Neutral,3,No,Postgraduate,Near,Female,Normal,1.8,78,3.29
ST-0962,0.18,Low Risk (Tier 3),Insufficient Study Volume,Standard Curriculum Monitoring; Self-Directed Academic Portal Access,Normal,66.95,67,15,86,2,60,1124.86,Low,High,No,7,Medium,Yes,Medium,Medium,Public,Positive,3,No,College,Near,Male,Normal,0.8,258,2.38
ST-0963,0.24,Low Risk (Tier 3),Multivariate Risk Factor,Standard Curriculum Monitoring; Self-Directed Academic Portal Access,Normal,68.51,69,25,72,4,73,1013.83,High,Low,Yes,6,High,Yes,Medium,High,Public,Neutral,4,No,College,Moderate,Male,Normal,1.8,360,4.71
ST-0964,0.15,Low Risk (Tier 3),Lack of Tutoring Support,Standard Curriculum Monitoring; Self-Directed Academic Portal Access,Normal,66.76,65,20,85,0,58,644.41,Medium,Medium,No,6,Low,Yes,Low,Medium,Private,Negative,2,No,Postgraduate,Near,Male,High_Risk,1.8,85,2.86
ST-0965,0.0,Low Risk (Tier 3),Low Academic Motivation,Standard Curriculum Monitoring; Self-Directed Academic Portal Access,Normal,71.62,70,29,91,0,80,828.54,Medium,Medium,No,9,Low,Yes,Low,High,Public,Negative,4,No,High School,Near,Female,Normal,2.8,91,2.9
ST-0966,0.02,Low Risk (Tier 3),Multivariate Risk Factor,Standard Curriculum Monitoring; Self-Directed Academic Portal Access,Normal,71.42,72,27,90,0,96,1439.92,High,Medium,No,8,High,Yes,Medium,Medium,Public,Negative,4,No,High School,Moderate,Male,Normal,1.8,90,3.0
ST-0967,0.06,Low Risk (Tier 3),Low Academic Motivation,Standard Curriculum Monitoring; Self-Directed Academic Portal Access,Normal,72.36,71,24,93,1,88,2639.67,High,Medium,Yes,7,Low,Yes,Medium,High,Public,Negative,3,No,High School,Moderate,Female,Normal,0.8,186,3.25
ST-0968,0.13,Low Risk (Tier 3),Low Academic Motivation,Standard Curriculum Monitoring; Self-Directed Academic Portal Access,Normal,70.14,70,20,95,1,99,1099.94,Medium,Medium,Yes,8,Low,No,Low,Medium,Private,Neutral,3,No,College,Near,Female,Normal,1.8,190,2.44
ST-0969,0.42,Moderate Risk (Tier 2),Insufficient Study Volume,Assignment to Peer Collaborative Learning Pod; Bi-Weekly Attendance Ping,High_Risk,64.92,66,9,84,1,92,1034.87,High,Low,No,7,High,Yes,Low,High,Public,Negative,4,No,Postgraduate,Near,Male,Normal,0.8,168,1.38
ST-0970,0.02,Low Risk (Tier 3),Circadian Irregularity,Standard Curriculum Monitoring; Self-Directed Academic Portal Access,Normal,71.34,73,22,99,2,57,329.99,Medium,Medium,Yes,4,High,Yes,Medium,High,Public,Positive,3,No,College,Near,Female,Normal,3.8,297,5.2
ST-0971,0.03,Low Risk (Tier 3),Low Academic Motivation,Standard Curriculum Monitoring; Self-Directed Academic Portal Access,Normal,68.02,68,23,81,0,85,2443.44,Medium,Medium,No,7,Low,Yes,Medium,Medium,Public,Positive,4,No,High School,Near,Male,Normal,0.8,81,2.88
ST-0972,0.04,Low Risk (Tier 3),Multivariate Risk Factor,Standard Curriculum Monitoring; Self-Directed Academic Portal Access,Normal,69.8,71,25,81,3,85,2655.92,High,Medium,Yes,7,High,Yes,Medium,Medium,Public,Negative,1,No,Postgraduate,Moderate,Female,Normal,0.8,324,3.88
ST-0973,0.07,Low Risk (Tier 3),Multivariate Risk Factor,Standard Curriculum Monitoring; Self-Directed Academic Portal Access,Normal,69.51,69,25,91,1,72,2249.72,Low,Medium,No,7,Medium,Yes,Medium,High,Private,Neutral,3,No,College,Far,Male,Normal,0.8,182,3.38
ST-0974,0.15,Low Risk (Tier 3),Insufficient Study Volume,Standard Curriculum Monitoring; Self-Directed Academic Portal Access,Normal,67.69,67,16,89,2,58,515.53,High,Medium,Yes,8,Low,Yes,Low,Medium,Public,Neutral,3,No,College,Moderate,Male,Normal,1.8,267,2.22
ST-0975,0.17,Low Risk (Tier 3),Insufficient Study Volume,Standard Curriculum Monitoring; Self-Directed Academic Portal Access,Normal,66.76,68,16,83,4,56,1119.86,Medium,High,Yes,7,Low,Yes,High,Medium,Public,Positive,3,No,High School,Near,Female,Normal,0.8,415,3.0
ST-0976,0.31,Low Risk (Tier 3),Severe Attendance Deficit,Standard Curriculum Monitoring; Self-Directed Academic Portal Access,Normal,66.4,66,21,68,3,85,637.48,Medium,Medium,Yes,5,Medium,No,High,Medium,Public,Positive,2,No,College,Moderate,Male,Normal,2.8,272,4.5
ST-0977,0.62,High Risk (Tier 1),Severe Attendance Deficit,Immediate 1-on-1 Clinical Advising within 48h; Mandatory Study Hall,High_Risk,65.35,65,16,68,1,85,1699.79,Medium,Medium,Yes,7,Medium,Yes,Medium,Medium,Public,Positive,2,No,College,Near,Female,High_Risk,0.8,136,2.25
ST-0978,0.59,Moderate Risk (Tier 2),Insufficient Study Volume,Assignment to Peer Collaborative Learning Pod; Bi-Weekly Attendance Ping,High_Risk,64.59,66,12,81,2,64,959.88,Medium,Medium,Yes,7,High,Yes,High,Medium,Public,Neutral,3,No,High School,Near,Male,Normal,0.8,243,2.0
ST-0979,0.15,Low Risk (Tier 3),Lack of Tutoring Support,Standard Curriculum Monitoring; Self-Directed Academic Portal Access,Normal,68.22,70,27,76,0,69,1034.94,Medium,High,Yes,6,High,Yes,Medium,High,Public,Neutral,1,No,Unknown,Near,Male,Normal,1.8,76,3.86
ST-0980,0.2,Low Risk (Tier 3),Insufficient Study Volume,Standard Curriculum Monitoring; Self-Directed Academic Portal Access,Normal,69.06,69,11,93,4,94,369.27,High,Medium,No,9,Medium,Yes,Low,High,Public,Neutral,4,No,High School,Moderate,Male,Normal,2.8,465,1.9
ST-0981,0.64,High Risk (Tier 1),Multivariate Risk Factor,Immediate 1-on-1 Clinical Advising within 48h; Mandatory Study Hall,High_Risk,65.32,64,24,73,0,71,608.55,Low,Medium,Yes,9,High,Yes,Low,Medium,Public,Neutral,3,No,High School,Moderate,Male,High_Risk,2.8,73,2.4
ST-0982,0.22,Low Risk (Tier 3),Severe Attendance Deficit,Standard Curriculum Monitoring; Self-Directed Academic Portal Access,Normal,67.08,65,28,63,1,91,3184.6,Medium,Medium,Yes,7,Medium,Yes,Low,Medium,Private,Positive,1,No,High School,Far,Male,High_Risk,0.8,126,3.75
ST-0983,0.05,Low Risk (Tier 3),Insufficient Study Volume,Standard Curriculum Monitoring; Self-Directed Academic Portal Access,Normal,69.46,70,17,94,1,78,1657.29,High,Medium,Yes,7,Medium,Yes,Low,High,Public,Neutral,3,No,College,Near,Female,Normal,0.8,188,2.38
ST-0984,0.88,High Risk (Tier 1),Severe Attendance Deficit,Immediate 1-on-1 Clinical Advising within 48h; Mandatory Study Hall,High_Risk,61.39,61,13,62,2,86,621.08,Medium,Low,No,6,High,Yes,Low,Medium,Public,Neutral,4,No,High School,Near,Male,High_Risk,1.8,186,2.43
ST-0985,0.05,Low Risk (Tier 3),Multivariate Risk Factor,Standard Curriculum Monitoring; Self-Directed Academic Portal Access,Normal,73.03,70,29,94,2,95,3443.32,Low,Medium,Yes,7,Medium,No,Low,Medium,Public,Neutral,3,Yes,College,Moderate,Male,Normal,0.8,282,4.12
ST-0986,0.11,Low Risk (Tier 3),Insufficient Study Volume,Standard Curriculum Monitoring; Self-Directed Academic Portal Access,Normal,69.12,68,15,96,2,74,1387.33,High,Medium,No,7,Medium,Yes,Low,Low,Private,Positive,2,No,High School,Far,Male,Normal,0.8,288,2.38
ST-0987,0.55,Moderate Risk (Tier 2),Severe Attendance Deficit,Assignment to Peer Collaborative Learning Pod; Bi-Weekly Attendance Ping,High_Risk,66.86,65,31,65,1,71,2750.91,Medium,Low,Yes,7,Medium,Yes,Low,Medium,Public,Neutral,4,No,High School,Moderate,Male,High_Risk,0.8,130,4.12
ST-0988,0.05,Low Risk (Tier 3),Low Academic Motivation,Standard Curriculum Monitoring; Self-Directed Academic Portal Access,Normal,68.74,68,22,81,2,77,2117.24,Medium,Medium,Yes,7,Low,Yes,Medium,Medium,Public,Positive,3,No,Postgraduate,Far,Female,Normal,0.8,243,3.25
ST-0989,0.21,Low Risk (Tier 3),Insufficient Study Volume,Standard Curriculum Monitoring; Self-Directed Academic Portal Access,Normal,67.3,68,17,76,3,94,887.73,High,Medium,Yes,8,Medium,Yes,Medium,Medium,Public,Neutral,4,No,High School,Moderate,Female,Normal,1.8,304,2.56
ST-0990,0.07,Low Risk (Tier 3),Multivariate Risk Factor,Standard Curriculum Monitoring; Self-Directed Academic Portal Access,Normal,70.18,71,22,99,3,65,1787.28,High,Low,No,7,Medium,Yes,Low,Low,Public,Neutral,3,No,Postgraduate,Near,Female,Normal,0.8,396,3.5
ST-0991,0.28,Low Risk (Tier 3),Severe Attendance Deficit,Standard Curriculum Monitoring; Self-Directed Academic Portal Access,Normal,66.91,67,24,66,0,89,1186.6,Medium,High,No,8,Medium,Yes,Medium,High,Public,Positive,2,No,College,Near,Male,Normal,1.8,66,2.67
ST-0992,0.5,Moderate Risk (Tier 2),Severe Attendance Deficit,Assignment to Peer Collaborative Learning Pod; Bi-Weekly Attendance Ping,High_Risk,66.25,64,18,71,1,92,435.78,High,Low,Yes,4,Medium,Yes,Low,Medium,Public,Negative,4,Yes,College,Near,Female,High_Risk,3.8,142,4.0
ST-0993,0.07,Low Risk (Tier 3),Low Academic Motivation,Standard Curriculum Monitoring; Self-Directed Academic Portal Access,Normal,69.44,69,20,95,3,100,2499.69,Medium,Low,Yes,7,Low,No,Low,Medium,Private,Neutral,2,No,High School,Near,Female,Normal,0.8,380,3.25
ST-0994,0.17,Low Risk (Tier 3),Multivariate Risk Factor,Standard Curriculum Monitoring; Self-Directed Academic Portal Access,Normal,67.07,66,19,78,2,76,1804.77,Medium,Medium,No,7,High,Yes,Medium,Low,Public,Neutral,3,No,College,Moderate,Female,Normal,0.8,234,2.88
ST-0995,0.12,Low Risk (Tier 3),Lack of Tutoring Support,Standard Curriculum Monitoring; Self-Directed Academic Portal Access,Normal,69.23,69,26,94,0,53,492.13,High,Low,Yes,5,Low,Yes,Low,High,Public,Neutral,2,No,High School,Near,Male,Normal,2.8,94,4.33
ST-0996,0.82,High Risk (Tier 1),Severe Attendance Deficit,Immediate 1-on-1 Clinical Advising within 48h; Mandatory Study Hall,High_Risk,63.08,63,12,70,2,53,227.13,Medium,High,No,5,Medium,Yes,Low,Medium,Private,Positive,3,No,College,Near,Male,High_Risk,2.8,210,2.67
ST-0997,0.36,Low Risk (Tier 3),Insufficient Study Volume,Standard Curriculum Monitoring; Self-Directed Academic Portal Access,Normal,65.8,65,17,82,2,63,382.49,Low,Medium,Yes,9,Medium,Yes,Low,Medium,Private,Neutral,2,No,College,Moderate,Male,High_Risk,2.8,246,2.1
ST-0998,0.6,High Risk (Tier 1),Severe Attendance Deficit,Immediate 1-on-1 Clinical Advising within 48h; Mandatory Study Hall,High_Risk,64.25,67,19,62,2,83,563.19,High,Medium,Yes,9,High,Yes,Medium,Medium,Public,Positive,3,No,College,Unknown,Male,Normal,2.8,186,2.3
ST-0999,0.16,Low Risk (Tier 3),Low Academic Motivation,Standard Curriculum Monitoring; Self-Directed Academic Portal Access,Normal,67.58,66,22,79,0,91,2502.19,Medium,Medium,Yes,7,Low,Yes,Low,Medium,Public,Positive,4,Yes,College,Moderate,Male,Normal,0.8,79,2.75
ST-1000,0.15,Low Risk (Tier 3),Lack of Tutoring Support,Standard Curriculum Monitoring; Self-Directed Academic Portal Access,Normal,69.03,69,36,82,0,63,2834.65,Low,Low,Yes,7,Medium,Yes,Medium,Medium,Private,Positive,3,No,High School,Near,Male,Normal,0.8,82,4.5
ST-1001,0.41,Moderate Risk (Tier 2),Severe Attendance Deficit,Assignment to Peer Collaborative Learning Pod; Bi-Weekly Attendance Ping,High_Risk,65.41,65,24,70,2,62,531.41,Medium,High,No,5,Medium,Yes,Low,Medium,Private,Negative,4,Yes,College,Near,Male,High_Risk,2.8,210,4.67
ST-1002,0.7,High Risk (Tier 1),Insufficient Study Volume,Immediate 1-on-1 Clinical Advising within 48h; Mandatory Study Hall,High_Risk,63.35,63,12,72,4,67,446.64,Medium,Medium,No,8,Low,Yes,Medium,Medium,Public,Neutral,4,No,High School,Near,Male,High_Risk,1.8,360,2.22
ST-1003,0.1,Low Risk (Tier 3),Severe Attendance Deficit,Standard Curriculum Monitoring; Self-Directed Academic Portal Access,Normal,67.91,69,26,66,3,91,1314.37,Medium,Medium,No,6,Medium,Yes,Medium,Unknown,Public,Positive,3,No,College,Near,Female,Normal,1.8,264,4.57
ST-1004,0.65,High Risk (Tier 1),Severe Attendance Deficit,Immediate 1-on-1 Clinical Advising within 48h; Mandatory Study Hall,High_Risk,64.47,64,15,68,0,95,508.91,Medium,Medium,Yes,5,Medium,Yes,High,Medium,Public,Negative,5,No,College,Near,Female,High_Risk,2.8,68,2.5
ST-1005,0.07,Low Risk (Tier 3),Lack of Tutoring Support,Standard Curriculum Monitoring; Self-Directed Academic Portal Access,Normal,70.66,71,25,98,0,56,777.73,Low,High,Yes,8,Medium,No,Medium,High,Private,Neutral,3,No,Postgraduate,Near,Male,Normal,1.8,98,2.78
ST-1006,0.2,Low Risk (Tier 3),Low Academic Motivation,Standard Curriculum Monitoring; Self-Directed Academic Portal Access,Normal,67.06,68,19,86,1,54,569.97,Medium,Low,No,6,Low,Yes,High,High,Private,Positive,5,No,Postgraduate,Near,Male,Normal,1.8,172,3.0
ST-1007,0.0,Low Risk (Tier 3),Multivariate Risk Factor,Standard Curriculum Monitoring; Self-Directed Academic Portal Access,Normal,73.43,75,26,100,1,79,1141.05,High,Medium,Yes,6,High,Yes,Medium,High,Public,Positive,3,No,College,Moderate,Male,Normal,1.8,200,4.0
ST-1008,0.0,Low Risk (Tier 3),Multivariate Risk Factor,Standard Curriculum Monitoring; Self-Directed Academic Portal Access,Normal,72.84,73,27,99,3,57,854.95,High,Medium,Yes,6,Medium,Yes,Low,Medium,Public,Neutral,3,No,College,Moderate,Male,Normal,1.8,396,4.71
ST-1009,0.42,Moderate Risk (Tier 2),Insufficient Study Volume,Assignment to Peer Collaborative Learning Pod; Bi-Weekly Attendance Ping,High_Risk,65.68,65,15,79,2,79,311.83,Low,Medium,Yes,10,Medium,Yes,Low,Medium,Private,Neutral,4,No,College,Moderate,Male,High_Risk,3.8,237,1.73
ST-1010,0.02,Low Risk (Tier 3),Multivariate Risk Factor,Standard Curriculum Monitoring; Self-Directed Academic Portal Access,Normal,72.91,74,32,87,2,100,1142.82,Medium,High,Yes,9,Medium,Yes,Medium,Low,Private,Neutral,2,No,Postgraduate,Moderate,Male,Normal,2.8,261,3.6
ST-1011,0.07,Low Risk (Tier 3),Insufficient Study Volume,Standard Curriculum Monitoring; Self-Directed Academic Portal Access,Normal,67.63,67,17,87,4,60,364.27,Medium,Medium,Yes,5,Medium,Yes,Medium,Medium,Private,Positive,3,Yes,High School,Near,Female,Normal,2.8,435,4.17
ST-1012,0.45,Moderate Risk (Tier 2),Severe Attendance Deficit,Assignment to Peer Collaborative Learning Pod; Bi-Weekly Attendance Ping,High_Risk,65.92,65,24,70,1,71,2129.73,Medium,Medium,Yes,7,Medium,Yes,Medium,Low,Public,Negative,4,No,High School,Near,Male,High_Risk,0.8,140,3.25
ST-1013,0.83,High Risk (Tier 1),Insufficient Study Volume,Immediate 1-on-1 Clinical Advising within 48h; Mandatory Study Hall,High_Risk,64.06,63,10,79,1,73,405.53,High,Medium,No,8,High,No,Low,Low,Public,Neutral,4,No,High School,Near,Female,High_Risk,1.8,158,1.33
ST-1014,0.7,High Risk (Tier 1),Severe Attendance Deficit,Immediate 1-on-1 Clinical Advising within 48h; Mandatory Study Hall,High_Risk,64.61,63,19,69,2,75,508.91,Medium,Low,Yes,9,Medium,Yes,Medium,Low,Public,Negative,5,No,High School,Moderate,Female,High_Risk,2.8,207,2.3
ST-1015,0.05,Low Risk (Tier 3),Multivariate Risk Factor,Standard Curriculum Monitoring; Self-Directed Academic Portal Access,Normal,69.64,68,21,89,3,76,1994.75,Low,Medium,No,7,Medium,Yes,High,Medium,Public,Positive,2,No,High School,Far,Female,Normal,0.8,356,3.38
ST-1016,0.11,Low Risk (Tier 3),Insufficient Study Volume,Standard Curriculum Monitoring; Self-Directed Academic Portal Access,Normal,68.44,68,11,91,4,100,611.08,High,Low,Yes,6,Low,Yes,Low,Medium,Public,Negative,2,No,Postgraduate,Near,Male,Normal,1.8,455,2.71
ST-1017,0.05,Low Risk (Tier 3),Multivariate Risk Factor,Standard Curriculum Monitoring; Self-Directed Academic Portal Access,Normal,70.86,72,19,97,2,94,992.17,Medium,Low,No,6,Medium,Yes,High,Medium,Public,Neutral,4,No,Postgraduate,Near,Male,Normal,1.8,291,3.29
ST-1018,0.04,Low Risk (Tier 3),Circadian Irregularity,Standard Curriculum Monitoring; Self-Directed Academic Portal Access,Normal,69.64,70,18,93,0,85,546.41,Medium,High,Yes,5,Medium,Yes,Low,Medium,Public,Positive,3,No,High School,Near,Male,Normal,2.8,93,3.0
ST-1019,0.27,Low Risk (Tier 3),Circadian Irregularity,Standard Curriculum Monitoring; Self-Directed Academic Portal Access,Normal,69.28,66,23,74,3,67,405.52,Medium,Medium,No,4,Medium,Yes,High,Medium,Private,Negative,5,No,High School,Far,Male,Normal,3.8,296,5.8
ST-1020,0.22,Low Risk (Tier 3),Low Academic Motivation,Standard Curriculum Monitoring; Self-Directed Academic Portal Access,Normal,67.08,65,21,85,1,50,583.3,Medium,Medium,No,8,Low,Yes,Medium,High,Private,Neutral,2,No,High School,Far,Male,High_Risk,1.8,170,2.56
ST-1021,0.42,Moderate Risk (Tier 2),Insufficient Study Volume,Assignment to Peer Collaborative Learning Pod; Bi-Weekly Attendance Ping,High_Risk,66.53,66,16,77,1,93,1859.77,Medium,Medium,Yes,7,Medium,Yes,Low,Medium,Public,Positive,2,No,Unknown,Moderate,Male,Normal,0.8,154,2.25
ST-1022,0.37,Low Risk (Tier 3),Severe Attendance Deficit,Standard Curriculum Monitoring; Self-Directed Academic Portal Access,Normal,66.82,68,21,70,1,93,697.48,High,Medium,Yes,5,High,Yes,Low,Medium,Public,Neutral,3,No,College,Near,Male,Normal,2.8,140,3.83
ST-1023,0.4,Moderate Risk (Tier 2),Insufficient Study Volume,Assignment to Peer Collaborative Learning Pod; Bi-Weekly Attendance Ping,High_Risk,65.87,67,17,72,3,65,613.85,High,High,Yes,6,Low,Yes,Low,High,Public,Positive,2,No,Postgraduate,Far,Male,Normal,1.8,288,3.29
ST-1024,0.08,Low Risk (Tier 3),Insufficient Study Volume,Standard Curriculum Monitoring; Self-Directed Academic Portal Access,Normal,67.88,68,16,86,1,89,1779.78,Low,High,Yes,7,Low,Yes,Medium,Low,Public,Positive,2,No,Postgraduate,Near,Female,Normal,0.8,172,2.25
ST-1025,0.15,Low Risk (Tier 3),Multivariate Risk Factor,Standard Curriculum Monitoring; Self-Directed Academic Portal Access,Normal,68.08,68,24,79,2,99,1319.93,Low,High,No,6,High,No,Low,High,Public,Negative,3,No,High School,Near,Male,Normal,1.8,237,4.0
ST-1026,0.86,High Risk (Tier 1),Severe Attendance Deficit,Immediate 1-on-1 Clinical Advising within 48h; Mandatory Study Hall,High_Risk,63.68,61,11,68,3,91,556.08,Medium,Medium,No,6,Low,Yes,Low,High,Public,Negative,2,No,College,Far,Female,High_Risk,1.8,272,2.43
ST-1027,0.32,Low Risk (Tier 3),Insufficient Study Volume,Standard Curriculum Monitoring; Self-Directed Academic Portal Access,Normal,65.48,66,13,87,0,98,707.74,Low,Medium,Yes,6,Low,Yes,High,High,Public,Positive,3,Yes,Postgraduate,Moderate,Male,Normal,1.8,87,1.86
ST-1028,0.11,Low Risk (Tier 3),Multivariate Risk Factor,Standard Curriculum Monitoring; Self-Directed Academic Portal Access,Normal,67.28,67,18,82,3,88,1979.75,Medium,Medium,No,7,Medium,Yes,Low,Medium,Public,Negative,3,No,College,Moderate,Female,Normal,0.8,328,3.0
ST-1029,0.25,Low Risk (Tier 3),Insufficient Study Volume,Standard Curriculum Monitoring; Self-Directed Academic Portal Access,Normal,67.77,65,16,87,2,56,235.78,Low,Medium,Yes,10,Low,Yes,Medium,High,Private,Neutral,0,No,Postgraduate,Moderate,Female,High_Risk,3.8,261,1.82
ST-1030,0.04,Low Risk (Tier 3),Multivariate Risk Factor,Standard Curriculum Monitoring; Self-Directed Academic Portal Access,Normal,71.49,72,23,93,1,93,2673.42,Low,High,Yes,7,High,Yes,Medium,High,Public,Negative,3,No,High School,Near,Female,Normal,0.8,186,3.12
ST-1031,0.07,Low Risk (Tier 3),Multivariate Risk Factor,Standard Curriculum Monitoring; Self-Directed Academic Portal Access,Normal,69.14,68,28,83,0,81,809.97,High,Low,No,9,Medium,Yes,Low,Medium,Public,Neutral,4,No,High School,Moderate,Male,Normal,2.8,83,2.8
ST-1032,0.08,Low Risk (Tier 3),Insufficient Study Volume,Standard Curriculum Monitoring; Self-Directed Academic Portal Access,Normal,70.18,71,17,97,0,96,582.84,Medium,High,No,9,High,Yes,High,Medium,Public,Negative,1,No,Postgraduate,Near,Male,Normal,2.8,97,1.7
ST-1033,0.2,Low Risk (Tier 3),Insufficient Study Volume,Standard Curriculum Monitoring; Self-Directed Academic Portal Access,Normal,68.42,67,17,96,0,60,1274.84,High,Medium,Yes,7,Low,Yes,Low,Medium,Private,Neutral,2,Yes,College,Near,Male,Normal,0.8,96,2.12
ST-1034,0.21,Low Risk (Tier 3),Lack of Tutoring Support,Standard Curriculum Monitoring; Self-Directed Academic Portal Access,Normal,69.59,69,23,97,0,55,451.77,Low,High,Yes,5,Medium,Yes,Medium,Low,Public,Neutral,3,No,High School,Moderate,Female,Normal,2.8,97,3.83
ST-1035,0.86,High Risk (Tier 1),Severe Attendance Deficit,Immediate 1-on-1 Clinical Advising within 48h; Mandatory Study Hall,High_Risk,63.69,64,21,66,0,63,1653.54,Medium,Medium,Yes,7,Medium,Yes,High,Medium,Public,Neutral,3,No,High School,Near,Female,High_Risk,0.8,66,2.62
ST-1036,0.18,Low Risk (Tier 3),Circadian Irregularity,Standard Curriculum Monitoring; Self-Directed Academic Portal Access,Normal,68.72,69,18,85,0,99,468.94,High,Low,Yes,4,High,Yes,Low,Medium,Private,Neutral,4,No,College,Near,Male,Normal,3.8,85,3.6
ST-1037,0.01,Low Risk (Tier 3),Multivariate Risk Factor,Standard Curriculum Monitoring; Self-Directed Academic Portal Access,Normal,69.78,70,24,85,1,89,1186.6,High,High,No,8,Medium,Yes,Low,Medium,Public,Neutral,3,No,High School,Moderate,Female,Normal,1.8,170,2.89
ST-1038,0.01,Low Risk (Tier 3),Multivariate Risk Factor,Standard Curriculum Monitoring; Self-Directed Academic Portal Access,Normal,72.49,74,35,84,6,92,1788.79,Low,Medium,Yes,8,High,Yes,Low,High,Public,Negative,4,No,High School,Moderate,Male,Normal,1.8,588,5.22
ST-1039,0.04,Low Risk (Tier 3),Low Academic Motivation,Standard Curriculum Monitoring; Self-Directed Academic Portal Access,Normal,68.18,68,27,77,1,86,2902.14,Medium,Medium,Yes,7,Low,Yes,High,Medium,Public,Neutral,3,No,High School,Moderate,Male,Normal,0.8,154,3.62
ST-1040,0.44,Moderate Risk (Tier 2),Insufficient Study Volume,Assignment to Peer Collaborative Learning Pod; Bi-Weekly Attendance Ping,High_Risk,65.08,64,9,91,0,59,139.73,Medium,Medium,No,10,High,Yes,Low,Medium,Private,Positive,2,No,College,Moderate,Male,High_Risk,3.8,91,0.82
ST-1041,0.03,Low Risk (Tier 3),Circadian Irregularity,Standard Curriculum Monitoring; Self-Directed Academic Portal Access,Normal,70.92,71,27,94,0,77,742.47,Medium,Low,No,5,Medium,Yes,Medium,High,Public,Positive,2,No,College,Near,Female,Normal,2.8,94,4.5
ST-1042,0.11,Low Risk (Tier 3),Multivariate Risk Factor,Standard Curriculum Monitoring; Self-Directed Academic Portal Access,Normal,69.53,70,29,83,1,77,1240.49,Medium,Low,Yes,6,High,Yes,Medium,Medium,Public,Neutral,4,No,High School,Near,Male,Normal,1.8,166,4.43
ST-1043,0.23,Low Risk (Tier 3),Low Academic Motivation,Standard Curriculum Monitoring; Self-Directed Academic Portal Access,Normal,71.7,68,26,73,3,53,1722.28,High,Medium,Yes,7,Low,Yes,Medium,High,Private,Neutral,5,No,High School,Moderate,Female,Normal,0.8,292,4.0
ST-1044,0.04,Low Risk (Tier 3),Multivariate Risk Factor,Standard Curriculum Monitoring; Self-Directed Academic Portal Access,Normal,68.97,69,20,94,1,70,777.73,Medium,Medium,Yes,6,High,Yes,Medium,Medium,Public,Neutral,2,No,High School,Moderate,Female,Normal,1.8,188,3.14
ST-1045,0.27,Low Risk (Tier 3),Insufficient Study Volume,Standard Curriculum Monitoring; Self-Directed Academic Portal Access,Normal,65.63,66,17,81,1,68,412.84,High,Low,Yes,9,High,Yes,Low,Low,Private,Positive,3,No,College,Near,Female,Normal,2.8,162,1.9
ST-1046,0.66,High Risk (Tier 1),Insufficient Study Volume,Immediate 1-on-1 Clinical Advising within 48h; Mandatory Study Hall,High_Risk,64.49,65,12,79,2,73,486.64,Medium,Medium,No,8,Medium,Yes,Medium,Medium,Private,Neutral,4,No,High School,Near,Male,High_Risk,1.8,237,1.78
ST-1047,0.03,Low Risk (Tier 3),Multivariate Risk Factor,Standard Curriculum Monitoring; Self-Directed Academic Portal Access,Normal,71.76,70,24,82,2,91,1213.27,High,Medium,No,6,Medium,Yes,High,Medium,Public,Positive,1,No,High School,Unknown,Male,Normal,1.8,246,4.0
ST-1048,0.59,Moderate Risk (Tier 2),Insufficient Study Volume,Assignment to Peer Collaborative Learning Pod; Bi-Weekly Attendance Ping,High_Risk,65.38,66,17,75,1,69,1466.07,High,Low,Yes,7,Medium,Yes,High,Medium,Public,Positive,4,No,High School,Near,Male,Normal,0.8,150,2.38
ST-1049,0.26,Low Risk (Tier 3),Low Academic Motivation,Standard Curriculum Monitoring; Self-Directed Academic Portal Access,Normal,66.28,67,25,74,1,77,1069.39,High,Low,Yes,8,Low,Yes,Low,Medium,Public,Neutral,2,No,Postgraduate,Moderate,Female,Normal,1.8,148,3.0
ST-1050,0.22,Low Risk (Tier 3),Lack of Tutoring Support,Standard Curriculum Monitoring; Self-Directed Academic Portal Access,Normal,67.52,66,26,76,0,64,594.26,Medium,Medium,No,5,Low,Yes,Medium,Medium,Public,Positive,5,No,College,Far,Female,Normal,2.8,76,4.33
ST-1051,0.03,Low Risk (Tier 3),Multivariate Risk Factor,Standard Curriculum Monitoring; Self-Directed Academic Portal Access,Normal,69.85,70,24,94,1,63,1889.76,Medium,Medium,No,7,Medium,Yes,Low,High,Public,Neutral,3,No,High School,Near,Male,Normal,0.8,188,3.25
ST-1052,0.07,Low Risk (Tier 3),Severe Attendance Deficit,Standard Curriculum Monitoring; Self-Directed Academic Portal Access,Normal,68.6,70,30,70,2,84,1399.92,High,Low,No,6,High,Yes,Medium,Medium,Public,Positive,3,No,Postgraduate,Near,Male,Normal,1.8,210,4.86
ST-1053,0.27,Low Risk (Tier 3),Lack of Tutoring Support,Standard Curriculum Monitoring; Self-Directed Academic Portal Access,Normal,66.48,66,20,82,0,66,733.29,Low,Medium,No,8,Low,Yes,High,Medium,Public,Positive,2,No,Postgraduate,Near,Male,Normal,1.8,82,2.22
ST-1054,0.16,Low Risk (Tier 3),Multivariate Risk Factor,Standard Curriculum Monitoring; Self-Directed Academic Portal Access,Normal,67.23,68,24,82,0,72,2159.73,Low,Medium,Yes,7,Medium,Yes,Medium,High,Public,Positive,2,No,Postgraduate,Moderate,Female,Normal,0.8,82,3.0
ST-1055,0.01,Low Risk (Tier 3),Multivariate Risk Factor,Standard Curriculum Monitoring; Self-Directed Academic Portal Access,Normal,72.02,73,25,99,1,74,660.69,Medium,High,No,9,Medium,Yes,Medium,High,Private,Negative,3,No,High School,Near,Male,Normal,2.8,198,2.7
ST-1056,0.42,Moderate Risk (Tier 2),Severe Attendance Deficit,Assignment to Peer Collaborative Learning Pod; Bi-Weekly Attendance Ping,High_Risk,65.88,69,16,67,5,87,366.31,Medium,High,Yes,4,High,Yes,High,High,Public,Positive,4,No,College,Near,Male,Normal,3.8,402,5.2
ST-1057,0.08,Low Risk (Tier 3),Multivariate Risk Factor,Standard Curriculum Monitoring; Self-Directed Academic Portal Access,Normal,70.16,69,23,94,2,83,681.76,Low,Low,Yes,9,Medium,Yes,Low,Medium,Private,Positive,2,No,High School,Near,Female,Normal,2.8,282,2.7
ST-1058,0.3,Low Risk (Tier 3),Multivariate Risk Factor,Standard Curriculum Monitoring; Self-Directed Academic Portal Access,Normal,66.56,66,21,86,1,56,653.3,Medium,Low,No,6,Medium,Yes,Low,High,Private,Negative,2,No,College,Near,Female,Normal,1.8,172,3.29
ST-1059,0.2,Low Risk (Tier 3),Multivariate Risk Factor,Standard Curriculum Monitoring; Self-Directed Academic Portal Access,Normal,68.04,68,25,87,1,52,464.27,Medium,Low,No,9,High,Yes,Low,High,Private,Positive,2,No,High School,Near,Male,Normal,2.8,174,2.7
ST-1060,0.15,Low Risk (Tier 3),Low Academic Motivation,Standard Curriculum Monitoring; Self-Directed Academic Portal Access,Normal,68.28,67,21,84,1,75,874.95,Medium,Medium,No,6,Low,No,High,Medium,Public,Positive,3,No,College,Moderate,Male,Normal,1.8,168,3.29
ST-1061,0.65,High Risk (Tier 1),Insufficient Study Volume,Immediate 1-on-1 Clinical Advising within 48h; Mandatory Study Hall,High_Risk,64.06,65,16,73,0,62,551.08,High,Medium,Yes,8,Medium,Yes,High,High,Private,Neutral,2,No,High School,Near,Female,High_Risk,1.8,73,1.78
ST-1062,0.63,High Risk (Tier 1),Severe Attendance Deficit,Immediate 1-on-1 Clinical Advising within 48h; Mandatory Study Hall,High_Risk,64.61,63,23,62,1,87,714.62,Medium,Low,Yes,5,Medium,Yes,Medium,Medium,Public,Negative,4,No,High School,Near,Female,High_Risk,2.8,124,4.17
ST-1063,0.4,Moderate Risk (Tier 2),Low Academic Motivation,Assignment to Peer Collaborative Learning Pod; Bi-Weekly Attendance Ping,High_Risk,66.47,67,19,75,1,98,1034.39,High,Medium,No,8,Low,Yes,Low,Medium,Public,Neutral,3,No,Postgraduate,Moderate,Male,Normal,1.8,150,2.33
ST-1064,0.15,Low Risk (Tier 3),Multivariate Risk Factor,Standard Curriculum Monitoring; Self-Directed Academic Portal Access,Normal,67.48,67,25,76,1,61,847.18,Medium,High,No,6,Medium,Yes,Medium,Medium,Public,Neutral,3,No,Postgraduate,Far,Male,Normal,1.8,152,3.86
ST-1065,0.11,Low Risk (Tier 3),Insufficient Study Volume,Standard Curriculum Monitoring; Self-Directed Academic Portal Access,Normal,68.68,67,17,87,1,99,601.05,Medium,Medium,No,9,Medium,Yes,Medium,Low,Private,Neutral,3,No,High School,Moderate,Male,Normal,2.8,174,1.9
ST-1066,0.12,Low Risk (Tier 3),Low Academic Motivation,Standard Curriculum Monitoring; Self-Directed Academic Portal Access,Normal,69.58,69,21,95,1,98,2572.18,Low,Low,No,7,Low,Yes,Low,High,Public,Positive,2,No,High School,Near,Male,Normal,0.8,190,2.88
ST-1067,0.1,Low Risk (Tier 3),Insufficient Study Volume,Standard Curriculum Monitoring; Self-Directed Academic Portal Access,Normal,68.55,68,16,86,0,94,537.12,High,Medium,Yes,5,High,Yes,Medium,Medium,Public,Negative,2,No,High School,Near,Male,Normal,2.8,86,2.67
ST-1068,0.04,Low Risk (Tier 3),Circadian Irregularity,Standard Curriculum Monitoring; Self-Directed Academic Portal Access,Normal,70.33,70,22,87,2,80,628.55,High,High,No,5,Low,Yes,Low,High,Public,Negative,3,No,High School,Near,Female,Normal,2.8,261,4.33
ST-1069,0.12,Low Risk (Tier 3),Insufficient Study Volume,Standard Curriculum Monitoring; Self-Directed Academic Portal Access,Normal,69.66,68,15,98,2,89,1668.54,Medium,Medium,Yes,7,Low,No,Low,Low,Public,Neutral,3,No,College,Moderate,Male,Normal,0.8,294,2.38
ST-1070,0.09,Low Risk (Tier 3),Insufficient Study Volume,Standard Curriculum Monitoring; Self-Directed Academic Portal Access,Normal,67.91,69,9,98,2,58,652.42,High,High,No,7,Medium,Yes,Medium,Medium,Public,Negative,4,No,College,Near,Male,Normal,0.8,294,1.62
ST-1071,0.02,Low Risk (Tier 3),Multivariate Risk Factor,Standard Curriculum Monitoring; Self-Directed Academic Portal Access,Normal,69.26,69,24,82,3,77,659.98,Medium,Medium,No,9,Medium,Yes,Medium,Medium,Public,Positive,2,No,High School,Near,Female,Normal,2.8,328,3.0
ST-1072,0.23,Low Risk (Tier 3),Insufficient Study Volume,Standard Curriculum Monitoring; Self-Directed Academic Portal Access,Normal,66.27,65,16,84,2,75,1499.81,Low,Medium,No,7,High,Yes,Medium,Medium,Public,Negative,3,No,High School,Near,Female,High_Risk,0.8,252,2.5
ST-1073,0.08,Low Risk (Tier 3),Circadian Irregularity,Standard Curriculum Monitoring; Self-Directed Academic Portal Access,Normal,69.64,69,19,94,3,95,644.62,Low,Medium,Yes,5,Medium,Yes,Low,Low,Public,Positive,2,No,High School,Moderate,Male,Normal,2.8,376,4.17
ST-1074,0.12,Low Risk (Tier 3),Insufficient Study Volume,Standard Curriculum Monitoring; Self-Directed Academic Portal Access,Normal,68.86,70,13,98,1,71,512.75,Medium,High,Yes,6,Medium,Yes,Low,High,Private,Positive,1,No,College,Near,Female,Normal,1.8,196,2.14
ST-1075,0.12,Low Risk (Tier 3),Multivariate Risk Factor,Standard Curriculum Monitoring; Self-Directed Academic Portal Access,Normal,66.4,69,20,75,1,71,1774.78,High,High,Yes,7,High,Yes,Medium,High,Public,Positive,4,No,College,Moderate,Male,Normal,0.8,150,2.75
ST-1076,0.16,Low Risk (Tier 3),Low Academic Motivation,Standard Curriculum Monitoring; Self-Directed Academic Portal Access,Normal,68.01,67,23,76,3,52,664.41,Medium,High,Yes,6,Low,Yes,Medium,Medium,Public,Neutral,4,No,College,Moderate,Male,Normal,1.8,304,4.14
ST-1077,0.77,High Risk (Tier 1),Severe Attendance Deficit,Immediate 1-on-1 Clinical Advising within 48h; Mandatory Study Hall,High_Risk,63.23,63,14,68,1,71,552.19,Medium,High,No,6,Low,Yes,Medium,Medium,Public,Positive,3,No,College,Moderate,Male,High_Risk,1.8,136,2.29
ST-1078,0.7,High Risk (Tier 1),Insufficient Study Volume,Immediate 1-on-1 Clinical Advising within 48h; Mandatory Study Hall,High_Risk,62.33,62,9,77,1,83,933.63,Low,High,Yes,7,Medium,Yes,Low,High,Private,Neutral,4,Yes,High School,Far,Male,High_Risk,0.8,154,1.38
ST-1079,0.03,Low Risk (Tier 3),Multivariate Risk Factor,Standard Curriculum Monitoring; Self-Directed Academic Portal Access,Normal,70.63,72,24,93,1,78,1039.94,Low,High,Yes,8,Medium,Yes,High,Medium,Public,Neutral,4,No,High School,Near,Female,Normal,1.8,186,2.89
ST-1080,0.39,Moderate Risk (Tier 2),Insufficient Study Volume,Assignment to Peer Collaborative Learning Pod; Bi-Weekly Attendance Ping,High_Risk,65.69,67,16,73,0,71,631.08,High,High,Yes,6,Medium,Yes,Low,Medium,Public,Positive,4,No,Postgraduate,Near,Male,Normal,1.8,73,2.29
ST-1081,0.51,Moderate Risk (Tier 2),Insufficient Study Volume,Assignment to Peer Collaborative Learning Pod; Bi-Weekly Attendance Ping,High_Risk,65.38,64,15,78,0,81,1518.56,Medium,Medium,Yes,7,Medium,Yes,Medium,Low,Public,Neutral,2,No,High School,Near,Male,High_Risk,0.8,78,1.88
ST-1082,0.29,Low Risk (Tier 3),Insufficient Study Volume,Standard Curriculum Monitoring; Self-Directed Academic Portal Access,Normal,67.02,66,14,77,3,81,298.41,Medium,Medium,Yes,4,Low,Yes,Medium,Medium,Private,Neutral,3,No,College,Unknown,Female,Normal,3.8,308,4.0
ST-1083,0.45,Moderate Risk (Tier 2),Insufficient Study Volume,Assignment to Peer Collaborative Learning Pod; Bi-Weekly Attendance Ping,High_Risk,66.34,65,9,96,1,75,374.98,Medium,Low,Yes,8,Low,Yes,Low,High,Private,Positive,4,Yes,High School,Near,Female,High_Risk,1.8,192,1.22
ST-1084,0.04,Low Risk (Tier 3),Multivariate Risk Factor,Standard Curriculum Monitoring; Self-Directed Academic Portal Access,Normal,71.27,72,18,96,2,75,1687.29,High,High,No,7,High,Yes,Medium,High,Public,Negative,2,No,Unknown,Near,Male,Normal,0.8,288,2.75
ST-1085,0.89,High Risk (Tier 1),Severe Attendance Deficit,Immediate 1-on-1 Clinical Advising within 48h; Mandatory Study Hall,High_Risk,63.56,60,7,62,1,90,787.4,Low,High,No,7,Medium,Yes,Medium,Low,Public,Neutral,5,No,College,Moderate,Female,High_Risk,0.8,124,1.12
ST-1086,0.78,High Risk (Tier 1),Severe Attendance Deficit,Immediate 1-on-1 Clinical Advising within 48h; Mandatory Study Hall,High_Risk,63.17,61,24,61,1,54,719.96,Medium,Medium,No,8,Medium,Yes,Low,Medium,Public,Neutral,2,Yes,Unknown,Moderate,Male,High_Risk,1.8,122,2.89
ST-1087,0.93,High Risk (Tier 1),Severe Attendance Deficit,Immediate 1-on-1 Clinical Advising within 48h; Mandatory Study Hall,High_Risk,62.64,61,16,67,1,56,319.99,Medium,Medium,Yes,5,Low,Yes,Low,Medium,Public,Negative,2,No,College,Near,Female,High_Risk,2.8,134,3.0
ST-1088,0.35,Low Risk (Tier 3),Severe Attendance Deficit,Standard Curriculum Monitoring; Self-Directed Academic Portal Access,Normal,65.91,65,24,62,1,97,831.4,Medium,Medium,No,9,Medium,Yes,Medium,Medium,Private,Negative,2,No,Postgraduate,Near,Male,High_Risk,2.8,124,2.6
ST-1089,0.41,Moderate Risk (Tier 2),Circadian Irregularity,Assignment to Peer Collaborative Learning Pod; Bi-Weekly Attendance Ping,High_Risk,66.14,65,24,76,1,78,668.55,Low,Medium,No,5,High,Yes,Medium,Medium,Private,Neutral,4,Yes,High School,Moderate,Male,High_Risk,2.8,152,4.33
ST-1090,0.29,Low Risk (Tier 3),Insufficient Study Volume,Standard Curriculum Monitoring; Self-Directed Academic Portal Access,Normal,66.37,67,14,92,0,61,474.42,High,Medium,Yes,6,High,Yes,Low,Medium,Private,Neutral,2,No,College,Moderate,Male,Normal,1.8,92,2.0
ST-1091,0.52,Moderate Risk (Tier 2),Low Academic Motivation,Assignment to Peer Collaborative Learning Pod; Bi-Weekly Attendance Ping,High_Risk,65.52,64,18,82,1,52,1169.85,High,Low,No,7,Low,Yes,Low,Medium,Public,Negative,4,No,High School,Near,Female,High_Risk,0.8,164,2.5
ST-1092,0.72,High Risk (Tier 1),Insufficient Study Volume,Immediate 1-on-1 Clinical Advising within 48h; Mandatory Study Hall,High_Risk,63.7,64,13,72,1,56,404.42,Medium,High,No,8,Low,Yes,Low,High,Public,Positive,4,No,Postgraduate,Moderate,Female,High_Risk,1.8,144,1.67
ST-1093,0.39,Moderate Risk (Tier 2),Insufficient Study Volume,Assignment to Peer Collaborative Learning Pod; Bi-Weekly Attendance Ping,High_Risk,66.12,66,10,98,1,66,173.68,Medium,Low,Yes,10,Low,Yes,Low,High,Public,Negative,2,No,College,Near,Female,Normal,3.8,196,1.09
ST-1094,0.01,Low Risk (Tier 3),Multivariate Risk Factor,Standard Curriculum Monitoring; Self-Directed Academic Portal Access,Normal,71.56,72,20,100,3,91,1011.05,Medium,Medium,Yes,8,Medium,Yes,Low,Medium,Public,Positive,3,No,High School,Near,Male,Normal,1.8,400,2.89
ST-1095,0.07,Low Risk (Tier 3),Multivariate Risk Factor,Standard Curriculum Monitoring; Self-Directed Academic Portal Access,Normal,68.62,70,27,81,0,70,1049.94,High,High,Yes,6,Medium,Yes,Low,Medium,Public,Positive,5,No,High School,Far,Female,Normal,1.8,81,3.86
ST-1096,0.63,High Risk (Tier 1),Severe Attendance Deficit,Immediate 1-on-1 Clinical Advising within 48h; Mandatory Study Hall,High_Risk,65.14,63,29,64,0,77,797.47,Low,Medium,No,9,Medium,Yes,Low,High,Public,Negative,2,No,High School,Moderate,Female,High_Risk,2.8,64,2.9
ST-1097,0.01,Low Risk (Tier 3),Circadian Irregularity,Standard Curriculum Monitoring; Self-Directed Academic Portal Access,Normal,74.68,74,31,93,2,96,1062.82,High,Low,Yes,5,Medium,Yes,Low,Medium,Public,Positive,2,No,High School,Near,Male,Normal,2.8,279,5.83
ST-1098,0.55,Moderate Risk (Tier 2),Severe Attendance Deficit,Assignment to Peer Collaborative Learning Pod; Bi-Weekly Attendance Ping,High_Risk,64.88,66,23,60,1,69,881.62,High,Medium,Yes,8,Medium,Yes,Low,Medium,Private,Positive,4,No,College,Near,Male,Normal,1.8,120,2.78
ST-1099,0.04,Low Risk (Tier 3),Lack of Tutoring Support,Standard Curriculum Monitoring; Self-Directed Academic Portal Access,Normal,73.19,73,30,99,0,57,949.95,Medium,Medium,Yes,6,Medium,Yes,Low,Medium,Public,Neutral,4,No,Postgraduate,Near,Male,Normal,1.8,99,4.29
ST-1100,0.32,Low Risk (Tier 3),Insufficient Study Volume,Standard Curriculum Monitoring; Self-Directed Academic Portal Access,Normal,67.9,68,17,80,4,88,831.06,Low,High,No,8,Medium,No,Medium,High,Private,Neutral,4,No,College,Moderate,Male,Normal,1.8,400,2.78
ST-1101,0.1,Low Risk (Tier 3),Circadian Irregularity,Standard Curriculum Monitoring; Self-Directed Academic Portal Access,Normal,68.62,69,27,80,3,94,906.4,Low,Low,Yes,5,High,Yes,High,Medium,Public,Negative,3,No,High School,Near,Male,Normal,2.8,320,5.5
ST-1102,0.68,High Risk (Tier 1),Severe Attendance Deficit,Immediate 1-on-1 Clinical Advising within 48h; Mandatory Study Hall,High_Risk,66.62,62,13,62,3,90,649.96,Low,Medium,Yes,6,Medium,No,High,High,Private,Neutral,3,Yes,Postgraduate,Near,Female,High_Risk,1.8,248,2.71
ST-1103,0.01,Low Risk (Tier 3),Multivariate Risk Factor,Standard Curriculum Monitoring; Self-Directed Academic Portal Access,Normal,70.05,70,27,83,1,76,732.83,Medium,Medium,Yes,9,Medium,Yes,Low,High,Public,Positive,4,No,High School,Near,Male,Normal,2.8,166,2.9
ST-1104,0.12,Low Risk (Tier 3),Insufficient Study Volume,Standard Curriculum Monitoring; Self-Directed Academic Portal Access,Normal,67.18,68,14,86,3,57,443.31,High,Medium,No,6,Medium,Yes,High,High,Private,Neutral,2,No,College,Near,Female,Normal,1.8,344,2.86
ST-1105,0.22,Low Risk (Tier 3),Insufficient Study Volume,Standard Curriculum Monitoring; Self-Directed Academic Portal Access,Normal,67.79,69,15,92,0,84,449.98,Medium,High,Yes,5,Medium,Yes,High,Low,Public,Positive,5,No,High School,Moderate,Female,Normal,2.8,92,2.5
ST-1106,0.09,Low Risk (Tier 3),Insufficient Study Volume,Standard Curriculum Monitoring; Self-Directed Academic Portal Access,Normal,67.53,68,13,92,4,70,1137.36,Medium,High,Yes,7,Low,Yes,Low,Medium,Public,Neutral,3,No,High School,Near,Male,Normal,0.8,460,2.62
ST-1107,0.13,Low Risk (Tier 3),Low Academic Motivation,Standard Curriculum Monitoring; Self-Directed Academic Portal Access,Normal,67.85,68,18,86,2,69,689.96,High,Low,Yes,6,Low,Yes,Medium,High,Public,Positive,2,No,High School,Near,Male,Normal,1.8,258,3.14
ST-1108,0.29,Low Risk (Tier 3),Severe Attendance Deficit,Standard Curriculum Monitoring; Self-Directed Academic Portal Access,Normal,68.28,68,24,70,4,55,733.29,Medium,High,No,8,Medium,Yes,Low,High,Public,Positive,4,No,Postgraduate,Moderate,Female,Normal,1.8,350,3.56
ST-1109,0.01,Low Risk (Tier 3),Multivariate Risk Factor,Standard Curriculum Monitoring; Self-Directed Academic Portal Access,Normal,71.72,71,31,89,2,70,2712.16,Medium,Medium,No,7,Medium,Yes,Low,High,Public,Positive,2,No,High School,Moderate,Female,Normal,0.8,267,4.38
ST-1110,0.07,Low Risk (Tier 3),Low Academic Motivation,Standard Curriculum Monitoring; Self-Directed Academic Portal Access,Normal,69.17,70,23,80,5,91,2615.92,Medium,Medium,Yes,7,Low,Yes,High,Medium,Public,Negative,1,No,High School,Near,Female,Normal,0.8,480,4.12
ST-1111,0.02,Low Risk (Tier 3),Low Academic Motivation,Standard Curriculum Monitoring; Self-Directed Academic Portal Access,Normal,72.46,73,30,91,3,62,664.26,High,Medium,No,9,Low,Yes,Low,High,Public,Negative,4,No,Postgraduate,Near,Female,Normal,2.8,364,3.6
ST-1112,0.02,Low Risk (Tier 3),Multivariate Risk Factor,Standard Curriculum Monitoring; Self-Directed Academic Portal Access,Normal,70.02,71,18,94,1,87,869.95,Medium,Medium,Yes,6,High,Yes,Medium,Medium,Public,Positive,4,No,High School,Near,Male,Normal,1.8,188,2.86
ST-1113,0.46,Moderate Risk (Tier 2),Severe Attendance Deficit,Assignment to Peer Collaborative Learning Pod; Bi-Weekly Attendance Ping,High_Risk,67.03,66,30,66,0,61,2287.21,Medium,High,No,7,Low,Yes,High,High,Private,Positive,2,No,High School,Far,Male,Normal,0.8,66,3.75
ST-1114,0.04,Low Risk (Tier 3),Multivariate Risk Factor,Standard Curriculum Monitoring; Self-Directed Academic Portal Access,Normal,69.46,71,21,99,2,57,1496.06,Medium,Low,No,7,High,Yes,Medium,Medium,Public,Neutral,2,No,Postgraduate,Near,Male,Normal,0.8,297,3.12
ST-1115,0.49,Moderate Risk (Tier 2),Insufficient Study Volume,Assignment to Peer Collaborative Learning Pod; Bi-Weekly Attendance Ping,High_Risk,64.72,65,9,89,1,68,161.05,Medium,Low,No,10,High,Yes,High,High,Public,Negative,3,No,High School,Near,Female,High_Risk,3.8,178,1.0
ST-1116,0.01,Low Risk (Tier 3),Multivariate Risk Factor,Standard Curriculum Monitoring; Self-Directed Academic Portal Access,Normal,69.81,71,25,82,2,81,2530.93,Medium,High,Yes,7,Medium,Yes,Medium,Medium,Private,Neutral,2,No,Postgraduate,Moderate,Male,Normal,0.8,246,3.62
ST-1117,0.38,Moderate Risk (Tier 2),Insufficient Study Volume,Assignment to Peer Collaborative Learning Pod; Bi-Weekly Attendance Ping,High_Risk,65.87,67,13,80,1,94,436.41,Medium,Medium,Yes,5,High,Yes,Medium,Medium,Private,Positive,3,No,High School,Near,Female,Normal,2.8,160,2.5
ST-1118,0.36,Low Risk (Tier 3),Low Academic Motivation,Standard Curriculum Monitoring; Self-Directed Academic Portal Access,Normal,65.58,68,20,74,5,59,1474.82,Medium,Medium,Yes,7,Low,Yes,High,Medium,Public,Positive,4,No,High School,Near,Female,Normal,0.8,444,3.75
ST-1119,0.28,Low Risk (Tier 3),Insufficient Study Volume,Standard Curriculum Monitoring; Self-Directed Academic Portal Access,Normal,66.56,67,11,86,5,84,243.15,Medium,Medium,Yes,4,Medium,Yes,Low,High,Public,Neutral,4,Yes,High School,Near,Male,Normal,3.8,516,4.2
ST-1120,0.09,Low Risk (Tier 3),Insufficient Study Volume,Standard Curriculum Monitoring; Self-Directed Academic Portal Access,Normal,68.36,68,14,95,2,57,997.38,High,Medium,No,7,Medium,Yes,Low,Low,Public,Neutral,2,No,College,Near,Female,Normal,0.8,285,2.25
ST-1121,0.07,Low Risk (Tier 3),Multivariate Risk Factor,Standard Curriculum Monitoring; Self-Directed Academic Portal Access,Normal,67.91,67,21,83,1,75,874.95,Medium,Medium,Yes,8,High,Yes,Low,High,Public,Neutral,2,No,High School,Far,Male,Normal,1.8,166,2.56
ST-1122,0.84,High Risk (Tier 1),Severe Attendance Deficit,Immediate 1-on-1 Clinical Advising within 48h; Mandatory Study Hall,High_Risk,63.82,65,18,66,2,62,398.56,High,High,No,9,Medium,Yes,High,Medium,Public,Neutral,4,No,High School,Moderate,Female,High_Risk,2.8,198,2.2
ST-1123,0.11,Low Risk (Tier 3),Multivariate Risk Factor,Standard Curriculum Monitoring; Self-Directed Academic Portal Access,Normal,67.1,69,20,84,2,57,633.3,Medium,High,Yes,6,High,Yes,Medium,Medium,Public,Positive,4,No,High School,Far,Female,Normal,1.8,252,3.43
ST-1124,0.77,High Risk (Tier 1),Severe Attendance Deficit,Immediate 1-on-1 Clinical Advising within 48h; Mandatory Study Hall,High_Risk,64.05,64,19,70,1,63,314.99,High,High,No,4,Medium,Yes,Low,Medium,Private,Neutral,3,No,College,Far,Female,High_Risk,3.8,140,4.2
ST-1125,0.48,Moderate Risk (Tier 2),Severe Attendance Deficit,Assignment to Peer Collaborative Learning Pod; Bi-Weekly Attendance Ping,High_Risk,65.44,67,22,64,3,73,892.17,Medium,Medium,No,6,High,Yes,Medium,Medium,Public,Positive,4,No,Postgraduate,Moderate,Female,Normal,1.8,256,4.0
ST-1126,0.04,Low Risk (Tier 3),Multivariate Risk Factor,Standard Curriculum Monitoring; Self-Directed Academic Portal Access,Normal,69.91,71,28,81,2,96,1493.25,Medium,Medium,Yes,6,High,Yes,Low,Medium,Private,Positive,5,No,High School,Moderate,Male,Normal,1.8,243,4.57
ST-1127,0.24,Low Risk (Tier 3),Insufficient Study Volume,Standard Curriculum Monitoring; Self-Directed Academic Portal Access,Normal,67.12,66,16,80,2,73,417.13,Medium,Medium,No,9,Medium,Yes,Medium,Medium,Private,Negative,4,No,College,Near,Male,Normal,2.8,240,2.0
ST-1128,0.23,Low Risk (Tier 3),Multivariate Risk Factor,Standard Curriculum Monitoring; Self-Directed Academic Portal Access,Normal,68.21,65,18,80,2,75,749.96,Low,High,Yes,8,Medium,No,Medium,Medium,Public,Negative,4,No,High School,Near,Male,High_Risk,1.8,240,2.44
ST-1129,0.1,Low Risk (Tier 3),Multivariate Risk Factor,Standard Curriculum Monitoring; Self-Directed Academic Portal Access,Normal,70.47,72,20,98,4,75,1874.77,Low,Medium,No,7,High,Yes,Medium,Medium,Private,Positive,1,No,College,Near,Male,Normal,0.8,490,3.5
ST-1130,0.39,Moderate Risk (Tier 2),Insufficient Study Volume,Assignment to Peer Collaborative Learning Pod; Bi-Weekly Attendance Ping,High_Risk,66.01,66,16,78,3,68,1359.83,Medium,Low,Yes,7,High,Yes,Low,High,Private,Positive,3,No,Postgraduate,Far,Female,Normal,0.8,312,2.75
ST-1131,0.66,High Risk (Tier 1),Insufficient Study Volume,Immediate 1-on-1 Clinical Advising within 48h; Mandatory Study Hall,High_Risk,63.96,65,17,72,1,61,1296.09,High,High,Yes,7,Low,Yes,Medium,Medium,Public,Negative,4,No,High School,Near,Female,High_Risk,0.8,144,2.38
ST-1132,0.65,High Risk (Tier 1),Severe Attendance Deficit,Immediate 1-on-1 Clinical Advising within 48h; Mandatory Study Hall,High_Risk,64.85,64,23,64,3,59,484.63,Medium,Low,Yes,5,Medium,Yes,Low,Medium,Public,Positive,5,No,High School,Moderate,Female,High_Risk,2.8,256,4.83
ST-1133,0.01,Low Risk (Tier 3),Circadian Irregularity,Standard Curriculum Monitoring; Self-Directed Academic Portal Access,Normal,69.23,100,18,89,3,73,345.78,High,Medium,Yes,4,Medium,Yes,High,Medium,Private,Positive,2,No,College,Near,Female,Normal,3.8,356,4.8
ST-1134,0.05,Low Risk (Tier 3),Multivariate Risk Factor,Standard Curriculum Monitoring; Self-Directed Academic Portal Access,Normal,69.93,69,21,93,1,67,781.62,Medium,Medium,Yes,6,Medium,No,High,Medium,Public,Positive,3,No,High School,Near,Female,Normal,1.8,186,3.29
ST-1135,0.03,Low Risk (Tier 3),Multivariate Risk Factor,Standard Curriculum Monitoring; Self-Directed Academic Portal Access,Normal,69.73,70,19,89,0,95,2255.97,High,Medium,Yes,7,Medium,Yes,Medium,Medium,Public,Positive,3,No,High School,Near,Male,Normal,0.8,89,2.38
ST-1136,0.42,Moderate Risk (Tier 2),Severe Attendance Deficit,Assignment to Peer Collaborative Learning Pod; Bi-Weekly Attendance Ping,High_Risk,65.72,67,28,65,2,59,589.98,Medium,Medium,Yes,5,High,Yes,Low,Medium,Private,Neutral,5,No,High School,Near,Male,Normal,2.8,195,5.33
ST-1137,0.12,Low Risk (Tier 3),Multivariate Risk Factor,Standard Curriculum Monitoring; Self-Directed Academic Portal Access,Normal,70.03,71,24,98,2,66,879.95,High,Low,No,8,High,Yes,Low,Medium,Public,Positive,1,No,High School,Moderate,Male,Normal,1.8,294,3.11
ST-1138,0.0,Low Risk (Tier 3),Circadian Irregularity,Standard Curriculum Monitoring; Self-Directed Academic Portal Access,Normal,72.03,74,26,94,1,79,733.55,Medium,High,No,5,High,Yes,Low,High,Public,Positive,2,No,Postgraduate,Near,Male,Normal,2.8,188,4.67
ST-1139,0.67,High Risk (Tier 1),Severe Attendance Deficit,Immediate 1-on-1 Clinical Advising within 48h; Mandatory Study Hall,High_Risk,64.68,63,21,61,2,90,497.36,Medium,Medium,No,4,Low,Yes,Medium,Low,Public,Neutral,3,No,High School,Near,Male,High_Risk,3.8,183,5.0
ST-1140,0.13,Low Risk (Tier 3),Circadian Irregularity,Standard Curriculum Monitoring; Self-Directed Academic Portal Access,Normal,67.07,67,20,85,1,75,535.7,Low,Medium,Yes,5,Low,Yes,Medium,Medium,Public,Neutral,2,No,College,Near,Male,Normal,2.8,170,3.67
ST-1141,0.85,High Risk (Tier 1),Severe Attendance Deficit,Immediate 1-on-1 Clinical Advising within 48h; Mandatory Study Hall,High_Risk,63.77,63,16,64,3,70,622.19,High,Medium,Yes,8,Low,Yes,High,High,Private,Negative,3,No,High School,Far,Female,High_Risk,1.8,256,2.44
ST-1142,0.48,Moderate Risk (Tier 2),Severe Attendance Deficit,Assignment to Peer Collaborative Learning Pod; Bi-Weekly Attendance Ping,High_Risk,66.24,65,30,66,2,53,883.28,Medium,High,No,6,Low,No,Low,Medium,Public,Positive,2,No,High School,Near,Male,High_Risk,1.8,198,4.86
ST-1143,0.03,Low Risk (Tier 3),Multivariate Risk Factor,Standard Curriculum Monitoring; Self-Directed Academic Portal Access,Normal,69.41,70,18,98,1,65,1462.32,Low,Medium,Yes,7,Medium,Yes,High,Medium,Private,Neutral,4,No,Postgraduate,Near,Female,Normal,0.8,196,2.5
ST-1144,0.15,Low Risk (Tier 3),Low Academic Motivation,Standard Curriculum Monitoring; Self-Directed Academic Portal Access,Normal,69.28,69,21,95,1,57,664.96,Medium,High,Yes,8,Low,No,Low,Medium,Public,Positive,3,No,High School,Near,Male,Normal,1.8,190,2.56
ST-1145,0.02,Low Risk (Tier 3),Multivariate Risk Factor,Standard Curriculum Monitoring; Self-Directed Academic Portal Access,Normal,71.8,72,27,87,1,88,848.54,High,Medium,Yes,9,Medium,Yes,Low,High,Public,Positive,4,Yes,College,Near,Male,Normal,2.8,174,2.9
ST-1146,0.13,Low Risk (Tier 3),Low Academic Motivation,Standard Curriculum Monitoring; Self-Directed Academic Portal Access,Normal,68.68,68,19,93,1,66,1567.3,Low,High,Yes,7,Low,Yes,Medium,Medium,Private,Neutral,3,No,High School,Near,Female,Normal,0.8,186,2.62
ST-1147,0.07,Low Risk (Tier 3),Insufficient Study Volume,Standard Curriculum Monitoring; Self-Directed Academic Portal Access,Normal,71.65,68,17,90,5,83,1763.53,Medium,Medium,No,7,Low,Yes,Medium,High,Public,Negative,3,Yes,High School,Near,Male,Normal,0.8,540,3.38
ST-1148,0.07,Low Risk (Tier 3),Circadian Irregularity,Standard Curriculum Monitoring; Self-Directed Academic Portal Access,Normal,69.82,70,21,94,0,73,547.48,Medium,High,No,5,Low,Yes,Medium,High,Public,Neutral,3,No,Postgraduate,Far,Female,Normal,2.8,94,3.5
ST-1149,0.2,Low Risk (Tier 3),Insufficient Study Volume,Standard Curriculum Monitoring; Self-Directed Academic Portal Access,Normal,68.22,68,15,94,1,94,783.29,Low,Medium,No,8,Low,Yes,High,Medium,Public,Positive,4,No,High School,Moderate,Male,Normal,1.8,188,1.89
ST-1150,0.19,Low Risk (Tier 3),Multivariate Risk Factor,Standard Curriculum Monitoring; Self-Directed Academic Portal Access,Normal,67.47,68,19,74,5,76,802.18,Medium,Medium,Yes,8,High,Yes,Medium,High,Public,Neutral,4,Yes,College,Near,Female,Normal,1.8,444,3.22
ST-1151,0.08,Low Risk (Tier 3),Low Academic Motivation,Standard Curriculum Monitoring; Self-Directed Academic Portal Access,Normal,70.03,70,34,79,3,79,3357.08,High,Low,Yes,7,Low,Yes,Medium,High,Private,Negative,2,Yes,High School,Moderate,Male,Normal,0.8,316,5.0
ST-1152,0.05,Low Risk (Tier 3),Lack of Tutoring Support,Standard Curriculum Monitoring; Self-Directed Academic Portal Access,Normal,69.83,70,21,96,0,53,397.49,Medium,High,Yes,9,Medium,Yes,Low,High,Public,Neutral,3,No,College,Near,Male,Normal,2.8,96,2.1
ST-1153,0.18,Low Risk (Tier 3),Insufficient Study Volume,Standard Curriculum Monitoring; Self-Directed Academic Portal Access,Normal,66.88,66,14,88,2,67,521.08,Medium,Medium,No,8,Medium,Yes,High,Low,Public,Neutral,3,No,Postgraduate,Far,Male,Normal,1.8,264,2.0
ST-1154,0.07,Low Risk (Tier 3),Low Academic Motivation,Standard Curriculum Monitoring; Self-Directed Academic Portal Access,Normal,72.45,72,21,98,3,95,2493.44,Medium,Medium,Yes,7,Low,Yes,High,Low,Public,Neutral,1,No,High School,Near,Male,Normal,0.8,392,3.38
ST-1155,0.08,Low Risk (Tier 3),Low Academic Motivation,Standard Curriculum Monitoring; Self-Directed Academic Portal Access,Normal,68.49,70,22,78,1,92,1124.38,High,High,No,6,Low,Yes,High,High,Public,Positive,3,No,High School,Moderate,Male,Normal,1.8,156,3.43
ST-1156,0.7,High Risk (Tier 1),Insufficient Study Volume,Immediate 1-on-1 Clinical Advising within 48h; Mandatory Study Hall,High_Risk,64.2,64,15,74,2,72,599.97,High,Low,No,6,Low,Yes,Low,Medium,Public,Positive,3,No,High School,Near,Male,High_Risk,1.8,222,2.71
ST-1157,0.22,Low Risk (Tier 3),Severe Attendance Deficit,Standard Curriculum Monitoring; Self-Directed Academic Portal Access,Normal,66.95,68,26,64,1,91,1314.37,High,Medium,No,8,High,Yes,Medium,Medium,Public,Positive,4,No,High School,Near,Male,Normal,1.8,128,3.11
ST-1158,0.01,Low Risk (Tier 3),Multivariate Risk Factor,Standard Curriculum Monitoring; Self-Directed Academic Portal Access,Normal,70.21,71,25,85,2,76,2374.7,Medium,Medium,Yes,7,Medium,Yes,High,Medium,Public,Positive,2,No,College,Near,Female,Normal,0.8,255,3.62
ST-1159,0.11,Low Risk (Tier 3),Insufficient Study Volume,Standard Curriculum Monitoring; Self-Directed Academic Portal Access,Normal,67.88,68,17,85,2,93,878.28,High,Low,Yes,8,Low,Yes,Medium,High,Public,Positive,3,No,College,Far,Female,Normal,1.8,255,2.33
ST-1160,0.27,Low Risk (Tier 3),Circadian Irregularity,Standard Curriculum Monitoring; Self-Directed Academic Portal Access,Normal,66.6,67,20,79,0,79,415.78,Medium,High,Yes,4,Low,Yes,Medium,High,Private,Neutral,4,No,High School,Moderate,Male,Normal,3.8,79,4.0
ST-1161,0.9,High Risk (Tier 1),Severe Attendance Deficit,Immediate 1-on-1 Clinical Advising within 48h; Mandatory Study Hall,High_Risk,63.99,62,12,71,1,65,433.31,Medium,Medium,Yes,8,Medium,Yes,Medium,High,Private,Neutral,2,No,High School,Moderate,Male,High_Risk,1.8,142,1.56
ST-1162,0.47,Moderate Risk (Tier 2),Severe Attendance Deficit,Assignment to Peer Collaborative Learning Pod; Bi-Weekly Attendance Ping,High_Risk,66.28,65,21,71,1,79,921.62,Medium,Medium,Yes,6,Medium,Yes,Low,Medium,Private,Neutral,4,No,Postgraduate,Far,Male,High_Risk,1.8,142,3.29
ST-1163,0.0,Low Risk (Tier 3),Multivariate Risk Factor,Standard Curriculum Monitoring; Self-Directed Academic Portal Access,Normal,72.62,71,25,96,0,88,1222.15,Medium,High,No,8,Medium,Yes,Low,Medium,Private,Neutral,1,No,High School,Near,Male,Normal,1.8,96,2.78
ST-1164,0.08,Low Risk (Tier 3),Multivariate Risk Factor,Standard Curriculum Monitoring; Self-Directed Academic Portal Access,Normal,68.71,69,27,81,2,77,2598.43,Medium,Medium,Yes,7,Medium,Yes,Medium,Low,Public,Neutral,2,Yes,Postgraduate,Moderate,Female,Normal,0.8,243,3.88
ST-1165,0.22,Low Risk (Tier 3),Severe Attendance Deficit,Standard Curriculum Monitoring; Self-Directed Academic Portal Access,Normal,70.59,68,26,71,1,99,1429.92,Low,High,No,8,Medium,No,Medium,Medium,Public,Positive,3,No,College,Near,Male,Normal,1.8,142,3.11
ST-1166,0.23,Low Risk (Tier 3),Severe Attendance Deficit,Standard Curriculum Monitoring; Self-Directed Academic Portal Access,Normal,68.82,66,26,71,2,91,2957.13,Medium,Medium,Yes,7,Medium,No,Low,Medium,Private,Neutral,3,No,High School,Moderate,Female,Normal,0.8,213,3.75
ST-1167,0.07,Low Risk (Tier 3),Circadian Irregularity,Standard Curriculum Monitoring; Self-Directed Academic Portal Access,Normal,67.44,67,22,77,2,79,457.36,Medium,Medium,Yes,10,High,Yes,Medium,Low,Public,Neutral,2,No,High School,Near,Male,Normal,3.8,231,2.36
ST-1168,0.79,High Risk (Tier 1),Severe Attendance Deficit,Immediate 1-on-1 Clinical Advising within 48h; Mandatory Study Hall,High_Risk,62.89,64,19,63,2,56,1329.83,Medium,High,Yes,7,Medium,Yes,Low,Medium,Private,Positive,3,No,High School,Near,Female,High_Risk,0.8,189,2.88
ST-1169,0.21,Low Risk (Tier 3),Insufficient Study Volume,Standard Curriculum Monitoring; Self-Directed Academic Portal Access,Normal,67.88,67,12,92,2,92,290.52,Medium,Medium,No,4,High,Yes,Medium,High,Public,Neutral,3,Yes,High School,Moderate,Male,Normal,3.8,276,3.2
ST-1170,0.52,Moderate Risk (Tier 2),Insufficient Study Volume,Assignment to Peer Collaborative Learning Pod; Bi-Weekly Attendance Ping,High_Risk,66.18,65,14,78,0,76,1329.83,High,Medium,Yes,7,Medium,Yes,High,Medium,Public,Negative,2,Yes,College,Near,Female,High_Risk,0.8,78,1.75
ST-1171,0.5,Moderate Risk (Tier 2),Severe Attendance Deficit,Assignment to Peer Collaborative Learning Pod; Bi-Weekly Attendance Ping,High_Risk,65.53,64,24,68,1,80,1066.61,Low,Medium,Yes,8,Medium,No,Low,Low,Public,Positive,4,No,Postgraduate,Moderate,Male,High_Risk,1.8,136,2.89
ST-1172,0.02,Low Risk (Tier 3),Low Academic Motivation,Standard Curriculum Monitoring; Self-Directed Academic Portal Access,Normal,69.43,69,23,90,1,73,932.73,Medium,Medium,Yes,6,Low,No,High,Medium,Private,Positive,2,No,High School,Near,Female,Normal,1.8,180,3.57
ST-1173,0.01,Low Risk (Tier 3),Low Academic Motivation,Standard Curriculum Monitoring; Self-Directed Academic Portal Access,Normal,72.08,73,18,95,2,85,849.95,High,High,Yes,8,Low,Yes,Low,High,Public,Positive,3,No,College,Near,Female,Normal,1.8,285,2.44
ST-1174,0.19,Low Risk (Tier 3),Insufficient Study Volume,Standard Curriculum Monitoring; Self-Directed Academic Portal Access,Normal,66.33,67,8,87,2,97,277.13,High,High,No,9,Low,Yes,Low,Medium,Public,Positive,3,No,High School,Near,Male,Normal,2.8,261,1.2
ST-1175,0.09,Low Risk (Tier 3),Insufficient Study Volume,Standard Curriculum Monitoring; Self-Directed Academic Portal Access,Normal,69.55,70,16,82,3,99,1979.75,High,High,No,7,Low,Yes,Medium,Medium,Public,Positive,3,No,Postgraduate,Moderate,Male,Normal,0.8,328,2.75
ST-1176,0.48,Moderate Risk (Tier 2),Low Academic Motivation,Assignment to Peer Collaborative Learning Pod; Bi-Weekly Attendance Ping,High_Risk,65.18,65,18,73,3,88,879.95,Low,Medium,Yes,8,Low,Yes,Low,Medium,Public,Positive,4,No,College,Moderate,Male,High_Risk,1.8,292,2.67
ST-1177,0.63,High Risk (Tier 1),Insufficient Study Volume,Immediate 1-on-1 Clinical Advising within 48h; Mandatory Study Hall,High_Risk,64.53,64,11,84,2,59,360.54,Medium,Low,Yes,6,Low,Yes,Medium,Medium,Public,Positive,3,No,High School,Near,Female,High_Risk,1.8,252,2.14
ST-1178,0.0,Low Risk (Tier 3),Circadian Irregularity,Standard Curriculum Monitoring; Self-Directed Academic Portal Access,Normal,72.59,74,32,90,0,98,1119.96,Medium,Medium,Yes,5,High,Yes,Medium,High,Public,Neutral,3,No,College,Moderate,Male,Normal,2.8,90,5.33
ST-1179,0.05,Low Risk (Tier 3),Multivariate Risk Factor,Standard Curriculum Monitoring; Self-Directed Academic Portal Access,Normal,69.46,69,20,92,1,89,988.83,Low,High,Yes,8,Medium,Yes,Low,Medium,Public,Neutral,3,No,High School,Moderate,Female,Normal,1.8,184,2.44
ST-1180,0.19,Low Risk (Tier 3),Insufficient Study Volume,Standard Curriculum Monitoring; Self-Directed Academic Portal Access,Normal,68.15,67,11,95,2,81,494.97,Medium,Medium,No,6,High,Yes,Low,Low,Public,Positive,3,No,High School,Near,Male,Normal,1.8,285,2.14
ST-1181,0.02,Low Risk (Tier 3),Multivariate Risk Factor,Standard Curriculum Monitoring; Self-Directed Academic Portal Access,Normal,70.69,71,19,95,0,95,2255.97,Medium,Medium,Yes,7,High,Yes,Medium,High,Private,Negative,2,No,College,Near,Male,Normal,0.8,95,2.38
ST-1182,0.2,Low Risk (Tier 3),Circadian Irregularity,Standard Curriculum Monitoring; Self-Directed Academic Portal Access,Normal,68.23,67,26,81,0,71,485.78,Medium,Medium,No,10,Low,Yes,Medium,Medium,Private,Positive,5,Yes,High School,Near,Female,Normal,3.8,81,2.36
ST-1183,0.54,Moderate Risk (Tier 2),Severe Attendance Deficit,Assignment to Peer Collaborative Learning Pod; Bi-Weekly Attendance Ping,High_Risk,64.93,64,19,67,0,92,624.26,Low,Medium,No,5,High,Yes,Medium,Medium,Public,Positive,3,No,College,Near,Male,High_Risk,2.8,67,3.17
ST-1184,0.93,High Risk (Tier 1),Severe Attendance Deficit,Immediate 1-on-1 Clinical Advising within 48h; Mandatory Study Hall,High_Risk,61.71,61,13,69,1,70,505.53,Medium,Low,No,8,Medium,Yes,High,High,Private,Neutral,3,No,High School,Moderate,Male,High_Risk,1.8,138,1.67
ST-1185,0.76,High Risk (Tier 1),Severe Attendance Deficit,Immediate 1-on-1 Clinical Advising within 48h; Mandatory Study Hall,High_Risk,63.74,64,20,69,0,63,699.96,Medium,High,No,6,Low,Yes,Low,Medium,Public,Negative,3,No,Postgraduate,Near,Male,High_Risk,1.8,69,2.86
ST-1186,0.03,Low Risk (Tier 3),Low Academic Motivation,Standard Curriculum Monitoring; Self-Directed Academic Portal Access,Normal,68.47,71,24,77,1,88,2639.67,High,High,Yes,7,Low,Yes,High,Medium,Public,Negative,5,No,College,Near,Male,Normal,0.8,154,3.25
ST-1187,0.02,Low Risk (Tier 3),Multivariate Risk Factor,Standard Curriculum Monitoring; Self-Directed Academic Portal Access,Normal,70.02,69,23,88,3,69,1983.5,Medium,Medium,No,7,Medium,Yes,Low,High,Public,Negative,3,No,High School,Near,Male,Normal,0.8,352,3.62
ST-1188,0.21,Low Risk (Tier 3),Circadian Irregularity,Standard Curriculum Monitoring; Self-Directed Academic Portal Access,Normal,67.22,67,24,75,1,98,839.97,Low,Medium,No,5,High,Yes,Low,Medium,Public,Positive,3,No,High School,Near,Male,Normal,2.8,150,4.33
ST-1189,0.03,Low Risk (Tier 3),Multivariate Risk Factor,Standard Curriculum Monitoring; Self-Directed Academic Portal Access,Normal,68.32,69,23,80,1,79,648.91,High,Medium,No,9,Medium,Yes,Medium,High,Public,Negative,2,No,Postgraduate,Near,Male,Normal,2.8,160,2.5
ST-1190,0.47,Moderate Risk (Tier 2),Circadian Irregularity,Assignment to Peer Collaborative Learning Pod; Bi-Weekly Attendance Ping,High_Risk,69.92,65,22,73,4,58,455.7,Medium,Low,Yes,5,Medium,Yes,Low,Medium,Public,Positive,3,Yes,College,Near,Female,High_Risk,2.8,365,5.0
ST-1191,0.46,Moderate Risk (Tier 2),Severe Attendance Deficit,Assignment to Peer Collaborative Learning Pod; Bi-Weekly Attendance Ping,High_Risk,67.53,66,19,64,3,94,992.17,Medium,High,No,8,Medium,Yes,Medium,High,Private,Neutral,3,Yes,Postgraduate,Near,Female,Normal,1.8,256,2.78
ST-1192,0.06,Low Risk (Tier 3),Multivariate Risk Factor,Standard Curriculum Monitoring; Self-Directed Academic Portal Access,Normal,68.72,70,20,89,3,51,566.64,Medium,Medium,Yes,8,Medium,Yes,Medium,High,Public,Positive,3,No,Postgraduate,Near,Female,Normal,1.8,356,2.89
ST-1193,0.17,Low Risk (Tier 3),Multivariate Risk Factor,Standard Curriculum Monitoring; Self-Directed Academic Portal Access,Normal,68.6,68,22,91,1,64,782.18,Medium,Medium,Yes,8,Medium,Yes,Low,High,Public,Positive,3,Yes,High School,Moderate,Male,Normal,1.8,182,2.67
ST-1194,0.69,High Risk (Tier 1),Severe Attendance Deficit,Immediate 1-on-1 Clinical Advising within 48h; Mandatory Study Hall,High_Risk,63.16,63,15,69,1,79,423.2,High,Low,No,9,Low,Yes,Medium,Unknown,Private,Positive,2,No,High School,Moderate,Female,High_Risk,2.8,138,1.7
ST-1195,0.01,Low Risk (Tier 3),Circadian Irregularity,Standard Curriculum Monitoring; Self-Directed Academic Portal Access,Normal,73.18,73,23,94,2,100,821.4,Medium,High,No,5,Low,Yes,Medium,High,Public,Neutral,2,No,Postgraduate,Near,Male,Normal,2.8,282,4.5
ST-1196,0.19,Low Risk (Tier 3),Low Academic Motivation,Standard Curriculum Monitoring; Self-Directed Academic Portal Access,Normal,68.87,67,21,93,1,83,2178.48,Medium,Low,Yes,7,Low,No,High,High,Public,Neutral,3,Yes,High School,Moderate,Male,Normal,0.8,186,2.88
ST-1197,0.46,Moderate Risk (Tier 2),Multivariate Risk Factor,Assignment to Peer Collaborative Learning Pod; Bi-Weekly Attendance Ping,High_Risk,65.83,67,23,72,1,84,1073.27,Low,High,Yes,6,Medium,Yes,High,High,Public,Neutral,2,No,High School,Near,Male,Normal,1.8,144,3.57
ST-1198,0.13,Low Risk (Tier 3),Circadian Irregularity,Standard Curriculum Monitoring; Self-Directed Academic Portal Access,Normal,69.51,69,25,85,0,95,624.98,Low,Medium,Yes,10,Medium,Yes,Medium,Low,Public,Positive,1,No,College,Near,Male,Normal,3.8,85,2.27
ST-1199,0.35,Low Risk (Tier 3),Low Academic Motivation,Standard Curriculum Monitoring; Self-Directed Academic Portal Access,Normal,66.22,65,20,79,1,72,1799.78,Medium,Medium,Yes,7,Low,No,Medium,Medium,Public,Negative,3,No,High School,Near,Male,High_Risk,0.8,158,2.75
ST-1200,0.63,High Risk (Tier 1),Severe Attendance Deficit,Immediate 1-on-1 Clinical Advising within 48h; Mandatory Study Hall,High_Risk,64.75,64,17,71,3,58,547.75,Medium,Medium,Yes,6,Medium,Yes,Medium,Medium,Private,Positive,3,Yes,High School,Unknown,Male,High_Risk,1.8,284,3.29
ST-1201,0.2,Low Risk (Tier 3),Multivariate Risk Factor,Standard Curriculum Monitoring; Self-Directed Academic Portal Access,Normal,67.86,66,20,86,1,96,1066.61,Low,High,No,6,Medium,Yes,High,Low,Public,Neutral,2,Yes,High School,Far,Male,Normal,1.8,172,3.14
ST-1202,0.61,High Risk (Tier 1),Severe Attendance Deficit,Immediate 1-on-1 Clinical Advising within 48h; Mandatory Study Hall,High_Risk,63.74,61,7,69,1,82,204.99,Low,Medium,No,9,Low,Yes,Medium,High,Private,Positive,3,No,Postgraduate,Near,Female,High_Risk,2.8,138,0.9
ST-1203,0.06,Low Risk (Tier 3),Multivariate Risk Factor,Standard Curriculum Monitoring; Self-Directed Academic Portal Access,Normal,69.87,69,26,84,1,64,2079.74,High,Medium,No,7,Medium,No,Medium,High,Public,Neutral,4,No,College,Near,Male,Normal,0.8,168,3.5
ST-1204,0.14,Low Risk (Tier 3),Insufficient Study Volume,Standard Curriculum Monitoring; Self-Directed Academic Portal Access,Normal,68.15,67,15,96,3,54,1012.37,Medium,Medium,No,7,High,No,Medium,High,Public,Negative,2,No,High School,Near,Male,Normal,0.8,384,2.62
ST-1205,0.19,Low Risk (Tier 3),Insufficient Study Volume,Standard Curriculum Monitoring; Self-Directed Academic Portal Access,Normal,66.79,66,17,78,4,76,461.41,Low,Medium,Yes,9,Low,Yes,Medium,Medium,Public,Positive,2,No,College,Near,Male,Normal,2.8,390,2.5
ST-1206,0.76,High Risk (Tier 1),Severe Attendance Deficit,Immediate 1-on-1 Clinical Advising within 48h; Mandatory Study Hall,High_Risk,65.29,63,21,61,1,93,2440.94,Medium,Low,Yes,7,Low,Yes,Low,High,Private,Negative,5,No,High School,Near,Male,High_Risk,0.8,122,2.88
ST-1207,0.7,High Risk (Tier 1),Severe Attendance Deficit,Immediate 1-on-1 Clinical Advising within 48h; Mandatory Study Hall,High_Risk,63.67,66,18,63,1,84,1889.76,High,High,Yes,7,Medium,Yes,Medium,High,Public,Neutral,2,No,High School,Near,Female,Normal,0.8,126,2.5
ST-1208,0.47,Moderate Risk (Tier 2),Severe Attendance Deficit,Assignment to Peer Collaborative Learning Pod; Bi-Weekly Attendance Ping,High_Risk,65.76,66,16,68,1,77,684.41,Medium,High,Yes,8,Medium,Yes,Medium,High,Public,Positive,4,No,Postgraduate,Moderate,Male,Normal,1.8,136,2.0
ST-1209,0.0,Low Risk (Tier 3),Circadian Irregularity,Standard Curriculum Monitoring; Self-Directed Academic Portal Access,Normal,74.36,73,29,98,2,86,890.68,Medium,High,No,5,Low,Yes,Medium,Medium,Private,Negative,4,No,High School,Far,Male,Normal,2.8,294,5.5
ST-1210,0.47,Moderate Risk (Tier 2),Insufficient Study Volume,Assignment to Peer Collaborative Learning Pod; Bi-Weekly Attendance Ping,High_Risk,66.34,65,15,78,1,85,1593.55,High,High,No,7,Medium,No,High,Medium,Public,Negative,1,No,High School,Far,Male,High_Risk,0.8,156,2.12
ST-1211,0.68,High Risk (Tier 1),Severe Attendance Deficit,Immediate 1-on-1 Clinical Advising within 48h; Mandatory Study Hall,High_Risk,64.9,66,13,71,2,65,469.42,Medium,High,Yes,8,High,Yes,Medium,Medium,Public,Neutral,4,No,Postgraduate,Near,Female,Normal,1.8,213,1.89
ST-1212,0.13,Low Risk (Tier 3),Lack of Tutoring Support,Standard Curriculum Monitoring; Self-Directed Academic Portal Access,Normal,70.55,70,22,98,0,58,1594.8,Medium,Medium,No,7,Medium,Yes,Medium,Unknown,Private,Neutral,3,No,Unknown,Near,Male,Normal,0.8,98,2.75
ST-1213,0.98,High Risk (Tier 1),Severe Attendance Deficit,Immediate 1-on-1 Clinical Advising within 48h; Mandatory Study Hall,High_Risk,61.12,61,12,62,0,63,419.98,High,High,Yes,6,High,Yes,Low,Medium,Private,Negative,2,No,High School,Near,Male,High_Risk,1.8,62,1.71
ST-1214,0.31,Low Risk (Tier 3),Severe Attendance Deficit,Standard Curriculum Monitoring; Self-Directed Academic Portal Access,Normal,66.97,66,27,63,0,98,1469.92,Medium,High,No,6,Low,Yes,Medium,Medium,Private,Negative,3,No,High School,Near,Female,Normal,1.8,63,3.86
ST-1215,0.53,Moderate Risk (Tier 2),Severe Attendance Deficit,Assignment to Peer Collaborative Learning Pod; Bi-Weekly Attendance Ping,High_Risk,65.1,65,19,65,2,95,644.62,Low,Medium,Yes,5,Medium,Yes,Medium,High,Private,Neutral,4,No,College,Near,Male,High_Risk,2.8,195,3.83
ST-1216,0.05,Low Risk (Tier 3),Circadian Irregularity,Standard Curriculum Monitoring; Self-Directed Academic Portal Access,Normal,70.38,70,25,89,2,51,455.34,Medium,High,No,5,Low,Yes,Medium,High,Private,Negative,2,No,Postgraduate,Moderate,Female,Normal,2.8,267,4.83
ST-1217,0.02,Low Risk (Tier 3),Multivariate Risk Factor,Standard Curriculum Monitoring; Self-Directed Academic Portal Access,Normal,68.18,68,19,82,1,94,2232.22,Medium,Medium,No,7,Medium,Yes,Medium,Medium,Public,Positive,3,No,High School,Near,Female,Normal,0.8,164,2.62
ST-1218,0.65,High Risk (Tier 1),Severe Attendance Deficit,Immediate 1-on-1 Clinical Advising within 48h; Mandatory Study Hall,High_Risk,64.29,64,15,71,5,68,566.64,High,Low,No,6,Low,No,Low,Medium,Public,Positive,4,No,College,Near,Female,High_Risk,1.8,426,3.57
ST-1219,0.08,Low Risk (Tier 3),Insufficient Study Volume,Standard Curriculum Monitoring; Self-Directed Academic Portal Access,Normal,67.13,67,17,85,1,74,449.27,Medium,Medium,Yes,9,Medium,Yes,Medium,Medium,Private,Neutral,2,No,High School,Near,Male,Normal,2.8,170,1.9
ST-1220,0.05,Low Risk (Tier 3),Lack of Tutoring Support,Standard Curriculum Monitoring; Self-Directed Academic Portal Access,Normal,70.75,68,29,86,0,61,2210.97,Medium,Medium,Yes,7,Medium,Yes,Medium,Medium,Public,Negative,4,No,High School,Far,Female,Normal,0.8,86,3.62
ST-1221,0.21,Low Risk (Tier 3),Insufficient Study Volume,Standard Curriculum Monitoring; Self-Directed Academic Portal Access,Normal,66.93,67,17,84,1,85,802.73,Low,High,No,6,Medium,Yes,Medium,Low,Public,Positive,2,No,College,Near,Female,Normal,1.8,168,2.71
ST-1222,0.72,High Risk (Tier 1),Severe Attendance Deficit,Immediate 1-on-1 Clinical Advising within 48h; Mandatory Study Hall,High_Risk,63.96,64,13,70,2,96,693.29,Low,Medium,Yes,6,High,Yes,Medium,Medium,Private,Negative,5,No,Postgraduate,Moderate,Male,High_Risk,1.8,210,2.43
ST-1223,0.0,Low Risk (Tier 3),Circadian Irregularity,Standard Curriculum Monitoring; Self-Directed Academic Portal Access,Normal,73.69,72,25,93,1,90,803.54,Medium,High,No,5,Low,Yes,Medium,Medium,Public,Positive,2,No,College,Near,Male,Normal,2.8,186,4.5
ST-1224,0.74,High Risk (Tier 1),Severe Attendance Deficit,Immediate 1-on-1 Clinical Advising within 48h; Mandatory Study Hall,High_Risk,64.4,65,19,65,0,87,590.34,High,Medium,Yes,9,Low,Yes,High,High,Public,Positive,2,No,College,Moderate,Male,High_Risk,2.8,65,1.9
ST-1225,0.0,Low Risk (Tier 3),Low Academic Motivation,Standard Curriculum Monitoring; Self-Directed Academic Portal Access,Normal,72.24,72,26,94,1,92,1328.82,Low,High,Yes,6,Low,Yes,Low,High,Public,Neutral,3,No,High School,Near,Female,Normal,1.8,188,4.0
ST-1226,0.05,Low Risk (Tier 3),Multivariate Risk Factor,Standard Curriculum Monitoring; Self-Directed Academic Portal Access,Normal,72.42,73,27,97,0,81,1214.93,Low,High,Yes,8,Medium,Yes,High,Medium,Public,Positive,5,No,High School,Near,Female,Normal,1.8,97,3.0
ST-1227,0.09,Low Risk (Tier 3),Multivariate Risk Factor,Standard Curriculum Monitoring; Self-Directed Academic Portal Access,Normal,68.67,68,21,93,2,67,1758.53,Medium,Low,No,7,High,Yes,Low,Medium,Public,Neutral,3,No,College,Far,Female,Normal,0.8,279,3.12
ST-1228,0.06,Low Risk (Tier 3),Multivariate Risk Factor,Standard Curriculum Monitoring; Self-Directed Academic Portal Access,Normal,69.65,68,19,97,2,73,770.51,Low,Medium,No,8,Medium,Yes,Medium,Medium,Private,Negative,1,No,College,Near,Male,Normal,1.8,291,2.56
ST-1229,0.02,Low Risk (Tier 3),Low Academic Motivation,Standard Curriculum Monitoring; Self-Directed Academic Portal Access,Normal,69.46,71,27,80,1,90,1349.93,High,Medium,No,8,Low,Yes,Medium,High,Public,Neutral,3,No,Postgraduate,Near,Female,Normal,1.8,160,3.22
ST-1230,0.03,Low Risk (Tier 3),Multivariate Risk Factor,Standard Curriculum Monitoring; Self-Directed Academic Portal Access,Normal,70.93,72,25,91,3,96,1333.26,Low,Medium,Yes,8,Medium,Yes,Medium,Medium,Public,Neutral,3,No,High School,Near,Female,Normal,1.8,364,3.44
ST-1231,0.41,Moderate Risk (Tier 2),Insufficient Study Volume,Assignment to Peer Collaborative Learning Pod; Bi-Weekly Attendance Ping,High_Risk,66.03,64,15,86,1,79,1481.06,Medium,Medium,No,7,Medium,Yes,Low,Medium,Public,Neutral,3,Yes,High School,Moderate,Female,High_Risk,0.8,172,2.12
ST-1232,0.85,High Risk (Tier 1),Severe Attendance Deficit,Immediate 1-on-1 Clinical Advising within 48h; Mandatory Study Hall,High_Risk,61.88,63,11,65,2,78,1072.37,Medium,High,No,7,Medium,Yes,Low,Medium,Public,Neutral,3,No,Postgraduate,Near,Female,High_Risk,0.8,195,1.88
ST-1233,0.4,Moderate Risk (Tier 2),Multivariate Risk Factor,Assignment to Peer Collaborative Learning Pod; Bi-Weekly Attendance Ping,High_Risk,65.03,65,18,81,1,64,639.96,Low,Medium,Yes,6,Medium,Yes,Medium,Medium,Public,Positive,4,No,High School,Moderate,Female,High_Risk,1.8,162,2.86
ST-1234,0.83,High Risk (Tier 1),Severe Attendance Deficit,Immediate 1-on-1 Clinical Advising within 48h; Mandatory Study Hall,High_Risk,61.92,63,15,66,2,60,1124.86,Medium,High,Yes,7,High,Yes,High,Medium,Private,Negative,3,No,High School,Moderate,Female,High_Risk,0.8,198,2.38
ST-1235,0.14,Low Risk (Tier 3),Insufficient Study Volume,Standard Curriculum Monitoring; Self-Directed Academic Portal Access,Normal,67.61,70,15,79,4,100,833.29,High,High,Yes,6,Medium,Yes,Low,Medium,Public,Neutral,3,No,College,Near,Female,Normal,1.8,395,3.29
ST-1236,0.08,Low Risk (Tier 3),Multivariate Risk Factor,Standard Curriculum Monitoring; Self-Directed Academic Portal Access,Normal,71.55,71,26,98,1,68,982.17,Low,High,Yes,6,Medium,Yes,Low,Medium,Private,Neutral,1,No,Postgraduate,Moderate,Male,Normal,1.8,196,4.0
ST-1237,0.03,Low Risk (Tier 3),Multivariate Risk Factor,Standard Curriculum Monitoring; Self-Directed Academic Portal Access,Normal,69.37,69,20,90,0,78,1949.76,Medium,Medium,No,7,High,Yes,Medium,High,Public,Positive,4,Yes,Postgraduate,Far,Male,Normal,0.8,90,2.5
ST-1238,0.87,High Risk (Tier 1),Severe Attendance Deficit,Immediate 1-on-1 Clinical Advising within 48h; Mandatory Study Hall,High_Risk,62.65,62,15,68,0,55,458.31,Medium,High,No,6,Medium,No,High,Medium,Private,Positive,3,No,High School,Near,Female,High_Risk,1.8,68,2.14
ST-1239,0.12,Low Risk (Tier 3),Insufficient Study Volume,Standard Curriculum Monitoring; Self-Directed Academic Portal Access,Normal,67.94,67,16,93,0,71,1419.82,Low,Medium,No,7,Medium,Yes,Medium,High,Public,Positive,2,No,High School,Near,Male,Normal,0.8,93,2.0
ST-1240,0.08,Low Risk (Tier 3),Low Academic Motivation,Standard Curriculum Monitoring; Self-Directed Academic Portal Access,Normal,70.38,68,27,92,2,53,511.05,Low,Medium,Yes,9,Low,Yes,Low,Medium,Public,Negative,2,No,College,Far,Male,Normal,2.8,276,3.1
ST-1241,0.2,Low Risk (Tier 3),Insufficient Study Volume,Standard Curriculum Monitoring; Self-Directed Academic Portal Access,Normal,67.56,67,16,84,1,86,1719.79,Medium,High,Yes,7,Medium,Yes,Low,Medium,Private,Neutral,2,No,High School,Near,Female,Normal,0.8,168,2.25
ST-1242,0.47,Moderate Risk (Tier 2),Lack of Tutoring Support,Assignment to Peer Collaborative Learning Pod; Bi-Weekly Attendance Ping,High_Risk,65.53,63,27,72,0,68,483.15,Medium,Low,No,4,Medium,No,Medium,High,Public,Negative,3,Yes,College,Near,Male,High_Risk,3.8,72,5.4
ST-1243,0.56,Moderate Risk (Tier 2),Insufficient Study Volume,Assignment to Peer Collaborative Learning Pod; Bi-Weekly Attendance Ping,High_Risk,63.76,64,11,76,3,83,507.19,Low,Medium,No,6,High,Yes,Medium,Medium,Public,Positive,1,No,High School,Near,Female,High_Risk,1.8,304,2.43
ST-1244,0.04,Low Risk (Tier 3),Circadian Irregularity,Standard Curriculum Monitoring; Self-Directed Academic Portal Access,Normal,68.59,70,27,72,1,93,896.75,Medium,High,No,5,Low,Yes,High,Medium,Public,Positive,2,No,College,Near,Male,Normal,2.8,144,4.83
ST-1245,0.26,Low Risk (Tier 3),Multivariate Risk Factor,Standard Curriculum Monitoring; Self-Directed Academic Portal Access,Normal,66.53,65,18,94,1,51,1147.36,Low,Medium,Yes,7,Medium,Yes,Low,Medium,Public,Neutral,3,Yes,College,Moderate,Male,High_Risk,0.8,188,2.5
ST-1246,0.27,Low Risk (Tier 3),Circadian Irregularity,Standard Curriculum Monitoring; Self-Directed Academic Portal Access,Normal,68.17,66,26,72,2,54,369.46,Medium,Medium,No,10,Medium,No,High,High,Public,Neutral,2,No,College,Moderate,Male,Normal,3.8,216,2.73
ST-1247,0.09,Low Risk (Tier 3),Multivariate Risk Factor,Standard Curriculum Monitoring; Self-Directed Academic Portal Access,Normal,70.97,68,20,83,4,100,2499.69,Low,Medium,No,7,Medium,Yes,Low,Medium,Public,Negative,3,No,College,Near,Male,Normal,0.8,415,3.5
ST-1248,0.63,High Risk (Tier 1),Severe Attendance Deficit,Immediate 1-on-1 Clinical Advising within 48h; Mandatory Study Hall,High_Risk,64.68,64,18,66,1,87,559.27,Medium,High,No,9,Medium,Yes,Medium,Low,Private,Positive,3,No,High School,Moderate,Male,High_Risk,2.8,132,2.0
ST-1249,0.8,High Risk (Tier 1),Severe Attendance Deficit,Immediate 1-on-1 Clinical Advising within 48h; Mandatory Study Hall,High_Risk,62.88,64,19,65,2,58,289.99,Low,High,No,10,Medium,Yes,Medium,High,Private,Positive,3,No,Postgraduate,Moderate,Female,High_Risk,3.8,195,2.09
ST-1250,0.86,High Risk (Tier 1),Severe Attendance Deficit,Immediate 1-on-1 Clinical Advising within 48h; Mandatory Study Hall,High_Risk,62.27,63,15,61,0,93,367.1,Medium,Medium,No,10,High,Yes,Medium,High,Public,Neutral,4,No,High School,Near,Male,High_Risk,3.8,61,1.36
ST-1251,0.03,Low Risk (Tier 3),Multivariate Risk Factor,Standard Curriculum Monitoring; Self-Directed Academic Portal Access,Normal,71.69,72,32,84,1,96,1706.57,Low,Medium,Yes,8,Medium,Yes,Low,Medium,Public,Positive,3,No,High School,Near,Female,Normal,1.8,168,3.78
ST-1252,0.13,Low Risk (Tier 3),Multivariate Risk Factor,Standard Curriculum Monitoring; Self-Directed Academic Portal Access,Normal,67.95,69,21,82,3,66,1732.28,Medium,High,Yes,7,High,Yes,Low,Medium,Public,Positive,3,Yes,College,Near,Female,Normal,0.8,328,3.38
ST-1253,0.11,Low Risk (Tier 3),Insufficient Study Volume,Standard Curriculum Monitoring; Self-Directed Academic Portal Access,Normal,69.78,69,17,83,0,98,925.5,High,Medium,Yes,6,Medium,Yes,Medium,Medium,Public,Positive,3,No,High School,Near,Male,Normal,1.8,83,2.43
ST-1254,0.14,Low Risk (Tier 3),Circadian Irregularity,Standard Curriculum Monitoring; Self-Directed Academic Portal Access,Normal,68.92,69,27,75,3,86,611.04,Low,Medium,No,10,Medium,No,Medium,Medium,Private,Positive,6,No,Postgraduate,Near,Female,Normal,3.8,300,3.0
ST-1255,0.29,Low Risk (Tier 3),Severe Attendance Deficit,Standard Curriculum Monitoring; Self-Directed Academic Portal Access,Normal,66.66,67,24,70,2,59,786.62,Medium,High,No,8,Low,Yes,Low,High,Public,Positive,5,No,High School,Near,Male,Normal,1.8,210,3.11
ST-1256,0.3,Low Risk (Tier 3),Multivariate Risk Factor,Standard Curriculum Monitoring; Self-Directed Academic Portal Access,Normal,66.08,66,18,78,2,83,533.55,Low,High,Yes,9,Medium,Yes,Low,Medium,Private,Negative,2,No,Postgraduate,Moderate,Female,Normal,2.8,234,2.2
ST-1257,0.42,Moderate Risk (Tier 2),Severe Attendance Deficit,Assignment to Peer Collaborative Learning Pod; Bi-Weekly Attendance Ping,High_Risk,65.76,66,27,64,2,58,869.95,High,Low,Yes,8,Medium,Yes,High,High,Public,Neutral,1,No,Postgraduate,Far,Male,Normal,1.8,192,3.44
ST-1258,0.15,Low Risk (Tier 3),Lack of Tutoring Support,Standard Curriculum Monitoring; Self-Directed Academic Portal Access,Normal,70.7,70,25,93,0,53,473.2,Medium,Medium,Yes,5,Medium,Yes,High,Medium,Private,Neutral,5,No,College,Moderate,Female,Normal,2.8,93,4.17
ST-1259,0.35,Low Risk (Tier 3),Insufficient Study Volume,Standard Curriculum Monitoring; Self-Directed Academic Portal Access,Normal,66.42,67,14,81,6,89,692.18,Low,Medium,No,6,Medium,No,Low,High,Private,Neutral,3,No,College,Near,Female,Normal,1.8,567,3.71
ST-1260,0.23,Low Risk (Tier 3),Insufficient Study Volume,Standard Curriculum Monitoring; Self-Directed Academic Portal Access,Normal,66.72,66,14,90,1,51,892.39,Medium,Medium,Yes,7,Medium,Yes,Medium,Medium,Public,Positive,4,Yes,High School,Near,Female,Normal,0.8,180,2.0
ST-1261,0.42,Moderate Risk (Tier 2),Insufficient Study Volume,Assignment to Peer Collaborative Learning Pod; Bi-Weekly Attendance Ping,High_Risk,66.47,64,7,84,3,100,874.89,Medium,High,Yes,7,Low,Yes,Low,Medium,Private,Negative,4,Yes,High School,Moderate,Male,High_Risk,0.8,336,1.62
ST-1262,0.67,High Risk (Tier 1),Insufficient Study Volume,Immediate 1-on-1 Clinical Advising within 48h; Mandatory Study Hall,High_Risk,63.44,62,11,83,0,55,336.09,Medium,Low,Yes,6,Low,Yes,Low,Medium,Public,Positive,4,Yes,Postgraduate,Near,Female,High_Risk,1.8,83,1.57
ST-1263,0.6,High Risk (Tier 1),Severe Attendance Deficit,Immediate 1-on-1 Clinical Advising within 48h; Mandatory Study Hall,High_Risk,66.62,67,34,64,0,71,1341.04,Medium,Medium,No,6,High,Yes,Low,High,Private,Negative,4,No,High School,Near,Female,Normal,1.8,64,4.86
ST-1264,0.84,High Risk (Tier 1),Severe Attendance Deficit,Immediate 1-on-1 Clinical Advising within 48h; Mandatory Study Hall,High_Risk,63.96,64,17,65,5,61,576.08,Medium,Medium,No,6,Medium,Yes,Low,Medium,Public,Positive,4,No,High School,Near,Female,High_Risk,1.8,390,3.86
ST-1265,0.0,Low Risk (Tier 3),Multivariate Risk Factor,Standard Curriculum Monitoring; Self-Directed Academic Portal Access,Normal,70.68,71,25,90,2,64,1999.75,Medium,Medium,Yes,7,Medium,Yes,Medium,High,Public,Positive,2,No,High School,Moderate,Male,Normal,0.8,270,3.62
ST-1266,0.79,High Risk (Tier 1),Insufficient Study Volume,Immediate 1-on-1 Clinical Advising within 48h; Mandatory Study Hall,High_Risk,63.9,63,12,75,1,75,499.97,Medium,Medium,Yes,8,High,Yes,Low,Medium,Private,Negative,2,No,College,Near,Female,High_Risk,1.8,150,1.56
ST-1267,0.49,Moderate Risk (Tier 2),Severe Attendance Deficit,Assignment to Peer Collaborative Learning Pod; Bi-Weekly Attendance Ping,High_Risk,65.92,66,18,71,3,62,619.97,Low,Medium,Yes,8,Medium,Yes,High,High,Public,Positive,2,No,College,Near,Male,Normal,1.8,284,2.67
ST-1268,0.92,High Risk (Tier 1),Severe Attendance Deficit,Immediate 1-on-1 Clinical Advising within 48h; Mandatory Study Hall,High_Risk,62.25,61,16,65,1,68,388.56,Medium,Low,No,9,Medium,Yes,High,Medium,Public,Neutral,3,No,High School,Moderate,Male,High_Risk,2.8,130,1.8
ST-1269,0.26,Low Risk (Tier 3),Severe Attendance Deficit,Standard Curriculum Monitoring; Self-Directed Academic Portal Access,Normal,71.27,67,24,70,3,65,557.12,High,Medium,Yes,9,Medium,Yes,Medium,Low,Private,Positive,3,No,High School,Moderate,Male,Normal,2.8,280,3.0
ST-1270,0.87,High Risk (Tier 1),Severe Attendance Deficit,Immediate 1-on-1 Clinical Advising within 48h; Mandatory Study Hall,High_Risk,63.05,62,12,70,1,93,1394.83,Medium,Medium,Yes,7,Medium,Yes,Low,High,Public,Neutral,4,No,High School,Far,Female,High_Risk,0.8,140,1.75
ST-1271,0.39,Moderate Risk (Tier 2),Severe Attendance Deficit,Assignment to Peer Collaborative Learning Pod; Bi-Weekly Attendance Ping,High_Risk,69.73,67,21,70,3,72,839.95,High,High,Yes,8,Low,Yes,Medium,Low,Public,Neutral,1,No,Postgraduate,Moderate,Female,Normal,1.8,280,3.0
ST-1272,0.9,High Risk (Tier 1),Severe Attendance Deficit,Immediate 1-on-1 Clinical Advising within 48h; Mandatory Study Hall,High_Risk,61.6,61,14,62,2,64,319.99,Medium,Medium,No,5,Medium,Yes,Low,Medium,Public,Neutral,3,No,College,Near,Male,High_Risk,2.8,186,3.0
ST-1273,0.47,Moderate Risk (Tier 2),Low Academic Motivation,Assignment to Peer Collaborative Learning Pod; Bi-Weekly Attendance Ping,High_Risk,65.88,66,19,80,1,69,728.29,High,Medium,Yes,6,Low,Yes,Low,Low,Private,Neutral,4,Yes,College,Near,Male,Normal,1.8,160,3.0
ST-1274,0.0,Low Risk (Tier 3),Circadian Irregularity,Standard Curriculum Monitoring; Self-Directed Academic Portal Access,Normal,69.87,70,25,85,3,59,526.77,High,High,No,5,Medium,Yes,Low,Medium,Public,Neutral,4,No,High School,Near,Female,Normal,2.8,340,5.17
ST-1275,0.5,Moderate Risk (Tier 2),Circadian Irregularity,Assignment to Peer Collaborative Learning Pod; Bi-Weekly Attendance Ping,High_Risk,66.75,63,24,73,1,50,428.56,Medium,Medium,Yes,5,Low,Yes,Low,Medium,Public,Negative,2,No,High School,Near,Male,High_Risk,2.8,146,4.33
ST-1276,0.75,High Risk (Tier 1),Severe Attendance Deficit,Immediate 1-on-1 Clinical Advising within 48h; Mandatory Study Hall,High_Risk,64.6,65,17,65,1,85,802.73,High,Medium,Yes,6,Medium,Yes,Low,Medium,Private,Neutral,3,No,Unknown,Near,Male,High_Risk,1.8,130,2.71
ST-1277,0.73,High Risk (Tier 1),Insufficient Study Volume,Immediate 1-on-1 Clinical Advising within 48h; Mandatory Study Hall,High_Risk,65.06,64,16,77,1,69,290.52,Medium,Low,No,10,Medium,Yes,Medium,Medium,Private,Neutral,3,No,High School,Near,Female,High_Risk,3.8,154,1.64
ST-1278,0.81,High Risk (Tier 1),Insufficient Study Volume,Immediate 1-on-1 Clinical Advising within 48h; Mandatory Study Hall,High_Risk,63.97,62,13,75,1,54,184.73,Medium,High,No,10,Medium,Yes,Low,Medium,Private,Negative,3,Yes,College,Near,Male,High_Risk,3.8,150,1.36
ST-1279,0.59,Moderate Risk (Tier 2),Severe Attendance Deficit,Assignment to Peer Collaborative Learning Pod; Bi-Weekly Attendance Ping,High_Risk,64.51,64,22,61,4,82,1002.17,Low,Low,Yes,6,Low,Yes,Medium,Medium,Public,Positive,4,No,High School,Moderate,Female,High_Risk,1.8,305,4.29
ST-1280,0.87,High Risk (Tier 1),Severe Attendance Deficit,Immediate 1-on-1 Clinical Advising within 48h; Mandatory Study Hall,High_Risk,60.9,61,14,60,2,50,249.99,High,Medium,No,5,Medium,Yes,Medium,Medium,Public,Neutral,3,No,College,Unknown,Female,High_Risk,2.8,180,3.0
ST-1281,0.7,High Risk (Tier 1),Low Academic Motivation,Immediate 1-on-1 Clinical Advising within 48h; Mandatory Study Hall,High_Risk,65.9,63,18,73,1,72,1619.8,Medium,High,Yes,7,Low,Yes,Medium,Medium,Private,Neutral,1,Yes,High School,Moderate,Male,High_Risk,0.8,146,2.5
ST-1282,0.06,Low Risk (Tier 3),Multivariate Risk Factor,Standard Curriculum Monitoring; Self-Directed Academic Portal Access,Normal,69.96,69,24,95,3,73,973.28,Medium,Low,Yes,6,Medium,No,Low,Medium,Public,Positive,2,No,High School,Moderate,Male,Normal,1.8,380,4.29
ST-1283,0.11,Low Risk (Tier 3),Multivariate Risk Factor,Standard Curriculum Monitoring; Self-Directed Academic Portal Access,Normal,69.62,69,20,96,2,70,499.98,Medium,High,No,9,Medium,Yes,Low,Low,Public,Positive,2,Yes,High School,Near,Male,Normal,2.8,288,2.4
ST-1284,0.05,Low Risk (Tier 3),Multivariate Risk Factor,Standard Curriculum Monitoring; Self-Directed Academic Portal Access,Normal,67.63,68,19,89,2,64,1519.81,High,Low,Yes,7,Medium,Yes,Low,Medium,Public,Positive,4,Yes,Postgraduate,Moderate,Female,Normal,0.8,267,2.88
ST-1285,0.23,Low Risk (Tier 3),Multivariate Risk Factor,Standard Curriculum Monitoring; Self-Directed Academic Portal Access,Normal,66.32,68,18,73,1,94,2114.74,Medium,High,Yes,7,High,Yes,High,Medium,Private,Neutral,3,No,Postgraduate,Moderate,Female,Normal,0.8,146,2.5
ST-1286,0.0,Low Risk (Tier 3),Multivariate Risk Factor,Standard Curriculum Monitoring; Self-Directed Academic Portal Access,Normal,71.5,73,25,95,2,57,1781.03,High,High,Yes,7,Medium,Yes,High,Medium,Private,Negative,2,No,College,Moderate,Female,Normal,0.8,285,3.62
ST-1287,0.94,High Risk (Tier 1),Severe Attendance Deficit,Immediate 1-on-1 Clinical Advising within 48h; Mandatory Study Hall,High_Risk,62.1,61,9,69,1,80,899.89,Low,Medium,Yes,7,Medium,Yes,Medium,Medium,Private,Neutral,3,No,College,Moderate,Male,High_Risk,0.8,138,1.38
ST-1288,0.55,Moderate Risk (Tier 2),Severe Attendance Deficit,Assignment to Peer Collaborative Learning Pod; Bi-Weekly Attendance Ping,High_Risk,65.58,64,25,65,1,94,2937.13,Medium,Low,No,7,Low,Yes,Low,High,Public,Positive,3,No,High School,Far,Male,High_Risk,0.8,130,3.38
ST-1289,0.74,High Risk (Tier 1),Severe Attendance Deficit,Immediate 1-on-1 Clinical Advising within 48h; Mandatory Study Hall,High_Risk,63.91,66,18,67,0,68,1529.81,High,High,Yes,7,Medium,Yes,Medium,Medium,Public,Positive,4,No,High School,Near,Male,Normal,0.8,67,2.25
ST-1290,0.0,Low Risk (Tier 3),Multivariate Risk Factor,Standard Curriculum Monitoring; Self-Directed Academic Portal Access,Normal,70.6,71,26,87,1,82,1184.38,Medium,Medium,Yes,8,High,Yes,Low,Medium,Public,Negative,2,No,Postgraduate,Near,Male,Normal,1.8,174,3.11
ST-1291,0.59,Moderate Risk (Tier 2),Severe Attendance Deficit,Assignment to Peer Collaborative Learning Pod; Bi-Weekly Attendance Ping,High_Risk,66.08,64,20,69,1,99,1099.94,Medium,Low,Yes,8,High,Yes,Medium,High,Public,Negative,3,Yes,High School,Moderate,Female,High_Risk,1.8,138,2.44
ST-1292,0.05,Low Risk (Tier 3),Severe Attendance Deficit,Standard Curriculum Monitoring; Self-Directed Academic Portal Access,Normal,68.44,71,26,69,3,90,1299.93,High,High,Yes,6,Medium,Yes,Medium,Medium,Public,Positive,3,No,College,Moderate,Female,Normal,1.8,276,4.57
ST-1293,0.79,High Risk (Tier 1),Severe Attendance Deficit,Immediate 1-on-1 Clinical Advising within 48h; Mandatory Study Hall,High_Risk,63.68,63,22,61,1,74,904.39,High,Low,Yes,6,Medium,Yes,Low,Medium,Public,Negative,3,No,High School,Near,Male,High_Risk,1.8,122,3.43
ST-1294,0.35,Low Risk (Tier 3),Multivariate Risk Factor,Standard Curriculum Monitoring; Self-Directed Academic Portal Access,Normal,65.21,65,18,78,1,73,729.96,Medium,Low,No,6,Medium,Yes,High,High,Public,Positive,2,No,High School,Moderate,Female,High_Risk,1.8,156,2.86
ST-1295,0.29,Low Risk (Tier 3),Insufficient Study Volume,Standard Curriculum Monitoring; Self-Directed Academic Portal Access,Normal,66.51,65,2,98,1,64,33.68,High,Medium,No,4,Medium,Yes,Low,High,Private,Neutral,2,No,High School,Near,Female,High_Risk,3.8,196,0.8
ST-1296,0.59,Moderate Risk (Tier 2),Severe Attendance Deficit,Assignment to Peer Collaborative Learning Pod; Bi-Weekly Attendance Ping,High_Risk,65.38,67,23,67,1,69,881.62,High,High,Yes,8,Low,Yes,High,Medium,Public,Neutral,2,No,High School,Near,Female,Normal,1.8,134,2.78
ST-1297,0.92,High Risk (Tier 1),Severe Attendance Deficit,Immediate 1-on-1 Clinical Advising within 48h; Mandatory Study Hall,High_Risk,63.58,61,13,71,1,73,338.92,Low,Low,No,9,Low,Yes,High,High,Private,Neutral,3,No,High School,Moderate,Male,High_Risk,2.8,142,1.5
ST-1298,0.08,Low Risk (Tier 3),Low Academic Motivation,Standard Curriculum Monitoring; Self-Directed Academic Portal Access,Normal,68.62,68,25,81,1,87,776.76,Medium,Medium,No,9,Low,Yes,Low,High,Private,Negative,1,No,Postgraduate,Moderate,Female,Normal,2.8,162,2.7
ST-1299,0.08,Low Risk (Tier 3),Multivariate Risk Factor,Standard Curriculum Monitoring; Self-Directed Academic Portal Access,Normal,69.74,69,22,81,2,71,557.84,High,Medium,Yes,9,Medium,Yes,High,Low,Public,Negative,4,No,High School,Near,Male,Normal,2.8,243,2.6
ST-1300,0.23,Low Risk (Tier 3),Multivariate Risk Factor,Standard Curriculum Monitoring; Self-Directed Academic Portal Access,Normal,66.82,68,23,76,2,93,2673.42,Low,High,Yes,7,Medium,Yes,Low,Medium,Public,Negative,2,No,College,Near,Male,Normal,0.8,228,3.38
ST-1301,0.04,Low Risk (Tier 3),Multivariate Risk Factor,Standard Curriculum Monitoring; Self-Directed Academic Portal Access,Normal,70.27,70,23,98,1,66,843.29,Medium,High,No,6,Medium,Yes,Low,Medium,Public,Neutral,1,No,High School,Moderate,Male,Normal,1.8,196,3.57
ST-1302,0.63,High Risk (Tier 1),Insufficient Study Volume,Immediate 1-on-1 Clinical Advising within 48h; Mandatory Study Hall,High_Risk,64.99,64,14,72,4,75,583.3,Medium,Low,No,8,High,Yes,High,Medium,Private,Positive,2,Yes,College,Near,Male,High_Risk,1.8,360,2.44
ST-1303,0.06,Low Risk (Tier 3),Circadian Irregularity,Standard Curriculum Monitoring; Self-Directed Academic Portal Access,Normal,73.67,72,29,92,2,91,694.46,Low,Medium,No,4,Medium,Yes,Medium,Medium,Public,Negative,1,No,Postgraduate,Near,Female,Normal,3.8,276,6.6
ST-1304,0.61,High Risk (Tier 1),Severe Attendance Deficit,Immediate 1-on-1 Clinical Advising within 48h; Mandatory Study Hall,High_Risk,65.17,64,19,68,2,98,1034.39,Medium,Medium,Yes,6,Low,Yes,Low,Medium,Public,Positive,1,No,High School,Moderate,Female,High_Risk,1.8,204,3.29
ST-1305,0.16,Low Risk (Tier 3),Insufficient Study Volume,Standard Curriculum Monitoring; Self-Directed Academic Portal Access,Normal,67.95,69,14,100,0,91,707.74,Medium,Low,Yes,8,High,Yes,Low,High,Public,Neutral,3,No,High School,Near,Female,Normal,1.8,100,1.56
ST-1306,0.26,Low Risk (Tier 3),Insufficient Study Volume,Standard Curriculum Monitoring; Self-Directed Academic Portal Access,Normal,67.42,66,14,94,0,51,254.99,Medium,Medium,No,5,Medium,Yes,Medium,High,Public,Neutral,3,No,College,Near,Male,Normal,2.8,94,2.33
ST-1307,0.75,High Risk (Tier 1),Severe Attendance Deficit,Immediate 1-on-1 Clinical Advising within 48h; Mandatory Study Hall,High_Risk,63.75,63,17,63,2,92,411.57,Medium,Medium,No,4,Medium,Yes,Low,Medium,Public,Negative,4,No,High School,Near,Female,High_Risk,3.8,189,4.2
ST-1308,0.35,Low Risk (Tier 3),Multivariate Risk Factor,Standard Curriculum Monitoring; Self-Directed Academic Portal Access,Normal,66.19,68,20,74,3,68,1699.79,High,Medium,No,7,High,Yes,Medium,Unknown,Public,Positive,4,No,High School,Far,Male,Normal,0.8,296,3.25
ST-1309,0.28,Low Risk (Tier 3),Multivariate Risk Factor,Standard Curriculum Monitoring; Self-Directed Academic Portal Access,Normal,66.47,67,19,81,2,90,949.95,Low,High,No,8,Medium,Yes,Low,Medium,Private,Neutral,3,No,High School,Near,Female,Normal,1.8,243,2.56
ST-1310,0.25,Low Risk (Tier 3),Severe Attendance Deficit,Standard Curriculum Monitoring; Self-Directed Academic Portal Access,Normal,67.45,70,24,69,7,69,2069.74,High,Medium,No,7,Medium,No,High,Medium,Public,Positive,3,No,College,Near,Female,Normal,0.8,552,4.75
ST-1311,0.02,Low Risk (Tier 3),Multivariate Risk Factor,Standard Curriculum Monitoring; Self-Directed Academic Portal Access,Normal,70.33,70,20,98,1,72,799.96,Medium,Medium,No,8,Medium,Yes,High,Medium,Public,Negative,4,No,High School,Near,Female,Normal,1.8,196,2.44
ST-1312,0.87,High Risk (Tier 1),Insufficient Study Volume,Immediate 1-on-1 Clinical Advising within 48h; Mandatory Study Hall,High_Risk,63.54,62,10,73,1,72,399.98,Low,High,Yes,8,Low,Yes,Low,High,Public,Positive,2,No,College,Moderate,Female,High_Risk,1.8,146,1.33
ST-1313,0.25,Low Risk (Tier 3),Insufficient Study Volume,Standard Curriculum Monitoring; Self-Directed Academic Portal Access,Normal,65.91,68,15,75,3,74,292.1,High,Medium,Yes,4,Medium,Yes,Medium,High,Public,Positive,4,No,College,Near,Female,Normal,3.8,300,4.2
ST-1314,0.81,High Risk (Tier 1),Severe Attendance Deficit,Immediate 1-on-1 Clinical Advising within 48h; Mandatory Study Hall,High_Risk,62.52,61,19,62,1,60,633.3,High,Low,Yes,8,Medium,Yes,Low,Medium,Public,Positive,2,No,College,Far,Female,High_Risk,1.8,124,2.33
ST-1315,0.14,Low Risk (Tier 3),Insufficient Study Volume,Standard Curriculum Monitoring; Self-Directed Academic Portal Access,Normal,69.45,71,16,94,2,79,451.41,Medium,High,No,9,High,Yes,High,Unknown,Public,Positive,5,No,High School,Moderate,Female,Normal,2.8,282,2.0
ST-1316,0.01,Low Risk (Tier 3),Multivariate Risk Factor,Standard Curriculum Monitoring; Self-Directed Academic Portal Access,Normal,72.09,73,24,95,3,96,1279.93,Medium,Low,Yes,6,High,Yes,Low,Medium,Private,Neutral,3,No,Postgraduate,Near,Female,Normal,1.8,380,4.29
ST-1317,0.04,Low Risk (Tier 3),Lack of Tutoring Support,Standard Curriculum Monitoring; Self-Directed Academic Portal Access,Normal,66.28,68,20,81,0,68,755.51,Medium,High,Yes,8,Medium,Yes,Medium,Medium,Public,Neutral,3,No,College,Near,Male,Normal,1.8,81,2.22
ST-1318,0.78,High Risk (Tier 1),Severe Attendance Deficit,Immediate 1-on-1 Clinical Advising within 48h; Mandatory Study Hall,High_Risk,61.77,61,14,63,0,81,629.97,Medium,Medium,No,8,Low,Yes,Medium,Low,Private,Positive,5,No,High School,Near,Female,High_Risk,1.8,63,1.56
ST-1319,0.3,Low Risk (Tier 3),Multivariate Risk Factor,Standard Curriculum Monitoring; Self-Directed Academic Portal Access,Normal,66.95,67,18,72,1,95,949.95,High,High,Yes,8,Medium,Yes,Medium,Medium,Public,Negative,4,No,High School,Moderate,Male,Normal,1.8,144,2.22
ST-1320,0.02,Low Risk (Tier 3),Multivariate Risk Factor,Standard Curriculum Monitoring; Self-Directed Academic Portal Access,Normal,70.36,72,20,89,2,91,1011.05,Medium,High,Yes,8,Medium,Yes,Medium,Medium,Public,Positive,3,No,High School,Near,Female,Normal,1.8,267,2.67
ST-1321,0.7,High Risk (Tier 1),Severe Attendance Deficit,Immediate 1-on-1 Clinical Advising within 48h; Mandatory Study Hall,High_Risk,62.98,61,8,64,0,82,819.9,High,Medium,No,7,High,Yes,High,Medium,Public,Neutral,1,Yes,Postgraduate,Near,Female,High_Risk,0.8,64,1.0
ST-1322,0.08,Low Risk (Tier 3),Insufficient Study Volume,Standard Curriculum Monitoring; Self-Directed Academic Portal Access,Normal,70.28,70,17,97,1,89,840.51,High,Low,Yes,8,Medium,Yes,Low,Medium,Public,Neutral,4,No,College,Near,Male,Normal,1.8,194,2.11
